 0.000000E+00   0.000000E+00   0.000000E+00   0.000000E+00   0.000000E+00   0.000000E+00   0.000000E+00   0.000000E+00   0.000000E+00   0.000000E+00   0.154567E+01   0.150426E+01   0.146634E+01   0.143159E+01   0.139972E+01   0.137047E+01   0.134361E+01   0.131889E+01   0.129617E+01   0.127524E+01   0.125594E+01   0.123812E+01   0.122166E+01   0.120644E+01   0.119235E+01   0.117928E+01   0.116717E+01   0.115592E+01   0.114548E+01   0.113576E+01   0.112673E+01   0.111832E+01   0.111049E+01   0.110320E+01   0.109640E+01   0.109007E+01   0.108416E+01   0.107866E+01   0.107351E+01   0.106872E+01   0.106425E+01   0.106009E+01   0.105620E+01   0.105258E+01   0.104919E+01   0.104604E+01   0.104309E+01   0.104035E+01   0.103778E+01   0.103539E+01   0.103315E+01   0.103107E+01   0.102912E+01   0.102730E+01   0.102559E+01   0.102401E+01   0.102253E+01   0.000000E+00   0.000000E+00   0.000000E+00   0.000000E+00   0.000000E+00   0.000000E+00   0.000000E+00   0.000000E+00   0.000000E+00   0.000000E+00   0.000000E+00   0.000000E+00   0.000000E+00   0.000000E+00   0.100896E+01   0.100844E+01   0.100795E+01   0.100750E+01   0.100707E+01   0.100667E+01   0.100629E+01   0.100593E+01   0.100560E+01   0.100528E+01   0.100499E+01   0.100471E+01   0.100445E+01   0.100420E+01   0.100397E+01   0.100375E+01   0.100354E+01   0.100334E+01   0.100316E+01   0.100299E+01   0.100282E+01   0.100266E+01   0.100252E+01   0.100238E+01   0.100225E+01   0.100213E+01   0.100201E+01   0.100190E+01   0.100180E+01   0.100170E+01   0.100161E+01   0.100152E+01   0.100144E+01   0.100136E+01   0.100129E+01   0.100122E+01   0.100116E+01   0.100109E+01   0.100104E+01   0.100098E+01   0.100093E+01   0.100088E+01   0.100083E+01   0.100079E+01   0.100074E+01   0.100070E+01   0.100067E+01   0.100063E+01   0.100060E+01   0.100057E+01   0.100054E+01   0.100051E+01   0.100048E+01   0.100045E+01   0.100043E+01   0.100041E+01   0.100039E+01
 0.000000E+00   0.000000E+00   0.000000E+00   0.000000E+00   0.000000E+00   0.000000E+00   0.000000E+00   0.000000E+00   0.000000E+00   0.000000E+00   0.154567E+01   0.150426E+01   0.146634E+01   0.143159E+01   0.139972E+01   0.143625E+01   0.140477E+01   0.137372E+01   0.134511E+01   0.131906E+01   0.129013E+01   0.127347E+01   0.125246E+01   0.123179E+01   0.121484E+01   0.119531E+01   0.118293E+01   0.116488E+01   0.115545E+01   0.114377E+01   0.113201E+01   0.112244E+01   0.111199E+01   0.110441E+01   0.109533E+01   0.108919E+01   0.108141E+01   0.107633E+01   0.106973E+01   0.106541E+01   0.106000E+01   0.105624E+01   0.105187E+01   0.104726E+01   0.104492E+01   0.104119E+01   0.103897E+01   0.103604E+01   0.103318E+01   0.103152E+01   0.102923E+01   0.102707E+01   0.102511E+01   0.102395E+01   0.102233E+01   0.102083E+01   0.101948E+01   0.101824E+01   0.101710E+01   0.101606E+01   0.101512E+01   0.101403E+01   0.101326E+01   0.101238E+01   0.101172E+01   0.101100E+01   0.101036E+01   0.100970E+01   0.100918E+01   0.100861E+01   0.100815E+01   0.100779E+01   0.100737E+01   0.100697E+01   0.100659E+01   0.100623E+01   0.100590E+01   0.100558E+01   0.100528E+01   0.100499E+01   0.100472E+01   0.100449E+01   0.100415E+01   0.100394E+01   0.100373E+01   0.100351E+01   0.100331E+01   0.100311E+01   0.100294E+01   0.100277E+01   0.100262E+01   0.100251E+01   0.100239E+01   0.100227E+01   0.100215E+01   0.100204E+01   0.100194E+01   0.100184E+01   0.100174E+01   0.100165E+01   0.100157E+01   0.100149E+01   0.100141E+01   0.100134E+01   0.100127E+01   0.100121E+01   0.100115E+01   0.100109E+01   0.100103E+01   0.100098E+01   0.100093E+01   0.100088E+01   0.100084E+01   0.100080E+01   0.100075E+01   0.100072E+01   0.100068E+01   0.100064E+01   0.100061E+01   0.100058E+01   0.100055E+01   0.100052E+01   0.100050E+01   0.100047E+01   0.100045E+01   0.100042E+01   0.100040E+01   0.100038E+01
 0.000000E+00   0.000000E+00   0.000000E+00   0.000000E+00   0.000000E+00   0.000000E+00   0.000000E+00   0.000000E+00   0.000000E+00   0.000000E+00   0.154567E+01   0.150426E+01   0.146634E+01   0.143159E+01   0.139972E+01   0.143625E+01   0.140477E+01   0.137372E+01   0.134511E+01   0.131906E+01   0.129013E+01   0.127347E+01   0.125246E+01   0.123179E+01   0.121484E+01   0.119531E+01   0.118293E+01   0.116488E+01   0.115545E+01   0.114377E+01   0.113201E+01   0.112244E+01   0.111199E+01   0.110441E+01   0.109533E+01   0.108919E+01   0.108141E+01   0.107633E+01   0.106973E+01   0.106541E+01   0.106000E+01   0.105624E+01   0.105187E+01   0.104726E+01   0.104492E+01   0.104119E+01   0.103897E+01   0.103604E+01   0.103318E+01   0.103152E+01   0.102923E+01   0.102707E+01   0.102511E+01   0.102395E+01   0.102233E+01   0.102083E+01   0.101948E+01   0.101824E+01   0.101710E+01   0.101606E+01   0.101512E+01   0.101403E+01   0.101326E+01   0.101238E+01   0.101172E+01   0.101100E+01   0.101036E+01   0.100970E+01   0.100918E+01   0.100861E+01   0.100813E+01   0.100766E+01   0.100722E+01   0.100687E+01   0.100655E+01   0.100620E+01   0.100587E+01   0.100556E+01   0.100526E+01   0.100498E+01   0.100471E+01   0.100446E+01   0.100425E+01   0.100394E+01   0.100375E+01   0.100351E+01   0.100331E+01   0.100311E+01   0.100294E+01   0.100277E+01   0.100262E+01   0.100248E+01   0.100237E+01   0.100226E+01   0.100215E+01   0.100204E+01   0.100193E+01   0.100183E+01   0.100174E+01   0.100165E+01   0.100156E+01   0.100148E+01   0.100141E+01   0.100134E+01   0.100127E+01   0.100120E+01   0.100114E+01   0.100108E+01   0.100103E+01   0.100098E+01   0.100093E+01   0.100088E+01   0.100084E+01   0.100079E+01   0.100075E+01   0.100071E+01   0.100068E+01   0.100064E+01   0.100061E+01   0.100058E+01   0.100055E+01   0.100052E+01   0.100049E+01   0.100047E+01   0.100045E+01   0.100042E+01   0.100040E+01   0.100038E+01
 0.000000E+00   0.000000E+00   0.000000E+00   0.000000E+00   0.000000E+00   0.000000E+00   0.000000E+00   0.000000E+00   0.000000E+00   0.000000E+00   0.154567E+01   0.150426E+01   0.146634E+01   0.143159E+01   0.139972E+01   0.143625E+01   0.140477E+01   0.137372E+01   0.134511E+01   0.131906E+01   0.129013E+01   0.127347E+01   0.125246E+01   0.123179E+01   0.121484E+01   0.119531E+01   0.118293E+01   0.116488E+01   0.115545E+01   0.114377E+01   0.113201E+01   0.112244E+01   0.111199E+01   0.110441E+01   0.109533E+01   0.108919E+01   0.108141E+01   0.107633E+01   0.106973E+01   0.106541E+01   0.106000E+01   0.105624E+01   0.105187E+01   0.104726E+01   0.104492E+01   0.104119E+01   0.103897E+01   0.103604E+01   0.103318E+01   0.103152E+01   0.102923E+01   0.102707E+01   0.102511E+01   0.102395E+01   0.102233E+01   0.102083E+01   0.101948E+01   0.101824E+01   0.101710E+01   0.101606E+01   0.101512E+01   0.101403E+01   0.101326E+01   0.101238E+01   0.101172E+01   0.101100E+01   0.101036E+01   0.100970E+01   0.100918E+01   0.100861E+01   0.100813E+01   0.100766E+01   0.100722E+01   0.100688E+01   0.100656E+01   0.100621E+01   0.100588E+01   0.100556E+01   0.100526E+01   0.100498E+01   0.100471E+01   0.100446E+01   0.100425E+01   0.100394E+01   0.100375E+01   0.100351E+01   0.100331E+01   0.100311E+01   0.100294E+01   0.100277E+01   0.100262E+01   0.100248E+01   0.100237E+01   0.100226E+01   0.100215E+01   0.100204E+01   0.100193E+01   0.100183E+01   0.100174E+01   0.100165E+01   0.100156E+01   0.100148E+01   0.100141E+01   0.100134E+01   0.100127E+01   0.100120E+01   0.100114E+01   0.100108E+01   0.100103E+01   0.100098E+01   0.100093E+01   0.100088E+01   0.100084E+01   0.100079E+01   0.100075E+01   0.100071E+01   0.100068E+01   0.100064E+01   0.100061E+01   0.100058E+01   0.100055E+01   0.100052E+01   0.100049E+01   0.100047E+01   0.100045E+01   0.100042E+01   0.100040E+01   0.100038E+01
 0.000000E+00   0.000000E+00   0.000000E+00   0.000000E+00   0.000000E+00   0.000000E+00   0.000000E+00   0.000000E+00   0.000000E+00   0.000000E+00   0.154567E+01   0.150426E+01   0.146634E+01   0.143159E+01   0.139972E+01   0.143625E+01   0.140477E+01   0.137372E+01   0.134511E+01   0.131906E+01   0.129013E+01   0.127347E+01   0.125246E+01   0.123179E+01   0.121484E+01   0.119531E+01   0.118293E+01   0.116488E+01   0.115545E+01   0.114377E+01   0.113201E+01   0.112244E+01   0.111199E+01   0.110441E+01   0.109533E+01   0.108919E+01   0.108141E+01   0.107633E+01   0.106973E+01   0.106541E+01   0.106000E+01   0.105624E+01   0.105187E+01   0.104726E+01   0.104492E+01   0.104119E+01   0.103897E+01   0.103604E+01   0.103318E+01   0.103152E+01   0.102923E+01   0.102707E+01   0.102511E+01   0.102395E+01   0.102233E+01   0.102083E+01   0.101948E+01   0.101824E+01   0.101710E+01   0.101606E+01   0.101512E+01   0.101403E+01   0.101326E+01   0.101238E+01   0.101172E+01   0.101100E+01   0.101036E+01   0.100970E+01   0.100918E+01   0.100861E+01   0.100813E+01   0.100766E+01   0.100722E+01   0.100690E+01   0.100657E+01   0.100622E+01   0.100588E+01   0.100557E+01   0.100527E+01   0.100498E+01   0.100472E+01   0.100446E+01   0.100425E+01   0.100394E+01   0.100375E+01   0.100351E+01   0.100331E+01   0.100311E+01   0.100294E+01   0.100277E+01   0.100262E+01   0.100248E+01   0.100237E+01   0.100226E+01   0.100215E+01   0.100204E+01   0.100193E+01   0.100183E+01   0.100174E+01   0.100165E+01   0.100156E+01   0.100148E+01   0.100141E+01   0.100134E+01   0.100127E+01   0.100120E+01   0.100114E+01   0.100108E+01   0.100103E+01   0.100098E+01   0.100093E+01   0.100088E+01   0.100084E+01   0.100079E+01   0.100075E+01   0.100071E+01   0.100068E+01   0.100064E+01   0.100061E+01   0.100058E+01   0.100055E+01   0.100052E+01   0.100049E+01   0.100047E+01   0.100044E+01   0.100042E+01   0.100040E+01   0.100038E+01
 0.000000E+00   0.000000E+00   0.000000E+00   0.000000E+00   0.000000E+00   0.000000E+00   0.000000E+00   0.000000E+00   0.000000E+00   0.000000E+00   0.154567E+01   0.150426E+01   0.146634E+01   0.143159E+01   0.139972E+01   0.143625E+01   0.140477E+01   0.137372E+01   0.134511E+01   0.131906E+01   0.129013E+01   0.127347E+01   0.125246E+01   0.123179E+01   0.121484E+01   0.119531E+01   0.118293E+01   0.116488E+01   0.115545E+01   0.114377E+01   0.113201E+01   0.112244E+01   0.111199E+01   0.110441E+01   0.109533E+01   0.108919E+01   0.108141E+01   0.107633E+01   0.106973E+01   0.106541E+01   0.106000E+01   0.105624E+01   0.105187E+01   0.104726E+01   0.104492E+01   0.104119E+01   0.103897E+01   0.103604E+01   0.103318E+01   0.103152E+01   0.102923E+01   0.102707E+01   0.102511E+01   0.102395E+01   0.102233E+01   0.102083E+01   0.101948E+01   0.101824E+01   0.101710E+01   0.101606E+01   0.101512E+01   0.101403E+01   0.101326E+01   0.101238E+01   0.101172E+01   0.101100E+01   0.101036E+01   0.100970E+01   0.100918E+01   0.100861E+01   0.100813E+01   0.100766E+01   0.100722E+01   0.100691E+01   0.100658E+01   0.100622E+01   0.100589E+01   0.100557E+01   0.100527E+01   0.100499E+01   0.100472E+01   0.100447E+01   0.100426E+01   0.100394E+01   0.100375E+01   0.100351E+01   0.100331E+01   0.100311E+01   0.100294E+01   0.100277E+01   0.100262E+01   0.100248E+01   0.100237E+01   0.100226E+01   0.100215E+01   0.100204E+01   0.100193E+01   0.100183E+01   0.100174E+01   0.100165E+01   0.100156E+01   0.100148E+01   0.100141E+01   0.100134E+01   0.100127E+01   0.100120E+01   0.100114E+01   0.100108E+01   0.100103E+01   0.100098E+01   0.100093E+01   0.100088E+01   0.100084E+01   0.100079E+01   0.100075E+01   0.100071E+01   0.100068E+01   0.100064E+01   0.100061E+01   0.100058E+01   0.100055E+01   0.100052E+01   0.100049E+01   0.100047E+01   0.100044E+01   0.100042E+01   0.100040E+01   0.100038E+01
 0.000000E+00   0.000000E+00   0.000000E+00   0.000000E+00   0.000000E+00   0.000000E+00   0.000000E+00   0.000000E+00   0.000000E+00   0.000000E+00   0.154567E+01   0.150426E+01   0.146634E+01   0.143159E+01   0.139972E+01   0.143625E+01   0.140477E+01   0.137372E+01   0.134511E+01   0.131906E+01   0.129013E+01   0.127347E+01   0.125246E+01   0.123179E+01   0.121484E+01   0.119531E+01   0.118293E+01   0.116488E+01   0.115545E+01   0.114377E+01   0.113201E+01   0.112244E+01   0.111199E+01   0.110441E+01   0.109533E+01   0.108919E+01   0.108141E+01   0.107633E+01   0.106973E+01   0.106541E+01   0.106000E+01   0.105624E+01   0.105187E+01   0.104726E+01   0.104492E+01   0.104119E+01   0.103897E+01   0.103604E+01   0.103318E+01   0.103152E+01   0.102923E+01   0.102707E+01   0.102511E+01   0.102395E+01   0.102233E+01   0.102083E+01   0.101948E+01   0.101824E+01   0.101710E+01   0.101606E+01   0.101512E+01   0.101403E+01   0.101326E+01   0.101238E+01   0.101172E+01   0.101100E+01   0.101036E+01   0.100970E+01   0.100918E+01   0.100861E+01   0.100813E+01   0.100766E+01   0.100722E+01   0.100693E+01   0.100659E+01   0.100623E+01   0.100589E+01   0.100557E+01   0.100527E+01   0.100499E+01   0.100472E+01   0.100447E+01   0.100426E+01   0.100394E+01   0.100375E+01   0.100351E+01   0.100331E+01   0.100311E+01   0.100294E+01   0.100277E+01   0.100262E+01   0.100248E+01   0.100237E+01   0.100226E+01   0.100215E+01   0.100204E+01   0.100193E+01   0.100183E+01   0.100174E+01   0.100165E+01   0.100157E+01   0.100148E+01   0.100141E+01   0.100134E+01   0.100127E+01   0.100120E+01   0.100114E+01   0.100108E+01   0.100103E+01   0.100098E+01   0.100093E+01   0.100088E+01   0.100084E+01   0.100079E+01   0.100075E+01   0.100071E+01   0.100068E+01   0.100064E+01   0.100061E+01   0.100058E+01   0.100055E+01   0.100052E+01   0.100049E+01   0.100047E+01   0.100044E+01   0.100042E+01   0.100040E+01   0.100038E+01
 0.000000E+00   0.000000E+00   0.000000E+00   0.000000E+00   0.000000E+00   0.000000E+00   0.000000E+00   0.000000E+00   0.000000E+00   0.000000E+00   0.154567E+01   0.150426E+01   0.146634E+01   0.143159E+01   0.139972E+01   0.143625E+01   0.140477E+01   0.137372E+01   0.134511E+01   0.131906E+01   0.129013E+01   0.127347E+01   0.125246E+01   0.123179E+01   0.121484E+01   0.119531E+01   0.118293E+01   0.116488E+01   0.115545E+01   0.114377E+01   0.113201E+01   0.112244E+01   0.111199E+01   0.110441E+01   0.109533E+01   0.108919E+01   0.108141E+01   0.107633E+01   0.106973E+01   0.106541E+01   0.106000E+01   0.105624E+01   0.105187E+01   0.104726E+01   0.104492E+01   0.104119E+01   0.103897E+01   0.103604E+01   0.103318E+01   0.103152E+01   0.102923E+01   0.102707E+01   0.102511E+01   0.102395E+01   0.102233E+01   0.102083E+01   0.101948E+01   0.101824E+01   0.101710E+01   0.101606E+01   0.101512E+01   0.101403E+01   0.101326E+01   0.101238E+01   0.101172E+01   0.101100E+01   0.101036E+01   0.100970E+01   0.100918E+01   0.100861E+01   0.100813E+01   0.100766E+01   0.100722E+01   0.100694E+01   0.100659E+01   0.100623E+01   0.100589E+01   0.100558E+01   0.100528E+01   0.100499E+01   0.100473E+01   0.100447E+01   0.100426E+01   0.100394E+01   0.100375E+01   0.100351E+01   0.100331E+01   0.100311E+01   0.100294E+01   0.100277E+01   0.100262E+01   0.100248E+01   0.100237E+01   0.100226E+01   0.100215E+01   0.100204E+01   0.100193E+01   0.100183E+01   0.100174E+01   0.100165E+01   0.100157E+01   0.100148E+01   0.100141E+01   0.100134E+01   0.100127E+01   0.100120E+01   0.100114E+01   0.100108E+01   0.100103E+01   0.100098E+01   0.100093E+01   0.100088E+01   0.100084E+01   0.100079E+01   0.100075E+01   0.100071E+01   0.100068E+01   0.100064E+01   0.100061E+01   0.100058E+01   0.100055E+01   0.100052E+01   0.100049E+01   0.100047E+01   0.100044E+01   0.100042E+01   0.100040E+01   0.100038E+01
 0.000000E+00   0.000000E+00   0.000000E+00   0.000000E+00   0.000000E+00   0.000000E+00   0.000000E+00   0.000000E+00   0.000000E+00   0.000000E+00   0.154567E+01   0.150426E+01   0.146634E+01   0.143159E+01   0.139972E+01   0.143625E+01   0.140477E+01   0.137372E+01   0.134511E+01   0.131906E+01   0.129013E+01   0.127347E+01   0.125246E+01   0.123179E+01   0.121484E+01   0.119531E+01   0.118293E+01   0.116488E+01   0.115545E+01   0.114377E+01   0.113201E+01   0.112244E+01   0.111199E+01   0.110441E+01   0.109533E+01   0.108919E+01   0.108141E+01   0.107633E+01   0.106973E+01   0.106541E+01   0.106000E+01   0.105624E+01   0.105187E+01   0.104726E+01   0.104492E+01   0.104119E+01   0.103897E+01   0.103604E+01   0.103318E+01   0.103152E+01   0.102923E+01   0.102707E+01   0.102511E+01   0.102395E+01   0.102233E+01   0.102083E+01   0.101948E+01   0.101824E+01   0.101710E+01   0.101606E+01   0.101512E+01   0.101403E+01   0.101326E+01   0.101238E+01   0.101172E+01   0.101100E+01   0.101036E+01   0.100970E+01   0.100918E+01   0.100861E+01   0.100813E+01   0.100766E+01   0.100722E+01   0.100695E+01   0.100660E+01   0.100624E+01   0.100590E+01   0.100558E+01   0.100528E+01   0.100500E+01   0.100473E+01   0.100448E+01   0.100427E+01   0.100394E+01   0.100375E+01   0.100351E+01   0.100331E+01   0.100311E+01   0.100294E+01   0.100277E+01   0.100262E+01   0.100248E+01   0.100237E+01   0.100226E+01   0.100215E+01   0.100204E+01   0.100193E+01   0.100183E+01   0.100174E+01   0.100165E+01   0.100157E+01   0.100149E+01   0.100141E+01   0.100134E+01   0.100127E+01   0.100120E+01   0.100114E+01   0.100108E+01   0.100103E+01   0.100098E+01   0.100093E+01   0.100088E+01   0.100084E+01   0.100079E+01   0.100075E+01   0.100071E+01   0.100068E+01   0.100064E+01   0.100061E+01   0.100058E+01   0.100055E+01   0.100052E+01   0.100049E+01   0.100047E+01   0.100044E+01   0.100042E+01   0.100040E+01   0.100037E+01
 0.000000E+00   0.000000E+00   0.000000E+00   0.000000E+00   0.000000E+00   0.000000E+00   0.000000E+00   0.000000E+00   0.000000E+00   0.000000E+00   0.154567E+01   0.150426E+01   0.146634E+01   0.143159E+01   0.139972E+01   0.143625E+01   0.140477E+01   0.137372E+01   0.134511E+01   0.131906E+01   0.129013E+01   0.127347E+01   0.125246E+01   0.123179E+01   0.121484E+01   0.119531E+01   0.118293E+01   0.116488E+01   0.115545E+01   0.114377E+01   0.113201E+01   0.112244E+01   0.111199E+01   0.110441E+01   0.109533E+01   0.108919E+01   0.108141E+01   0.107633E+01   0.106973E+01   0.106541E+01   0.106000E+01   0.105624E+01   0.105187E+01   0.104726E+01   0.104492E+01   0.104119E+01   0.103897E+01   0.103604E+01   0.103318E+01   0.103152E+01   0.102923E+01   0.102707E+01   0.102511E+01   0.102395E+01   0.102233E+01   0.102083E+01   0.101948E+01   0.101824E+01   0.101710E+01   0.101606E+01   0.101512E+01   0.101403E+01   0.101326E+01   0.101238E+01   0.101172E+01   0.101100E+01   0.101036E+01   0.100970E+01   0.100918E+01   0.100861E+01   0.100813E+01   0.100766E+01   0.100722E+01   0.100696E+01   0.100661E+01   0.100624E+01   0.100590E+01   0.100558E+01   0.100528E+01   0.100500E+01   0.100473E+01   0.100448E+01   0.100427E+01   0.100394E+01   0.100375E+01   0.100351E+01   0.100331E+01   0.100311E+01   0.100294E+01   0.100277E+01   0.100262E+01   0.100248E+01   0.100237E+01   0.100226E+01   0.100215E+01   0.100204E+01   0.100193E+01   0.100183E+01   0.100174E+01   0.100165E+01   0.100157E+01   0.100149E+01   0.100141E+01   0.100134E+01   0.100127E+01   0.100120E+01   0.100114E+01   0.100108E+01   0.100103E+01   0.100098E+01   0.100093E+01   0.100088E+01   0.100084E+01   0.100079E+01   0.100075E+01   0.100071E+01   0.100068E+01   0.100064E+01   0.100061E+01   0.100058E+01   0.100055E+01   0.100052E+01   0.100049E+01   0.100047E+01   0.100044E+01   0.100042E+01   0.100040E+01   0.100037E+01
 0.000000E+00   0.000000E+00   0.000000E+00   0.000000E+00   0.000000E+00   0.000000E+00   0.000000E+00   0.000000E+00   0.000000E+00   0.000000E+00   0.154567E+01   0.150426E+01   0.146634E+01   0.143159E+01   0.139972E+01   0.143625E+01   0.140477E+01   0.137372E+01   0.134511E+01   0.131906E+01   0.129013E+01   0.127347E+01   0.125246E+01   0.123179E+01   0.121484E+01   0.119531E+01   0.118293E+01   0.116488E+01   0.115545E+01   0.114377E+01   0.113201E+01   0.112244E+01   0.111199E+01   0.110441E+01   0.109533E+01   0.108919E+01   0.108141E+01   0.107633E+01   0.106973E+01   0.106541E+01   0.106000E+01   0.105624E+01   0.105187E+01   0.104726E+01   0.104492E+01   0.104119E+01   0.103897E+01   0.103604E+01   0.103318E+01   0.103152E+01   0.102923E+01   0.102707E+01   0.102511E+01   0.102395E+01   0.102233E+01   0.102083E+01   0.101948E+01   0.101824E+01   0.101710E+01   0.101606E+01   0.101512E+01   0.101403E+01   0.101326E+01   0.101238E+01   0.101172E+01   0.101100E+01   0.101036E+01   0.100970E+01   0.100918E+01   0.100861E+01   0.100813E+01   0.100766E+01   0.100722E+01   0.100697E+01   0.100661E+01   0.100625E+01   0.100591E+01   0.100559E+01   0.100529E+01   0.100500E+01   0.100474E+01   0.100448E+01   0.100427E+01   0.100394E+01   0.100375E+01   0.100351E+01   0.100331E+01   0.100311E+01   0.100294E+01   0.100277E+01   0.100262E+01   0.100248E+01   0.100237E+01   0.100226E+01   0.100215E+01   0.100204E+01   0.100193E+01   0.100183E+01   0.100174E+01   0.100165E+01   0.100157E+01   0.100149E+01   0.100141E+01   0.100134E+01   0.100127E+01   0.100120E+01   0.100114E+01   0.100108E+01   0.100103E+01   0.100098E+01   0.100093E+01   0.100088E+01   0.100084E+01   0.100079E+01   0.100075E+01   0.100071E+01   0.100068E+01   0.100064E+01   0.100061E+01   0.100058E+01   0.100055E+01   0.100052E+01   0.100049E+01   0.100047E+01   0.100044E+01   0.100042E+01   0.100040E+01   0.100037E+01
 0.000000E+00   0.000000E+00   0.000000E+00   0.000000E+00   0.000000E+00   0.000000E+00   0.000000E+00   0.000000E+00   0.000000E+00   0.000000E+00   0.154567E+01   0.150426E+01   0.146634E+01   0.143159E+01   0.139972E+01   0.143625E+01   0.140477E+01   0.137372E+01   0.134511E+01   0.131906E+01   0.129013E+01   0.127347E+01   0.125246E+01   0.123179E+01   0.121484E+01   0.119531E+01   0.118293E+01   0.116488E+01   0.115545E+01   0.114377E+01   0.113201E+01   0.112244E+01   0.111199E+01   0.110441E+01   0.109533E+01   0.108919E+01   0.108141E+01   0.107633E+01   0.106973E+01   0.106541E+01   0.106000E+01   0.105624E+01   0.105187E+01   0.104726E+01   0.104492E+01   0.104119E+01   0.103897E+01   0.103604E+01   0.103318E+01   0.103152E+01   0.102923E+01   0.102707E+01   0.102511E+01   0.102395E+01   0.102233E+01   0.102083E+01   0.101948E+01   0.101824E+01   0.101710E+01   0.101606E+01   0.101512E+01   0.101403E+01   0.101326E+01   0.101238E+01   0.101172E+01   0.101100E+01   0.101036E+01   0.100970E+01   0.100918E+01   0.100861E+01   0.100813E+01   0.100766E+01   0.100722E+01   0.100698E+01   0.100662E+01   0.100625E+01   0.100591E+01   0.100559E+01   0.100529E+01   0.100501E+01   0.100474E+01   0.100449E+01   0.100427E+01   0.100394E+01   0.100375E+01   0.100351E+01   0.100331E+01   0.100311E+01   0.100294E+01   0.100277E+01   0.100262E+01   0.100248E+01   0.100237E+01   0.100226E+01   0.100215E+01   0.100204E+01   0.100193E+01   0.100183E+01   0.100174E+01   0.100165E+01   0.100157E+01   0.100149E+01   0.100141E+01   0.100134E+01   0.100127E+01   0.100120E+01   0.100114E+01   0.100108E+01   0.100103E+01   0.100098E+01   0.100093E+01   0.100088E+01   0.100084E+01   0.100079E+01   0.100075E+01   0.100071E+01   0.100068E+01   0.100064E+01   0.100061E+01   0.100058E+01   0.100055E+01   0.100052E+01   0.100049E+01   0.100047E+01   0.100044E+01   0.100042E+01   0.100040E+01   0.100037E+01
 0.000000E+00   0.000000E+00   0.000000E+00   0.000000E+00   0.000000E+00   0.000000E+00   0.000000E+00   0.000000E+00   0.000000E+00   0.000000E+00   0.154567E+01   0.150426E+01   0.146634E+01   0.143159E+01   0.139972E+01   0.143625E+01   0.140477E+01   0.137372E+01   0.134511E+01   0.131906E+01   0.129013E+01   0.127347E+01   0.125246E+01   0.123179E+01   0.121484E+01   0.119531E+01   0.118293E+01   0.116488E+01   0.115545E+01   0.114377E+01   0.113201E+01   0.112244E+01   0.111199E+01   0.110441E+01   0.109533E+01   0.108919E+01   0.108141E+01   0.107633E+01   0.106973E+01   0.106541E+01   0.106000E+01   0.105624E+01   0.105187E+01   0.104726E+01   0.104492E+01   0.104119E+01   0.103897E+01   0.103604E+01   0.103318E+01   0.103152E+01   0.102923E+01   0.102707E+01   0.102511E+01   0.102395E+01   0.102233E+01   0.102083E+01   0.101948E+01   0.101824E+01   0.101710E+01   0.101606E+01   0.101512E+01   0.101403E+01   0.101326E+01   0.101238E+01   0.101172E+01   0.101100E+01   0.101036E+01   0.100970E+01   0.100918E+01   0.100861E+01   0.100813E+01   0.100766E+01   0.100722E+01   0.100699E+01   0.100662E+01   0.100626E+01   0.100592E+01   0.100560E+01   0.100530E+01   0.100501E+01   0.100474E+01   0.100449E+01   0.100428E+01   0.100394E+01   0.100375E+01   0.100351E+01   0.100331E+01   0.100311E+01   0.100294E+01   0.100277E+01   0.100262E+01   0.100248E+01   0.100238E+01   0.100226E+01   0.100215E+01   0.100204E+01   0.100193E+01   0.100183E+01   0.100174E+01   0.100165E+01   0.100157E+01   0.100149E+01   0.100141E+01   0.100134E+01   0.100127E+01   0.100120E+01   0.100114E+01   0.100108E+01   0.100103E+01   0.100098E+01   0.100093E+01   0.100088E+01   0.100084E+01   0.100079E+01   0.100075E+01   0.100071E+01   0.100068E+01   0.100064E+01   0.100061E+01   0.100058E+01   0.100055E+01   0.100052E+01   0.100049E+01   0.100047E+01   0.100044E+01   0.100042E+01   0.100040E+01   0.100037E+01
 0.000000E+00   0.000000E+00   0.000000E+00   0.000000E+00   0.000000E+00   0.000000E+00   0.000000E+00   0.000000E+00   0.000000E+00   0.000000E+00   0.154567E+01   0.150426E+01   0.146634E+01   0.143159E+01   0.139972E+01   0.143625E+01   0.140477E+01   0.137372E+01   0.134511E+01   0.131906E+01   0.129013E+01   0.127347E+01   0.125246E+01   0.123179E+01   0.121484E+01   0.119531E+01   0.118293E+01   0.116488E+01   0.115545E+01   0.114377E+01   0.113201E+01   0.112244E+01   0.111199E+01   0.110441E+01   0.109533E+01   0.108919E+01   0.108141E+01   0.107633E+01   0.106973E+01   0.106541E+01   0.106000E+01   0.105624E+01   0.105187E+01   0.104726E+01   0.104492E+01   0.104119E+01   0.103897E+01   0.103604E+01   0.103318E+01   0.103152E+01   0.102923E+01   0.102707E+01   0.102511E+01   0.102395E+01   0.102233E+01   0.102083E+01   0.101948E+01   0.101824E+01   0.101710E+01   0.101606E+01   0.101512E+01   0.101403E+01   0.101326E+01   0.101238E+01   0.101172E+01   0.101100E+01   0.101036E+01   0.100970E+01   0.100918E+01   0.100861E+01   0.100813E+01   0.100766E+01   0.100728E+01   0.100700E+01   0.100663E+01   0.100627E+01   0.100592E+01   0.100560E+01   0.100530E+01   0.100502E+01   0.100475E+01   0.100449E+01   0.100428E+01   0.100394E+01   0.100375E+01   0.100351E+01   0.100331E+01   0.100311E+01   0.100294E+01   0.100277E+01   0.100262E+01   0.100248E+01   0.100238E+01   0.100226E+01   0.100215E+01   0.100204E+01   0.100193E+01   0.100183E+01   0.100174E+01   0.100165E+01   0.100157E+01   0.100149E+01   0.100141E+01   0.100134E+01   0.100127E+01   0.100120E+01   0.100114E+01   0.100108E+01   0.100103E+01   0.100098E+01   0.100093E+01   0.100088E+01   0.100084E+01   0.100079E+01   0.100075E+01   0.100071E+01   0.100068E+01   0.100064E+01   0.100061E+01   0.100058E+01   0.100055E+01   0.100052E+01   0.100049E+01   0.100047E+01   0.100044E+01   0.100042E+01   0.100040E+01   0.100037E+01
 0.000000E+00   0.000000E+00   0.000000E+00   0.000000E+00   0.000000E+00   0.000000E+00   0.000000E+00   0.000000E+00   0.000000E+00   0.000000E+00   0.154567E+01   0.150426E+01   0.146634E+01   0.143159E+01   0.139972E+01   0.143625E+01   0.140477E+01   0.137372E+01   0.134511E+01   0.131906E+01   0.129013E+01   0.127347E+01   0.125246E+01   0.123179E+01   0.121484E+01   0.119531E+01   0.118293E+01   0.116488E+01   0.115545E+01   0.114377E+01   0.113201E+01   0.112244E+01   0.111199E+01   0.110441E+01   0.109533E+01   0.108919E+01   0.108141E+01   0.107633E+01   0.106973E+01   0.106541E+01   0.106000E+01   0.105624E+01   0.105187E+01   0.104726E+01   0.104492E+01   0.104119E+01   0.103897E+01   0.103604E+01   0.103318E+01   0.103152E+01   0.102923E+01   0.102707E+01   0.102511E+01   0.102395E+01   0.102233E+01   0.102083E+01   0.101948E+01   0.101824E+01   0.101710E+01   0.101606E+01   0.101512E+01   0.101403E+01   0.101326E+01   0.101238E+01   0.101172E+01   0.101100E+01   0.101036E+01   0.100970E+01   0.100918E+01   0.100861E+01   0.100813E+01   0.100766E+01   0.100730E+01   0.100701E+01   0.100664E+01   0.100627E+01   0.100593E+01   0.100561E+01   0.100530E+01   0.100502E+01   0.100475E+01   0.100450E+01   0.100428E+01   0.100394E+01   0.100375E+01   0.100351E+01   0.100331E+01   0.100311E+01   0.100294E+01   0.100277E+01   0.100262E+01   0.100248E+01   0.100238E+01   0.100226E+01   0.100215E+01   0.100204E+01   0.100193E+01   0.100184E+01   0.100174E+01   0.100165E+01   0.100157E+01   0.100149E+01   0.100141E+01   0.100134E+01   0.100127E+01   0.100120E+01   0.100114E+01   0.100108E+01   0.100103E+01   0.100098E+01   0.100093E+01   0.100088E+01   0.100084E+01   0.100079E+01   0.100075E+01   0.100071E+01   0.100068E+01   0.100064E+01   0.100061E+01   0.100058E+01   0.100055E+01   0.100052E+01   0.100049E+01   0.100047E+01   0.100044E+01   0.100042E+01   0.100040E+01   0.100037E+01
 0.000000E+00   0.000000E+00   0.000000E+00   0.000000E+00   0.000000E+00   0.000000E+00   0.000000E+00   0.000000E+00   0.000000E+00   0.000000E+00   0.154567E+01   0.150426E+01   0.146634E+01   0.143159E+01   0.139972E+01   0.143625E+01   0.140477E+01   0.137372E+01   0.134511E+01   0.131906E+01   0.129013E+01   0.127347E+01   0.125246E+01   0.123179E+01   0.121484E+01   0.119531E+01   0.118293E+01   0.116488E+01   0.115545E+01   0.114377E+01   0.113201E+01   0.112244E+01   0.111199E+01   0.110441E+01   0.109533E+01   0.108919E+01   0.108141E+01   0.107633E+01   0.106973E+01   0.106541E+01   0.106000E+01   0.105624E+01   0.105187E+01   0.104726E+01   0.104492E+01   0.104119E+01   0.103897E+01   0.103604E+01   0.103318E+01   0.103152E+01   0.102923E+01   0.102707E+01   0.102511E+01   0.102395E+01   0.102233E+01   0.102083E+01   0.101948E+01   0.101824E+01   0.101710E+01   0.101606E+01   0.101512E+01   0.101403E+01   0.101326E+01   0.101238E+01   0.101172E+01   0.101100E+01   0.101036E+01   0.100970E+01   0.100918E+01   0.100861E+01   0.100813E+01   0.100766E+01   0.100731E+01   0.100702E+01   0.100664E+01   0.100628E+01   0.100593E+01   0.100561E+01   0.100531E+01   0.100502E+01   0.100475E+01   0.100450E+01   0.100429E+01   0.100394E+01   0.100375E+01   0.100351E+01   0.100331E+01   0.100311E+01   0.100294E+01   0.100277E+01   0.100262E+01   0.100248E+01   0.100238E+01   0.100226E+01   0.100215E+01   0.100204E+01   0.100194E+01   0.100184E+01   0.100174E+01   0.100165E+01   0.100157E+01   0.100149E+01   0.100141E+01   0.100134E+01   0.100127E+01   0.100120E+01   0.100114E+01   0.100108E+01   0.100103E+01   0.100098E+01   0.100093E+01   0.100088E+01   0.100083E+01   0.100079E+01   0.100075E+01   0.100071E+01   0.100068E+01   0.100064E+01   0.100061E+01   0.100058E+01   0.100055E+01   0.100052E+01   0.100049E+01   0.100047E+01   0.100044E+01   0.100042E+01   0.100040E+01   0.100037E+01
 0.000000E+00   0.000000E+00   0.000000E+00   0.000000E+00   0.000000E+00   0.000000E+00   0.000000E+00   0.000000E+00   0.000000E+00   0.000000E+00   0.154567E+01   0.150426E+01   0.146634E+01   0.143159E+01   0.139972E+01   0.143625E+01   0.140477E+01   0.137372E+01   0.134511E+01   0.131906E+01   0.129013E+01   0.127347E+01   0.125246E+01   0.123179E+01   0.121484E+01   0.119531E+01   0.118293E+01   0.116488E+01   0.115545E+01   0.114377E+01   0.113201E+01   0.112244E+01   0.111199E+01   0.110441E+01   0.109533E+01   0.108919E+01   0.108141E+01   0.107633E+01   0.106973E+01   0.106541E+01   0.106000E+01   0.105624E+01   0.105187E+01   0.104726E+01   0.104492E+01   0.104119E+01   0.103897E+01   0.103604E+01   0.103318E+01   0.103152E+01   0.102923E+01   0.102707E+01   0.102511E+01   0.102395E+01   0.102233E+01   0.102083E+01   0.101948E+01   0.101824E+01   0.101710E+01   0.101606E+01   0.101512E+01   0.101403E+01   0.101326E+01   0.101238E+01   0.101172E+01   0.101100E+01   0.101036E+01   0.100970E+01   0.100918E+01   0.100861E+01   0.100813E+01   0.100766E+01   0.100733E+01   0.100703E+01   0.100665E+01   0.100628E+01   0.100594E+01   0.100561E+01   0.100531E+01   0.100503E+01   0.100476E+01   0.100450E+01   0.100429E+01   0.100394E+01   0.100375E+01   0.100351E+01   0.100331E+01   0.100311E+01   0.100294E+01   0.100277E+01   0.100262E+01   0.100248E+01   0.100238E+01   0.100227E+01   0.100215E+01   0.100204E+01   0.100194E+01   0.100184E+01   0.100174E+01   0.100165E+01   0.100157E+01   0.100149E+01   0.100141E+01   0.100134E+01   0.100127E+01   0.100120E+01   0.100114E+01   0.100108E+01   0.100103E+01   0.100098E+01   0.100093E+01   0.100088E+01   0.100083E+01   0.100079E+01   0.100075E+01   0.100071E+01   0.100068E+01   0.100064E+01   0.100061E+01   0.100058E+01   0.100055E+01   0.100052E+01   0.100049E+01   0.100047E+01   0.100044E+01   0.100042E+01   0.100040E+01   0.100037E+01
 0.000000E+00   0.000000E+00   0.000000E+00   0.000000E+00   0.000000E+00   0.000000E+00   0.000000E+00   0.000000E+00   0.000000E+00   0.000000E+00   0.154567E+01   0.150426E+01   0.146634E+01   0.143159E+01   0.139972E+01   0.143625E+01   0.140477E+01   0.137372E+01   0.134511E+01   0.131906E+01   0.129013E+01   0.127347E+01   0.125246E+01   0.123179E+01   0.121484E+01   0.119531E+01   0.118293E+01   0.116488E+01   0.115545E+01   0.114377E+01   0.113201E+01   0.112244E+01   0.111199E+01   0.110441E+01   0.109533E+01   0.108919E+01   0.108141E+01   0.107633E+01   0.106973E+01   0.106541E+01   0.106000E+01   0.105624E+01   0.105187E+01   0.104726E+01   0.104492E+01   0.104119E+01   0.103897E+01   0.103604E+01   0.103318E+01   0.103152E+01   0.102923E+01   0.102707E+01   0.102511E+01   0.102395E+01   0.102233E+01   0.102083E+01   0.101948E+01   0.101824E+01   0.101710E+01   0.101606E+01   0.101512E+01   0.101403E+01   0.101326E+01   0.101238E+01   0.101172E+01   0.101100E+01   0.101036E+01   0.100970E+01   0.100918E+01   0.100861E+01   0.100813E+01   0.100766E+01   0.100734E+01   0.100704E+01   0.100666E+01   0.100629E+01   0.100594E+01   0.100562E+01   0.100532E+01   0.100503E+01   0.100476E+01   0.100451E+01   0.100429E+01   0.100394E+01   0.100375E+01   0.100351E+01   0.100331E+01   0.100311E+01   0.100294E+01   0.100277E+01   0.100262E+01   0.100248E+01   0.100238E+01   0.100227E+01   0.100215E+01   0.100204E+01   0.100194E+01   0.100184E+01   0.100174E+01   0.100165E+01   0.100157E+01   0.100149E+01   0.100141E+01   0.100134E+01   0.100127E+01   0.100120E+01   0.100114E+01   0.100108E+01   0.100103E+01   0.100098E+01   0.100093E+01   0.100088E+01   0.100083E+01   0.100079E+01   0.100075E+01   0.100071E+01   0.100068E+01   0.100064E+01   0.100061E+01   0.100058E+01   0.100055E+01   0.100052E+01   0.100049E+01   0.100047E+01   0.100044E+01   0.100042E+01   0.100040E+01   0.100037E+01
 0.000000E+00   0.000000E+00   0.000000E+00   0.000000E+00   0.000000E+00   0.000000E+00   0.000000E+00   0.000000E+00   0.000000E+00   0.000000E+00   0.154567E+01   0.150426E+01   0.146634E+01   0.143159E+01   0.139972E+01   0.143625E+01   0.140477E+01   0.137372E+01   0.134511E+01   0.131906E+01   0.129013E+01   0.127347E+01   0.125246E+01   0.123179E+01   0.121484E+01   0.119531E+01   0.118293E+01   0.116488E+01   0.115545E+01   0.114377E+01   0.113201E+01   0.112244E+01   0.111199E+01   0.110441E+01   0.109533E+01   0.108919E+01   0.108141E+01   0.107633E+01   0.106973E+01   0.106541E+01   0.106000E+01   0.105624E+01   0.105187E+01   0.104726E+01   0.104492E+01   0.104119E+01   0.103897E+01   0.103604E+01   0.103318E+01   0.103152E+01   0.102923E+01   0.102707E+01   0.102511E+01   0.102395E+01   0.102233E+01   0.102083E+01   0.101948E+01   0.101824E+01   0.101710E+01   0.101606E+01   0.101512E+01   0.101403E+01   0.101326E+01   0.101238E+01   0.101172E+01   0.101100E+01   0.101036E+01   0.100970E+01   0.100918E+01   0.100861E+01   0.100813E+01   0.100766E+01   0.100736E+01   0.100705E+01   0.100666E+01   0.100629E+01   0.100595E+01   0.100562E+01   0.100532E+01   0.100503E+01   0.100477E+01   0.100451E+01   0.100430E+01   0.100394E+01   0.100375E+01   0.100351E+01   0.100331E+01   0.100311E+01   0.100294E+01   0.100277E+01   0.100262E+01   0.100248E+01   0.100238E+01   0.100227E+01   0.100215E+01   0.100204E+01   0.100194E+01   0.100184E+01   0.100174E+01   0.100165E+01   0.100157E+01   0.100149E+01   0.100141E+01   0.100134E+01   0.100127E+01   0.100120E+01   0.100114E+01   0.100108E+01   0.100103E+01   0.100098E+01   0.100093E+01   0.100088E+01   0.100083E+01   0.100079E+01   0.100075E+01   0.100071E+01   0.100068E+01   0.100064E+01   0.100061E+01   0.100058E+01   0.100055E+01   0.100052E+01   0.100049E+01   0.100047E+01   0.100044E+01   0.100042E+01   0.100040E+01   0.100037E+01
 0.000000E+00   0.000000E+00   0.000000E+00   0.000000E+00   0.000000E+00   0.000000E+00   0.000000E+00   0.000000E+00   0.000000E+00   0.000000E+00   0.154567E+01   0.150426E+01   0.146634E+01   0.143159E+01   0.139972E+01   0.143625E+01   0.140477E+01   0.137372E+01   0.134511E+01   0.131906E+01   0.129013E+01   0.127347E+01   0.125246E+01   0.123179E+01   0.121484E+01   0.119531E+01   0.118293E+01   0.116488E+01   0.115545E+01   0.114377E+01   0.113201E+01   0.112244E+01   0.111199E+01   0.110441E+01   0.109533E+01   0.108919E+01   0.108141E+01   0.107633E+01   0.106973E+01   0.106541E+01   0.106000E+01   0.105624E+01   0.105187E+01   0.104726E+01   0.104492E+01   0.104119E+01   0.103897E+01   0.103604E+01   0.103318E+01   0.103152E+01   0.102923E+01   0.102707E+01   0.102511E+01   0.102395E+01   0.102233E+01   0.102083E+01   0.101948E+01   0.101824E+01   0.101710E+01   0.101606E+01   0.101512E+01   0.101403E+01   0.101326E+01   0.101238E+01   0.101172E+01   0.101100E+01   0.101036E+01   0.100970E+01   0.100918E+01   0.100861E+01   0.100813E+01   0.100766E+01   0.100737E+01   0.100706E+01   0.100667E+01   0.100630E+01   0.100595E+01   0.100563E+01   0.100532E+01   0.100504E+01   0.100477E+01   0.100451E+01   0.100430E+01   0.100394E+01   0.100375E+01   0.100351E+01   0.100331E+01   0.100311E+01   0.100294E+01   0.100277E+01   0.100262E+01   0.100248E+01   0.100238E+01   0.100227E+01   0.100215E+01   0.100204E+01   0.100194E+01   0.100184E+01   0.100174E+01   0.100165E+01   0.100157E+01   0.100149E+01   0.100141E+01   0.100134E+01   0.100127E+01   0.100120E+01   0.100114E+01   0.100108E+01   0.100103E+01   0.100098E+01   0.100093E+01   0.100088E+01   0.100083E+01   0.100079E+01   0.100075E+01   0.100071E+01   0.100068E+01   0.100064E+01   0.100061E+01   0.100058E+01   0.100055E+01   0.100052E+01   0.100049E+01   0.100047E+01   0.100044E+01   0.100042E+01   0.100040E+01   0.100037E+01
 0.000000E+00   0.000000E+00   0.000000E+00   0.000000E+00   0.000000E+00   0.000000E+00   0.000000E+00   0.000000E+00   0.000000E+00   0.000000E+00   0.154567E+01   0.150426E+01   0.146634E+01   0.143159E+01   0.139972E+01   0.143625E+01   0.140477E+01   0.137372E+01   0.134511E+01   0.131906E+01   0.129013E+01   0.127347E+01   0.125246E+01   0.123179E+01   0.121484E+01   0.119531E+01   0.118293E+01   0.116488E+01   0.115545E+01   0.114377E+01   0.113201E+01   0.112244E+01   0.111199E+01   0.110441E+01   0.109533E+01   0.108919E+01   0.108141E+01   0.107633E+01   0.106973E+01   0.106541E+01   0.106000E+01   0.105624E+01   0.105187E+01   0.104726E+01   0.104492E+01   0.104119E+01   0.103897E+01   0.103604E+01   0.103318E+01   0.103152E+01   0.102923E+01   0.102707E+01   0.102511E+01   0.102395E+01   0.102233E+01   0.102083E+01   0.101948E+01   0.101824E+01   0.101710E+01   0.101606E+01   0.101512E+01   0.101403E+01   0.101326E+01   0.101238E+01   0.101172E+01   0.101100E+01   0.101036E+01   0.100970E+01   0.100918E+01   0.100861E+01   0.100813E+01   0.100766E+01   0.100739E+01   0.100707E+01   0.100668E+01   0.100631E+01   0.100596E+01   0.100563E+01   0.100533E+01   0.100504E+01   0.100477E+01   0.100452E+01   0.100430E+01   0.100394E+01   0.100375E+01   0.100351E+01   0.100331E+01   0.100311E+01   0.100294E+01   0.100277E+01   0.100262E+01   0.100248E+01   0.100238E+01   0.100227E+01   0.100215E+01   0.100204E+01   0.100194E+01   0.100184E+01   0.100174E+01   0.100165E+01   0.100157E+01   0.100149E+01   0.100141E+01   0.100134E+01   0.100127E+01   0.100120E+01   0.100114E+01   0.100108E+01   0.100103E+01   0.100098E+01   0.100093E+01   0.100088E+01   0.100083E+01   0.100079E+01   0.100075E+01   0.100071E+01   0.100068E+01   0.100064E+01   0.100061E+01   0.100058E+01   0.100055E+01   0.100052E+01   0.100049E+01   0.100047E+01   0.100044E+01   0.100042E+01   0.100040E+01   0.100037E+01
 0.000000E+00   0.000000E+00   0.000000E+00   0.000000E+00   0.000000E+00   0.000000E+00   0.000000E+00   0.000000E+00   0.000000E+00   0.000000E+00   0.154567E+01   0.150426E+01   0.146634E+01   0.143159E+01   0.139972E+01   0.143625E+01   0.140477E+01   0.137372E+01   0.134511E+01   0.131906E+01   0.129013E+01   0.127347E+01   0.125246E+01   0.123179E+01   0.121484E+01   0.119531E+01   0.118293E+01   0.116488E+01   0.115545E+01   0.114377E+01   0.113201E+01   0.112244E+01   0.111199E+01   0.110441E+01   0.109533E+01   0.108919E+01   0.108141E+01   0.107633E+01   0.106973E+01   0.106541E+01   0.106000E+01   0.105624E+01   0.105187E+01   0.104726E+01   0.104492E+01   0.104119E+01   0.103897E+01   0.103604E+01   0.103318E+01   0.103152E+01   0.102923E+01   0.102707E+01   0.102511E+01   0.102395E+01   0.102233E+01   0.102083E+01   0.101948E+01   0.101824E+01   0.101710E+01   0.101606E+01   0.101512E+01   0.101403E+01   0.101326E+01   0.101238E+01   0.101172E+01   0.101100E+01   0.101036E+01   0.100970E+01   0.100918E+01   0.100861E+01   0.100813E+01   0.100766E+01   0.100741E+01   0.100707E+01   0.100668E+01   0.100631E+01   0.100596E+01   0.100564E+01   0.100533E+01   0.100505E+01   0.100478E+01   0.100452E+01   0.100431E+01   0.100394E+01   0.100375E+01   0.100351E+01   0.100331E+01   0.100311E+01   0.100294E+01   0.100277E+01   0.100262E+01   0.100248E+01   0.100238E+01   0.100227E+01   0.100215E+01   0.100204E+01   0.100194E+01   0.100184E+01   0.100174E+01   0.100165E+01   0.100157E+01   0.100149E+01   0.100141E+01   0.100134E+01   0.100127E+01   0.100120E+01   0.100114E+01   0.100108E+01   0.100103E+01   0.100098E+01   0.100093E+01   0.100088E+01   0.100083E+01   0.100079E+01   0.100075E+01   0.100071E+01   0.100068E+01   0.100064E+01   0.100061E+01   0.100058E+01   0.100055E+01   0.100052E+01   0.100049E+01   0.100047E+01   0.100044E+01   0.100042E+01   0.100040E+01   0.100037E+01
 0.000000E+00   0.000000E+00   0.000000E+00   0.000000E+00   0.000000E+00   0.000000E+00   0.000000E+00   0.000000E+00   0.000000E+00   0.000000E+00   0.154567E+01   0.150426E+01   0.146634E+01   0.143159E+01   0.139972E+01   0.143625E+01   0.140477E+01   0.137372E+01   0.134511E+01   0.131906E+01   0.129013E+01   0.127347E+01   0.125246E+01   0.123179E+01   0.121484E+01   0.119531E+01   0.118293E+01   0.116488E+01   0.115545E+01   0.114377E+01   0.113201E+01   0.112244E+01   0.111199E+01   0.110441E+01   0.109533E+01   0.108919E+01   0.108141E+01   0.107633E+01   0.106973E+01   0.106541E+01   0.106000E+01   0.105624E+01   0.105187E+01   0.104726E+01   0.104492E+01   0.104119E+01   0.103897E+01   0.103604E+01   0.103318E+01   0.103152E+01   0.102923E+01   0.102707E+01   0.102511E+01   0.102395E+01   0.102233E+01   0.102083E+01   0.101948E+01   0.101824E+01   0.101710E+01   0.101606E+01   0.101512E+01   0.101403E+01   0.101326E+01   0.101238E+01   0.101172E+01   0.101100E+01   0.101036E+01   0.100970E+01   0.100918E+01   0.100861E+01   0.100813E+01   0.100766E+01   0.100742E+01   0.100708E+01   0.100669E+01   0.100632E+01   0.100597E+01   0.100564E+01   0.100534E+01   0.100505E+01   0.100478E+01   0.100452E+01   0.100431E+01   0.100394E+01   0.100375E+01   0.100351E+01   0.100331E+01   0.100311E+01   0.100294E+01   0.100277E+01   0.100262E+01   0.100248E+01   0.100238E+01   0.100227E+01   0.100215E+01   0.100204E+01   0.100194E+01   0.100184E+01   0.100174E+01   0.100165E+01   0.100157E+01   0.100149E+01   0.100141E+01   0.100134E+01   0.100127E+01   0.100120E+01   0.100114E+01   0.100108E+01   0.100103E+01   0.100098E+01   0.100093E+01   0.100088E+01   0.100083E+01   0.100079E+01   0.100075E+01   0.100071E+01   0.100068E+01   0.100064E+01   0.100061E+01   0.100058E+01   0.100055E+01   0.100052E+01   0.100049E+01   0.100047E+01   0.100044E+01   0.100042E+01   0.100040E+01   0.100037E+01
 0.000000E+00   0.000000E+00   0.000000E+00   0.000000E+00   0.000000E+00   0.000000E+00   0.000000E+00   0.000000E+00   0.000000E+00   0.000000E+00   0.154567E+01   0.150426E+01   0.146634E+01   0.143159E+01   0.139972E+01   0.143625E+01   0.140477E+01   0.137372E+01   0.134511E+01   0.131906E+01   0.129013E+01   0.127347E+01   0.125246E+01   0.123179E+01   0.121484E+01   0.119531E+01   0.118293E+01   0.116488E+01   0.115545E+01   0.114377E+01   0.113201E+01   0.112244E+01   0.111199E+01   0.110441E+01   0.109533E+01   0.108919E+01   0.108141E+01   0.107633E+01   0.106973E+01   0.106541E+01   0.106000E+01   0.105624E+01   0.105187E+01   0.104726E+01   0.104492E+01   0.104119E+01   0.103897E+01   0.103604E+01   0.103318E+01   0.103152E+01   0.102923E+01   0.102707E+01   0.102511E+01   0.102395E+01   0.102233E+01   0.102083E+01   0.101948E+01   0.101824E+01   0.101710E+01   0.101606E+01   0.101512E+01   0.101403E+01   0.101326E+01   0.101238E+01   0.101172E+01   0.101100E+01   0.101036E+01   0.100970E+01   0.100918E+01   0.100861E+01   0.100813E+01   0.100766E+01   0.100744E+01   0.100709E+01   0.100670E+01   0.100633E+01   0.100598E+01   0.100565E+01   0.100534E+01   0.100505E+01   0.100478E+01   0.100453E+01   0.100431E+01   0.100394E+01   0.100375E+01   0.100351E+01   0.100331E+01   0.100311E+01   0.100294E+01   0.100277E+01   0.100262E+01   0.100248E+01   0.100238E+01   0.100227E+01   0.100215E+01   0.100204E+01   0.100194E+01   0.100184E+01   0.100174E+01   0.100165E+01   0.100157E+01   0.100149E+01   0.100141E+01   0.100134E+01   0.100127E+01   0.100120E+01   0.100114E+01   0.100108E+01   0.100103E+01   0.100098E+01   0.100093E+01   0.100088E+01   0.100083E+01   0.100079E+01   0.100075E+01   0.100071E+01   0.100068E+01   0.100064E+01   0.100061E+01   0.100058E+01   0.100055E+01   0.100052E+01   0.100049E+01   0.100047E+01   0.100044E+01   0.100042E+01   0.100040E+01   0.100037E+01
 0.000000E+00   0.000000E+00   0.000000E+00   0.000000E+00   0.000000E+00   0.000000E+00   0.000000E+00   0.000000E+00   0.000000E+00   0.000000E+00   0.154567E+01   0.150426E+01   0.146634E+01   0.143159E+01   0.139972E+01   0.143625E+01   0.140477E+01   0.137372E+01   0.134511E+01   0.131906E+01   0.129013E+01   0.127347E+01   0.125246E+01   0.123179E+01   0.121484E+01   0.119531E+01   0.118293E+01   0.116488E+01   0.115545E+01   0.114377E+01   0.113201E+01   0.112244E+01   0.111199E+01   0.110441E+01   0.109533E+01   0.108919E+01   0.108141E+01   0.107633E+01   0.106973E+01   0.106541E+01   0.106000E+01   0.105624E+01   0.105187E+01   0.104726E+01   0.104492E+01   0.104119E+01   0.103897E+01   0.103604E+01   0.103318E+01   0.103152E+01   0.102923E+01   0.102707E+01   0.102511E+01   0.102395E+01   0.102233E+01   0.102083E+01   0.101948E+01   0.101824E+01   0.101710E+01   0.101606E+01   0.101512E+01   0.101403E+01   0.101326E+01   0.101238E+01   0.101172E+01   0.101100E+01   0.101036E+01   0.100970E+01   0.100918E+01   0.100861E+01   0.100813E+01   0.100766E+01   0.100745E+01   0.100710E+01   0.100670E+01   0.100633E+01   0.100598E+01   0.100565E+01   0.100534E+01   0.100506E+01   0.100479E+01   0.100453E+01   0.100432E+01   0.100394E+01   0.100375E+01   0.100351E+01   0.100331E+01   0.100311E+01   0.100294E+01   0.100277E+01   0.100262E+01   0.100248E+01   0.100238E+01   0.100227E+01   0.100215E+01   0.100204E+01   0.100194E+01   0.100184E+01   0.100174E+01   0.100165E+01   0.100157E+01   0.100149E+01   0.100141E+01   0.100134E+01   0.100127E+01   0.100120E+01   0.100114E+01   0.100108E+01   0.100103E+01   0.100098E+01   0.100093E+01   0.100088E+01   0.100083E+01   0.100079E+01   0.100075E+01   0.100071E+01   0.100068E+01   0.100064E+01   0.100061E+01   0.100058E+01   0.100055E+01   0.100052E+01   0.100049E+01   0.100047E+01   0.100044E+01   0.100042E+01   0.100040E+01   0.100037E+01
 0.000000E+00   0.000000E+00   0.000000E+00   0.000000E+00   0.000000E+00   0.000000E+00   0.000000E+00   0.000000E+00   0.000000E+00   0.000000E+00   0.154567E+01   0.150426E+01   0.146634E+01   0.143159E+01   0.139972E+01   0.143625E+01   0.140477E+01   0.137372E+01   0.134511E+01   0.131906E+01   0.129013E+01   0.127347E+01   0.125246E+01   0.123179E+01   0.121484E+01   0.119531E+01   0.118293E+01   0.116488E+01   0.115545E+01   0.114377E+01   0.113201E+01   0.112244E+01   0.111199E+01   0.110441E+01   0.109533E+01   0.108919E+01   0.108141E+01   0.107633E+01   0.106973E+01   0.106541E+01   0.106000E+01   0.105624E+01   0.105187E+01   0.104726E+01   0.104492E+01   0.104119E+01   0.103897E+01   0.103604E+01   0.103318E+01   0.103152E+01   0.102923E+01   0.102707E+01   0.102511E+01   0.102395E+01   0.102233E+01   0.102083E+01   0.101948E+01   0.101824E+01   0.101710E+01   0.101606E+01   0.101512E+01   0.101403E+01   0.101326E+01   0.101238E+01   0.101172E+01   0.101100E+01   0.101036E+01   0.100970E+01   0.100918E+01   0.100861E+01   0.100813E+01   0.100766E+01   0.100747E+01   0.100711E+01   0.100671E+01   0.100634E+01   0.100599E+01   0.100566E+01   0.100535E+01   0.100506E+01   0.100479E+01   0.100454E+01   0.100432E+01   0.100394E+01   0.100375E+01   0.100351E+01   0.100331E+01   0.100311E+01   0.100294E+01   0.100277E+01   0.100262E+01   0.100248E+01   0.100238E+01   0.100227E+01   0.100215E+01   0.100204E+01   0.100194E+01   0.100184E+01   0.100174E+01   0.100165E+01   0.100157E+01   0.100149E+01   0.100141E+01   0.100134E+01   0.100127E+01   0.100120E+01   0.100114E+01   0.100108E+01   0.100103E+01   0.100098E+01   0.100093E+01   0.100088E+01   0.100083E+01   0.100079E+01   0.100075E+01   0.100071E+01   0.100068E+01   0.100064E+01   0.100061E+01   0.100058E+01   0.100055E+01   0.100052E+01   0.100049E+01   0.100047E+01   0.100044E+01   0.100042E+01   0.100040E+01   0.100037E+01
 0.000000E+00   0.000000E+00   0.000000E+00   0.000000E+00   0.000000E+00   0.000000E+00   0.000000E+00   0.000000E+00   0.000000E+00   0.000000E+00   0.154567E+01   0.150426E+01   0.146634E+01   0.143159E+01   0.139972E+01   0.143625E+01   0.140477E+01   0.137372E+01   0.134511E+01   0.131906E+01   0.129013E+01   0.127347E+01   0.125246E+01   0.123179E+01   0.121484E+01   0.119531E+01   0.118293E+01   0.116488E+01   0.115545E+01   0.114377E+01   0.113201E+01   0.112244E+01   0.111199E+01   0.110441E+01   0.109533E+01   0.108919E+01   0.108141E+01   0.107633E+01   0.106973E+01   0.106541E+01   0.106000E+01   0.105624E+01   0.105187E+01   0.104726E+01   0.104492E+01   0.104119E+01   0.103897E+01   0.103604E+01   0.103318E+01   0.103152E+01   0.102923E+01   0.102707E+01   0.102511E+01   0.102395E+01   0.102233E+01   0.102083E+01   0.101948E+01   0.101824E+01   0.101710E+01   0.101606E+01   0.101512E+01   0.101403E+01   0.101326E+01   0.101238E+01   0.101172E+01   0.101100E+01   0.101036E+01   0.100970E+01   0.100918E+01   0.100861E+01   0.100813E+01   0.100766E+01   0.100749E+01   0.100712E+01   0.100672E+01   0.100634E+01   0.100599E+01   0.100566E+01   0.100535E+01   0.100507E+01   0.100480E+01   0.100454E+01   0.100432E+01   0.100394E+01   0.100375E+01   0.100351E+01   0.100331E+01   0.100311E+01   0.100294E+01   0.100277E+01   0.100262E+01   0.100248E+01   0.100238E+01   0.100227E+01   0.100216E+01   0.100204E+01   0.100194E+01   0.100184E+01   0.100174E+01   0.100165E+01   0.100157E+01   0.100149E+01   0.100141E+01   0.100134E+01   0.100127E+01   0.100120E+01   0.100114E+01   0.100108E+01   0.100103E+01   0.100098E+01   0.100093E+01   0.100088E+01   0.100083E+01   0.100079E+01   0.100075E+01   0.100071E+01   0.100068E+01   0.100064E+01   0.100061E+01   0.100058E+01   0.100055E+01   0.100052E+01   0.100049E+01   0.100047E+01   0.100044E+01   0.100042E+01   0.100040E+01   0.100037E+01
 0.000000E+00   0.000000E+00   0.000000E+00   0.000000E+00   0.000000E+00   0.000000E+00   0.000000E+00   0.000000E+00   0.000000E+00   0.000000E+00   0.154567E+01   0.150426E+01   0.146634E+01   0.143159E+01   0.139972E+01   0.143625E+01   0.140477E+01   0.137372E+01   0.134511E+01   0.131906E+01   0.129013E+01   0.127347E+01   0.125246E+01   0.123179E+01   0.121484E+01   0.119531E+01   0.118293E+01   0.116488E+01   0.115545E+01   0.114377E+01   0.113201E+01   0.112244E+01   0.111199E+01   0.110441E+01   0.109533E+01   0.108919E+01   0.108141E+01   0.107633E+01   0.106973E+01   0.106541E+01   0.106000E+01   0.105624E+01   0.105187E+01   0.104726E+01   0.104492E+01   0.104119E+01   0.103897E+01   0.103604E+01   0.103318E+01   0.103152E+01   0.102923E+01   0.102707E+01   0.102511E+01   0.102395E+01   0.102233E+01   0.102083E+01   0.101948E+01   0.101824E+01   0.101710E+01   0.101606E+01   0.101512E+01   0.101403E+01   0.101326E+01   0.101238E+01   0.101172E+01   0.101100E+01   0.101036E+01   0.100970E+01   0.100918E+01   0.100861E+01   0.100813E+01   0.100766E+01   0.100750E+01   0.100713E+01   0.100673E+01   0.100635E+01   0.100600E+01   0.100567E+01   0.100536E+01   0.100507E+01   0.100480E+01   0.100454E+01   0.100433E+01   0.100394E+01   0.100375E+01   0.100351E+01   0.100331E+01   0.100311E+01   0.100294E+01   0.100277E+01   0.100262E+01   0.100248E+01   0.100238E+01   0.100227E+01   0.100216E+01   0.100204E+01   0.100194E+01   0.100184E+01   0.100174E+01   0.100165E+01   0.100157E+01   0.100149E+01   0.100141E+01   0.100134E+01   0.100127E+01   0.100120E+01   0.100114E+01   0.100108E+01   0.100103E+01   0.100098E+01   0.100093E+01   0.100088E+01   0.100083E+01   0.100079E+01   0.100075E+01   0.100071E+01   0.100068E+01   0.100064E+01   0.100061E+01   0.100058E+01   0.100055E+01   0.100052E+01   0.100049E+01   0.100047E+01   0.100044E+01   0.100042E+01   0.100040E+01   0.100037E+01
 0.000000E+00   0.000000E+00   0.000000E+00   0.000000E+00   0.000000E+00   0.000000E+00   0.000000E+00   0.000000E+00   0.000000E+00   0.000000E+00   0.154567E+01   0.150426E+01   0.146634E+01   0.143159E+01   0.139972E+01   0.143625E+01   0.140477E+01   0.137372E+01   0.134511E+01   0.131906E+01   0.129013E+01   0.127347E+01   0.125246E+01   0.123179E+01   0.121484E+01   0.119531E+01   0.118293E+01   0.116488E+01   0.115545E+01   0.114377E+01   0.113201E+01   0.112244E+01   0.111199E+01   0.110441E+01   0.109533E+01   0.108919E+01   0.108141E+01   0.107633E+01   0.106973E+01   0.106541E+01   0.106000E+01   0.105624E+01   0.105187E+01   0.104726E+01   0.104492E+01   0.104119E+01   0.103897E+01   0.103604E+01   0.103318E+01   0.103152E+01   0.102923E+01   0.102707E+01   0.102511E+01   0.102395E+01   0.102233E+01   0.102083E+01   0.101948E+01   0.101824E+01   0.101710E+01   0.101606E+01   0.101512E+01   0.101403E+01   0.101326E+01   0.101238E+01   0.101172E+01   0.101100E+01   0.101036E+01   0.100970E+01   0.100918E+01   0.100861E+01   0.100813E+01   0.100766E+01   0.100752E+01   0.100713E+01   0.100673E+01   0.100636E+01   0.100600E+01   0.100567E+01   0.100536E+01   0.100507E+01   0.100480E+01   0.100455E+01   0.100433E+01   0.100394E+01   0.100375E+01   0.100351E+01   0.100331E+01   0.100311E+01   0.100294E+01   0.100277E+01   0.100262E+01   0.100248E+01   0.100238E+01   0.100227E+01   0.100216E+01   0.100205E+01   0.100194E+01   0.100184E+01   0.100174E+01   0.100165E+01   0.100157E+01   0.100149E+01   0.100141E+01   0.100134E+01   0.100127E+01   0.100120E+01   0.100114E+01   0.100108E+01   0.100103E+01   0.100098E+01   0.100093E+01   0.100088E+01   0.100083E+01   0.100079E+01   0.100075E+01   0.100071E+01   0.100068E+01   0.100064E+01   0.100061E+01   0.100058E+01   0.100055E+01   0.100052E+01   0.100049E+01   0.100047E+01   0.100044E+01   0.100042E+01   0.100040E+01   0.100037E+01
 0.000000E+00   0.000000E+00   0.000000E+00   0.000000E+00   0.000000E+00   0.000000E+00   0.000000E+00   0.000000E+00   0.000000E+00   0.000000E+00   0.154567E+01   0.150426E+01   0.146634E+01   0.143159E+01   0.139972E+01   0.143625E+01   0.140477E+01   0.137372E+01   0.134511E+01   0.131906E+01   0.129013E+01   0.127347E+01   0.125246E+01   0.123179E+01   0.121484E+01   0.119531E+01   0.118293E+01   0.116488E+01   0.115545E+01   0.114377E+01   0.113201E+01   0.112244E+01   0.111199E+01   0.110441E+01   0.109533E+01   0.108919E+01   0.108141E+01   0.107633E+01   0.106973E+01   0.106541E+01   0.106000E+01   0.105624E+01   0.105187E+01   0.104726E+01   0.104492E+01   0.104119E+01   0.103897E+01   0.103604E+01   0.103318E+01   0.103152E+01   0.102923E+01   0.102707E+01   0.102511E+01   0.102395E+01   0.102233E+01   0.102083E+01   0.101948E+01   0.101824E+01   0.101710E+01   0.101606E+01   0.101512E+01   0.101403E+01   0.101326E+01   0.101238E+01   0.101172E+01   0.101100E+01   0.101036E+01   0.100970E+01   0.100918E+01   0.100861E+01   0.100813E+01   0.100766E+01   0.100754E+01   0.100714E+01   0.100674E+01   0.100636E+01   0.100601E+01   0.100568E+01   0.100537E+01   0.100508E+01   0.100481E+01   0.100455E+01   0.100433E+01   0.100394E+01   0.100375E+01   0.100351E+01   0.100331E+01   0.100311E+01   0.100294E+01   0.100277E+01   0.100262E+01   0.100248E+01   0.100238E+01   0.100227E+01   0.100216E+01   0.100205E+01   0.100194E+01   0.100184E+01   0.100174E+01   0.100165E+01   0.100157E+01   0.100149E+01   0.100141E+01   0.100134E+01   0.100127E+01   0.100120E+01   0.100114E+01   0.100108E+01   0.100103E+01   0.100098E+01   0.100093E+01   0.100088E+01   0.100083E+01   0.100079E+01   0.100075E+01   0.100071E+01   0.100068E+01   0.100064E+01   0.100061E+01   0.100058E+01   0.100055E+01   0.100052E+01   0.100049E+01   0.100047E+01   0.100044E+01   0.100042E+01   0.100040E+01   0.100037E+01
 0.000000E+00   0.000000E+00   0.000000E+00   0.000000E+00   0.000000E+00   0.000000E+00   0.000000E+00   0.000000E+00   0.000000E+00   0.000000E+00   0.154567E+01   0.150426E+01   0.146634E+01   0.143159E+01   0.139972E+01   0.143625E+01   0.140477E+01   0.137372E+01   0.134511E+01   0.131906E+01   0.129013E+01   0.127347E+01   0.125246E+01   0.123179E+01   0.121484E+01   0.119531E+01   0.118293E+01   0.116488E+01   0.115545E+01   0.114377E+01   0.113201E+01   0.112244E+01   0.111199E+01   0.110441E+01   0.109533E+01   0.108919E+01   0.108141E+01   0.107633E+01   0.106973E+01   0.106541E+01   0.106000E+01   0.105624E+01   0.105187E+01   0.104726E+01   0.104492E+01   0.104119E+01   0.103897E+01   0.103604E+01   0.103318E+01   0.103152E+01   0.102923E+01   0.102707E+01   0.102511E+01   0.102395E+01   0.102233E+01   0.102083E+01   0.101948E+01   0.101824E+01   0.101710E+01   0.101606E+01   0.101512E+01   0.101403E+01   0.101326E+01   0.101238E+01   0.101172E+01   0.101100E+01   0.101036E+01   0.100970E+01   0.100918E+01   0.100861E+01   0.100813E+01   0.100766E+01   0.100755E+01   0.100715E+01   0.100675E+01   0.100637E+01   0.100602E+01   0.100568E+01   0.100537E+01   0.100508E+01   0.100481E+01   0.100455E+01   0.100434E+01   0.100394E+01   0.100375E+01   0.100351E+01   0.100331E+01   0.100311E+01   0.100294E+01   0.100277E+01   0.100262E+01   0.100248E+01   0.100238E+01   0.100227E+01   0.100216E+01   0.100205E+01   0.100194E+01   0.100184E+01   0.100174E+01   0.100165E+01   0.100157E+01   0.100149E+01   0.100141E+01   0.100134E+01   0.100127E+01   0.100120E+01   0.100114E+01   0.100108E+01   0.100103E+01   0.100098E+01   0.100093E+01   0.100088E+01   0.100083E+01   0.100079E+01   0.100075E+01   0.100071E+01   0.100068E+01   0.100064E+01   0.100061E+01   0.100058E+01   0.100055E+01   0.100052E+01   0.100049E+01   0.100047E+01   0.100044E+01   0.100042E+01   0.100040E+01   0.100037E+01
 0.000000E+00   0.000000E+00   0.000000E+00   0.000000E+00   0.000000E+00   0.000000E+00   0.000000E+00   0.000000E+00   0.000000E+00   0.000000E+00   0.154567E+01   0.150426E+01   0.146634E+01   0.143159E+01   0.139972E+01   0.143625E+01   0.140477E+01   0.137372E+01   0.134511E+01   0.131906E+01   0.129013E+01   0.127347E+01   0.125246E+01   0.123179E+01   0.121484E+01   0.119531E+01   0.118293E+01   0.116488E+01   0.115545E+01   0.114377E+01   0.113201E+01   0.112244E+01   0.111199E+01   0.110441E+01   0.109533E+01   0.108919E+01   0.108141E+01   0.107633E+01   0.106973E+01   0.106541E+01   0.106000E+01   0.105624E+01   0.105187E+01   0.104726E+01   0.104492E+01   0.104119E+01   0.103897E+01   0.103604E+01   0.103318E+01   0.103152E+01   0.102923E+01   0.102707E+01   0.102511E+01   0.102395E+01   0.102233E+01   0.102083E+01   0.101948E+01   0.101824E+01   0.101710E+01   0.101606E+01   0.101512E+01   0.101403E+01   0.101326E+01   0.101238E+01   0.101172E+01   0.101100E+01   0.101036E+01   0.100970E+01   0.100918E+01   0.100861E+01   0.100813E+01   0.100788E+01   0.100757E+01   0.100716E+01   0.100676E+01   0.100638E+01   0.100602E+01   0.100569E+01   0.100538E+01   0.100509E+01   0.100481E+01   0.100456E+01   0.100434E+01   0.100394E+01   0.100375E+01   0.100351E+01   0.100331E+01   0.100311E+01   0.100294E+01   0.100277E+01   0.100262E+01   0.100248E+01   0.100238E+01   0.100227E+01   0.100216E+01   0.100205E+01   0.100194E+01   0.100184E+01   0.100175E+01   0.100165E+01   0.100157E+01   0.100149E+01   0.100141E+01   0.100134E+01   0.100127E+01   0.100121E+01   0.100114E+01   0.100108E+01   0.100103E+01   0.100098E+01   0.100093E+01   0.100088E+01   0.100083E+01   0.100079E+01   0.100075E+01   0.100071E+01   0.100068E+01   0.100064E+01   0.100061E+01   0.100058E+01   0.100055E+01   0.100052E+01   0.100049E+01   0.100047E+01   0.100044E+01   0.100042E+01   0.100040E+01   0.100037E+01
 0.000000E+00   0.000000E+00   0.000000E+00   0.000000E+00   0.000000E+00   0.000000E+00   0.000000E+00   0.000000E+00   0.000000E+00   0.000000E+00   0.154567E+01   0.150426E+01   0.146634E+01   0.143159E+01   0.139972E+01   0.143625E+01   0.140477E+01   0.137372E+01   0.134511E+01   0.131906E+01   0.129013E+01   0.127347E+01   0.125246E+01   0.123179E+01   0.121484E+01   0.119531E+01   0.118293E+01   0.116488E+01   0.115545E+01   0.114377E+01   0.113201E+01   0.112244E+01   0.111199E+01   0.110441E+01   0.109533E+01   0.108919E+01   0.108141E+01   0.107633E+01   0.106973E+01   0.106541E+01   0.106000E+01   0.105624E+01   0.105187E+01   0.104726E+01   0.104492E+01   0.104119E+01   0.103897E+01   0.103604E+01   0.103318E+01   0.103152E+01   0.102923E+01   0.102707E+01   0.102511E+01   0.102395E+01   0.102233E+01   0.102083E+01   0.101948E+01   0.101824E+01   0.101710E+01   0.101606E+01   0.101512E+01   0.101403E+01   0.101326E+01   0.101238E+01   0.101172E+01   0.101100E+01   0.101036E+01   0.100970E+01   0.100918E+01   0.100861E+01   0.100813E+01   0.100790E+01   0.100758E+01   0.100717E+01   0.100676E+01   0.100638E+01   0.100603E+01   0.100569E+01   0.100538E+01   0.100509E+01   0.100482E+01   0.100456E+01   0.100434E+01   0.100394E+01   0.100375E+01   0.100351E+01   0.100331E+01   0.100311E+01   0.100294E+01   0.100277E+01   0.100262E+01   0.100248E+01   0.100238E+01   0.100227E+01   0.100216E+01   0.100205E+01   0.100194E+01   0.100184E+01   0.100175E+01   0.100166E+01   0.100157E+01   0.100149E+01   0.100141E+01   0.100134E+01   0.100127E+01   0.100121E+01   0.100114E+01   0.100108E+01   0.100103E+01   0.100098E+01   0.100093E+01   0.100088E+01   0.100083E+01   0.100079E+01   0.100075E+01   0.100071E+01   0.100068E+01   0.100064E+01   0.100061E+01   0.100058E+01   0.100055E+01   0.100052E+01   0.100049E+01   0.100047E+01   0.100044E+01   0.100042E+01   0.100040E+01   0.100037E+01
 0.000000E+00   0.000000E+00   0.000000E+00   0.000000E+00   0.000000E+00   0.000000E+00   0.000000E+00   0.000000E+00   0.000000E+00   0.000000E+00   0.154567E+01   0.150426E+01   0.146634E+01   0.143159E+01   0.139972E+01   0.143625E+01   0.140477E+01   0.137372E+01   0.134511E+01   0.131906E+01   0.129013E+01   0.127347E+01   0.125246E+01   0.123179E+01   0.121484E+01   0.119531E+01   0.118293E+01   0.116488E+01   0.115545E+01   0.114377E+01   0.113201E+01   0.112244E+01   0.111199E+01   0.110441E+01   0.109533E+01   0.108919E+01   0.108141E+01   0.107633E+01   0.106973E+01   0.106541E+01   0.106000E+01   0.105624E+01   0.105187E+01   0.104726E+01   0.104492E+01   0.104119E+01   0.103897E+01   0.103604E+01   0.103318E+01   0.103152E+01   0.102923E+01   0.102707E+01   0.102511E+01   0.102395E+01   0.102233E+01   0.102083E+01   0.101948E+01   0.101824E+01   0.101710E+01   0.101606E+01   0.101512E+01   0.101403E+01   0.101326E+01   0.101238E+01   0.101172E+01   0.101100E+01   0.101036E+01   0.100970E+01   0.100918E+01   0.100861E+01   0.100813E+01   0.100792E+01   0.100760E+01   0.100718E+01   0.100677E+01   0.100639E+01   0.100603E+01   0.100570E+01   0.100539E+01   0.100509E+01   0.100482E+01   0.100457E+01   0.100435E+01   0.100394E+01   0.100375E+01   0.100351E+01   0.100331E+01   0.100311E+01   0.100294E+01   0.100277E+01   0.100262E+01   0.100248E+01   0.100238E+01   0.100227E+01   0.100216E+01   0.100205E+01   0.100194E+01   0.100184E+01   0.100175E+01   0.100166E+01   0.100157E+01   0.100149E+01   0.100141E+01   0.100134E+01   0.100127E+01   0.100121E+01   0.100114E+01   0.100108E+01   0.100103E+01   0.100098E+01   0.100093E+01   0.100088E+01   0.100083E+01   0.100079E+01   0.100075E+01   0.100071E+01   0.100068E+01   0.100064E+01   0.100061E+01   0.100058E+01   0.100055E+01   0.100052E+01   0.100049E+01   0.100047E+01   0.100044E+01   0.100042E+01   0.100040E+01   0.100037E+01
 0.000000E+00   0.000000E+00   0.000000E+00   0.000000E+00   0.000000E+00   0.000000E+00   0.000000E+00   0.000000E+00   0.000000E+00   0.000000E+00   0.154567E+01   0.150426E+01   0.146634E+01   0.143159E+01   0.139972E+01   0.143625E+01   0.140477E+01   0.137372E+01   0.134511E+01   0.131906E+01   0.129013E+01   0.127347E+01   0.125246E+01   0.123179E+01   0.121484E+01   0.119531E+01   0.118293E+01   0.116488E+01   0.115545E+01   0.114377E+01   0.113201E+01   0.112244E+01   0.111199E+01   0.110441E+01   0.109533E+01   0.108919E+01   0.108141E+01   0.107633E+01   0.106973E+01   0.106541E+01   0.106000E+01   0.105624E+01   0.105187E+01   0.104726E+01   0.104492E+01   0.104119E+01   0.103897E+01   0.103604E+01   0.103318E+01   0.103152E+01   0.102923E+01   0.102707E+01   0.102511E+01   0.102395E+01   0.102233E+01   0.102083E+01   0.101948E+01   0.101824E+01   0.101710E+01   0.101606E+01   0.101512E+01   0.101403E+01   0.101326E+01   0.101238E+01   0.101172E+01   0.101100E+01   0.101036E+01   0.100970E+01   0.100918E+01   0.100861E+01   0.100813E+01   0.100794E+01   0.100761E+01   0.100719E+01   0.100678E+01   0.100640E+01   0.100604E+01   0.100570E+01   0.100539E+01   0.100510E+01   0.100483E+01   0.100457E+01   0.100435E+01   0.100394E+01   0.100375E+01   0.100351E+01   0.100331E+01   0.100311E+01   0.100294E+01   0.100277E+01   0.100262E+01   0.100248E+01   0.100238E+01   0.100227E+01   0.100216E+01   0.100205E+01   0.100194E+01   0.100184E+01   0.100175E+01   0.100166E+01   0.100157E+01   0.100149E+01   0.100141E+01   0.100134E+01   0.100127E+01   0.100121E+01   0.100114E+01   0.100108E+01   0.100103E+01   0.100098E+01   0.100093E+01   0.100088E+01   0.100083E+01   0.100079E+01   0.100075E+01   0.100071E+01   0.100068E+01   0.100064E+01   0.100061E+01   0.100058E+01   0.100055E+01   0.100052E+01   0.100049E+01   0.100047E+01   0.100044E+01   0.100042E+01   0.100040E+01   0.100037E+01
 0.000000E+00   0.000000E+00   0.000000E+00   0.000000E+00   0.000000E+00   0.000000E+00   0.000000E+00   0.000000E+00   0.000000E+00   0.000000E+00   0.154567E+01   0.150426E+01   0.146634E+01   0.143159E+01   0.139972E+01   0.143625E+01   0.140477E+01   0.137372E+01   0.134511E+01   0.131906E+01   0.129013E+01   0.127347E+01   0.125246E+01   0.123179E+01   0.121484E+01   0.119531E+01   0.118293E+01   0.116488E+01   0.115545E+01   0.114377E+01   0.113201E+01   0.112244E+01   0.111199E+01   0.110441E+01   0.109533E+01   0.108919E+01   0.108141E+01   0.107633E+01   0.106973E+01   0.106541E+01   0.106000E+01   0.105624E+01   0.105187E+01   0.104726E+01   0.104492E+01   0.104119E+01   0.103897E+01   0.103604E+01   0.103318E+01   0.103152E+01   0.102923E+01   0.102707E+01   0.102511E+01   0.102395E+01   0.102233E+01   0.102083E+01   0.101948E+01   0.101824E+01   0.101710E+01   0.101606E+01   0.101512E+01   0.101403E+01   0.101326E+01   0.101238E+01   0.101172E+01   0.101100E+01   0.101036E+01   0.100970E+01   0.100918E+01   0.100861E+01   0.100813E+01   0.100796E+01   0.100762E+01   0.100720E+01   0.100679E+01   0.100640E+01   0.100605E+01   0.100571E+01   0.100539E+01   0.100510E+01   0.100483E+01   0.100457E+01   0.100436E+01   0.100394E+01   0.100375E+01   0.100351E+01   0.100331E+01   0.100311E+01   0.100294E+01   0.100277E+01   0.100262E+01   0.100248E+01   0.100238E+01   0.100228E+01   0.100216E+01   0.100205E+01   0.100194E+01   0.100184E+01   0.100175E+01   0.100166E+01   0.100157E+01   0.100149E+01   0.100141E+01   0.100134E+01   0.100127E+01   0.100121E+01   0.100114E+01   0.100108E+01   0.100103E+01   0.100098E+01   0.100093E+01   0.100088E+01   0.100083E+01   0.100079E+01   0.100075E+01   0.100071E+01   0.100068E+01   0.100064E+01   0.100061E+01   0.100058E+01   0.100055E+01   0.100052E+01   0.100049E+01   0.100047E+01   0.100044E+01   0.100042E+01   0.100040E+01   0.100037E+01
 0.000000E+00   0.000000E+00   0.000000E+00   0.000000E+00   0.000000E+00   0.000000E+00   0.000000E+00   0.000000E+00   0.000000E+00   0.000000E+00   0.154567E+01   0.150426E+01   0.146634E+01   0.143159E+01   0.139972E+01   0.143625E+01   0.140477E+01   0.137372E+01   0.134511E+01   0.131906E+01   0.129013E+01   0.127347E+01   0.125246E+01   0.123179E+01   0.121484E+01   0.119531E+01   0.118293E+01   0.116488E+01   0.115545E+01   0.114377E+01   0.113201E+01   0.112244E+01   0.111199E+01   0.110441E+01   0.109533E+01   0.108919E+01   0.108141E+01   0.107633E+01   0.106973E+01   0.106541E+01   0.106000E+01   0.105624E+01   0.105187E+01   0.104726E+01   0.104492E+01   0.104119E+01   0.103897E+01   0.103604E+01   0.103318E+01   0.103152E+01   0.102923E+01   0.102707E+01   0.102511E+01   0.102395E+01   0.102233E+01   0.102083E+01   0.101948E+01   0.101824E+01   0.101710E+01   0.101606E+01   0.101512E+01   0.101403E+01   0.101326E+01   0.101238E+01   0.101172E+01   0.101100E+01   0.101036E+01   0.100970E+01   0.100918E+01   0.100861E+01   0.100813E+01   0.100798E+01   0.100763E+01   0.100721E+01   0.100680E+01   0.100641E+01   0.100605E+01   0.100571E+01   0.100540E+01   0.100511E+01   0.100483E+01   0.100458E+01   0.100436E+01   0.100394E+01   0.100375E+01   0.100351E+01   0.100331E+01   0.100311E+01   0.100294E+01   0.100277E+01   0.100262E+01   0.100248E+01   0.100238E+01   0.100228E+01   0.100216E+01   0.100205E+01   0.100194E+01   0.100184E+01   0.100175E+01   0.100166E+01   0.100157E+01   0.100149E+01   0.100141E+01   0.100134E+01   0.100127E+01   0.100121E+01   0.100114E+01   0.100108E+01   0.100103E+01   0.100098E+01   0.100093E+01   0.100088E+01   0.100083E+01   0.100079E+01   0.100075E+01   0.100071E+01   0.100068E+01   0.100064E+01   0.100061E+01   0.100058E+01   0.100055E+01   0.100052E+01   0.100049E+01   0.100047E+01   0.100044E+01   0.100042E+01   0.100040E+01   0.100037E+01
 0.000000E+00   0.000000E+00   0.000000E+00   0.000000E+00   0.000000E+00   0.000000E+00   0.000000E+00   0.000000E+00   0.000000E+00   0.000000E+00   0.154567E+01   0.150426E+01   0.146634E+01   0.143159E+01   0.139972E+01   0.143625E+01   0.140477E+01   0.137372E+01   0.134511E+01   0.131906E+01   0.129013E+01   0.127347E+01   0.125246E+01   0.123179E+01   0.121484E+01   0.119531E+01   0.118293E+01   0.116488E+01   0.115545E+01   0.114377E+01   0.113201E+01   0.112244E+01   0.111199E+01   0.110441E+01   0.109533E+01   0.108919E+01   0.108141E+01   0.107633E+01   0.106973E+01   0.106541E+01   0.106000E+01   0.105624E+01   0.105187E+01   0.104726E+01   0.104492E+01   0.104119E+01   0.103897E+01   0.103604E+01   0.103318E+01   0.103152E+01   0.102923E+01   0.102707E+01   0.102511E+01   0.102395E+01   0.102233E+01   0.102083E+01   0.101948E+01   0.101824E+01   0.101710E+01   0.101606E+01   0.101512E+01   0.101403E+01   0.101326E+01   0.101238E+01   0.101172E+01   0.101100E+01   0.101036E+01   0.100970E+01   0.100918E+01   0.100861E+01   0.100813E+01   0.100801E+01   0.100765E+01   0.100721E+01   0.100680E+01   0.100642E+01   0.100606E+01   0.100572E+01   0.100540E+01   0.100511E+01   0.100484E+01   0.100458E+01   0.100436E+01   0.100394E+01   0.100375E+01   0.100351E+01   0.100331E+01   0.100311E+01   0.100294E+01   0.100277E+01   0.100262E+01   0.100248E+01   0.100238E+01   0.100228E+01   0.100216E+01   0.100205E+01   0.100194E+01   0.100184E+01   0.100175E+01   0.100166E+01   0.100157E+01   0.100149E+01   0.100141E+01   0.100134E+01   0.100127E+01   0.100121E+01   0.100114E+01   0.100108E+01   0.100103E+01   0.100098E+01   0.100093E+01   0.100088E+01   0.100083E+01   0.100079E+01   0.100075E+01   0.100071E+01   0.100068E+01   0.100064E+01   0.100061E+01   0.100058E+01   0.100055E+01   0.100052E+01   0.100049E+01   0.100047E+01   0.100044E+01   0.100042E+01   0.100040E+01   0.100037E+01
 0.000000E+00   0.000000E+00   0.000000E+00   0.000000E+00   0.000000E+00   0.000000E+00   0.000000E+00   0.000000E+00   0.000000E+00   0.000000E+00   0.154567E+01   0.150426E+01   0.146634E+01   0.143159E+01   0.139972E+01   0.143625E+01   0.140477E+01   0.137372E+01   0.134511E+01   0.131906E+01   0.129013E+01   0.127347E+01   0.125246E+01   0.123179E+01   0.121484E+01   0.119531E+01   0.118293E+01   0.116488E+01   0.115545E+01   0.114377E+01   0.113201E+01   0.112244E+01   0.111199E+01   0.110441E+01   0.109533E+01   0.108919E+01   0.108141E+01   0.107633E+01   0.106973E+01   0.106541E+01   0.106000E+01   0.105624E+01   0.105187E+01   0.104726E+01   0.104492E+01   0.104119E+01   0.103897E+01   0.103604E+01   0.103318E+01   0.103152E+01   0.102923E+01   0.102707E+01   0.102511E+01   0.102395E+01   0.102233E+01   0.102083E+01   0.101948E+01   0.101824E+01   0.101710E+01   0.101606E+01   0.101512E+01   0.101403E+01   0.101326E+01   0.101238E+01   0.101172E+01   0.101100E+01   0.101036E+01   0.100970E+01   0.100918E+01   0.100861E+01   0.100813E+01   0.100803E+01   0.100766E+01   0.100722E+01   0.100681E+01   0.100643E+01   0.100606E+01   0.100573E+01   0.100541E+01   0.100512E+01   0.100484E+01   0.100458E+01   0.100437E+01   0.100394E+01   0.100375E+01   0.100351E+01   0.100331E+01   0.100311E+01   0.100294E+01   0.100277E+01   0.100262E+01   0.100248E+01   0.100238E+01   0.100228E+01   0.100216E+01   0.100205E+01   0.100194E+01   0.100184E+01   0.100175E+01   0.100166E+01   0.100157E+01   0.100149E+01   0.100141E+01   0.100134E+01   0.100127E+01   0.100121E+01   0.100114E+01   0.100108E+01   0.100103E+01   0.100098E+01   0.100093E+01   0.100088E+01   0.100083E+01   0.100079E+01   0.100075E+01   0.100071E+01   0.100068E+01   0.100064E+01   0.100061E+01   0.100058E+01   0.100055E+01   0.100052E+01   0.100049E+01   0.100047E+01   0.100044E+01   0.100042E+01   0.100040E+01   0.100037E+01
 0.000000E+00   0.000000E+00   0.000000E+00   0.000000E+00   0.000000E+00   0.000000E+00   0.000000E+00   0.000000E+00   0.000000E+00   0.000000E+00   0.154567E+01   0.150426E+01   0.146634E+01   0.143159E+01   0.139972E+01   0.143625E+01   0.140477E+01   0.137372E+01   0.134511E+01   0.131906E+01   0.129013E+01   0.127347E+01   0.125246E+01   0.123179E+01   0.121484E+01   0.119531E+01   0.118293E+01   0.116488E+01   0.115545E+01   0.114377E+01   0.113201E+01   0.112244E+01   0.111199E+01   0.110441E+01   0.109533E+01   0.108919E+01   0.108141E+01   0.107633E+01   0.106973E+01   0.106541E+01   0.106000E+01   0.105624E+01   0.105187E+01   0.104726E+01   0.104492E+01   0.104119E+01   0.103897E+01   0.103604E+01   0.103318E+01   0.103152E+01   0.102923E+01   0.102707E+01   0.102511E+01   0.102395E+01   0.102233E+01   0.102083E+01   0.101948E+01   0.101824E+01   0.101710E+01   0.101606E+01   0.101512E+01   0.101403E+01   0.101326E+01   0.101238E+01   0.101172E+01   0.101100E+01   0.101036E+01   0.100970E+01   0.100918E+01   0.100861E+01   0.100813E+01   0.100805E+01   0.100767E+01   0.100723E+01   0.100682E+01   0.100643E+01   0.100607E+01   0.100573E+01   0.100541E+01   0.100512E+01   0.100485E+01   0.100459E+01   0.100437E+01   0.100394E+01   0.100375E+01   0.100351E+01   0.100331E+01   0.100311E+01   0.100294E+01   0.100277E+01   0.100262E+01   0.100248E+01   0.100238E+01   0.100228E+01   0.100216E+01   0.100205E+01   0.100194E+01   0.100184E+01   0.100175E+01   0.100166E+01   0.100157E+01   0.100149E+01   0.100141E+01   0.100134E+01   0.100127E+01   0.100121E+01   0.100114E+01   0.100108E+01   0.100103E+01   0.100098E+01   0.100093E+01   0.100088E+01   0.100083E+01   0.100079E+01   0.100075E+01   0.100071E+01   0.100068E+01   0.100064E+01   0.100061E+01   0.100058E+01   0.100055E+01   0.100052E+01   0.100049E+01   0.100047E+01   0.100044E+01   0.100042E+01   0.100040E+01   0.100037E+01
 0.000000E+00   0.000000E+00   0.000000E+00   0.000000E+00   0.000000E+00   0.000000E+00   0.000000E+00   0.000000E+00   0.000000E+00   0.000000E+00   0.154567E+01   0.150426E+01   0.146634E+01   0.143159E+01   0.139972E+01   0.143625E+01   0.140477E+01   0.137372E+01   0.134511E+01   0.131906E+01   0.129013E+01   0.127347E+01   0.125246E+01   0.123179E+01   0.121484E+01   0.119531E+01   0.118293E+01   0.116488E+01   0.115545E+01   0.114377E+01   0.113201E+01   0.112244E+01   0.111199E+01   0.110441E+01   0.109533E+01   0.108919E+01   0.108141E+01   0.107633E+01   0.106973E+01   0.106541E+01   0.106000E+01   0.105624E+01   0.105187E+01   0.104726E+01   0.104492E+01   0.104119E+01   0.103897E+01   0.103604E+01   0.103318E+01   0.103152E+01   0.102923E+01   0.102707E+01   0.102511E+01   0.102395E+01   0.102233E+01   0.102083E+01   0.101948E+01   0.101824E+01   0.101710E+01   0.101606E+01   0.101512E+01   0.101403E+01   0.101326E+01   0.101238E+01   0.101172E+01   0.101100E+01   0.101036E+01   0.100970E+01   0.100918E+01   0.100861E+01   0.100813E+01   0.100807E+01   0.100768E+01   0.100724E+01   0.100683E+01   0.100644E+01   0.100608E+01   0.100574E+01   0.100542E+01   0.100512E+01   0.100485E+01   0.100459E+01   0.100437E+01   0.100394E+01   0.100375E+01   0.100351E+01   0.100331E+01   0.100311E+01   0.100294E+01   0.100277E+01   0.100262E+01   0.100248E+01   0.100239E+01   0.100228E+01   0.100216E+01   0.100205E+01   0.100194E+01   0.100184E+01   0.100175E+01   0.100166E+01   0.100157E+01   0.100149E+01   0.100141E+01   0.100134E+01   0.100127E+01   0.100121E+01   0.100114E+01   0.100109E+01   0.100103E+01   0.100098E+01   0.100093E+01   0.100088E+01   0.100083E+01   0.100079E+01   0.100075E+01   0.100071E+01   0.100068E+01   0.100064E+01   0.100061E+01   0.100058E+01   0.100055E+01   0.100052E+01   0.100049E+01   0.100047E+01   0.100044E+01   0.100042E+01   0.100040E+01   0.100037E+01
 0.000000E+00   0.000000E+00   0.000000E+00   0.000000E+00   0.000000E+00   0.000000E+00   0.000000E+00   0.000000E+00   0.000000E+00   0.000000E+00   0.154567E+01   0.150426E+01   0.146634E+01   0.143159E+01   0.139972E+01   0.143625E+01   0.140477E+01   0.137372E+01   0.134511E+01   0.131906E+01   0.129013E+01   0.127347E+01   0.125246E+01   0.123179E+01   0.121484E+01   0.119531E+01   0.118293E+01   0.116488E+01   0.115545E+01   0.114377E+01   0.113201E+01   0.112244E+01   0.111199E+01   0.110441E+01   0.109533E+01   0.108919E+01   0.108141E+01   0.107633E+01   0.106973E+01   0.106541E+01   0.106000E+01   0.105624E+01   0.105187E+01   0.104726E+01   0.104492E+01   0.104119E+01   0.103897E+01   0.103604E+01   0.103318E+01   0.103152E+01   0.102923E+01   0.102707E+01   0.102511E+01   0.102395E+01   0.102233E+01   0.102083E+01   0.101948E+01   0.101824E+01   0.101710E+01   0.101606E+01   0.101512E+01   0.101403E+01   0.101326E+01   0.101238E+01   0.101172E+01   0.101100E+01   0.101036E+01   0.100970E+01   0.100918E+01   0.100861E+01   0.100813E+01   0.100809E+01   0.100769E+01   0.100725E+01   0.100684E+01   0.100645E+01   0.100608E+01   0.100574E+01   0.100542E+01   0.100513E+01   0.100485E+01   0.100460E+01   0.100438E+01   0.100394E+01   0.100375E+01   0.100351E+01   0.100331E+01   0.100311E+01   0.100294E+01   0.100277E+01   0.100262E+01   0.100248E+01   0.100239E+01   0.100228E+01   0.100216E+01   0.100205E+01   0.100194E+01   0.100184E+01   0.100175E+01   0.100166E+01   0.100157E+01   0.100149E+01   0.100141E+01   0.100134E+01   0.100127E+01   0.100121E+01   0.100114E+01   0.100109E+01   0.100103E+01   0.100098E+01   0.100093E+01   0.100088E+01   0.100083E+01   0.100079E+01   0.100075E+01   0.100071E+01   0.100068E+01   0.100064E+01   0.100061E+01   0.100058E+01   0.100055E+01   0.100052E+01   0.100049E+01   0.100047E+01   0.100044E+01   0.100042E+01   0.100040E+01   0.100037E+01
 0.000000E+00   0.000000E+00   0.000000E+00   0.000000E+00   0.000000E+00   0.000000E+00   0.000000E+00   0.000000E+00   0.000000E+00   0.000000E+00   0.154567E+01   0.150426E+01   0.146634E+01   0.143159E+01   0.139972E+01   0.143625E+01   0.140477E+01   0.137372E+01   0.134511E+01   0.131906E+01   0.129013E+01   0.127347E+01   0.125246E+01   0.123179E+01   0.121484E+01   0.119531E+01   0.118293E+01   0.116488E+01   0.115545E+01   0.114377E+01   0.113201E+01   0.112244E+01   0.111199E+01   0.110441E+01   0.109533E+01   0.108919E+01   0.108141E+01   0.107633E+01   0.106973E+01   0.106541E+01   0.106000E+01   0.105624E+01   0.105187E+01   0.104726E+01   0.104492E+01   0.104119E+01   0.103897E+01   0.103604E+01   0.103318E+01   0.103152E+01   0.102923E+01   0.102707E+01   0.102511E+01   0.102395E+01   0.102233E+01   0.102083E+01   0.101948E+01   0.101824E+01   0.101710E+01   0.101606E+01   0.101512E+01   0.101403E+01   0.101326E+01   0.101238E+01   0.101172E+01   0.101100E+01   0.101036E+01   0.100970E+01   0.100918E+01   0.100861E+01   0.100813E+01   0.100811E+01   0.100770E+01   0.100726E+01   0.100684E+01   0.100645E+01   0.100609E+01   0.100575E+01   0.100543E+01   0.100513E+01   0.100486E+01   0.100460E+01   0.100438E+01   0.100394E+01   0.100375E+01   0.100351E+01   0.100331E+01   0.100311E+01   0.100294E+01   0.100277E+01   0.100262E+01   0.100248E+01   0.100239E+01   0.100228E+01   0.100216E+01   0.100205E+01   0.100195E+01   0.100184E+01   0.100175E+01   0.100166E+01   0.100157E+01   0.100149E+01   0.100141E+01   0.100134E+01   0.100127E+01   0.100121E+01   0.100114E+01   0.100109E+01   0.100103E+01   0.100098E+01   0.100093E+01   0.100088E+01   0.100083E+01   0.100079E+01   0.100075E+01   0.100071E+01   0.100068E+01   0.100064E+01   0.100061E+01   0.100058E+01   0.100055E+01   0.100052E+01   0.100049E+01   0.100047E+01   0.100044E+01   0.100042E+01   0.100040E+01   0.100037E+01
 0.000000E+00   0.000000E+00   0.000000E+00   0.000000E+00   0.000000E+00   0.000000E+00   0.000000E+00   0.000000E+00   0.000000E+00   0.000000E+00   0.154567E+01   0.150426E+01   0.146634E+01   0.143159E+01   0.139972E+01   0.143625E+01   0.140477E+01   0.137372E+01   0.134511E+01   0.131906E+01   0.129013E+01   0.127347E+01   0.125246E+01   0.123179E+01   0.121484E+01   0.119531E+01   0.118293E+01   0.116488E+01   0.115545E+01   0.114377E+01   0.113201E+01   0.112244E+01   0.111199E+01   0.110441E+01   0.109533E+01   0.108919E+01   0.108141E+01   0.107633E+01   0.106973E+01   0.106541E+01   0.106000E+01   0.105624E+01   0.105187E+01   0.104726E+01   0.104492E+01   0.104119E+01   0.103897E+01   0.103604E+01   0.103318E+01   0.103152E+01   0.102923E+01   0.102707E+01   0.102511E+01   0.102395E+01   0.102233E+01   0.102083E+01   0.101948E+01   0.101824E+01   0.101710E+01   0.101606E+01   0.101512E+01   0.101403E+01   0.101326E+01   0.101238E+01   0.101172E+01   0.101100E+01   0.101036E+01   0.100970E+01   0.100918E+01   0.100861E+01   0.100813E+01   0.100813E+01   0.100771E+01   0.100727E+01   0.100685E+01   0.100646E+01   0.100610E+01   0.100575E+01   0.100543E+01   0.100514E+01   0.100486E+01   0.100460E+01   0.100438E+01   0.100394E+01   0.100375E+01   0.100351E+01   0.100331E+01   0.100311E+01   0.100294E+01   0.100277E+01   0.100262E+01   0.100248E+01   0.100239E+01   0.100228E+01   0.100216E+01   0.100205E+01   0.100195E+01   0.100184E+01   0.100175E+01   0.100166E+01   0.100157E+01   0.100149E+01   0.100141E+01   0.100134E+01   0.100127E+01   0.100121E+01   0.100114E+01   0.100109E+01   0.100103E+01   0.100098E+01   0.100093E+01   0.100088E+01   0.100083E+01   0.100079E+01   0.100075E+01   0.100071E+01   0.100068E+01   0.100064E+01   0.100061E+01   0.100058E+01   0.100055E+01   0.100052E+01   0.100049E+01   0.100047E+01   0.100044E+01   0.100042E+01   0.100040E+01   0.100037E+01
 0.000000E+00   0.000000E+00   0.000000E+00   0.000000E+00   0.000000E+00   0.000000E+00   0.000000E+00   0.000000E+00   0.000000E+00   0.000000E+00   0.154567E+01   0.150426E+01   0.146634E+01   0.143159E+01   0.139972E+01   0.143625E+01   0.140477E+01   0.137372E+01   0.134511E+01   0.131906E+01   0.129013E+01   0.127347E+01   0.125246E+01   0.123179E+01   0.121484E+01   0.119531E+01   0.118293E+01   0.116488E+01   0.115545E+01   0.114377E+01   0.113201E+01   0.112244E+01   0.111199E+01   0.110441E+01   0.109533E+01   0.108919E+01   0.108141E+01   0.107633E+01   0.106973E+01   0.106541E+01   0.106000E+01   0.105624E+01   0.105187E+01   0.104726E+01   0.104492E+01   0.104119E+01   0.103897E+01   0.103604E+01   0.103318E+01   0.103152E+01   0.102923E+01   0.102707E+01   0.102511E+01   0.102395E+01   0.102233E+01   0.102083E+01   0.101948E+01   0.101824E+01   0.101710E+01   0.101606E+01   0.101512E+01   0.101403E+01   0.101326E+01   0.101238E+01   0.101172E+01   0.101100E+01   0.101036E+01   0.100970E+01   0.100918E+01   0.100861E+01   0.100813E+01   0.100816E+01   0.100772E+01   0.100728E+01   0.100686E+01   0.100647E+01   0.100610E+01   0.100576E+01   0.100544E+01   0.100514E+01   0.100487E+01   0.100461E+01   0.100439E+01   0.100394E+01   0.100375E+01   0.100351E+01   0.100331E+01   0.100311E+01   0.100294E+01   0.100277E+01   0.100262E+01   0.100248E+01   0.100239E+01   0.100228E+01   0.100216E+01   0.100205E+01   0.100195E+01   0.100184E+01   0.100175E+01   0.100166E+01   0.100157E+01   0.100149E+01   0.100141E+01   0.100134E+01   0.100127E+01   0.100121E+01   0.100114E+01   0.100109E+01   0.100103E+01   0.100098E+01   0.100093E+01   0.100088E+01   0.100083E+01   0.100079E+01   0.100075E+01   0.100071E+01   0.100068E+01   0.100064E+01   0.100061E+01   0.100058E+01   0.100055E+01   0.100052E+01   0.100049E+01   0.100047E+01   0.100044E+01   0.100042E+01   0.100040E+01   0.100037E+01
 0.000000E+00   0.000000E+00   0.000000E+00   0.000000E+00   0.000000E+00   0.000000E+00   0.000000E+00   0.000000E+00   0.000000E+00   0.000000E+00   0.154567E+01   0.150426E+01   0.146634E+01   0.143159E+01   0.139972E+01   0.143625E+01   0.140477E+01   0.137372E+01   0.134511E+01   0.131906E+01   0.129013E+01   0.127347E+01   0.125246E+01   0.123179E+01   0.121484E+01   0.119531E+01   0.118293E+01   0.116488E+01   0.115545E+01   0.114377E+01   0.113201E+01   0.112244E+01   0.111199E+01   0.110441E+01   0.109533E+01   0.108919E+01   0.108141E+01   0.107633E+01   0.106973E+01   0.106541E+01   0.106000E+01   0.105624E+01   0.105187E+01   0.104726E+01   0.104492E+01   0.104119E+01   0.103897E+01   0.103604E+01   0.103318E+01   0.103152E+01   0.102923E+01   0.102707E+01   0.102511E+01   0.102395E+01   0.102233E+01   0.102083E+01   0.101948E+01   0.101824E+01   0.101710E+01   0.101606E+01   0.101512E+01   0.101403E+01   0.101326E+01   0.101238E+01   0.101172E+01   0.101100E+01   0.101036E+01   0.100970E+01   0.100918E+01   0.100861E+01   0.100851E+01   0.100818E+01   0.100774E+01   0.100729E+01   0.100687E+01   0.100648E+01   0.100611E+01   0.100576E+01   0.100544E+01   0.100515E+01   0.100487E+01   0.100461E+01   0.100439E+01   0.100394E+01   0.100375E+01   0.100351E+01   0.100331E+01   0.100311E+01   0.100294E+01   0.100277E+01   0.100262E+01   0.100248E+01   0.100239E+01   0.100228E+01   0.100216E+01   0.100205E+01   0.100195E+01   0.100185E+01   0.100175E+01   0.100166E+01   0.100157E+01   0.100149E+01   0.100141E+01   0.100134E+01   0.100127E+01   0.100121E+01   0.100114E+01   0.100109E+01   0.100103E+01   0.100098E+01   0.100093E+01   0.100088E+01   0.100083E+01   0.100079E+01   0.100075E+01   0.100071E+01   0.100068E+01   0.100064E+01   0.100061E+01   0.100058E+01   0.100055E+01   0.100052E+01   0.100049E+01   0.100047E+01   0.100044E+01   0.100042E+01   0.100040E+01   0.100037E+01
 0.000000E+00   0.000000E+00   0.000000E+00   0.000000E+00   0.000000E+00   0.000000E+00   0.000000E+00   0.000000E+00   0.000000E+00   0.000000E+00   0.154567E+01   0.150426E+01   0.146634E+01   0.143159E+01   0.139972E+01   0.143625E+01   0.140477E+01   0.137372E+01   0.134511E+01   0.131906E+01   0.129013E+01   0.127347E+01   0.125246E+01   0.123179E+01   0.121484E+01   0.119531E+01   0.118293E+01   0.116488E+01   0.115545E+01   0.114377E+01   0.113201E+01   0.112244E+01   0.111199E+01   0.110441E+01   0.109533E+01   0.108919E+01   0.108141E+01   0.107633E+01   0.106973E+01   0.106541E+01   0.106000E+01   0.105624E+01   0.105187E+01   0.104726E+01   0.104492E+01   0.104119E+01   0.103897E+01   0.103604E+01   0.103318E+01   0.103152E+01   0.102923E+01   0.102707E+01   0.102511E+01   0.102395E+01   0.102233E+01   0.102083E+01   0.101948E+01   0.101824E+01   0.101710E+01   0.101606E+01   0.101512E+01   0.101403E+01   0.101326E+01   0.101238E+01   0.101172E+01   0.101100E+01   0.101036E+01   0.100970E+01   0.100918E+01   0.100861E+01   0.100854E+01   0.100820E+01   0.100775E+01   0.100730E+01   0.100688E+01   0.100648E+01   0.100611E+01   0.100577E+01   0.100545E+01   0.100515E+01   0.100487E+01   0.100462E+01   0.100440E+01   0.100394E+01   0.100375E+01   0.100351E+01   0.100331E+01   0.100311E+01   0.100294E+01   0.100277E+01   0.100262E+01   0.100248E+01   0.100239E+01   0.100228E+01   0.100216E+01   0.100205E+01   0.100195E+01   0.100185E+01   0.100175E+01   0.100166E+01   0.100157E+01   0.100149E+01   0.100141E+01   0.100134E+01   0.100127E+01   0.100121E+01   0.100114E+01   0.100109E+01   0.100103E+01   0.100098E+01   0.100093E+01   0.100088E+01   0.100083E+01   0.100079E+01   0.100075E+01   0.100071E+01   0.100068E+01   0.100064E+01   0.100061E+01   0.100058E+01   0.100055E+01   0.100052E+01   0.100049E+01   0.100047E+01   0.100044E+01   0.100042E+01   0.100040E+01   0.100037E+01
 0.000000E+00   0.000000E+00   0.000000E+00   0.000000E+00   0.000000E+00   0.000000E+00   0.000000E+00   0.000000E+00   0.000000E+00   0.000000E+00   0.154567E+01   0.150426E+01   0.146634E+01   0.143159E+01   0.139972E+01   0.143625E+01   0.140477E+01   0.137372E+01   0.134511E+01   0.131906E+01   0.129013E+01   0.127347E+01   0.125246E+01   0.123179E+01   0.121484E+01   0.119531E+01   0.118293E+01   0.116488E+01   0.115545E+01   0.114377E+01   0.113201E+01   0.112244E+01   0.111199E+01   0.110441E+01   0.109533E+01   0.108919E+01   0.108141E+01   0.107633E+01   0.106973E+01   0.106541E+01   0.106000E+01   0.105624E+01   0.105187E+01   0.104726E+01   0.104492E+01   0.104119E+01   0.103897E+01   0.103604E+01   0.103318E+01   0.103152E+01   0.102923E+01   0.102707E+01   0.102511E+01   0.102395E+01   0.102233E+01   0.102083E+01   0.101948E+01   0.101824E+01   0.101710E+01   0.101606E+01   0.101512E+01   0.101403E+01   0.101326E+01   0.101238E+01   0.101172E+01   0.101100E+01   0.101036E+01   0.100970E+01   0.100918E+01   0.100861E+01   0.100857E+01   0.100821E+01   0.100776E+01   0.100731E+01   0.100689E+01   0.100649E+01   0.100612E+01   0.100577E+01   0.100545E+01   0.100515E+01   0.100488E+01   0.100462E+01   0.100440E+01   0.100394E+01   0.100375E+01   0.100351E+01   0.100331E+01   0.100311E+01   0.100294E+01   0.100277E+01   0.100262E+01   0.100248E+01   0.100239E+01   0.100228E+01   0.100217E+01   0.100205E+01   0.100195E+01   0.100185E+01   0.100175E+01   0.100166E+01   0.100157E+01   0.100149E+01   0.100141E+01   0.100134E+01   0.100127E+01   0.100121E+01   0.100114E+01   0.100109E+01   0.100103E+01   0.100098E+01   0.100093E+01   0.100088E+01   0.100083E+01   0.100079E+01   0.100075E+01   0.100071E+01   0.100068E+01   0.100064E+01   0.100061E+01   0.100058E+01   0.100055E+01   0.100052E+01   0.100049E+01   0.100047E+01   0.100044E+01   0.100042E+01   0.100040E+01   0.100037E+01
 0.000000E+00   0.000000E+00   0.000000E+00   0.000000E+00   0.000000E+00   0.000000E+00   0.000000E+00   0.000000E+00   0.000000E+00   0.000000E+00   0.154567E+01   0.150426E+01   0.146634E+01   0.143159E+01   0.139972E+01   0.143625E+01   0.140477E+01   0.137372E+01   0.134511E+01   0.131906E+01   0.129013E+01   0.127347E+01   0.125246E+01   0.123179E+01   0.121484E+01   0.119531E+01   0.118293E+01   0.116488E+01   0.115545E+01   0.114377E+01   0.113201E+01   0.112244E+01   0.111199E+01   0.110441E+01   0.109533E+01   0.108919E+01   0.108141E+01   0.107633E+01   0.106973E+01   0.106541E+01   0.106000E+01   0.105624E+01   0.105187E+01   0.104726E+01   0.104492E+01   0.104119E+01   0.103897E+01   0.103604E+01   0.103318E+01   0.103152E+01   0.102923E+01   0.102707E+01   0.102511E+01   0.102395E+01   0.102233E+01   0.102083E+01   0.101948E+01   0.101824E+01   0.101710E+01   0.101606E+01   0.101512E+01   0.101403E+01   0.101326E+01   0.101238E+01   0.101172E+01   0.101100E+01   0.101036E+01   0.100970E+01   0.100918E+01   0.100861E+01   0.100859E+01   0.100823E+01   0.100777E+01   0.100732E+01   0.100689E+01   0.100650E+01   0.100613E+01   0.100578E+01   0.100546E+01   0.100516E+01   0.100488E+01   0.100462E+01   0.100440E+01   0.100394E+01   0.100375E+01   0.100351E+01   0.100331E+01   0.100311E+01   0.100294E+01   0.100277E+01   0.100262E+01   0.100248E+01   0.100239E+01   0.100228E+01   0.100217E+01   0.100205E+01   0.100195E+01   0.100185E+01   0.100175E+01   0.100166E+01   0.100157E+01   0.100149E+01   0.100141E+01   0.100134E+01   0.100127E+01   0.100121E+01   0.100114E+01   0.100109E+01   0.100103E+01   0.100098E+01   0.100093E+01   0.100088E+01   0.100083E+01   0.100079E+01   0.100075E+01   0.100071E+01   0.100068E+01   0.100064E+01   0.100061E+01   0.100058E+01   0.100055E+01   0.100052E+01   0.100049E+01   0.100047E+01   0.100044E+01   0.100042E+01   0.100040E+01   0.100037E+01
 0.000000E+00   0.000000E+00   0.000000E+00   0.000000E+00   0.000000E+00   0.000000E+00   0.000000E+00   0.000000E+00   0.000000E+00   0.000000E+00   0.154567E+01   0.150426E+01   0.146634E+01   0.143159E+01   0.139972E+01   0.143625E+01   0.140477E+01   0.137372E+01   0.134511E+01   0.131906E+01   0.129013E+01   0.127347E+01   0.125246E+01   0.123179E+01   0.121484E+01   0.119531E+01   0.118293E+01   0.116488E+01   0.115545E+01   0.114377E+01   0.113201E+01   0.112244E+01   0.111199E+01   0.110441E+01   0.109533E+01   0.108919E+01   0.108141E+01   0.107633E+01   0.106973E+01   0.106541E+01   0.106000E+01   0.105624E+01   0.105187E+01   0.104726E+01   0.104492E+01   0.104119E+01   0.103897E+01   0.103604E+01   0.103318E+01   0.103152E+01   0.102923E+01   0.102707E+01   0.102511E+01   0.102395E+01   0.102233E+01   0.102083E+01   0.101948E+01   0.101824E+01   0.101710E+01   0.101606E+01   0.101512E+01   0.101403E+01   0.101326E+01   0.101238E+01   0.101172E+01   0.101100E+01   0.101036E+01   0.100970E+01   0.100918E+01   0.100861E+01   0.100862E+01   0.100825E+01   0.100778E+01   0.100733E+01   0.100690E+01   0.100650E+01   0.100613E+01   0.100579E+01   0.100546E+01   0.100516E+01   0.100489E+01   0.100463E+01   0.100441E+01   0.100394E+01   0.100375E+01   0.100351E+01   0.100331E+01   0.100311E+01   0.100294E+01   0.100277E+01   0.100262E+01   0.100248E+01   0.100239E+01   0.100228E+01   0.100217E+01   0.100205E+01   0.100195E+01   0.100185E+01   0.100175E+01   0.100166E+01   0.100157E+01   0.100149E+01   0.100141E+01   0.100134E+01   0.100127E+01   0.100121E+01   0.100114E+01   0.100109E+01   0.100103E+01   0.100098E+01   0.100093E+01   0.100088E+01   0.100083E+01   0.100079E+01   0.100075E+01   0.100071E+01   0.100068E+01   0.100064E+01   0.100061E+01   0.100058E+01   0.100055E+01   0.100052E+01   0.100049E+01   0.100047E+01   0.100044E+01   0.100042E+01   0.100040E+01   0.100037E+01
 0.000000E+00   0.000000E+00   0.000000E+00   0.000000E+00   0.000000E+00   0.000000E+00   0.000000E+00   0.000000E+00   0.000000E+00   0.000000E+00   0.154567E+01   0.150426E+01   0.146634E+01   0.143159E+01   0.139972E+01   0.143625E+01   0.140477E+01   0.137372E+01   0.134511E+01   0.131906E+01   0.129013E+01   0.127347E+01   0.125246E+01   0.123179E+01   0.121484E+01   0.119531E+01   0.118293E+01   0.116488E+01   0.115545E+01   0.114377E+01   0.113201E+01   0.112244E+01   0.111199E+01   0.110441E+01   0.109533E+01   0.108919E+01   0.108141E+01   0.107633E+01   0.106973E+01   0.106541E+01   0.106000E+01   0.105624E+01   0.105187E+01   0.104726E+01   0.104492E+01   0.104119E+01   0.103897E+01   0.103604E+01   0.103318E+01   0.103152E+01   0.102923E+01   0.102707E+01   0.102511E+01   0.102395E+01   0.102233E+01   0.102083E+01   0.101948E+01   0.101824E+01   0.101710E+01   0.101606E+01   0.101512E+01   0.101403E+01   0.101326E+01   0.101238E+01   0.101172E+01   0.101100E+01   0.101036E+01   0.100970E+01   0.100918E+01   0.100861E+01   0.100865E+01   0.100826E+01   0.100779E+01   0.100734E+01   0.100691E+01   0.100651E+01   0.100614E+01   0.100579E+01   0.100547E+01   0.100517E+01   0.100489E+01   0.100463E+01   0.100441E+01   0.100394E+01   0.100375E+01   0.100351E+01   0.100331E+01   0.100311E+01   0.100294E+01   0.100277E+01   0.100262E+01   0.100248E+01   0.100239E+01   0.100228E+01   0.100217E+01   0.100206E+01   0.100195E+01   0.100185E+01   0.100175E+01   0.100166E+01   0.100157E+01   0.100149E+01   0.100141E+01   0.100134E+01   0.100127E+01   0.100121E+01   0.100114E+01   0.100109E+01   0.100103E+01   0.100098E+01   0.100093E+01   0.100088E+01   0.100083E+01   0.100079E+01   0.100075E+01   0.100071E+01   0.100068E+01   0.100064E+01   0.100061E+01   0.100058E+01   0.100055E+01   0.100052E+01   0.100049E+01   0.100047E+01   0.100044E+01   0.100042E+01   0.100040E+01   0.100037E+01
 0.000000E+00   0.000000E+00   0.000000E+00   0.000000E+00   0.000000E+00   0.000000E+00   0.000000E+00   0.000000E+00   0.000000E+00   0.000000E+00   0.154567E+01   0.150426E+01   0.146634E+01   0.143159E+01   0.139972E+01   0.143625E+01   0.140477E+01   0.137372E+01   0.134511E+01   0.131906E+01   0.129013E+01   0.127347E+01   0.125246E+01   0.123179E+01   0.121484E+01   0.119531E+01   0.118293E+01   0.116488E+01   0.115545E+01   0.114377E+01   0.113201E+01   0.112244E+01   0.111199E+01   0.110441E+01   0.109533E+01   0.108919E+01   0.108141E+01   0.107633E+01   0.106973E+01   0.106541E+01   0.106000E+01   0.105624E+01   0.105187E+01   0.104726E+01   0.104492E+01   0.104119E+01   0.103897E+01   0.103604E+01   0.103318E+01   0.103152E+01   0.102923E+01   0.102707E+01   0.102511E+01   0.102395E+01   0.102233E+01   0.102083E+01   0.101948E+01   0.101824E+01   0.101710E+01   0.101606E+01   0.101512E+01   0.101403E+01   0.101326E+01   0.101238E+01   0.101172E+01   0.101100E+01   0.101036E+01   0.100970E+01   0.100918E+01   0.100861E+01   0.100868E+01   0.100828E+01   0.100780E+01   0.100735E+01   0.100692E+01   0.100652E+01   0.100615E+01   0.100580E+01   0.100547E+01   0.100517E+01   0.100489E+01   0.100463E+01   0.100441E+01   0.100394E+01   0.100375E+01   0.100351E+01   0.100331E+01   0.100311E+01   0.100294E+01   0.100277E+01   0.100262E+01   0.100248E+01   0.100239E+01   0.100228E+01   0.100217E+01   0.100206E+01   0.100195E+01   0.100185E+01   0.100175E+01   0.100166E+01   0.100157E+01   0.100149E+01   0.100141E+01   0.100134E+01   0.100127E+01   0.100121E+01   0.100114E+01   0.100109E+01   0.100103E+01   0.100098E+01   0.100093E+01   0.100088E+01   0.100083E+01   0.100079E+01   0.100075E+01   0.100071E+01   0.100068E+01   0.100064E+01   0.100061E+01   0.100058E+01   0.100055E+01   0.100052E+01   0.100049E+01   0.100047E+01   0.100044E+01   0.100042E+01   0.100040E+01   0.100037E+01
 0.000000E+00   0.000000E+00   0.000000E+00   0.000000E+00   0.000000E+00   0.000000E+00   0.000000E+00   0.000000E+00   0.000000E+00   0.000000E+00   0.154567E+01   0.150426E+01   0.146634E+01   0.143159E+01   0.139972E+01   0.143625E+01   0.140477E+01   0.137372E+01   0.134511E+01   0.131906E+01   0.129013E+01   0.127347E+01   0.125246E+01   0.123179E+01   0.121484E+01   0.119531E+01   0.118293E+01   0.116488E+01   0.115545E+01   0.114377E+01   0.113201E+01   0.112244E+01   0.111199E+01   0.110441E+01   0.109533E+01   0.108919E+01   0.108141E+01   0.107633E+01   0.106973E+01   0.106541E+01   0.106000E+01   0.105624E+01   0.105187E+01   0.104726E+01   0.104492E+01   0.104119E+01   0.103897E+01   0.103604E+01   0.103318E+01   0.103152E+01   0.102923E+01   0.102707E+01   0.102511E+01   0.102395E+01   0.102233E+01   0.102083E+01   0.101948E+01   0.101824E+01   0.101710E+01   0.101606E+01   0.101512E+01   0.101403E+01   0.101326E+01   0.101238E+01   0.101172E+01   0.101100E+01   0.101036E+01   0.100970E+01   0.100918E+01   0.100861E+01   0.100870E+01   0.100829E+01   0.100781E+01   0.100736E+01   0.100693E+01   0.100653E+01   0.100615E+01   0.100580E+01   0.100548E+01   0.100517E+01   0.100490E+01   0.100464E+01   0.100442E+01   0.100394E+01   0.100375E+01   0.100351E+01   0.100331E+01   0.100311E+01   0.100294E+01   0.100277E+01   0.100262E+01   0.100248E+01   0.100239E+01   0.100228E+01   0.100217E+01   0.100206E+01   0.100195E+01   0.100185E+01   0.100175E+01   0.100166E+01   0.100157E+01   0.100149E+01   0.100141E+01   0.100134E+01   0.100127E+01   0.100121E+01   0.100114E+01   0.100109E+01   0.100103E+01   0.100098E+01   0.100093E+01   0.100088E+01   0.100083E+01   0.100079E+01   0.100075E+01   0.100071E+01   0.100068E+01   0.100064E+01   0.100061E+01   0.100058E+01   0.100055E+01   0.100052E+01   0.100049E+01   0.100047E+01   0.100044E+01   0.100042E+01   0.100040E+01   0.100037E+01
 0.000000E+00   0.000000E+00   0.000000E+00   0.000000E+00   0.000000E+00   0.000000E+00   0.000000E+00   0.000000E+00   0.000000E+00   0.000000E+00   0.154567E+01   0.150426E+01   0.146634E+01   0.143159E+01   0.139972E+01   0.143625E+01   0.140477E+01   0.137372E+01   0.134511E+01   0.131906E+01   0.129013E+01   0.127347E+01   0.125246E+01   0.123179E+01   0.121484E+01   0.119531E+01   0.118293E+01   0.116488E+01   0.115545E+01   0.114377E+01   0.113201E+01   0.112244E+01   0.111199E+01   0.110441E+01   0.109533E+01   0.108919E+01   0.108141E+01   0.107633E+01   0.106973E+01   0.106541E+01   0.106000E+01   0.105624E+01   0.105187E+01   0.104726E+01   0.104492E+01   0.104119E+01   0.103897E+01   0.103604E+01   0.103318E+01   0.103152E+01   0.102923E+01   0.102707E+01   0.102511E+01   0.102395E+01   0.102233E+01   0.102083E+01   0.101948E+01   0.101824E+01   0.101710E+01   0.101606E+01   0.101512E+01   0.101403E+01   0.101326E+01   0.101238E+01   0.101172E+01   0.101100E+01   0.101036E+01   0.100970E+01   0.100918E+01   0.100861E+01   0.100873E+01   0.100831E+01   0.100782E+01   0.100737E+01   0.100694E+01   0.100653E+01   0.100616E+01   0.100581E+01   0.100548E+01   0.100518E+01   0.100490E+01   0.100464E+01   0.100442E+01   0.100394E+01   0.100375E+01   0.100351E+01   0.100331E+01   0.100311E+01   0.100294E+01   0.100277E+01   0.100262E+01   0.100248E+01   0.100239E+01   0.100228E+01   0.100217E+01   0.100206E+01   0.100195E+01   0.100185E+01   0.100175E+01   0.100166E+01   0.100157E+01   0.100149E+01   0.100141E+01   0.100134E+01   0.100127E+01   0.100121E+01   0.100114E+01   0.100109E+01   0.100103E+01   0.100098E+01   0.100093E+01   0.100088E+01   0.100083E+01   0.100079E+01   0.100075E+01   0.100071E+01   0.100068E+01   0.100064E+01   0.100061E+01   0.100058E+01   0.100055E+01   0.100052E+01   0.100049E+01   0.100047E+01   0.100044E+01   0.100042E+01   0.100040E+01   0.100037E+01
 0.000000E+00   0.000000E+00   0.000000E+00   0.000000E+00   0.000000E+00   0.000000E+00   0.000000E+00   0.000000E+00   0.000000E+00   0.000000E+00   0.154567E+01   0.150426E+01   0.146634E+01   0.143159E+01   0.139972E+01   0.143625E+01   0.140477E+01   0.137372E+01   0.134511E+01   0.131906E+01   0.129013E+01   0.127347E+01   0.125246E+01   0.123179E+01   0.121484E+01   0.119531E+01   0.118293E+01   0.116488E+01   0.115545E+01   0.114377E+01   0.113201E+01   0.112244E+01   0.111199E+01   0.110441E+01   0.109533E+01   0.108919E+01   0.108141E+01   0.107633E+01   0.106973E+01   0.106541E+01   0.106000E+01   0.105624E+01   0.105187E+01   0.104726E+01   0.104492E+01   0.104119E+01   0.103897E+01   0.103604E+01   0.103318E+01   0.103152E+01   0.102923E+01   0.102707E+01   0.102511E+01   0.102395E+01   0.102233E+01   0.102083E+01   0.101948E+01   0.101824E+01   0.101710E+01   0.101606E+01   0.101512E+01   0.101403E+01   0.101326E+01   0.101238E+01   0.101172E+01   0.101100E+01   0.101036E+01   0.100970E+01   0.100918E+01   0.100861E+01   0.100876E+01   0.100832E+01   0.100784E+01   0.100738E+01   0.100694E+01   0.100654E+01   0.100616E+01   0.100581E+01   0.100549E+01   0.100518E+01   0.100491E+01   0.100465E+01   0.100442E+01   0.100394E+01   0.100375E+01   0.100351E+01   0.100331E+01   0.100311E+01   0.100294E+01   0.100277E+01   0.100262E+01   0.100248E+01   0.100239E+01   0.100229E+01   0.100217E+01   0.100206E+01   0.100195E+01   0.100185E+01   0.100175E+01   0.100166E+01   0.100157E+01   0.100149E+01   0.100141E+01   0.100134E+01   0.100127E+01   0.100121E+01   0.100114E+01   0.100109E+01   0.100103E+01   0.100098E+01   0.100093E+01   0.100088E+01   0.100083E+01   0.100079E+01   0.100075E+01   0.100071E+01   0.100068E+01   0.100064E+01   0.100061E+01   0.100058E+01   0.100055E+01   0.100052E+01   0.100049E+01   0.100047E+01   0.100044E+01   0.100042E+01   0.100040E+01   0.100037E+01
 0.000000E+00   0.000000E+00   0.000000E+00   0.000000E+00   0.000000E+00   0.000000E+00   0.000000E+00   0.000000E+00   0.000000E+00   0.000000E+00   0.154567E+01   0.150426E+01   0.146634E+01   0.143159E+01   0.139972E+01   0.143625E+01   0.140477E+01   0.137372E+01   0.134511E+01   0.131906E+01   0.129013E+01   0.127347E+01   0.125246E+01   0.123179E+01   0.121484E+01   0.119531E+01   0.118293E+01   0.116488E+01   0.115545E+01   0.114377E+01   0.113201E+01   0.112244E+01   0.111199E+01   0.110441E+01   0.109533E+01   0.108919E+01   0.108141E+01   0.107633E+01   0.106973E+01   0.106541E+01   0.106000E+01   0.105624E+01   0.105187E+01   0.104726E+01   0.104492E+01   0.104119E+01   0.103897E+01   0.103604E+01   0.103318E+01   0.103152E+01   0.102923E+01   0.102707E+01   0.102511E+01   0.102395E+01   0.102233E+01   0.102083E+01   0.101948E+01   0.101824E+01   0.101710E+01   0.101606E+01   0.101512E+01   0.101403E+01   0.101326E+01   0.101238E+01   0.101172E+01   0.101100E+01   0.101036E+01   0.100970E+01   0.100918E+01   0.100861E+01   0.100879E+01   0.100834E+01   0.100785E+01   0.100739E+01   0.100695E+01   0.100655E+01   0.100617E+01   0.100582E+01   0.100549E+01   0.100519E+01   0.100491E+01   0.100465E+01   0.100443E+01   0.100394E+01   0.100375E+01   0.100351E+01   0.100331E+01   0.100311E+01   0.100294E+01   0.100277E+01   0.100262E+01   0.100248E+01   0.100239E+01   0.100229E+01   0.100217E+01   0.100206E+01   0.100195E+01   0.100185E+01   0.100175E+01   0.100166E+01   0.100157E+01   0.100149E+01   0.100142E+01   0.100134E+01   0.100127E+01   0.100121E+01   0.100114E+01   0.100109E+01   0.100103E+01   0.100098E+01   0.100093E+01   0.100088E+01   0.100083E+01   0.100079E+01   0.100075E+01   0.100071E+01   0.100068E+01   0.100064E+01   0.100061E+01   0.100058E+01   0.100055E+01   0.100052E+01   0.100049E+01   0.100047E+01   0.100044E+01   0.100042E+01   0.100040E+01   0.100037E+01
 0.000000E+00   0.000000E+00   0.000000E+00   0.000000E+00   0.000000E+00   0.000000E+00   0.000000E+00   0.000000E+00   0.000000E+00   0.000000E+00   0.154567E+01   0.150426E+01   0.146634E+01   0.143159E+01   0.139972E+01   0.143625E+01   0.140477E+01   0.137372E+01   0.134511E+01   0.131906E+01   0.129013E+01   0.127347E+01   0.125246E+01   0.123179E+01   0.121484E+01   0.119531E+01   0.118293E+01   0.116488E+01   0.115545E+01   0.114377E+01   0.113201E+01   0.112244E+01   0.111199E+01   0.110441E+01   0.109533E+01   0.108919E+01   0.108141E+01   0.107633E+01   0.106973E+01   0.106541E+01   0.106000E+01   0.105624E+01   0.105187E+01   0.104726E+01   0.104492E+01   0.104119E+01   0.103897E+01   0.103604E+01   0.103318E+01   0.103152E+01   0.102923E+01   0.102707E+01   0.102511E+01   0.102395E+01   0.102233E+01   0.102083E+01   0.101948E+01   0.101824E+01   0.101710E+01   0.101606E+01   0.101512E+01   0.101403E+01   0.101326E+01   0.101238E+01   0.101172E+01   0.101100E+01   0.101036E+01   0.100970E+01   0.100918E+01   0.100861E+01   0.100882E+01   0.100835E+01   0.100786E+01   0.100739E+01   0.100696E+01   0.100656E+01   0.100618E+01   0.100582E+01   0.100550E+01   0.100519E+01   0.100491E+01   0.100465E+01   0.100443E+01   0.100394E+01   0.100375E+01   0.100351E+01   0.100331E+01   0.100311E+01   0.100294E+01   0.100277E+01   0.100262E+01   0.100248E+01   0.100239E+01   0.100229E+01   0.100217E+01   0.100206E+01   0.100195E+01   0.100185E+01   0.100175E+01   0.100166E+01   0.100157E+01   0.100149E+01   0.100142E+01   0.100134E+01   0.100127E+01   0.100121E+01   0.100114E+01   0.100109E+01   0.100103E+01   0.100098E+01   0.100093E+01   0.100088E+01   0.100083E+01   0.100079E+01   0.100075E+01   0.100071E+01   0.100068E+01   0.100064E+01   0.100061E+01   0.100058E+01   0.100055E+01   0.100052E+01   0.100049E+01   0.100047E+01   0.100044E+01   0.100042E+01   0.100040E+01   0.100037E+01
 0.000000E+00   0.000000E+00   0.000000E+00   0.000000E+00   0.000000E+00   0.000000E+00   0.000000E+00   0.000000E+00   0.000000E+00   0.000000E+00   0.154567E+01   0.150426E+01   0.146634E+01   0.143159E+01   0.139972E+01   0.143625E+01   0.140477E+01   0.137372E+01   0.134511E+01   0.131906E+01   0.129013E+01   0.127347E+01   0.125246E+01   0.123179E+01   0.121484E+01   0.119531E+01   0.118293E+01   0.116488E+01   0.115545E+01   0.114377E+01   0.113201E+01   0.112244E+01   0.111199E+01   0.110441E+01   0.109533E+01   0.108919E+01   0.108141E+01   0.107633E+01   0.106973E+01   0.106541E+01   0.106000E+01   0.105624E+01   0.105187E+01   0.104726E+01   0.104492E+01   0.104119E+01   0.103897E+01   0.103604E+01   0.103318E+01   0.103152E+01   0.102923E+01   0.102707E+01   0.102511E+01   0.102395E+01   0.102233E+01   0.102083E+01   0.101948E+01   0.101824E+01   0.101710E+01   0.101606E+01   0.101512E+01   0.101403E+01   0.101326E+01   0.101238E+01   0.101172E+01   0.101100E+01   0.101036E+01   0.100970E+01   0.100918E+01   0.100921E+01   0.100884E+01   0.100836E+01   0.100787E+01   0.100740E+01   0.100697E+01   0.100656E+01   0.100618E+01   0.100583E+01   0.100550E+01   0.100520E+01   0.100492E+01   0.100466E+01   0.100444E+01   0.100394E+01   0.100375E+01   0.100351E+01   0.100331E+01   0.100311E+01   0.100294E+01   0.100277E+01   0.100262E+01   0.100248E+01   0.100239E+01   0.100229E+01   0.100217E+01   0.100206E+01   0.100195E+01   0.100185E+01   0.100175E+01   0.100166E+01   0.100157E+01   0.100149E+01   0.100142E+01   0.100134E+01   0.100127E+01   0.100121E+01   0.100114E+01   0.100109E+01   0.100103E+01   0.100098E+01   0.100093E+01   0.100088E+01   0.100083E+01   0.100079E+01   0.100075E+01   0.100071E+01   0.100068E+01   0.100064E+01   0.100061E+01   0.100058E+01   0.100055E+01   0.100052E+01   0.100049E+01   0.100047E+01   0.100044E+01   0.100042E+01   0.100040E+01   0.100037E+01
 0.000000E+00   0.000000E+00   0.000000E+00   0.000000E+00   0.000000E+00   0.000000E+00   0.000000E+00   0.000000E+00   0.000000E+00   0.000000E+00   0.154567E+01   0.150426E+01   0.146634E+01   0.143159E+01   0.139972E+01   0.143625E+01   0.140477E+01   0.137372E+01   0.134511E+01   0.131906E+01   0.129013E+01   0.127347E+01   0.125246E+01   0.123179E+01   0.121484E+01   0.119531E+01   0.118293E+01   0.116488E+01   0.115545E+01   0.114377E+01   0.113201E+01   0.112244E+01   0.111199E+01   0.110441E+01   0.109533E+01   0.108919E+01   0.108141E+01   0.107633E+01   0.106973E+01   0.106541E+01   0.106000E+01   0.105624E+01   0.105187E+01   0.104726E+01   0.104492E+01   0.104119E+01   0.103897E+01   0.103604E+01   0.103318E+01   0.103152E+01   0.102923E+01   0.102707E+01   0.102511E+01   0.102395E+01   0.102233E+01   0.102083E+01   0.101948E+01   0.101824E+01   0.101710E+01   0.101606E+01   0.101512E+01   0.101403E+01   0.101326E+01   0.101238E+01   0.101172E+01   0.101100E+01   0.101036E+01   0.100970E+01   0.100918E+01   0.100924E+01   0.100887E+01   0.100838E+01   0.100788E+01   0.100741E+01   0.100698E+01   0.100657E+01   0.100619E+01   0.100584E+01   0.100551E+01   0.100520E+01   0.100492E+01   0.100466E+01   0.100444E+01   0.100394E+01   0.100375E+01   0.100351E+01   0.100331E+01   0.100311E+01   0.100294E+01   0.100277E+01   0.100262E+01   0.100248E+01   0.100239E+01   0.100229E+01   0.100217E+01   0.100206E+01   0.100195E+01   0.100185E+01   0.100175E+01   0.100166E+01   0.100157E+01   0.100149E+01   0.100142E+01   0.100134E+01   0.100127E+01   0.100121E+01   0.100114E+01   0.100109E+01   0.100103E+01   0.100098E+01   0.100093E+01   0.100088E+01   0.100083E+01   0.100079E+01   0.100075E+01   0.100071E+01   0.100068E+01   0.100064E+01   0.100061E+01   0.100058E+01   0.100055E+01   0.100052E+01   0.100049E+01   0.100047E+01   0.100044E+01   0.100042E+01   0.100040E+01   0.100037E+01
 0.000000E+00   0.000000E+00   0.000000E+00   0.000000E+00   0.000000E+00   0.000000E+00   0.000000E+00   0.000000E+00   0.000000E+00   0.000000E+00   0.154567E+01   0.150426E+01   0.146634E+01   0.143159E+01   0.139972E+01   0.143625E+01   0.140477E+01   0.137372E+01   0.134511E+01   0.131906E+01   0.129013E+01   0.127347E+01   0.125246E+01   0.123179E+01   0.121484E+01   0.119531E+01   0.118293E+01   0.116488E+01   0.115545E+01   0.114377E+01   0.113201E+01   0.112244E+01   0.111199E+01   0.110441E+01   0.109533E+01   0.108919E+01   0.108141E+01   0.107633E+01   0.106973E+01   0.106541E+01   0.106000E+01   0.105624E+01   0.105187E+01   0.104726E+01   0.104492E+01   0.104119E+01   0.103897E+01   0.103604E+01   0.103318E+01   0.103152E+01   0.102923E+01   0.102707E+01   0.102511E+01   0.102395E+01   0.102233E+01   0.102083E+01   0.101948E+01   0.101824E+01   0.101710E+01   0.101606E+01   0.101512E+01   0.101403E+01   0.101326E+01   0.101238E+01   0.101172E+01   0.101100E+01   0.101036E+01   0.100970E+01   0.100918E+01   0.100928E+01   0.100889E+01   0.100839E+01   0.100789E+01   0.100742E+01   0.100699E+01   0.100658E+01   0.100620E+01   0.100584E+01   0.100551E+01   0.100520E+01   0.100492E+01   0.100467E+01   0.100444E+01   0.100394E+01   0.100375E+01   0.100351E+01   0.100331E+01   0.100311E+01   0.100294E+01   0.100277E+01   0.100262E+01   0.100248E+01   0.100239E+01   0.100229E+01   0.100217E+01   0.100206E+01   0.100195E+01   0.100185E+01   0.100175E+01   0.100166E+01   0.100158E+01   0.100149E+01   0.100142E+01   0.100134E+01   0.100127E+01   0.100121E+01   0.100114E+01   0.100109E+01   0.100103E+01   0.100098E+01   0.100093E+01   0.100088E+01   0.100083E+01   0.100079E+01   0.100075E+01   0.100071E+01   0.100068E+01   0.100064E+01   0.100061E+01   0.100058E+01   0.100055E+01   0.100052E+01   0.100049E+01   0.100047E+01   0.100044E+01   0.100042E+01   0.100040E+01   0.100037E+01
 0.000000E+00   0.000000E+00   0.000000E+00   0.000000E+00   0.000000E+00   0.000000E+00   0.000000E+00   0.000000E+00   0.000000E+00   0.000000E+00   0.154567E+01   0.150426E+01   0.146634E+01   0.143159E+01   0.139972E+01   0.143625E+01   0.140477E+01   0.137372E+01   0.134511E+01   0.131906E+01   0.129013E+01   0.127347E+01   0.125246E+01   0.123179E+01   0.121484E+01   0.119531E+01   0.118293E+01   0.116488E+01   0.115545E+01   0.114377E+01   0.113201E+01   0.112244E+01   0.111199E+01   0.110441E+01   0.109533E+01   0.108919E+01   0.108141E+01   0.107633E+01   0.106973E+01   0.106541E+01   0.106000E+01   0.105624E+01   0.105187E+01   0.104726E+01   0.104492E+01   0.104119E+01   0.103897E+01   0.103604E+01   0.103318E+01   0.103152E+01   0.102923E+01   0.102707E+01   0.102511E+01   0.102395E+01   0.102233E+01   0.102083E+01   0.101948E+01   0.101824E+01   0.101710E+01   0.101606E+01   0.101512E+01   0.101403E+01   0.101326E+01   0.101238E+01   0.101172E+01   0.101100E+01   0.101036E+01   0.100970E+01   0.100918E+01   0.100931E+01   0.100891E+01   0.100840E+01   0.100790E+01   0.100743E+01   0.100699E+01   0.100658E+01   0.100620E+01   0.100585E+01   0.100551E+01   0.100521E+01   0.100493E+01   0.100467E+01   0.100445E+01   0.100394E+01   0.100375E+01   0.100351E+01   0.100331E+01   0.100311E+01   0.100294E+01   0.100277E+01   0.100262E+01   0.100248E+01   0.100239E+01   0.100229E+01   0.100217E+01   0.100206E+01   0.100195E+01   0.100185E+01   0.100175E+01   0.100166E+01   0.100158E+01   0.100149E+01   0.100142E+01   0.100134E+01   0.100127E+01   0.100121E+01   0.100114E+01   0.100109E+01   0.100103E+01   0.100098E+01   0.100093E+01   0.100088E+01   0.100083E+01   0.100079E+01   0.100075E+01   0.100071E+01   0.100068E+01   0.100064E+01   0.100061E+01   0.100058E+01   0.100055E+01   0.100052E+01   0.100049E+01   0.100047E+01   0.100044E+01   0.100042E+01   0.100040E+01   0.100037E+01
 0.000000E+00   0.000000E+00   0.000000E+00   0.000000E+00   0.000000E+00   0.000000E+00   0.000000E+00   0.000000E+00   0.000000E+00   0.000000E+00   0.154567E+01   0.150426E+01   0.146634E+01   0.143159E+01   0.139972E+01   0.143625E+01   0.140477E+01   0.137372E+01   0.134511E+01   0.131906E+01   0.129013E+01   0.127347E+01   0.125246E+01   0.123179E+01   0.121484E+01   0.119531E+01   0.118293E+01   0.116488E+01   0.115545E+01   0.114377E+01   0.113201E+01   0.112244E+01   0.111199E+01   0.110441E+01   0.109533E+01   0.108919E+01   0.108141E+01   0.107633E+01   0.106973E+01   0.106541E+01   0.106000E+01   0.105624E+01   0.105187E+01   0.104726E+01   0.104492E+01   0.104119E+01   0.103897E+01   0.103604E+01   0.103318E+01   0.103152E+01   0.102923E+01   0.102707E+01   0.102511E+01   0.102395E+01   0.102233E+01   0.102083E+01   0.101948E+01   0.101824E+01   0.101710E+01   0.101606E+01   0.101512E+01   0.101403E+01   0.101326E+01   0.101238E+01   0.101172E+01   0.101100E+01   0.101036E+01   0.100970E+01   0.100918E+01   0.100935E+01   0.100893E+01   0.100842E+01   0.100791E+01   0.100744E+01   0.100700E+01   0.100659E+01   0.100621E+01   0.100585E+01   0.100552E+01   0.100521E+01   0.100493E+01   0.100467E+01   0.100445E+01   0.100394E+01   0.100375E+01   0.100351E+01   0.100331E+01   0.100311E+01   0.100294E+01   0.100277E+01   0.100262E+01   0.100248E+01   0.100239E+01   0.100229E+01   0.100217E+01   0.100206E+01   0.100195E+01   0.100185E+01   0.100175E+01   0.100166E+01   0.100158E+01   0.100149E+01   0.100142E+01   0.100134E+01   0.100127E+01   0.100121E+01   0.100114E+01   0.100109E+01   0.100103E+01   0.100098E+01   0.100093E+01   0.100088E+01   0.100083E+01   0.100079E+01   0.100075E+01   0.100071E+01   0.100068E+01   0.100064E+01   0.100061E+01   0.100058E+01   0.100055E+01   0.100052E+01   0.100049E+01   0.100047E+01   0.100044E+01   0.100042E+01   0.100040E+01   0.100037E+01
 0.000000E+00   0.000000E+00   0.000000E+00   0.000000E+00   0.000000E+00   0.000000E+00   0.000000E+00   0.000000E+00   0.000000E+00   0.000000E+00   0.154567E+01   0.150426E+01   0.146634E+01   0.143159E+01   0.139972E+01   0.143625E+01   0.140477E+01   0.137372E+01   0.134511E+01   0.131906E+01   0.129013E+01   0.127347E+01   0.125246E+01   0.123179E+01   0.121484E+01   0.119531E+01   0.118293E+01   0.116488E+01   0.115545E+01   0.114377E+01   0.113201E+01   0.112244E+01   0.111199E+01   0.110441E+01   0.109533E+01   0.108919E+01   0.108141E+01   0.107633E+01   0.106973E+01   0.106541E+01   0.106000E+01   0.105624E+01   0.105187E+01   0.104726E+01   0.104492E+01   0.104119E+01   0.103897E+01   0.103604E+01   0.103318E+01   0.103152E+01   0.102923E+01   0.102707E+01   0.102511E+01   0.102395E+01   0.102233E+01   0.102083E+01   0.101948E+01   0.101824E+01   0.101710E+01   0.101606E+01   0.101512E+01   0.101403E+01   0.101326E+01   0.101238E+01   0.101172E+01   0.101100E+01   0.101036E+01   0.100970E+01   0.100918E+01   0.100938E+01   0.100895E+01   0.100843E+01   0.100793E+01   0.100745E+01   0.100701E+01   0.100660E+01   0.100621E+01   0.100586E+01   0.100552E+01   0.100522E+01   0.100493E+01   0.100468E+01   0.100445E+01   0.100394E+01   0.100375E+01   0.100351E+01   0.100331E+01   0.100311E+01   0.100294E+01   0.100277E+01   0.100262E+01   0.100248E+01   0.100239E+01   0.100229E+01   0.100217E+01   0.100206E+01   0.100195E+01   0.100185E+01   0.100175E+01   0.100166E+01   0.100158E+01   0.100149E+01   0.100142E+01   0.100134E+01   0.100127E+01   0.100121E+01   0.100114E+01   0.100109E+01   0.100103E+01   0.100098E+01   0.100093E+01   0.100088E+01   0.100083E+01   0.100079E+01   0.100075E+01   0.100071E+01   0.100068E+01   0.100064E+01   0.100061E+01   0.100058E+01   0.100055E+01   0.100052E+01   0.100049E+01   0.100047E+01   0.100044E+01   0.100042E+01   0.100040E+01   0.100037E+01
 0.000000E+00   0.000000E+00   0.000000E+00   0.000000E+00   0.000000E+00   0.000000E+00   0.000000E+00   0.000000E+00   0.000000E+00   0.000000E+00   0.154567E+01   0.150426E+01   0.146634E+01   0.143159E+01   0.139972E+01   0.143625E+01   0.140477E+01   0.137372E+01   0.134511E+01   0.131906E+01   0.129013E+01   0.127347E+01   0.125246E+01   0.123179E+01   0.121484E+01   0.119531E+01   0.118293E+01   0.116488E+01   0.115545E+01   0.114377E+01   0.113201E+01   0.112244E+01   0.111199E+01   0.110441E+01   0.109533E+01   0.108919E+01   0.108141E+01   0.107633E+01   0.106973E+01   0.106541E+01   0.106000E+01   0.105624E+01   0.105187E+01   0.104726E+01   0.104492E+01   0.104119E+01   0.103897E+01   0.103604E+01   0.103318E+01   0.103152E+01   0.102923E+01   0.102707E+01   0.102511E+01   0.102395E+01   0.102233E+01   0.102083E+01   0.101948E+01   0.101824E+01   0.101710E+01   0.101606E+01   0.101512E+01   0.101403E+01   0.101326E+01   0.101238E+01   0.101172E+01   0.101100E+01   0.101036E+01   0.100970E+01   0.100918E+01   0.100942E+01   0.100897E+01   0.100844E+01   0.100794E+01   0.100746E+01   0.100702E+01   0.100661E+01   0.100622E+01   0.100586E+01   0.100553E+01   0.100522E+01   0.100494E+01   0.100468E+01   0.100446E+01   0.100394E+01   0.100375E+01   0.100351E+01   0.100331E+01   0.100311E+01   0.100294E+01   0.100277E+01   0.100262E+01   0.100248E+01   0.100239E+01   0.100229E+01   0.100217E+01   0.100206E+01   0.100195E+01   0.100185E+01   0.100175E+01   0.100166E+01   0.100158E+01   0.100149E+01   0.100142E+01   0.100134E+01   0.100127E+01   0.100121E+01   0.100114E+01   0.100109E+01   0.100103E+01   0.100098E+01   0.100093E+01   0.100088E+01   0.100083E+01   0.100079E+01   0.100075E+01   0.100071E+01   0.100068E+01   0.100064E+01   0.100061E+01   0.100058E+01   0.100055E+01   0.100052E+01   0.100049E+01   0.100047E+01   0.100044E+01   0.100042E+01   0.100040E+01   0.100037E+01
 0.000000E+00   0.000000E+00   0.000000E+00   0.000000E+00   0.000000E+00   0.000000E+00   0.000000E+00   0.000000E+00   0.000000E+00   0.000000E+00   0.154567E+01   0.150426E+01   0.146634E+01   0.143159E+01   0.139972E+01   0.143625E+01   0.140477E+01   0.137372E+01   0.134511E+01   0.131906E+01   0.129013E+01   0.127347E+01   0.125246E+01   0.123179E+01   0.121484E+01   0.119531E+01   0.118293E+01   0.116488E+01   0.115545E+01   0.114377E+01   0.113201E+01   0.112244E+01   0.111199E+01   0.110441E+01   0.109533E+01   0.108919E+01   0.108141E+01   0.107633E+01   0.106973E+01   0.106541E+01   0.106000E+01   0.105624E+01   0.105187E+01   0.104726E+01   0.104492E+01   0.104119E+01   0.103897E+01   0.103604E+01   0.103318E+01   0.103152E+01   0.102923E+01   0.102707E+01   0.102511E+01   0.102395E+01   0.102233E+01   0.102083E+01   0.101948E+01   0.101824E+01   0.101710E+01   0.101606E+01   0.101512E+01   0.101403E+01   0.101326E+01   0.101238E+01   0.101172E+01   0.101100E+01   0.101036E+01   0.100970E+01   0.100918E+01   0.100946E+01   0.100899E+01   0.100846E+01   0.100795E+01   0.100747E+01   0.100703E+01   0.100661E+01   0.100623E+01   0.100587E+01   0.100553E+01   0.100522E+01   0.100494E+01   0.100469E+01   0.100446E+01   0.100394E+01   0.100375E+01   0.100351E+01   0.100331E+01   0.100311E+01   0.100294E+01   0.100277E+01   0.100262E+01   0.100248E+01   0.100239E+01   0.100229E+01   0.100217E+01   0.100206E+01   0.100195E+01   0.100185E+01   0.100175E+01   0.100166E+01   0.100158E+01   0.100149E+01   0.100142E+01   0.100134E+01   0.100127E+01   0.100121E+01   0.100114E+01   0.100109E+01   0.100103E+01   0.100098E+01   0.100093E+01   0.100088E+01   0.100083E+01   0.100079E+01   0.100075E+01   0.100071E+01   0.100068E+01   0.100064E+01   0.100061E+01   0.100058E+01   0.100055E+01   0.100052E+01   0.100049E+01   0.100047E+01   0.100044E+01   0.100042E+01   0.100040E+01   0.100037E+01
 0.000000E+00   0.000000E+00   0.000000E+00   0.000000E+00   0.000000E+00   0.000000E+00   0.000000E+00   0.000000E+00   0.000000E+00   0.000000E+00   0.154567E+01   0.150426E+01   0.146634E+01   0.143159E+01   0.139972E+01   0.143625E+01   0.140477E+01   0.137372E+01   0.134511E+01   0.131906E+01   0.129013E+01   0.127347E+01   0.125246E+01   0.123179E+01   0.121484E+01   0.119531E+01   0.118293E+01   0.116488E+01   0.115545E+01   0.114377E+01   0.113201E+01   0.112244E+01   0.111199E+01   0.110441E+01   0.109533E+01   0.108919E+01   0.108141E+01   0.107633E+01   0.106973E+01   0.106541E+01   0.106000E+01   0.105624E+01   0.105187E+01   0.104726E+01   0.104492E+01   0.104119E+01   0.103897E+01   0.103604E+01   0.103318E+01   0.103152E+01   0.102923E+01   0.102707E+01   0.102511E+01   0.102395E+01   0.102233E+01   0.102083E+01   0.101948E+01   0.101824E+01   0.101710E+01   0.101606E+01   0.101512E+01   0.101403E+01   0.101326E+01   0.101238E+01   0.101172E+01   0.101100E+01   0.101036E+01   0.100970E+01   0.100918E+01   0.100949E+01   0.100901E+01   0.100847E+01   0.100796E+01   0.100748E+01   0.100704E+01   0.100662E+01   0.100623E+01   0.100587E+01   0.100554E+01   0.100523E+01   0.100495E+01   0.100469E+01   0.100446E+01   0.100394E+01   0.100375E+01   0.100351E+01   0.100331E+01   0.100311E+01   0.100294E+01   0.100277E+01   0.100262E+01   0.100248E+01   0.100239E+01   0.100229E+01   0.100217E+01   0.100206E+01   0.100195E+01   0.100185E+01   0.100175E+01   0.100166E+01   0.100158E+01   0.100149E+01   0.100142E+01   0.100134E+01   0.100127E+01   0.100121E+01   0.100114E+01   0.100109E+01   0.100103E+01   0.100098E+01   0.100093E+01   0.100088E+01   0.100083E+01   0.100079E+01   0.100075E+01   0.100071E+01   0.100068E+01   0.100064E+01   0.100061E+01   0.100058E+01   0.100055E+01   0.100052E+01   0.100049E+01   0.100047E+01   0.100044E+01   0.100042E+01   0.100040E+01   0.100037E+01
 0.000000E+00   0.000000E+00   0.000000E+00   0.000000E+00   0.000000E+00   0.000000E+00   0.000000E+00   0.000000E+00   0.000000E+00   0.000000E+00   0.154567E+01   0.150426E+01   0.146634E+01   0.143159E+01   0.139972E+01   0.143625E+01   0.140477E+01   0.137372E+01   0.134511E+01   0.131906E+01   0.129013E+01   0.127347E+01   0.125246E+01   0.123179E+01   0.121484E+01   0.119531E+01   0.118293E+01   0.116488E+01   0.115545E+01   0.114377E+01   0.113201E+01   0.112244E+01   0.111199E+01   0.110441E+01   0.109533E+01   0.108919E+01   0.108141E+01   0.107633E+01   0.106973E+01   0.106541E+01   0.106000E+01   0.105624E+01   0.105187E+01   0.104726E+01   0.104492E+01   0.104119E+01   0.103897E+01   0.103604E+01   0.103318E+01   0.103152E+01   0.102923E+01   0.102707E+01   0.102511E+01   0.102395E+01   0.102233E+01   0.102083E+01   0.101948E+01   0.101824E+01   0.101710E+01   0.101606E+01   0.101512E+01   0.101403E+01   0.101326E+01   0.101238E+01   0.101172E+01   0.101100E+01   0.101036E+01   0.100970E+01   0.100918E+01   0.100953E+01   0.100903E+01   0.100848E+01   0.100797E+01   0.100749E+01   0.100704E+01   0.100663E+01   0.100624E+01   0.100588E+01   0.100554E+01   0.100523E+01   0.100495E+01   0.100469E+01   0.100447E+01   0.100394E+01   0.100375E+01   0.100351E+01   0.100331E+01   0.100311E+01   0.100294E+01   0.100277E+01   0.100262E+01   0.100248E+01   0.100239E+01   0.100229E+01   0.100217E+01   0.100206E+01   0.100195E+01   0.100185E+01   0.100175E+01   0.100166E+01   0.100158E+01   0.100149E+01   0.100142E+01   0.100134E+01   0.100127E+01   0.100121E+01   0.100114E+01   0.100109E+01   0.100103E+01   0.100098E+01   0.100093E+01   0.100088E+01   0.100083E+01   0.100079E+01   0.100075E+01   0.100071E+01   0.100068E+01   0.100064E+01   0.100061E+01   0.100058E+01   0.100055E+01   0.100052E+01   0.100049E+01   0.100047E+01   0.100044E+01   0.100042E+01   0.100040E+01   0.100037E+01
 0.000000E+00   0.000000E+00   0.000000E+00   0.000000E+00   0.000000E+00   0.000000E+00   0.000000E+00   0.000000E+00   0.000000E+00   0.000000E+00   0.154567E+01   0.150426E+01   0.146634E+01   0.143159E+01   0.139972E+01   0.143625E+01   0.140477E+01   0.137372E+01   0.134511E+01   0.131906E+01   0.129013E+01   0.127347E+01   0.125246E+01   0.123179E+01   0.121484E+01   0.119531E+01   0.118293E+01   0.116488E+01   0.115545E+01   0.114377E+01   0.113201E+01   0.112244E+01   0.111199E+01   0.110441E+01   0.109533E+01   0.108919E+01   0.108141E+01   0.107633E+01   0.106973E+01   0.106541E+01   0.106000E+01   0.105624E+01   0.105187E+01   0.104726E+01   0.104492E+01   0.104119E+01   0.103897E+01   0.103604E+01   0.103318E+01   0.103152E+01   0.102923E+01   0.102707E+01   0.102511E+01   0.102395E+01   0.102233E+01   0.102083E+01   0.101948E+01   0.101824E+01   0.101710E+01   0.101606E+01   0.101512E+01   0.101403E+01   0.101326E+01   0.101238E+01   0.101172E+01   0.101100E+01   0.101036E+01   0.100970E+01   0.100918E+01   0.100956E+01   0.100904E+01   0.100850E+01   0.100798E+01   0.100750E+01   0.100705E+01   0.100663E+01   0.100624E+01   0.100588E+01   0.100555E+01   0.100524E+01   0.100495E+01   0.100470E+01   0.100447E+01   0.100394E+01   0.100375E+01   0.100351E+01   0.100331E+01   0.100311E+01   0.100294E+01   0.100277E+01   0.100262E+01   0.100248E+01   0.100239E+01   0.100229E+01   0.100217E+01   0.100206E+01   0.100195E+01   0.100185E+01   0.100176E+01   0.100166E+01   0.100158E+01   0.100149E+01   0.100142E+01   0.100134E+01   0.100127E+01   0.100121E+01   0.100114E+01   0.100109E+01   0.100103E+01   0.100098E+01   0.100093E+01   0.100088E+01   0.100083E+01   0.100079E+01   0.100075E+01   0.100071E+01   0.100068E+01   0.100064E+01   0.100061E+01   0.100058E+01   0.100055E+01   0.100052E+01   0.100049E+01   0.100047E+01   0.100044E+01   0.100042E+01   0.100040E+01   0.100037E+01
 0.000000E+00   0.000000E+00   0.000000E+00   0.000000E+00   0.000000E+00   0.000000E+00   0.000000E+00   0.000000E+00   0.000000E+00   0.000000E+00   0.154567E+01   0.150426E+01   0.146634E+01   0.143159E+01   0.139972E+01   0.143625E+01   0.140477E+01   0.137372E+01   0.134511E+01   0.131906E+01   0.129013E+01   0.127347E+01   0.125246E+01   0.123179E+01   0.121484E+01   0.119531E+01   0.118293E+01   0.116488E+01   0.115545E+01   0.114377E+01   0.113201E+01   0.112244E+01   0.111199E+01   0.110441E+01   0.109533E+01   0.108919E+01   0.108141E+01   0.107633E+01   0.106973E+01   0.106541E+01   0.106000E+01   0.105624E+01   0.105187E+01   0.104726E+01   0.104492E+01   0.104119E+01   0.103897E+01   0.103604E+01   0.103318E+01   0.103152E+01   0.102923E+01   0.102707E+01   0.102511E+01   0.102395E+01   0.102233E+01   0.102083E+01   0.101948E+01   0.101824E+01   0.101710E+01   0.101606E+01   0.101512E+01   0.101403E+01   0.101326E+01   0.101238E+01   0.101172E+01   0.101100E+01   0.101036E+01   0.100970E+01   0.101000E+01   0.100960E+01   0.100906E+01   0.100851E+01   0.100799E+01   0.100751E+01   0.100706E+01   0.100664E+01   0.100625E+01   0.100589E+01   0.100555E+01   0.100524E+01   0.100496E+01   0.100470E+01   0.100448E+01   0.100394E+01   0.100375E+01   0.100351E+01   0.100331E+01   0.100311E+01   0.100294E+01   0.100277E+01   0.100262E+01   0.100248E+01   0.100239E+01   0.100229E+01   0.100217E+01   0.100206E+01   0.100195E+01   0.100185E+01   0.100176E+01   0.100166E+01   0.100158E+01   0.100149E+01   0.100142E+01   0.100134E+01   0.100127E+01   0.100121E+01   0.100114E+01   0.100109E+01   0.100103E+01   0.100098E+01   0.100093E+01   0.100088E+01   0.100083E+01   0.100079E+01   0.100075E+01   0.100071E+01   0.100068E+01   0.100064E+01   0.100061E+01   0.100058E+01   0.100055E+01   0.100052E+01   0.100049E+01   0.100047E+01   0.100044E+01   0.100042E+01   0.100040E+01   0.100037E+01
 0.000000E+00   0.000000E+00   0.000000E+00   0.000000E+00   0.000000E+00   0.000000E+00   0.000000E+00   0.000000E+00   0.000000E+00   0.000000E+00   0.154567E+01   0.150426E+01   0.146634E+01   0.143159E+01   0.139972E+01   0.143625E+01   0.140477E+01   0.137372E+01   0.134511E+01   0.131906E+01   0.129013E+01   0.127347E+01   0.125246E+01   0.123179E+01   0.121484E+01   0.119531E+01   0.118293E+01   0.116488E+01   0.115545E+01   0.114377E+01   0.113201E+01   0.112244E+01   0.111199E+01   0.110441E+01   0.109533E+01   0.108919E+01   0.108141E+01   0.107633E+01   0.106973E+01   0.106541E+01   0.106000E+01   0.105624E+01   0.105187E+01   0.104726E+01   0.104492E+01   0.104119E+01   0.103897E+01   0.103604E+01   0.103318E+01   0.103152E+01   0.102923E+01   0.102707E+01   0.102511E+01   0.102395E+01   0.102233E+01   0.102083E+01   0.101948E+01   0.101824E+01   0.101710E+01   0.101606E+01   0.101512E+01   0.101403E+01   0.101326E+01   0.101238E+01   0.101172E+01   0.101100E+01   0.101036E+01   0.100970E+01   0.101005E+01   0.100963E+01   0.100908E+01   0.100852E+01   0.100800E+01   0.100752E+01   0.100707E+01   0.100665E+01   0.100626E+01   0.100589E+01   0.100556E+01   0.100524E+01   0.100496E+01   0.100471E+01   0.100448E+01   0.100394E+01   0.100375E+01   0.100351E+01   0.100331E+01   0.100311E+01   0.100294E+01   0.100277E+01   0.100262E+01   0.100248E+01   0.100239E+01   0.100229E+01   0.100217E+01   0.100206E+01   0.100195E+01   0.100185E+01   0.100176E+01   0.100166E+01   0.100158E+01   0.100149E+01   0.100142E+01   0.100134E+01   0.100127E+01   0.100121E+01   0.100114E+01   0.100109E+01   0.100103E+01   0.100098E+01   0.100093E+01   0.100088E+01   0.100083E+01   0.100079E+01   0.100075E+01   0.100071E+01   0.100068E+01   0.100064E+01   0.100061E+01   0.100058E+01   0.100055E+01   0.100052E+01   0.100049E+01   0.100047E+01   0.100044E+01   0.100042E+01   0.100040E+01   0.100037E+01
 0.000000E+00   0.000000E+00   0.000000E+00   0.000000E+00   0.000000E+00   0.000000E+00   0.000000E+00   0.000000E+00   0.000000E+00   0.000000E+00   0.154567E+01   0.150426E+01   0.146634E+01   0.143159E+01   0.139972E+01   0.143625E+01   0.140477E+01   0.137372E+01   0.134511E+01   0.131906E+01   0.129013E+01   0.127347E+01   0.125246E+01   0.123179E+01   0.121484E+01   0.119531E+01   0.118293E+01   0.116488E+01   0.115545E+01   0.114377E+01   0.113201E+01   0.112244E+01   0.111199E+01   0.110441E+01   0.109533E+01   0.108919E+01   0.108141E+01   0.107633E+01   0.106973E+01   0.106541E+01   0.106000E+01   0.105624E+01   0.105187E+01   0.104726E+01   0.104492E+01   0.104119E+01   0.103897E+01   0.103604E+01   0.103318E+01   0.103152E+01   0.102923E+01   0.102707E+01   0.102511E+01   0.102395E+01   0.102233E+01   0.102083E+01   0.101948E+01   0.101824E+01   0.101710E+01   0.101606E+01   0.101512E+01   0.101403E+01   0.101326E+01   0.101238E+01   0.101172E+01   0.101100E+01   0.101036E+01   0.100970E+01   0.101009E+01   0.100965E+01   0.100909E+01   0.100854E+01   0.100801E+01   0.100753E+01   0.100708E+01   0.100665E+01   0.100626E+01   0.100590E+01   0.100556E+01   0.100525E+01   0.100496E+01   0.100471E+01   0.100448E+01   0.100394E+01   0.100375E+01   0.100351E+01   0.100331E+01   0.100311E+01   0.100294E+01   0.100277E+01   0.100262E+01   0.100248E+01   0.100239E+01   0.100229E+01   0.100217E+01   0.100206E+01   0.100195E+01   0.100185E+01   0.100176E+01   0.100166E+01   0.100158E+01   0.100149E+01   0.100142E+01   0.100134E+01   0.100127E+01   0.100121E+01   0.100114E+01   0.100109E+01   0.100103E+01   0.100098E+01   0.100093E+01   0.100088E+01   0.100083E+01   0.100079E+01   0.100075E+01   0.100071E+01   0.100068E+01   0.100064E+01   0.100061E+01   0.100058E+01   0.100055E+01   0.100052E+01   0.100049E+01   0.100047E+01   0.100044E+01   0.100042E+01   0.100040E+01   0.100037E+01
 0.000000E+00   0.000000E+00   0.000000E+00   0.000000E+00   0.000000E+00   0.000000E+00   0.000000E+00   0.000000E+00   0.000000E+00   0.000000E+00   0.154567E+01   0.150426E+01   0.146634E+01   0.143159E+01   0.139972E+01   0.143625E+01   0.140477E+01   0.137372E+01   0.134511E+01   0.131906E+01   0.129013E+01   0.127347E+01   0.125246E+01   0.123179E+01   0.121484E+01   0.119531E+01   0.118293E+01   0.116488E+01   0.115545E+01   0.114377E+01   0.113201E+01   0.112244E+01   0.111199E+01   0.110441E+01   0.109533E+01   0.108919E+01   0.108141E+01   0.107633E+01   0.106973E+01   0.106541E+01   0.106000E+01   0.105624E+01   0.105187E+01   0.104726E+01   0.104492E+01   0.104119E+01   0.103897E+01   0.103604E+01   0.103318E+01   0.103152E+01   0.102923E+01   0.102707E+01   0.102511E+01   0.102395E+01   0.102233E+01   0.102083E+01   0.101948E+01   0.101824E+01   0.101710E+01   0.101606E+01   0.101512E+01   0.101403E+01   0.101326E+01   0.101238E+01   0.101172E+01   0.101100E+01   0.101036E+01   0.100970E+01   0.101014E+01   0.100968E+01   0.100911E+01   0.100855E+01   0.100802E+01   0.100754E+01   0.100708E+01   0.100666E+01   0.100627E+01   0.100590E+01   0.100556E+01   0.100525E+01   0.100497E+01   0.100471E+01   0.100449E+01   0.100394E+01   0.100375E+01   0.100351E+01   0.100331E+01   0.100311E+01   0.100294E+01   0.100277E+01   0.100262E+01   0.100248E+01   0.100239E+01   0.100229E+01   0.100218E+01   0.100206E+01   0.100196E+01   0.100185E+01   0.100176E+01   0.100166E+01   0.100158E+01   0.100149E+01   0.100142E+01   0.100134E+01   0.100127E+01   0.100121E+01   0.100114E+01   0.100109E+01   0.100103E+01   0.100098E+01   0.100093E+01   0.100088E+01   0.100083E+01   0.100079E+01   0.100075E+01   0.100071E+01   0.100068E+01   0.100064E+01   0.100061E+01   0.100058E+01   0.100055E+01   0.100052E+01   0.100049E+01   0.100047E+01   0.100044E+01   0.100042E+01   0.100040E+01   0.100037E+01
 0.000000E+00   0.000000E+00   0.000000E+00   0.000000E+00   0.000000E+00   0.000000E+00   0.000000E+00   0.000000E+00   0.000000E+00   0.000000E+00   0.154567E+01   0.150426E+01   0.146634E+01   0.143159E+01   0.139972E+01   0.143625E+01   0.140477E+01   0.137372E+01   0.134511E+01   0.131906E+01   0.129013E+01   0.127347E+01   0.125246E+01   0.123179E+01   0.121484E+01   0.119531E+01   0.118293E+01   0.116488E+01   0.115545E+01   0.114377E+01   0.113201E+01   0.112244E+01   0.111199E+01   0.110441E+01   0.109533E+01   0.108919E+01   0.108141E+01   0.107633E+01   0.106973E+01   0.106541E+01   0.106000E+01   0.105624E+01   0.105187E+01   0.104726E+01   0.104492E+01   0.104119E+01   0.103897E+01   0.103604E+01   0.103318E+01   0.103152E+01   0.102923E+01   0.102707E+01   0.102511E+01   0.102395E+01   0.102233E+01   0.102083E+01   0.101948E+01   0.101824E+01   0.101710E+01   0.101606E+01   0.101512E+01   0.101403E+01   0.101326E+01   0.101238E+01   0.101172E+01   0.101100E+01   0.101036E+01   0.100970E+01   0.101018E+01   0.100970E+01   0.100912E+01   0.100856E+01   0.100804E+01   0.100755E+01   0.100709E+01   0.100667E+01   0.100627E+01   0.100591E+01   0.100557E+01   0.100525E+01   0.100497E+01   0.100472E+01   0.100449E+01   0.100394E+01   0.100375E+01   0.100351E+01   0.100331E+01   0.100311E+01   0.100294E+01   0.100277E+01   0.100262E+01   0.100248E+01   0.100240E+01   0.100229E+01   0.100218E+01   0.100206E+01   0.100196E+01   0.100185E+01   0.100176E+01   0.100166E+01   0.100158E+01   0.100149E+01   0.100142E+01   0.100134E+01   0.100127E+01   0.100121E+01   0.100114E+01   0.100109E+01   0.100103E+01   0.100098E+01   0.100093E+01   0.100088E+01   0.100083E+01   0.100079E+01   0.100075E+01   0.100071E+01   0.100068E+01   0.100064E+01   0.100061E+01   0.100058E+01   0.100055E+01   0.100052E+01   0.100049E+01   0.100047E+01   0.100044E+01   0.100042E+01   0.100040E+01   0.100037E+01
 0.000000E+00   0.000000E+00   0.000000E+00   0.000000E+00   0.000000E+00   0.000000E+00   0.000000E+00   0.000000E+00   0.000000E+00   0.000000E+00   0.154567E+01   0.150426E+01   0.146634E+01   0.143159E+01   0.139972E+01   0.143625E+01   0.140477E+01   0.137372E+01   0.134511E+01   0.131906E+01   0.129013E+01   0.127347E+01   0.125246E+01   0.123179E+01   0.121484E+01   0.119531E+01   0.118293E+01   0.116488E+01   0.115545E+01   0.114377E+01   0.113201E+01   0.112244E+01   0.111199E+01   0.110441E+01   0.109533E+01   0.108919E+01   0.108141E+01   0.107633E+01   0.106973E+01   0.106541E+01   0.106000E+01   0.105624E+01   0.105187E+01   0.104726E+01   0.104492E+01   0.104119E+01   0.103897E+01   0.103604E+01   0.103318E+01   0.103152E+01   0.102923E+01   0.102707E+01   0.102511E+01   0.102395E+01   0.102233E+01   0.102083E+01   0.101948E+01   0.101824E+01   0.101710E+01   0.101606E+01   0.101512E+01   0.101403E+01   0.101326E+01   0.101238E+01   0.101172E+01   0.101100E+01   0.101036E+01   0.100970E+01   0.101023E+01   0.100973E+01   0.100914E+01   0.100857E+01   0.100805E+01   0.100756E+01   0.100710E+01   0.100667E+01   0.100628E+01   0.100591E+01   0.100557E+01   0.100526E+01   0.100497E+01   0.100472E+01   0.100449E+01   0.100394E+01   0.100375E+01   0.100351E+01   0.100331E+01   0.100311E+01   0.100294E+01   0.100277E+01   0.100262E+01   0.100248E+01   0.100240E+01   0.100229E+01   0.100218E+01   0.100206E+01   0.100196E+01   0.100185E+01   0.100176E+01   0.100166E+01   0.100158E+01   0.100149E+01   0.100142E+01   0.100134E+01   0.100127E+01   0.100121E+01   0.100114E+01   0.100109E+01   0.100103E+01   0.100098E+01   0.100093E+01   0.100088E+01   0.100083E+01   0.100079E+01   0.100075E+01   0.100071E+01   0.100067E+01   0.100064E+01   0.100061E+01   0.100058E+01   0.100055E+01   0.100052E+01   0.100049E+01   0.100047E+01   0.100044E+01   0.100042E+01   0.100040E+01   0.100037E+01
 0.000000E+00   0.000000E+00   0.000000E+00   0.000000E+00   0.000000E+00   0.000000E+00   0.000000E+00   0.000000E+00   0.000000E+00   0.000000E+00   0.154567E+01   0.150426E+01   0.146634E+01   0.143159E+01   0.139972E+01   0.143625E+01   0.140477E+01   0.137372E+01   0.134511E+01   0.131906E+01   0.129013E+01   0.127347E+01   0.125246E+01   0.123179E+01   0.121484E+01   0.119531E+01   0.118293E+01   0.116488E+01   0.115545E+01   0.114377E+01   0.113201E+01   0.112244E+01   0.111199E+01   0.110441E+01   0.109533E+01   0.108919E+01   0.108141E+01   0.107633E+01   0.106973E+01   0.106541E+01   0.106000E+01   0.105624E+01   0.105187E+01   0.104726E+01   0.104492E+01   0.104119E+01   0.103897E+01   0.103604E+01   0.103318E+01   0.103152E+01   0.102923E+01   0.102707E+01   0.102511E+01   0.102395E+01   0.102233E+01   0.102083E+01   0.101948E+01   0.101824E+01   0.101710E+01   0.101606E+01   0.101512E+01   0.101403E+01   0.101326E+01   0.101238E+01   0.101172E+01   0.101100E+01   0.101036E+01   0.100970E+01   0.101027E+01   0.100975E+01   0.100915E+01   0.100859E+01   0.100806E+01   0.100756E+01   0.100711E+01   0.100668E+01   0.100629E+01   0.100592E+01   0.100558E+01   0.100526E+01   0.100497E+01   0.100473E+01   0.100449E+01   0.100394E+01   0.100375E+01   0.100351E+01   0.100331E+01   0.100311E+01   0.100294E+01   0.100277E+01   0.100262E+01   0.100248E+01   0.100240E+01   0.100229E+01   0.100218E+01   0.100206E+01   0.100196E+01   0.100185E+01   0.100176E+01   0.100166E+01   0.100158E+01   0.100149E+01   0.100142E+01   0.100134E+01   0.100127E+01   0.100121E+01   0.100114E+01   0.100109E+01   0.100103E+01   0.100098E+01   0.100093E+01   0.100088E+01   0.100083E+01   0.100079E+01   0.100075E+01   0.100071E+01   0.100067E+01   0.100064E+01   0.100061E+01   0.100058E+01   0.100055E+01   0.100052E+01   0.100049E+01   0.100047E+01   0.100044E+01   0.100042E+01   0.100040E+01   0.100037E+01
 0.000000E+00   0.000000E+00   0.000000E+00   0.000000E+00   0.000000E+00   0.000000E+00   0.000000E+00   0.000000E+00   0.000000E+00   0.000000E+00   0.154567E+01   0.150426E+01   0.146634E+01   0.143159E+01   0.139972E+01   0.143625E+01   0.140477E+01   0.137372E+01   0.134511E+01   0.131906E+01   0.129013E+01   0.127347E+01   0.125246E+01   0.123179E+01   0.121484E+01   0.119531E+01   0.118293E+01   0.116488E+01   0.115545E+01   0.114377E+01   0.113201E+01   0.112244E+01   0.111199E+01   0.110441E+01   0.109533E+01   0.108919E+01   0.108141E+01   0.107633E+01   0.106973E+01   0.106541E+01   0.106000E+01   0.105624E+01   0.105187E+01   0.104726E+01   0.104492E+01   0.104119E+01   0.103897E+01   0.103604E+01   0.103318E+01   0.103152E+01   0.102923E+01   0.102707E+01   0.102511E+01   0.102395E+01   0.102233E+01   0.102083E+01   0.101948E+01   0.101824E+01   0.101710E+01   0.101606E+01   0.101512E+01   0.101403E+01   0.101326E+01   0.101238E+01   0.101172E+01   0.101100E+01   0.101036E+01   0.100970E+01   0.101032E+01   0.100977E+01   0.100917E+01   0.100860E+01   0.100807E+01   0.100757E+01   0.100711E+01   0.100669E+01   0.100629E+01   0.100592E+01   0.100558E+01   0.100527E+01   0.100498E+01   0.100473E+01   0.100449E+01   0.100394E+01   0.100375E+01   0.100351E+01   0.100331E+01   0.100311E+01   0.100294E+01   0.100277E+01   0.100262E+01   0.100248E+01   0.100240E+01   0.100229E+01   0.100218E+01   0.100206E+01   0.100196E+01   0.100185E+01   0.100176E+01   0.100166E+01   0.100158E+01   0.100150E+01   0.100142E+01   0.100134E+01   0.100127E+01   0.100121E+01   0.100115E+01   0.100109E+01   0.100103E+01   0.100098E+01   0.100093E+01   0.100088E+01   0.100083E+01   0.100079E+01   0.100075E+01   0.100071E+01   0.100067E+01   0.100064E+01   0.100061E+01   0.100058E+01   0.100055E+01   0.100052E+01   0.100049E+01   0.100047E+01   0.100044E+01   0.100042E+01   0.100040E+01   0.100037E+01
 0.000000E+00   0.000000E+00   0.000000E+00   0.000000E+00   0.000000E+00   0.000000E+00   0.000000E+00   0.000000E+00   0.000000E+00   0.000000E+00   0.154567E+01   0.150426E+01   0.146634E+01   0.143159E+01   0.139972E+01   0.143625E+01   0.140477E+01   0.137372E+01   0.134511E+01   0.131906E+01   0.129013E+01   0.127347E+01   0.125246E+01   0.123179E+01   0.121484E+01   0.119531E+01   0.118293E+01   0.116488E+01   0.115545E+01   0.114377E+01   0.113201E+01   0.112244E+01   0.111199E+01   0.110441E+01   0.109533E+01   0.108919E+01   0.108141E+01   0.107633E+01   0.106973E+01   0.106541E+01   0.106000E+01   0.105624E+01   0.105187E+01   0.104726E+01   0.104492E+01   0.104119E+01   0.103897E+01   0.103604E+01   0.103318E+01   0.103152E+01   0.102923E+01   0.102707E+01   0.102511E+01   0.102395E+01   0.102233E+01   0.102083E+01   0.101948E+01   0.101824E+01   0.101710E+01   0.101606E+01   0.101512E+01   0.101403E+01   0.101326E+01   0.101238E+01   0.101172E+01   0.101100E+01   0.101036E+01   0.101080E+01   0.101037E+01   0.100979E+01   0.100919E+01   0.100861E+01   0.100808E+01   0.100758E+01   0.100712E+01   0.100669E+01   0.100630E+01   0.100593E+01   0.100559E+01   0.100527E+01   0.100498E+01   0.100473E+01   0.100449E+01   0.100394E+01   0.100375E+01   0.100351E+01   0.100331E+01   0.100311E+01   0.100294E+01   0.100277E+01   0.100262E+01   0.100248E+01   0.100240E+01   0.100229E+01   0.100218E+01   0.100206E+01   0.100196E+01   0.100185E+01   0.100176E+01   0.100166E+01   0.100158E+01   0.100150E+01   0.100142E+01   0.100134E+01   0.100127E+01   0.100121E+01   0.100115E+01   0.100109E+01   0.100103E+01   0.100098E+01   0.100093E+01   0.100088E+01   0.100083E+01   0.100079E+01   0.100075E+01   0.100071E+01   0.100067E+01   0.100064E+01   0.100061E+01   0.100058E+01   0.100055E+01   0.100052E+01   0.100049E+01   0.100047E+01   0.100044E+01   0.100042E+01   0.100040E+01   0.100037E+01
 0.000000E+00   0.000000E+00   0.000000E+00   0.000000E+00   0.000000E+00   0.000000E+00   0.000000E+00   0.000000E+00   0.000000E+00   0.000000E+00   0.154567E+01   0.150426E+01   0.146634E+01   0.143159E+01   0.139972E+01   0.143625E+01   0.140477E+01   0.137372E+01   0.134511E+01   0.131906E+01   0.129013E+01   0.127347E+01   0.125246E+01   0.123179E+01   0.121484E+01   0.119531E+01   0.118293E+01   0.116488E+01   0.115545E+01   0.114377E+01   0.113201E+01   0.112244E+01   0.111199E+01   0.110441E+01   0.109533E+01   0.108919E+01   0.108141E+01   0.107633E+01   0.106973E+01   0.106541E+01   0.106000E+01   0.105624E+01   0.105187E+01   0.104726E+01   0.104492E+01   0.104119E+01   0.103897E+01   0.103604E+01   0.103318E+01   0.103152E+01   0.102923E+01   0.102707E+01   0.102511E+01   0.102395E+01   0.102233E+01   0.102083E+01   0.101948E+01   0.101824E+01   0.101710E+01   0.101606E+01   0.101512E+01   0.101403E+01   0.101326E+01   0.101238E+01   0.101172E+01   0.101100E+01   0.101036E+01   0.101086E+01   0.101041E+01   0.100981E+01   0.100920E+01   0.100862E+01   0.100809E+01   0.100759E+01   0.100713E+01   0.100670E+01   0.100630E+01   0.100593E+01   0.100559E+01   0.100527E+01   0.100498E+01   0.100474E+01   0.100449E+01   0.100394E+01   0.100375E+01   0.100351E+01   0.100331E+01   0.100311E+01   0.100294E+01   0.100277E+01   0.100262E+01   0.100248E+01   0.100240E+01   0.100229E+01   0.100218E+01   0.100206E+01   0.100196E+01   0.100185E+01   0.100176E+01   0.100166E+01   0.100158E+01   0.100150E+01   0.100142E+01   0.100134E+01   0.100127E+01   0.100121E+01   0.100115E+01   0.100109E+01   0.100103E+01   0.100098E+01   0.100093E+01   0.100088E+01   0.100083E+01   0.100079E+01   0.100075E+01   0.100071E+01   0.100067E+01   0.100064E+01   0.100061E+01   0.100058E+01   0.100055E+01   0.100052E+01   0.100049E+01   0.100047E+01   0.100044E+01   0.100042E+01   0.100040E+01   0.100037E+01
 0.000000E+00   0.000000E+00   0.000000E+00   0.000000E+00   0.000000E+00   0.000000E+00   0.000000E+00   0.000000E+00   0.000000E+00   0.000000E+00   0.154567E+01   0.150426E+01   0.146634E+01   0.143159E+01   0.139972E+01   0.143625E+01   0.140477E+01   0.137372E+01   0.134511E+01   0.131906E+01   0.129013E+01   0.127347E+01   0.125246E+01   0.123179E+01   0.121484E+01   0.119531E+01   0.118293E+01   0.116488E+01   0.115545E+01   0.114377E+01   0.113201E+01   0.112244E+01   0.111199E+01   0.110441E+01   0.109533E+01   0.108919E+01   0.108141E+01   0.107633E+01   0.106973E+01   0.106541E+01   0.106000E+01   0.105624E+01   0.105187E+01   0.104726E+01   0.104492E+01   0.104119E+01   0.103897E+01   0.103604E+01   0.103318E+01   0.103152E+01   0.102923E+01   0.102707E+01   0.102511E+01   0.102395E+01   0.102233E+01   0.102083E+01   0.101948E+01   0.101824E+01   0.101710E+01   0.101606E+01   0.101512E+01   0.101403E+01   0.101326E+01   0.101238E+01   0.101172E+01   0.101100E+01   0.101036E+01   0.101091E+01   0.101045E+01   0.100983E+01   0.100922E+01   0.100864E+01   0.100810E+01   0.100760E+01   0.100714E+01   0.100671E+01   0.100631E+01   0.100594E+01   0.100559E+01   0.100528E+01   0.100499E+01   0.100474E+01   0.100449E+01   0.100394E+01   0.100375E+01   0.100351E+01   0.100331E+01   0.100311E+01   0.100294E+01   0.100277E+01   0.100262E+01   0.100248E+01   0.100240E+01   0.100229E+01   0.100218E+01   0.100206E+01   0.100196E+01   0.100185E+01   0.100176E+01   0.100166E+01   0.100158E+01   0.100150E+01   0.100142E+01   0.100134E+01   0.100127E+01   0.100121E+01   0.100115E+01   0.100109E+01   0.100103E+01   0.100098E+01   0.100093E+01   0.100088E+01   0.100083E+01   0.100079E+01   0.100075E+01   0.100071E+01   0.100067E+01   0.100064E+01   0.100061E+01   0.100058E+01   0.100055E+01   0.100052E+01   0.100049E+01   0.100047E+01   0.100044E+01   0.100042E+01   0.100040E+01   0.100037E+01
 0.000000E+00   0.000000E+00   0.000000E+00   0.000000E+00   0.000000E+00   0.000000E+00   0.000000E+00   0.000000E+00   0.000000E+00   0.000000E+00   0.154567E+01   0.150426E+01   0.146634E+01   0.143159E+01   0.139972E+01   0.143625E+01   0.140477E+01   0.137372E+01   0.134511E+01   0.131906E+01   0.129013E+01   0.127347E+01   0.125246E+01   0.123179E+01   0.121484E+01   0.119531E+01   0.118293E+01   0.116488E+01   0.115545E+01   0.114377E+01   0.113201E+01   0.112244E+01   0.111199E+01   0.110441E+01   0.109533E+01   0.108919E+01   0.108141E+01   0.107633E+01   0.106973E+01   0.106541E+01   0.106000E+01   0.105624E+01   0.105187E+01   0.104726E+01   0.104492E+01   0.104119E+01   0.103897E+01   0.103604E+01   0.103318E+01   0.103152E+01   0.102923E+01   0.102707E+01   0.102511E+01   0.102395E+01   0.102233E+01   0.102083E+01   0.101948E+01   0.101824E+01   0.101710E+01   0.101606E+01   0.101512E+01   0.101403E+01   0.101326E+01   0.101238E+01   0.101172E+01   0.101100E+01   0.101036E+01   0.101097E+01   0.101048E+01   0.100985E+01   0.100923E+01   0.100865E+01   0.100811E+01   0.100761E+01   0.100714E+01   0.100671E+01   0.100631E+01   0.100594E+01   0.100560E+01   0.100528E+01   0.100499E+01   0.100475E+01   0.100449E+01   0.100394E+01   0.100375E+01   0.100351E+01   0.100331E+01   0.100311E+01   0.100294E+01   0.100277E+01   0.100262E+01   0.100248E+01   0.100240E+01   0.100229E+01   0.100218E+01   0.100206E+01   0.100196E+01   0.100185E+01   0.100176E+01   0.100167E+01   0.100158E+01   0.100150E+01   0.100142E+01   0.100134E+01   0.100127E+01   0.100121E+01   0.100115E+01   0.100109E+01   0.100103E+01   0.100098E+01   0.100093E+01   0.100088E+01   0.100083E+01   0.100079E+01   0.100075E+01   0.100071E+01   0.100067E+01   0.100064E+01   0.100061E+01   0.100058E+01   0.100055E+01   0.100052E+01   0.100049E+01   0.100047E+01   0.100044E+01   0.100042E+01   0.100040E+01   0.100037E+01
 0.000000E+00   0.000000E+00   0.000000E+00   0.000000E+00   0.000000E+00   0.000000E+00   0.000000E+00   0.000000E+00   0.000000E+00   0.000000E+00   0.154567E+01   0.150426E+01   0.146634E+01   0.143159E+01   0.139972E+01   0.143625E+01   0.140477E+01   0.137372E+01   0.134511E+01   0.131906E+01   0.129013E+01   0.127347E+01   0.125246E+01   0.123179E+01   0.121484E+01   0.119531E+01   0.118293E+01   0.116488E+01   0.115545E+01   0.114377E+01   0.113201E+01   0.112244E+01   0.111199E+01   0.110441E+01   0.109533E+01   0.108919E+01   0.108141E+01   0.107633E+01   0.106973E+01   0.106541E+01   0.106000E+01   0.105624E+01   0.105187E+01   0.104726E+01   0.104492E+01   0.104119E+01   0.103897E+01   0.103604E+01   0.103318E+01   0.103152E+01   0.102923E+01   0.102707E+01   0.102511E+01   0.102395E+01   0.102233E+01   0.102083E+01   0.101948E+01   0.101824E+01   0.101710E+01   0.101606E+01   0.101512E+01   0.101403E+01   0.101326E+01   0.101238E+01   0.101172E+01   0.101100E+01   0.101036E+01   0.101103E+01   0.101051E+01   0.100987E+01   0.100925E+01   0.100866E+01   0.100812E+01   0.100762E+01   0.100715E+01   0.100672E+01   0.100632E+01   0.100595E+01   0.100560E+01   0.100528E+01   0.100499E+01   0.100475E+01   0.100449E+01   0.100394E+01   0.100375E+01   0.100351E+01   0.100331E+01   0.100311E+01   0.100294E+01   0.100277E+01   0.100262E+01   0.100248E+01   0.100240E+01   0.100229E+01   0.100218E+01   0.100206E+01   0.100196E+01   0.100185E+01   0.100176E+01   0.100167E+01   0.100158E+01   0.100150E+01   0.100142E+01   0.100134E+01   0.100127E+01   0.100121E+01   0.100115E+01   0.100109E+01   0.100103E+01   0.100098E+01   0.100093E+01   0.100088E+01   0.100083E+01   0.100079E+01   0.100075E+01   0.100071E+01   0.100067E+01   0.100064E+01   0.100061E+01   0.100058E+01   0.100055E+01   0.100052E+01   0.100049E+01   0.100047E+01   0.100044E+01   0.100042E+01   0.100040E+01   0.100037E+01
 0.000000E+00   0.000000E+00   0.000000E+00   0.000000E+00   0.000000E+00   0.000000E+00   0.000000E+00   0.000000E+00   0.000000E+00   0.000000E+00   0.154567E+01   0.150426E+01   0.146634E+01   0.143159E+01   0.139972E+01   0.143625E+01   0.140477E+01   0.137372E+01   0.134511E+01   0.131906E+01   0.129013E+01   0.127347E+01   0.125246E+01   0.123179E+01   0.121484E+01   0.119531E+01   0.118293E+01   0.116488E+01   0.115545E+01   0.114377E+01   0.113201E+01   0.112244E+01   0.111199E+01   0.110441E+01   0.109533E+01   0.108919E+01   0.108141E+01   0.107633E+01   0.106973E+01   0.106541E+01   0.106000E+01   0.105624E+01   0.105187E+01   0.104726E+01   0.104492E+01   0.104119E+01   0.103897E+01   0.103604E+01   0.103318E+01   0.103152E+01   0.102923E+01   0.102707E+01   0.102511E+01   0.102395E+01   0.102233E+01   0.102083E+01   0.101948E+01   0.101824E+01   0.101710E+01   0.101606E+01   0.101512E+01   0.101403E+01   0.101326E+01   0.101238E+01   0.101172E+01   0.101100E+01   0.101036E+01   0.101109E+01   0.101054E+01   0.100989E+01   0.100926E+01   0.100867E+01   0.100813E+01   0.100763E+01   0.100716E+01   0.100673E+01   0.100632E+01   0.100595E+01   0.100560E+01   0.100529E+01   0.100499E+01   0.100475E+01   0.100449E+01   0.100394E+01   0.100375E+01   0.100351E+01   0.100331E+01   0.100311E+01   0.100294E+01   0.100277E+01   0.100262E+01   0.100248E+01   0.100240E+01   0.100229E+01   0.100218E+01   0.100207E+01   0.100196E+01   0.100185E+01   0.100176E+01   0.100167E+01   0.100158E+01   0.100150E+01   0.100142E+01   0.100134E+01   0.100127E+01   0.100121E+01   0.100115E+01   0.100109E+01   0.100103E+01   0.100098E+01   0.100093E+01   0.100088E+01   0.100083E+01   0.100079E+01   0.100075E+01   0.100071E+01   0.100067E+01   0.100064E+01   0.100061E+01   0.100058E+01   0.100055E+01   0.100052E+01   0.100049E+01   0.100047E+01   0.100044E+01   0.100042E+01   0.100040E+01   0.100037E+01
 0.000000E+00   0.000000E+00   0.000000E+00   0.000000E+00   0.000000E+00   0.000000E+00   0.000000E+00   0.000000E+00   0.000000E+00   0.000000E+00   0.154567E+01   0.150426E+01   0.146634E+01   0.143159E+01   0.139972E+01   0.143625E+01   0.140477E+01   0.137372E+01   0.134511E+01   0.131906E+01   0.129013E+01   0.127347E+01   0.125246E+01   0.123179E+01   0.121484E+01   0.119531E+01   0.118293E+01   0.116488E+01   0.115545E+01   0.114377E+01   0.113201E+01   0.112244E+01   0.111199E+01   0.110441E+01   0.109533E+01   0.108919E+01   0.108141E+01   0.107633E+01   0.106973E+01   0.106541E+01   0.106000E+01   0.105624E+01   0.105187E+01   0.104726E+01   0.104492E+01   0.104119E+01   0.103897E+01   0.103604E+01   0.103318E+01   0.103152E+01   0.102923E+01   0.102707E+01   0.102511E+01   0.102395E+01   0.102233E+01   0.102083E+01   0.101948E+01   0.101824E+01   0.101710E+01   0.101606E+01   0.101512E+01   0.101403E+01   0.101326E+01   0.101238E+01   0.101172E+01   0.101100E+01   0.101036E+01   0.101115E+01   0.101057E+01   0.100991E+01   0.100928E+01   0.100869E+01   0.100814E+01   0.100763E+01   0.100717E+01   0.100673E+01   0.100633E+01   0.100595E+01   0.100561E+01   0.100529E+01   0.100500E+01   0.100476E+01   0.100449E+01   0.100394E+01   0.100375E+01   0.100351E+01   0.100331E+01   0.100311E+01   0.100294E+01   0.100277E+01   0.100262E+01   0.100248E+01   0.100240E+01   0.100229E+01   0.100218E+01   0.100207E+01   0.100196E+01   0.100185E+01   0.100176E+01   0.100167E+01   0.100158E+01   0.100150E+01   0.100142E+01   0.100134E+01   0.100127E+01   0.100121E+01   0.100115E+01   0.100109E+01   0.100103E+01   0.100098E+01   0.100093E+01   0.100088E+01   0.100083E+01   0.100079E+01   0.100075E+01   0.100071E+01   0.100067E+01   0.100064E+01   0.100061E+01   0.100058E+01   0.100055E+01   0.100052E+01   0.100049E+01   0.100047E+01   0.100044E+01   0.100042E+01   0.100040E+01   0.100037E+01
 0.000000E+00   0.000000E+00   0.000000E+00   0.000000E+00   0.000000E+00   0.000000E+00   0.000000E+00   0.000000E+00   0.000000E+00   0.000000E+00   0.154567E+01   0.150426E+01   0.146634E+01   0.143159E+01   0.139972E+01   0.143625E+01   0.140477E+01   0.137372E+01   0.134511E+01   0.131906E+01   0.129013E+01   0.127347E+01   0.125246E+01   0.123179E+01   0.121484E+01   0.119531E+01   0.118293E+01   0.116488E+01   0.115545E+01   0.114377E+01   0.113201E+01   0.112244E+01   0.111199E+01   0.110441E+01   0.109533E+01   0.108919E+01   0.108141E+01   0.107633E+01   0.106973E+01   0.106541E+01   0.106000E+01   0.105624E+01   0.105187E+01   0.104726E+01   0.104492E+01   0.104119E+01   0.103897E+01   0.103604E+01   0.103318E+01   0.103152E+01   0.102923E+01   0.102707E+01   0.102511E+01   0.102395E+01   0.102233E+01   0.102083E+01   0.101948E+01   0.101824E+01   0.101710E+01   0.101606E+01   0.101512E+01   0.101403E+01   0.101326E+01   0.101238E+01   0.101172E+01   0.101100E+01   0.101036E+01   0.101121E+01   0.101060E+01   0.100993E+01   0.100929E+01   0.100870E+01   0.100815E+01   0.100764E+01   0.100717E+01   0.100674E+01   0.100633E+01   0.100596E+01   0.100561E+01   0.100529E+01   0.100500E+01   0.100476E+01   0.100449E+01   0.100394E+01   0.100375E+01   0.100351E+01   0.100331E+01   0.100311E+01   0.100294E+01   0.100277E+01   0.100262E+01   0.100248E+01   0.100240E+01   0.100229E+01   0.100218E+01   0.100207E+01   0.100196E+01   0.100185E+01   0.100176E+01   0.100167E+01   0.100158E+01   0.100150E+01   0.100142E+01   0.100134E+01   0.100127E+01   0.100121E+01   0.100114E+01   0.100109E+01   0.100103E+01   0.100098E+01   0.100093E+01   0.100088E+01   0.100083E+01   0.100079E+01   0.100075E+01   0.100071E+01   0.100067E+01   0.100064E+01   0.100061E+01   0.100058E+01   0.100055E+01   0.100052E+01   0.100049E+01   0.100047E+01   0.100044E+01   0.100042E+01   0.100040E+01   0.100037E+01
 0.000000E+00   0.000000E+00   0.000000E+00   0.000000E+00   0.000000E+00   0.000000E+00   0.000000E+00   0.000000E+00   0.000000E+00   0.000000E+00   0.154567E+01   0.150426E+01   0.146634E+01   0.143159E+01   0.139972E+01   0.143625E+01   0.140477E+01   0.137372E+01   0.134511E+01   0.131906E+01   0.129013E+01   0.127347E+01   0.125246E+01   0.123179E+01   0.121484E+01   0.119531E+01   0.118293E+01   0.116488E+01   0.115545E+01   0.114377E+01   0.113201E+01   0.112244E+01   0.111199E+01   0.110441E+01   0.109533E+01   0.108919E+01   0.108141E+01   0.107633E+01   0.106973E+01   0.106541E+01   0.106000E+01   0.105624E+01   0.105187E+01   0.104726E+01   0.104492E+01   0.104119E+01   0.103897E+01   0.103604E+01   0.103318E+01   0.103152E+01   0.102923E+01   0.102707E+01   0.102511E+01   0.102395E+01   0.102233E+01   0.102083E+01   0.101948E+01   0.101824E+01   0.101710E+01   0.101606E+01   0.101512E+01   0.101403E+01   0.101326E+01   0.101238E+01   0.101172E+01   0.101100E+01   0.101175E+01   0.101127E+01   0.101062E+01   0.100995E+01   0.100931E+01   0.100871E+01   0.100816E+01   0.100765E+01   0.100718E+01   0.100674E+01   0.100634E+01   0.100596E+01   0.100562E+01   0.100530E+01   0.100500E+01   0.100477E+01   0.100449E+01   0.100394E+01   0.100375E+01   0.100351E+01   0.100331E+01   0.100311E+01   0.100294E+01   0.100277E+01   0.100262E+01   0.100248E+01   0.100240E+01   0.100229E+01   0.100218E+01   0.100207E+01   0.100196E+01   0.100185E+01   0.100176E+01   0.100167E+01   0.100158E+01   0.100150E+01   0.100142E+01   0.100134E+01   0.100127E+01   0.100121E+01   0.100114E+01   0.100109E+01   0.100103E+01   0.100098E+01   0.100093E+01   0.100088E+01   0.100083E+01   0.100079E+01   0.100075E+01   0.100071E+01   0.100067E+01   0.100064E+01   0.100061E+01   0.100058E+01   0.100055E+01   0.100052E+01   0.100049E+01   0.100047E+01   0.100044E+01   0.100042E+01   0.100040E+01   0.100037E+01
 0.000000E+00   0.000000E+00   0.000000E+00   0.000000E+00   0.000000E+00   0.000000E+00   0.000000E+00   0.000000E+00   0.000000E+00   0.000000E+00   0.154567E+01   0.150426E+01   0.146634E+01   0.143159E+01   0.139972E+01   0.143625E+01   0.140477E+01   0.137372E+01   0.134511E+01   0.131906E+01   0.129013E+01   0.127347E+01   0.125246E+01   0.123179E+01   0.121484E+01   0.119531E+01   0.118293E+01   0.116488E+01   0.115545E+01   0.114377E+01   0.113201E+01   0.112244E+01   0.111199E+01   0.110441E+01   0.109533E+01   0.108919E+01   0.108141E+01   0.107633E+01   0.106973E+01   0.106541E+01   0.106000E+01   0.105624E+01   0.105187E+01   0.104726E+01   0.104492E+01   0.104119E+01   0.103897E+01   0.103604E+01   0.103318E+01   0.103152E+01   0.102923E+01   0.102707E+01   0.102511E+01   0.102395E+01   0.102233E+01   0.102083E+01   0.101948E+01   0.101824E+01   0.101710E+01   0.101606E+01   0.101512E+01   0.101403E+01   0.101326E+01   0.101238E+01   0.101172E+01   0.101100E+01   0.101182E+01   0.101132E+01   0.101065E+01   0.100996E+01   0.100932E+01   0.100872E+01   0.100817E+01   0.100766E+01   0.100719E+01   0.100675E+01   0.100634E+01   0.100597E+01   0.100562E+01   0.100530E+01   0.100500E+01   0.100477E+01   0.100449E+01   0.100394E+01   0.100375E+01   0.100351E+01   0.100331E+01   0.100311E+01   0.100294E+01   0.100277E+01   0.100262E+01   0.100248E+01   0.100240E+01   0.100229E+01   0.100218E+01   0.100207E+01   0.100196E+01   0.100186E+01   0.100176E+01   0.100167E+01   0.100158E+01   0.100150E+01   0.100142E+01   0.100134E+01   0.100127E+01   0.100121E+01   0.100114E+01   0.100109E+01   0.100103E+01   0.100098E+01   0.100093E+01   0.100088E+01   0.100083E+01   0.100079E+01   0.100075E+01   0.100071E+01   0.100067E+01   0.100064E+01   0.100061E+01   0.100058E+01   0.100055E+01   0.100052E+01   0.100049E+01   0.100047E+01   0.100044E+01   0.100042E+01   0.100040E+01   0.100037E+01
 0.000000E+00   0.000000E+00   0.000000E+00   0.000000E+00   0.000000E+00   0.000000E+00   0.000000E+00   0.000000E+00   0.000000E+00   0.000000E+00   0.154567E+01   0.150426E+01   0.146634E+01   0.143159E+01   0.139972E+01   0.143625E+01   0.140477E+01   0.137372E+01   0.134511E+01   0.131906E+01   0.129013E+01   0.127347E+01   0.125246E+01   0.123179E+01   0.121484E+01   0.119531E+01   0.118293E+01   0.116488E+01   0.115545E+01   0.114377E+01   0.113201E+01   0.112244E+01   0.111199E+01   0.110441E+01   0.109533E+01   0.108919E+01   0.108141E+01   0.107633E+01   0.106973E+01   0.106541E+01   0.106000E+01   0.105624E+01   0.105187E+01   0.104726E+01   0.104492E+01   0.104119E+01   0.103897E+01   0.103604E+01   0.103318E+01   0.103152E+01   0.102923E+01   0.102707E+01   0.102511E+01   0.102395E+01   0.102233E+01   0.102083E+01   0.101948E+01   0.101824E+01   0.101710E+01   0.101606E+01   0.101512E+01   0.101403E+01   0.101326E+01   0.101238E+01   0.101172E+01   0.101100E+01   0.101190E+01   0.101136E+01   0.101067E+01   0.100998E+01   0.100933E+01   0.100873E+01   0.100818E+01   0.100767E+01   0.100719E+01   0.100675E+01   0.100635E+01   0.100597E+01   0.100562E+01   0.100530E+01   0.100501E+01   0.100478E+01   0.100449E+01   0.100394E+01   0.100375E+01   0.100351E+01   0.100331E+01   0.100311E+01   0.100294E+01   0.100277E+01   0.100262E+01   0.100248E+01   0.100240E+01   0.100229E+01   0.100218E+01   0.100207E+01   0.100196E+01   0.100186E+01   0.100176E+01   0.100167E+01   0.100158E+01   0.100150E+01   0.100142E+01   0.100134E+01   0.100127E+01   0.100121E+01   0.100114E+01   0.100109E+01   0.100103E+01   0.100098E+01   0.100093E+01   0.100088E+01   0.100083E+01   0.100079E+01   0.100075E+01   0.100071E+01   0.100067E+01   0.100064E+01   0.100061E+01   0.100058E+01   0.100055E+01   0.100052E+01   0.100049E+01   0.100047E+01   0.100044E+01   0.100042E+01   0.100040E+01   0.100037E+01
 0.000000E+00   0.000000E+00   0.000000E+00   0.000000E+00   0.000000E+00   0.000000E+00   0.000000E+00   0.000000E+00   0.000000E+00   0.000000E+00   0.154567E+01   0.150426E+01   0.146634E+01   0.143159E+01   0.139972E+01   0.143625E+01   0.140477E+01   0.137372E+01   0.134511E+01   0.131906E+01   0.129013E+01   0.127347E+01   0.125246E+01   0.123179E+01   0.121484E+01   0.119531E+01   0.118293E+01   0.116488E+01   0.115545E+01   0.114377E+01   0.113201E+01   0.112244E+01   0.111199E+01   0.110441E+01   0.109533E+01   0.108919E+01   0.108141E+01   0.107633E+01   0.106973E+01   0.106541E+01   0.106000E+01   0.105624E+01   0.105187E+01   0.104726E+01   0.104492E+01   0.104119E+01   0.103897E+01   0.103604E+01   0.103318E+01   0.103152E+01   0.102923E+01   0.102707E+01   0.102511E+01   0.102395E+01   0.102233E+01   0.102083E+01   0.101948E+01   0.101824E+01   0.101710E+01   0.101606E+01   0.101512E+01   0.101403E+01   0.101326E+01   0.101238E+01   0.101172E+01   0.101100E+01   0.101198E+01   0.101141E+01   0.101070E+01   0.101000E+01   0.100935E+01   0.100875E+01   0.100819E+01   0.100768E+01   0.100720E+01   0.100676E+01   0.100635E+01   0.100597E+01   0.100563E+01   0.100530E+01   0.100501E+01   0.100478E+01   0.100449E+01   0.100394E+01   0.100375E+01   0.100351E+01   0.100331E+01   0.100311E+01   0.100294E+01   0.100277E+01   0.100262E+01   0.100248E+01   0.100240E+01   0.100229E+01   0.100218E+01   0.100207E+01   0.100196E+01   0.100186E+01   0.100176E+01   0.100167E+01   0.100158E+01   0.100150E+01   0.100142E+01   0.100134E+01   0.100127E+01   0.100121E+01   0.100114E+01   0.100109E+01   0.100103E+01   0.100098E+01   0.100093E+01   0.100088E+01   0.100083E+01   0.100079E+01   0.100075E+01   0.100071E+01   0.100067E+01   0.100064E+01   0.100061E+01   0.100058E+01   0.100055E+01   0.100052E+01   0.100049E+01   0.100047E+01   0.100044E+01   0.100042E+01   0.100040E+01   0.100037E+01
 0.000000E+00   0.000000E+00   0.000000E+00   0.000000E+00   0.000000E+00   0.000000E+00   0.000000E+00   0.000000E+00   0.000000E+00   0.000000E+00   0.154567E+01   0.150426E+01   0.146634E+01   0.143159E+01   0.139972E+01   0.143625E+01   0.140477E+01   0.137372E+01   0.134511E+01   0.131906E+01   0.129013E+01   0.127347E+01   0.125246E+01   0.123179E+01   0.121484E+01   0.119531E+01   0.118293E+01   0.116488E+01   0.115545E+01   0.114377E+01   0.113201E+01   0.112244E+01   0.111199E+01   0.110441E+01   0.109533E+01   0.108919E+01   0.108141E+01   0.107633E+01   0.106973E+01   0.106541E+01   0.106000E+01   0.105624E+01   0.105187E+01   0.104726E+01   0.104492E+01   0.104119E+01   0.103897E+01   0.103604E+01   0.103318E+01   0.103152E+01   0.102923E+01   0.102707E+01   0.102511E+01   0.102395E+01   0.102233E+01   0.102083E+01   0.101948E+01   0.101824E+01   0.101710E+01   0.101606E+01   0.101512E+01   0.101403E+01   0.101326E+01   0.101238E+01   0.101172E+01   0.101100E+01   0.101205E+01   0.101144E+01   0.101072E+01   0.101002E+01   0.100936E+01   0.100876E+01   0.100820E+01   0.100768E+01   0.100721E+01   0.100677E+01   0.100636E+01   0.100598E+01   0.100563E+01   0.100531E+01   0.100501E+01   0.100478E+01   0.100449E+01   0.100394E+01   0.100375E+01   0.100351E+01   0.100331E+01   0.100311E+01   0.100294E+01   0.100277E+01   0.100262E+01   0.100248E+01   0.100240E+01   0.100229E+01   0.100218E+01   0.100207E+01   0.100196E+01   0.100186E+01   0.100176E+01   0.100167E+01   0.100158E+01   0.100150E+01   0.100142E+01   0.100134E+01   0.100127E+01   0.100121E+01   0.100114E+01   0.100109E+01   0.100103E+01   0.100098E+01   0.100093E+01   0.100088E+01   0.100083E+01   0.100079E+01   0.100075E+01   0.100071E+01   0.100067E+01   0.100064E+01   0.100061E+01   0.100058E+01   0.100055E+01   0.100052E+01   0.100049E+01   0.100047E+01   0.100044E+01   0.100042E+01   0.100040E+01   0.100037E+01
 0.000000E+00   0.000000E+00   0.000000E+00   0.000000E+00   0.000000E+00   0.000000E+00   0.000000E+00   0.000000E+00   0.000000E+00   0.000000E+00   0.154567E+01   0.150426E+01   0.146634E+01   0.143159E+01   0.139972E+01   0.143625E+01   0.140477E+01   0.137372E+01   0.134511E+01   0.131906E+01   0.129013E+01   0.127347E+01   0.125246E+01   0.123179E+01   0.121484E+01   0.119531E+01   0.118293E+01   0.116488E+01   0.115545E+01   0.114377E+01   0.113201E+01   0.112244E+01   0.111199E+01   0.110441E+01   0.109533E+01   0.108919E+01   0.108141E+01   0.107633E+01   0.106973E+01   0.106541E+01   0.106000E+01   0.105624E+01   0.105187E+01   0.104726E+01   0.104492E+01   0.104119E+01   0.103897E+01   0.103604E+01   0.103318E+01   0.103152E+01   0.102923E+01   0.102707E+01   0.102511E+01   0.102395E+01   0.102233E+01   0.102083E+01   0.101948E+01   0.101824E+01   0.101710E+01   0.101606E+01   0.101512E+01   0.101403E+01   0.101326E+01   0.101238E+01   0.101172E+01   0.101100E+01   0.101213E+01   0.101148E+01   0.101075E+01   0.101004E+01   0.100938E+01   0.100877E+01   0.100821E+01   0.100769E+01   0.100721E+01   0.100677E+01   0.100636E+01   0.100598E+01   0.100563E+01   0.100531E+01   0.100502E+01   0.100479E+01   0.100449E+01   0.100394E+01   0.100375E+01   0.100351E+01   0.100331E+01   0.100311E+01   0.100294E+01   0.100277E+01   0.100262E+01   0.100248E+01   0.100240E+01   0.100229E+01   0.100218E+01   0.100207E+01   0.100196E+01   0.100186E+01   0.100176E+01   0.100167E+01   0.100158E+01   0.100150E+01   0.100142E+01   0.100134E+01   0.100127E+01   0.100121E+01   0.100114E+01   0.100109E+01   0.100103E+01   0.100098E+01   0.100093E+01   0.100088E+01   0.100083E+01   0.100079E+01   0.100075E+01   0.100071E+01   0.100067E+01   0.100064E+01   0.100061E+01   0.100058E+01   0.100055E+01   0.100052E+01   0.100049E+01   0.100047E+01   0.100044E+01   0.100042E+01   0.100040E+01   0.100037E+01
 0.000000E+00   0.000000E+00   0.000000E+00   0.000000E+00   0.000000E+00   0.000000E+00   0.000000E+00   0.000000E+00   0.000000E+00   0.000000E+00   0.154567E+01   0.150426E+01   0.146634E+01   0.143159E+01   0.139972E+01   0.143625E+01   0.140477E+01   0.137372E+01   0.134511E+01   0.131906E+01   0.129013E+01   0.127347E+01   0.125246E+01   0.123179E+01   0.121484E+01   0.119531E+01   0.118293E+01   0.116488E+01   0.115545E+01   0.114377E+01   0.113201E+01   0.112244E+01   0.111199E+01   0.110441E+01   0.109533E+01   0.108919E+01   0.108141E+01   0.107633E+01   0.106973E+01   0.106541E+01   0.106000E+01   0.105624E+01   0.105187E+01   0.104726E+01   0.104492E+01   0.104119E+01   0.103897E+01   0.103604E+01   0.103318E+01   0.103152E+01   0.102923E+01   0.102707E+01   0.102511E+01   0.102395E+01   0.102233E+01   0.102083E+01   0.101948E+01   0.101824E+01   0.101710E+01   0.101606E+01   0.101512E+01   0.101403E+01   0.101326E+01   0.101238E+01   0.101172E+01   0.101100E+01   0.101222E+01   0.101152E+01   0.101077E+01   0.101006E+01   0.100939E+01   0.100878E+01   0.100822E+01   0.100770E+01   0.100722E+01   0.100678E+01   0.100637E+01   0.100599E+01   0.100564E+01   0.100531E+01   0.100502E+01   0.100479E+01   0.100449E+01   0.100394E+01   0.100375E+01   0.100351E+01   0.100331E+01   0.100311E+01   0.100294E+01   0.100277E+01   0.100262E+01   0.100248E+01   0.100240E+01   0.100229E+01   0.100218E+01   0.100207E+01   0.100196E+01   0.100186E+01   0.100176E+01   0.100167E+01   0.100158E+01   0.100150E+01   0.100142E+01   0.100134E+01   0.100127E+01   0.100121E+01   0.100114E+01   0.100109E+01   0.100103E+01   0.100098E+01   0.100093E+01   0.100088E+01   0.100083E+01   0.100079E+01   0.100075E+01   0.100071E+01   0.100067E+01   0.100064E+01   0.100061E+01   0.100058E+01   0.100055E+01   0.100052E+01   0.100049E+01   0.100047E+01   0.100044E+01   0.100042E+01   0.100040E+01   0.100037E+01
 0.000000E+00   0.000000E+00   0.000000E+00   0.000000E+00   0.000000E+00   0.000000E+00   0.000000E+00   0.000000E+00   0.000000E+00   0.000000E+00   0.154567E+01   0.150426E+01   0.146634E+01   0.143159E+01   0.139972E+01   0.143625E+01   0.140477E+01   0.137372E+01   0.134511E+01   0.131906E+01   0.129013E+01   0.127347E+01   0.125246E+01   0.123179E+01   0.121484E+01   0.119531E+01   0.118293E+01   0.116488E+01   0.115545E+01   0.114377E+01   0.113201E+01   0.112244E+01   0.111199E+01   0.110441E+01   0.109533E+01   0.108919E+01   0.108141E+01   0.107633E+01   0.106973E+01   0.106541E+01   0.106000E+01   0.105624E+01   0.105187E+01   0.104726E+01   0.104492E+01   0.104119E+01   0.103897E+01   0.103604E+01   0.103318E+01   0.103152E+01   0.102923E+01   0.102707E+01   0.102511E+01   0.102395E+01   0.102233E+01   0.102083E+01   0.101948E+01   0.101824E+01   0.101710E+01   0.101606E+01   0.101512E+01   0.101403E+01   0.101326E+01   0.101238E+01   0.101172E+01   0.101283E+01   0.101229E+01   0.101155E+01   0.101079E+01   0.101007E+01   0.100941E+01   0.100879E+01   0.100823E+01   0.100771E+01   0.100723E+01   0.100678E+01   0.100637E+01   0.100599E+01   0.100564E+01   0.100532E+01   0.100502E+01   0.100479E+01   0.100449E+01   0.100394E+01   0.100375E+01   0.100351E+01   0.100331E+01   0.100311E+01   0.100294E+01   0.100277E+01   0.100262E+01   0.100248E+01   0.100240E+01   0.100229E+01   0.100218E+01   0.100207E+01   0.100196E+01   0.100186E+01   0.100176E+01   0.100167E+01   0.100158E+01   0.100150E+01   0.100142E+01   0.100134E+01   0.100127E+01   0.100121E+01   0.100114E+01   0.100109E+01   0.100103E+01   0.100098E+01   0.100093E+01   0.100088E+01   0.100083E+01   0.100079E+01   0.100075E+01   0.100071E+01   0.100067E+01   0.100064E+01   0.100061E+01   0.100058E+01   0.100055E+01   0.100052E+01   0.100049E+01   0.100047E+01   0.100044E+01   0.100042E+01   0.100040E+01   0.100037E+01
 0.000000E+00   0.000000E+00   0.000000E+00   0.000000E+00   0.000000E+00   0.000000E+00   0.000000E+00   0.000000E+00   0.000000E+00   0.000000E+00   0.154567E+01   0.150426E+01   0.146634E+01   0.143159E+01   0.139972E+01   0.143625E+01   0.140477E+01   0.137372E+01   0.134511E+01   0.131906E+01   0.129013E+01   0.127347E+01   0.125246E+01   0.123179E+01   0.121484E+01   0.119531E+01   0.118293E+01   0.116488E+01   0.115545E+01   0.114377E+01   0.113201E+01   0.112244E+01   0.111199E+01   0.110441E+01   0.109533E+01   0.108919E+01   0.108141E+01   0.107633E+01   0.106973E+01   0.106541E+01   0.106000E+01   0.105624E+01   0.105187E+01   0.104726E+01   0.104492E+01   0.104119E+01   0.103897E+01   0.103604E+01   0.103318E+01   0.103152E+01   0.102923E+01   0.102707E+01   0.102511E+01   0.102395E+01   0.102233E+01   0.102083E+01   0.101948E+01   0.101824E+01   0.101710E+01   0.101606E+01   0.101512E+01   0.101403E+01   0.101326E+01   0.101238E+01   0.101172E+01   0.101294E+01   0.101236E+01   0.101159E+01   0.101082E+01   0.101009E+01   0.100942E+01   0.100880E+01   0.100824E+01   0.100771E+01   0.100723E+01   0.100679E+01   0.100637E+01   0.100599E+01   0.100564E+01   0.100532E+01   0.100502E+01   0.100480E+01   0.100449E+01   0.100394E+01   0.100375E+01   0.100351E+01   0.100331E+01   0.100311E+01   0.100294E+01   0.100277E+01   0.100262E+01   0.100248E+01   0.100240E+01   0.100229E+01   0.100218E+01   0.100207E+01   0.100196E+01   0.100186E+01   0.100176E+01   0.100167E+01   0.100158E+01   0.100150E+01   0.100142E+01   0.100134E+01   0.100127E+01   0.100121E+01   0.100114E+01   0.100109E+01   0.100103E+01   0.100098E+01   0.100093E+01   0.100088E+01   0.100083E+01   0.100079E+01   0.100075E+01   0.100071E+01   0.100067E+01   0.100064E+01   0.100061E+01   0.100058E+01   0.100055E+01   0.100052E+01   0.100049E+01   0.100047E+01   0.100044E+01   0.100042E+01   0.100040E+01   0.100037E+01
 0.000000E+00   0.000000E+00   0.000000E+00   0.000000E+00   0.000000E+00   0.000000E+00   0.000000E+00   0.000000E+00   0.000000E+00   0.000000E+00   0.154567E+01   0.150426E+01   0.146634E+01   0.143159E+01   0.139972E+01   0.143625E+01   0.140477E+01   0.137372E+01   0.134511E+01   0.131906E+01   0.129013E+01   0.127347E+01   0.125246E+01   0.123179E+01   0.121484E+01   0.119531E+01   0.118293E+01   0.116488E+01   0.115545E+01   0.114377E+01   0.113201E+01   0.112244E+01   0.111199E+01   0.110441E+01   0.109533E+01   0.108919E+01   0.108141E+01   0.107633E+01   0.106973E+01   0.106541E+01   0.106000E+01   0.105624E+01   0.105187E+01   0.104726E+01   0.104492E+01   0.104119E+01   0.103897E+01   0.103604E+01   0.103318E+01   0.103152E+01   0.102923E+01   0.102707E+01   0.102511E+01   0.102395E+01   0.102233E+01   0.102083E+01   0.101948E+01   0.101824E+01   0.101710E+01   0.101606E+01   0.101512E+01   0.101403E+01   0.101326E+01   0.101238E+01   0.101172E+01   0.101304E+01   0.101241E+01   0.101162E+01   0.101084E+01   0.101011E+01   0.100943E+01   0.100882E+01   0.100825E+01   0.100772E+01   0.100724E+01   0.100679E+01   0.100638E+01   0.100600E+01   0.100564E+01   0.100532E+01   0.100503E+01   0.100480E+01   0.100449E+01   0.100394E+01   0.100375E+01   0.100351E+01   0.100331E+01   0.100311E+01   0.100294E+01   0.100277E+01   0.100262E+01   0.100248E+01   0.100240E+01   0.100229E+01   0.100218E+01   0.100207E+01   0.100196E+01   0.100186E+01   0.100176E+01   0.100167E+01   0.100158E+01   0.100150E+01   0.100142E+01   0.100134E+01   0.100127E+01   0.100121E+01   0.100114E+01   0.100109E+01   0.100103E+01   0.100098E+01   0.100093E+01   0.100088E+01   0.100083E+01   0.100079E+01   0.100075E+01   0.100071E+01   0.100067E+01   0.100064E+01   0.100061E+01   0.100058E+01   0.100055E+01   0.100052E+01   0.100049E+01   0.100047E+01   0.100044E+01   0.100042E+01   0.100040E+01   0.100037E+01
 0.000000E+00   0.000000E+00   0.000000E+00   0.000000E+00   0.000000E+00   0.000000E+00   0.000000E+00   0.000000E+00   0.000000E+00   0.000000E+00   0.154567E+01   0.150426E+01   0.146634E+01   0.143159E+01   0.139972E+01   0.143625E+01   0.140477E+01   0.137372E+01   0.134511E+01   0.131906E+01   0.129013E+01   0.127347E+01   0.125246E+01   0.123179E+01   0.121484E+01   0.119531E+01   0.118293E+01   0.116488E+01   0.115545E+01   0.114377E+01   0.113201E+01   0.112244E+01   0.111199E+01   0.110441E+01   0.109533E+01   0.108919E+01   0.108141E+01   0.107633E+01   0.106973E+01   0.106541E+01   0.106000E+01   0.105624E+01   0.105187E+01   0.104726E+01   0.104492E+01   0.104119E+01   0.103897E+01   0.103604E+01   0.103318E+01   0.103152E+01   0.102923E+01   0.102707E+01   0.102511E+01   0.102395E+01   0.102233E+01   0.102083E+01   0.101948E+01   0.101824E+01   0.101710E+01   0.101606E+01   0.101512E+01   0.101403E+01   0.101326E+01   0.101238E+01   0.101172E+01   0.101314E+01   0.101247E+01   0.101165E+01   0.101086E+01   0.101013E+01   0.100945E+01   0.100883E+01   0.100826E+01   0.100773E+01   0.100724E+01   0.100680E+01   0.100638E+01   0.100600E+01   0.100565E+01   0.100532E+01   0.100503E+01   0.100481E+01   0.100449E+01   0.100394E+01   0.100375E+01   0.100351E+01   0.100331E+01   0.100311E+01   0.100294E+01   0.100277E+01   0.100262E+01   0.100248E+01   0.100240E+01   0.100229E+01   0.100218E+01   0.100207E+01   0.100196E+01   0.100186E+01   0.100176E+01   0.100167E+01   0.100158E+01   0.100150E+01   0.100142E+01   0.100134E+01   0.100127E+01   0.100121E+01   0.100114E+01   0.100109E+01   0.100103E+01   0.100098E+01   0.100093E+01   0.100088E+01   0.100083E+01   0.100079E+01   0.100075E+01   0.100071E+01   0.100067E+01   0.100064E+01   0.100061E+01   0.100058E+01   0.100055E+01   0.100052E+01   0.100049E+01   0.100047E+01   0.100044E+01   0.100042E+01   0.100040E+01   0.100037E+01
 0.000000E+00   0.000000E+00   0.000000E+00   0.000000E+00   0.000000E+00   0.000000E+00   0.000000E+00   0.000000E+00   0.000000E+00   0.000000E+00   0.154567E+01   0.150426E+01   0.146634E+01   0.143159E+01   0.139972E+01   0.143625E+01   0.140477E+01   0.137372E+01   0.134511E+01   0.131906E+01   0.129013E+01   0.127347E+01   0.125246E+01   0.123179E+01   0.121484E+01   0.119531E+01   0.118293E+01   0.116488E+01   0.115545E+01   0.114377E+01   0.113201E+01   0.112244E+01   0.111199E+01   0.110441E+01   0.109533E+01   0.108919E+01   0.108141E+01   0.107633E+01   0.106973E+01   0.106541E+01   0.106000E+01   0.105624E+01   0.105187E+01   0.104726E+01   0.104492E+01   0.104119E+01   0.103897E+01   0.103604E+01   0.103318E+01   0.103152E+01   0.102923E+01   0.102707E+01   0.102511E+01   0.102395E+01   0.102233E+01   0.102083E+01   0.101948E+01   0.101824E+01   0.101710E+01   0.101606E+01   0.101512E+01   0.101403E+01   0.101326E+01   0.101238E+01   0.101172E+01   0.101325E+01   0.101252E+01   0.101168E+01   0.101088E+01   0.101014E+01   0.100946E+01   0.100884E+01   0.100826E+01   0.100774E+01   0.100725E+01   0.100680E+01   0.100639E+01   0.100600E+01   0.100565E+01   0.100533E+01   0.100503E+01   0.100481E+01   0.100449E+01   0.100394E+01   0.100375E+01   0.100351E+01   0.100331E+01   0.100311E+01   0.100294E+01   0.100277E+01   0.100262E+01   0.100248E+01   0.100240E+01   0.100229E+01   0.100218E+01   0.100207E+01   0.100196E+01   0.100186E+01   0.100176E+01   0.100167E+01   0.100158E+01   0.100150E+01   0.100142E+01   0.100134E+01   0.100127E+01   0.100121E+01   0.100114E+01   0.100109E+01   0.100103E+01   0.100098E+01   0.100093E+01   0.100088E+01   0.100083E+01   0.100079E+01   0.100075E+01   0.100071E+01   0.100067E+01   0.100064E+01   0.100061E+01   0.100058E+01   0.100055E+01   0.100052E+01   0.100049E+01   0.100047E+01   0.100044E+01   0.100042E+01   0.100040E+01   0.100037E+01
 0.000000E+00   0.000000E+00   0.000000E+00   0.000000E+00   0.000000E+00   0.000000E+00   0.000000E+00   0.000000E+00   0.000000E+00   0.000000E+00   0.154567E+01   0.150426E+01   0.146634E+01   0.143159E+01   0.139972E+01   0.143625E+01   0.140477E+01   0.137372E+01   0.134511E+01   0.131906E+01   0.129013E+01   0.127347E+01   0.125246E+01   0.123179E+01   0.121484E+01   0.119531E+01   0.118293E+01   0.116488E+01   0.115545E+01   0.114377E+01   0.113201E+01   0.112244E+01   0.111199E+01   0.110441E+01   0.109533E+01   0.108919E+01   0.108141E+01   0.107633E+01   0.106973E+01   0.106541E+01   0.106000E+01   0.105624E+01   0.105187E+01   0.104726E+01   0.104492E+01   0.104119E+01   0.103897E+01   0.103604E+01   0.103318E+01   0.103152E+01   0.102923E+01   0.102707E+01   0.102511E+01   0.102395E+01   0.102233E+01   0.102083E+01   0.101948E+01   0.101824E+01   0.101710E+01   0.101606E+01   0.101512E+01   0.101416E+01   0.101326E+01   0.101238E+01   0.101391E+01   0.101335E+01   0.101257E+01   0.101171E+01   0.101091E+01   0.101016E+01   0.100948E+01   0.100885E+01   0.100827E+01   0.100774E+01   0.100726E+01   0.100681E+01   0.100639E+01   0.100601E+01   0.100565E+01   0.100533E+01   0.100504E+01   0.100481E+01   0.100449E+01   0.100394E+01   0.100375E+01   0.100351E+01   0.100331E+01   0.100311E+01   0.100294E+01   0.100277E+01   0.100262E+01   0.100248E+01   0.100235E+01   0.100227E+01   0.100218E+01   0.100207E+01   0.100196E+01   0.100186E+01   0.100176E+01   0.100167E+01   0.100158E+01   0.100150E+01   0.100142E+01   0.100134E+01   0.100127E+01   0.100121E+01   0.100114E+01   0.100109E+01   0.100103E+01   0.100098E+01   0.100093E+01   0.100088E+01   0.100083E+01   0.100079E+01   0.100075E+01   0.100071E+01   0.100067E+01   0.100064E+01   0.100061E+01   0.100057E+01   0.100054E+01   0.100052E+01   0.100049E+01   0.100046E+01   0.100044E+01   0.100042E+01   0.100040E+01   0.100037E+01
 0.000000E+00   0.000000E+00   0.000000E+00   0.000000E+00   0.000000E+00   0.000000E+00   0.000000E+00   0.000000E+00   0.000000E+00   0.000000E+00   0.154567E+01   0.150426E+01   0.146634E+01   0.143159E+01   0.139972E+01   0.143625E+01   0.140477E+01   0.137372E+01   0.134511E+01   0.131906E+01   0.129013E+01   0.127347E+01   0.125246E+01   0.123179E+01   0.121484E+01   0.119531E+01   0.118293E+01   0.116488E+01   0.115545E+01   0.114377E+01   0.113201E+01   0.112244E+01   0.111199E+01   0.110441E+01   0.109533E+01   0.108919E+01   0.108141E+01   0.107633E+01   0.106973E+01   0.106541E+01   0.106000E+01   0.105624E+01   0.105187E+01   0.104726E+01   0.104492E+01   0.104119E+01   0.103897E+01   0.103604E+01   0.103318E+01   0.103152E+01   0.102923E+01   0.102707E+01   0.102511E+01   0.102395E+01   0.102233E+01   0.102083E+01   0.101948E+01   0.101824E+01   0.101710E+01   0.101606E+01   0.101496E+01   0.101404E+01   0.101355E+01   0.101238E+01   0.101395E+01   0.101306E+01   0.101262E+01   0.101174E+01   0.101093E+01   0.101018E+01   0.100949E+01   0.100886E+01   0.100828E+01   0.100775E+01   0.100726E+01   0.100681E+01   0.100640E+01   0.100601E+01   0.100566E+01   0.100533E+01   0.100504E+01   0.100481E+01   0.100449E+01   0.100394E+01   0.100375E+01   0.100351E+01   0.100331E+01   0.100311E+01   0.100294E+01   0.100277E+01   0.100262E+01   0.100248E+01   0.100235E+01   0.100227E+01   0.100215E+01   0.100206E+01   0.100196E+01   0.100186E+01   0.100176E+01   0.100167E+01   0.100158E+01   0.100150E+01   0.100142E+01   0.100134E+01   0.100127E+01   0.100121E+01   0.100114E+01   0.100109E+01   0.100103E+01   0.100098E+01   0.100093E+01   0.100088E+01   0.100083E+01   0.100079E+01   0.100075E+01   0.100071E+01   0.100067E+01   0.100064E+01   0.100061E+01   0.100057E+01   0.100054E+01   0.100052E+01   0.100049E+01   0.100046E+01   0.100044E+01   0.100042E+01   0.100040E+01   0.100037E+01
 0.000000E+00   0.000000E+00   0.000000E+00   0.000000E+00   0.000000E+00   0.000000E+00   0.000000E+00   0.000000E+00   0.000000E+00   0.000000E+00   0.154567E+01   0.150426E+01   0.146634E+01   0.143159E+01   0.139972E+01   0.143625E+01   0.140477E+01   0.137372E+01   0.134511E+01   0.131906E+01   0.129013E+01   0.127347E+01   0.125246E+01   0.123179E+01   0.121484E+01   0.119531E+01   0.118293E+01   0.116488E+01   0.115545E+01   0.114377E+01   0.113201E+01   0.112244E+01   0.111199E+01   0.110441E+01   0.109533E+01   0.108919E+01   0.108141E+01   0.107633E+01   0.106973E+01   0.106541E+01   0.106000E+01   0.105624E+01   0.105187E+01   0.104726E+01   0.104492E+01   0.104119E+01   0.103897E+01   0.103604E+01   0.103318E+01   0.103152E+01   0.102923E+01   0.102707E+01   0.102511E+01   0.102395E+01   0.102233E+01   0.102083E+01   0.101948E+01   0.101824E+01   0.101710E+01   0.101578E+01   0.101492E+01   0.101417E+01   0.101353E+01   0.101238E+01   0.101395E+01   0.101311E+01   0.101266E+01   0.101178E+01   0.101095E+01   0.101020E+01   0.100950E+01   0.100887E+01   0.100829E+01   0.100776E+01   0.100727E+01   0.100682E+01   0.100640E+01   0.100601E+01   0.100566E+01   0.100533E+01   0.100505E+01   0.100481E+01   0.100449E+01   0.100394E+01   0.100375E+01   0.100351E+01   0.100331E+01   0.100311E+01   0.100294E+01   0.100277E+01   0.100262E+01   0.100248E+01   0.100235E+01   0.100227E+01   0.100215E+01   0.100206E+01   0.100196E+01   0.100186E+01   0.100176E+01   0.100167E+01   0.100158E+01   0.100150E+01   0.100142E+01   0.100134E+01   0.100127E+01   0.100121E+01   0.100114E+01   0.100109E+01   0.100103E+01   0.100098E+01   0.100093E+01   0.100088E+01   0.100083E+01   0.100079E+01   0.100075E+01   0.100071E+01   0.100067E+01   0.100064E+01   0.100060E+01   0.100057E+01   0.100054E+01   0.100052E+01   0.100049E+01   0.100046E+01   0.100044E+01   0.100042E+01   0.100040E+01   0.100037E+01
 0.000000E+00   0.000000E+00   0.000000E+00   0.000000E+00   0.000000E+00   0.000000E+00   0.000000E+00   0.000000E+00   0.000000E+00   0.000000E+00   0.154567E+01   0.150426E+01   0.146634E+01   0.143159E+01   0.139972E+01   0.143625E+01   0.140477E+01   0.137372E+01   0.134511E+01   0.131906E+01   0.129013E+01   0.127347E+01   0.125246E+01   0.123179E+01   0.121484E+01   0.119531E+01   0.118293E+01   0.116488E+01   0.115545E+01   0.114377E+01   0.113201E+01   0.112244E+01   0.111199E+01   0.110441E+01   0.109533E+01   0.108919E+01   0.108141E+01   0.107633E+01   0.106973E+01   0.106541E+01   0.106000E+01   0.105624E+01   0.105187E+01   0.104726E+01   0.104492E+01   0.104119E+01   0.103897E+01   0.103604E+01   0.103318E+01   0.103152E+01   0.102923E+01   0.102707E+01   0.102511E+01   0.102395E+01   0.102233E+01   0.102083E+01   0.101948E+01   0.101824E+01   0.101710E+01   0.101614E+01   0.101488E+01   0.101424E+01   0.101353E+01   0.101238E+01   0.101395E+01   0.101315E+01   0.101271E+01   0.101181E+01   0.101098E+01   0.101021E+01   0.100952E+01   0.100888E+01   0.100830E+01   0.100777E+01   0.100727E+01   0.100682E+01   0.100640E+01   0.100602E+01   0.100566E+01   0.100533E+01   0.100505E+01   0.100481E+01   0.100449E+01   0.100394E+01   0.100375E+01   0.100351E+01   0.100331E+01   0.100311E+01   0.100294E+01   0.100277E+01   0.100262E+01   0.100248E+01   0.100235E+01   0.100227E+01   0.100215E+01   0.100204E+01   0.100195E+01   0.100186E+01   0.100176E+01   0.100167E+01   0.100158E+01   0.100150E+01   0.100142E+01   0.100134E+01   0.100127E+01   0.100121E+01   0.100114E+01   0.100109E+01   0.100103E+01   0.100098E+01   0.100093E+01   0.100088E+01   0.100083E+01   0.100079E+01   0.100075E+01   0.100071E+01   0.100067E+01   0.100064E+01   0.100060E+01   0.100057E+01   0.100054E+01   0.100052E+01   0.100049E+01   0.100046E+01   0.100044E+01   0.100042E+01   0.100040E+01   0.100037E+01
 0.000000E+00   0.000000E+00   0.000000E+00   0.000000E+00   0.000000E+00   0.000000E+00   0.000000E+00   0.000000E+00   0.000000E+00   0.000000E+00   0.154567E+01   0.150426E+01   0.146634E+01   0.143159E+01   0.139972E+01   0.143625E+01   0.140477E+01   0.137372E+01   0.134511E+01   0.131906E+01   0.129013E+01   0.127347E+01   0.125246E+01   0.123179E+01   0.121484E+01   0.119531E+01   0.118293E+01   0.116488E+01   0.115545E+01   0.114377E+01   0.113201E+01   0.112244E+01   0.111199E+01   0.110441E+01   0.109533E+01   0.108919E+01   0.108141E+01   0.107633E+01   0.106973E+01   0.106541E+01   0.106000E+01   0.105624E+01   0.105187E+01   0.104726E+01   0.104492E+01   0.104119E+01   0.103897E+01   0.103604E+01   0.103318E+01   0.103152E+01   0.102923E+01   0.102707E+01   0.102511E+01   0.102395E+01   0.102233E+01   0.102083E+01   0.101948E+01   0.101824E+01   0.101710E+01   0.101633E+01   0.101500E+01   0.101427E+01   0.101355E+01   0.101238E+01   0.101395E+01   0.101320E+01   0.101275E+01   0.101184E+01   0.101100E+01   0.101023E+01   0.100953E+01   0.100889E+01   0.100831E+01   0.100777E+01   0.100728E+01   0.100683E+01   0.100641E+01   0.100602E+01   0.100566E+01   0.100534E+01   0.100506E+01   0.100481E+01   0.100449E+01   0.100394E+01   0.100375E+01   0.100351E+01   0.100331E+01   0.100311E+01   0.100294E+01   0.100277E+01   0.100262E+01   0.100248E+01   0.100235E+01   0.100227E+01   0.100215E+01   0.100204E+01   0.100195E+01   0.100186E+01   0.100176E+01   0.100167E+01   0.100158E+01   0.100150E+01   0.100142E+01   0.100134E+01   0.100127E+01   0.100121E+01   0.100114E+01   0.100109E+01   0.100103E+01   0.100098E+01   0.100093E+01   0.100088E+01   0.100083E+01   0.100079E+01   0.100075E+01   0.100071E+01   0.100067E+01   0.100064E+01   0.100060E+01   0.100057E+01   0.100054E+01   0.100052E+01   0.100049E+01   0.100046E+01   0.100044E+01   0.100042E+01   0.100040E+01   0.100037E+01
 0.000000E+00   0.000000E+00   0.000000E+00   0.000000E+00   0.000000E+00   0.000000E+00   0.000000E+00   0.000000E+00   0.000000E+00   0.000000E+00   0.154567E+01   0.150426E+01   0.146634E+01   0.143159E+01   0.139972E+01   0.143625E+01   0.140477E+01   0.137372E+01   0.134511E+01   0.131906E+01   0.129013E+01   0.127347E+01   0.125246E+01   0.123179E+01   0.121484E+01   0.119531E+01   0.118293E+01   0.116488E+01   0.115545E+01   0.114377E+01   0.113201E+01   0.112244E+01   0.111199E+01   0.110441E+01   0.109533E+01   0.108919E+01   0.108141E+01   0.107633E+01   0.106973E+01   0.106541E+01   0.106000E+01   0.105624E+01   0.105187E+01   0.104726E+01   0.104492E+01   0.104119E+01   0.103897E+01   0.103604E+01   0.103318E+01   0.103152E+01   0.102923E+01   0.102707E+01   0.102511E+01   0.102395E+01   0.102233E+01   0.102083E+01   0.101948E+01   0.101824E+01   0.101710E+01   0.101578E+01   0.101511E+01   0.101428E+01   0.101358E+01   0.101238E+01   0.101395E+01   0.101324E+01   0.101280E+01   0.101187E+01   0.101102E+01   0.101025E+01   0.100955E+01   0.100890E+01   0.100832E+01   0.100778E+01   0.100729E+01   0.100683E+01   0.100641E+01   0.100602E+01   0.100567E+01   0.100534E+01   0.100506E+01   0.100481E+01   0.100449E+01   0.100394E+01   0.100375E+01   0.100351E+01   0.100331E+01   0.100311E+01   0.100294E+01   0.100277E+01   0.100262E+01   0.100248E+01   0.100235E+01   0.100227E+01   0.100215E+01   0.100204E+01   0.100195E+01   0.100186E+01   0.100176E+01   0.100167E+01   0.100158E+01   0.100150E+01   0.100142E+01   0.100134E+01   0.100127E+01   0.100121E+01   0.100114E+01   0.100109E+01   0.100103E+01   0.100098E+01   0.100093E+01   0.100088E+01   0.100083E+01   0.100079E+01   0.100075E+01   0.100071E+01   0.100067E+01   0.100064E+01   0.100060E+01   0.100057E+01   0.100054E+01   0.100052E+01   0.100049E+01   0.100046E+01   0.100044E+01   0.100042E+01   0.100040E+01   0.100037E+01
 0.000000E+00   0.000000E+00   0.000000E+00   0.000000E+00   0.000000E+00   0.000000E+00   0.000000E+00   0.000000E+00   0.000000E+00   0.000000E+00   0.154567E+01   0.150426E+01   0.146634E+01   0.143159E+01   0.139972E+01   0.143625E+01   0.140477E+01   0.137372E+01   0.134511E+01   0.131906E+01   0.129013E+01   0.127347E+01   0.125246E+01   0.123179E+01   0.121484E+01   0.119531E+01   0.118293E+01   0.116488E+01   0.115545E+01   0.114377E+01   0.113201E+01   0.112244E+01   0.111199E+01   0.110441E+01   0.109533E+01   0.108919E+01   0.108141E+01   0.107633E+01   0.106973E+01   0.106541E+01   0.106000E+01   0.105624E+01   0.105187E+01   0.104726E+01   0.104492E+01   0.104119E+01   0.103897E+01   0.103604E+01   0.103318E+01   0.103152E+01   0.102923E+01   0.102707E+01   0.102511E+01   0.102395E+01   0.102233E+01   0.102083E+01   0.101948E+01   0.101824E+01   0.101710E+01   0.101591E+01   0.101516E+01   0.101428E+01   0.101361E+01   0.101238E+01   0.101395E+01   0.101328E+01   0.101284E+01   0.101190E+01   0.101104E+01   0.101027E+01   0.100956E+01   0.100892E+01   0.100833E+01   0.100779E+01   0.100729E+01   0.100684E+01   0.100642E+01   0.100603E+01   0.100567E+01   0.100534E+01   0.100507E+01   0.100481E+01   0.100449E+01   0.100394E+01   0.100375E+01   0.100351E+01   0.100331E+01   0.100311E+01   0.100294E+01   0.100277E+01   0.100262E+01   0.100248E+01   0.100235E+01   0.100227E+01   0.100215E+01   0.100204E+01   0.100195E+01   0.100186E+01   0.100176E+01   0.100167E+01   0.100158E+01   0.100150E+01   0.100142E+01   0.100134E+01   0.100127E+01   0.100121E+01   0.100114E+01   0.100108E+01   0.100103E+01   0.100098E+01   0.100093E+01   0.100088E+01   0.100083E+01   0.100079E+01   0.100075E+01   0.100071E+01   0.100067E+01   0.100064E+01   0.100060E+01   0.100057E+01   0.100054E+01   0.100052E+01   0.100049E+01   0.100046E+01   0.100044E+01   0.100042E+01   0.100040E+01   0.100037E+01
 0.000000E+00   0.000000E+00   0.000000E+00   0.000000E+00   0.000000E+00   0.000000E+00   0.000000E+00   0.000000E+00   0.000000E+00   0.000000E+00   0.154567E+01   0.150426E+01   0.146634E+01   0.143159E+01   0.139972E+01   0.143625E+01   0.140477E+01   0.137372E+01   0.134511E+01   0.131906E+01   0.129013E+01   0.127347E+01   0.125246E+01   0.123179E+01   0.121484E+01   0.119531E+01   0.118293E+01   0.116488E+01   0.115545E+01   0.114377E+01   0.113201E+01   0.112244E+01   0.111199E+01   0.110441E+01   0.109533E+01   0.108919E+01   0.108141E+01   0.107633E+01   0.106973E+01   0.106541E+01   0.106000E+01   0.105624E+01   0.105187E+01   0.104726E+01   0.104492E+01   0.104119E+01   0.103897E+01   0.103604E+01   0.103318E+01   0.103152E+01   0.102923E+01   0.102707E+01   0.102511E+01   0.102395E+01   0.102233E+01   0.102083E+01   0.101948E+01   0.101824E+01   0.101675E+01   0.101605E+01   0.101518E+01   0.101428E+01   0.101365E+01   0.101238E+01   0.101395E+01   0.101333E+01   0.101288E+01   0.101193E+01   0.101107E+01   0.101028E+01   0.100957E+01   0.100893E+01   0.100834E+01   0.100779E+01   0.100730E+01   0.100684E+01   0.100642E+01   0.100603E+01   0.100567E+01   0.100534E+01   0.100507E+01   0.100481E+01   0.100449E+01   0.100394E+01   0.100375E+01   0.100351E+01   0.100331E+01   0.100311E+01   0.100294E+01   0.100277E+01   0.100262E+01   0.100248E+01   0.100235E+01   0.100227E+01   0.100215E+01   0.100204E+01   0.100195E+01   0.100186E+01   0.100176E+01   0.100167E+01   0.100158E+01   0.100150E+01   0.100142E+01   0.100134E+01   0.100127E+01   0.100121E+01   0.100114E+01   0.100108E+01   0.100103E+01   0.100098E+01   0.100093E+01   0.100088E+01   0.100083E+01   0.100079E+01   0.100075E+01   0.100071E+01   0.100067E+01   0.100064E+01   0.100060E+01   0.100057E+01   0.100054E+01   0.100052E+01   0.100049E+01   0.100046E+01   0.100044E+01   0.100042E+01   0.100040E+01   0.100037E+01
 0.000000E+00   0.000000E+00   0.000000E+00   0.000000E+00   0.000000E+00   0.000000E+00   0.000000E+00   0.000000E+00   0.000000E+00   0.000000E+00   0.154567E+01   0.150426E+01   0.146634E+01   0.143159E+01   0.139972E+01   0.143625E+01   0.140477E+01   0.137372E+01   0.134511E+01   0.131906E+01   0.129013E+01   0.127347E+01   0.125246E+01   0.123179E+01   0.121484E+01   0.119531E+01   0.118293E+01   0.116488E+01   0.115545E+01   0.114377E+01   0.113201E+01   0.112244E+01   0.111199E+01   0.110441E+01   0.109533E+01   0.108919E+01   0.108141E+01   0.107633E+01   0.106973E+01   0.106541E+01   0.106000E+01   0.105624E+01   0.105187E+01   0.104726E+01   0.104492E+01   0.104119E+01   0.103897E+01   0.103604E+01   0.103318E+01   0.103152E+01   0.102923E+01   0.102707E+01   0.102511E+01   0.102395E+01   0.102233E+01   0.102083E+01   0.101948E+01   0.101824E+01   0.101691E+01   0.101611E+01   0.101519E+01   0.101428E+01   0.101369E+01   0.101238E+01   0.101395E+01   0.101337E+01   0.101292E+01   0.101196E+01   0.101109E+01   0.101030E+01   0.100959E+01   0.100894E+01   0.100834E+01   0.100780E+01   0.100730E+01   0.100685E+01   0.100642E+01   0.100603E+01   0.100568E+01   0.100534E+01   0.100507E+01   0.100481E+01   0.100449E+01   0.100394E+01   0.100375E+01   0.100351E+01   0.100331E+01   0.100311E+01   0.100294E+01   0.100277E+01   0.100262E+01   0.100248E+01   0.100235E+01   0.100227E+01   0.100215E+01   0.100204E+01   0.100195E+01   0.100185E+01   0.100176E+01   0.100167E+01   0.100158E+01   0.100150E+01   0.100142E+01   0.100134E+01   0.100127E+01   0.100121E+01   0.100114E+01   0.100108E+01   0.100103E+01   0.100098E+01   0.100093E+01   0.100088E+01   0.100083E+01   0.100079E+01   0.100075E+01   0.100071E+01   0.100067E+01   0.100064E+01   0.100060E+01   0.100057E+01   0.100054E+01   0.100052E+01   0.100049E+01   0.100046E+01   0.100044E+01   0.100042E+01   0.100040E+01   0.100037E+01
 0.000000E+00   0.000000E+00   0.000000E+00   0.000000E+00   0.000000E+00   0.000000E+00   0.000000E+00   0.000000E+00   0.000000E+00   0.000000E+00   0.154567E+01   0.150426E+01   0.146634E+01   0.143159E+01   0.139972E+01   0.143625E+01   0.140477E+01   0.137372E+01   0.134511E+01   0.131906E+01   0.129013E+01   0.127347E+01   0.125246E+01   0.123179E+01   0.121484E+01   0.119531E+01   0.118293E+01   0.116488E+01   0.115545E+01   0.114377E+01   0.113201E+01   0.112244E+01   0.111199E+01   0.110441E+01   0.109533E+01   0.108919E+01   0.108141E+01   0.107633E+01   0.106973E+01   0.106541E+01   0.106000E+01   0.105624E+01   0.105187E+01   0.104726E+01   0.104492E+01   0.104119E+01   0.103897E+01   0.103604E+01   0.103318E+01   0.103152E+01   0.102923E+01   0.102707E+01   0.102511E+01   0.102395E+01   0.102233E+01   0.102083E+01   0.101948E+01   0.101782E+01   0.101707E+01   0.101614E+01   0.101519E+01   0.101428E+01   0.101372E+01   0.101238E+01   0.101395E+01   0.101341E+01   0.101297E+01   0.101199E+01   0.101111E+01   0.101032E+01   0.100960E+01   0.100895E+01   0.100835E+01   0.100781E+01   0.100731E+01   0.100685E+01   0.100643E+01   0.100604E+01   0.100568E+01   0.100535E+01   0.100508E+01   0.100481E+01   0.100449E+01   0.100394E+01   0.100375E+01   0.100351E+01   0.100331E+01   0.100311E+01   0.100294E+01   0.100277E+01   0.100262E+01   0.100248E+01   0.100235E+01   0.100227E+01   0.100215E+01   0.100204E+01   0.100193E+01   0.100185E+01   0.100176E+01   0.100167E+01   0.100158E+01   0.100150E+01   0.100142E+01   0.100134E+01   0.100127E+01   0.100121E+01   0.100114E+01   0.100108E+01   0.100103E+01   0.100098E+01   0.100093E+01   0.100088E+01   0.100083E+01   0.100079E+01   0.100075E+01   0.100071E+01   0.100067E+01   0.100064E+01   0.100060E+01   0.100057E+01   0.100054E+01   0.100052E+01   0.100049E+01   0.100046E+01   0.100044E+01   0.100042E+01   0.100040E+01   0.100037E+01
 0.000000E+00   0.000000E+00   0.000000E+00   0.000000E+00   0.000000E+00   0.000000E+00   0.000000E+00   0.000000E+00   0.000000E+00   0.000000E+00   0.154567E+01   0.150426E+01   0.146634E+01   0.143159E+01   0.139972E+01   0.143625E+01   0.140477E+01   0.137372E+01   0.134511E+01   0.131906E+01   0.129013E+01   0.127347E+01   0.125246E+01   0.123179E+01   0.121484E+01   0.119531E+01   0.118293E+01   0.116488E+01   0.115545E+01   0.114377E+01   0.113201E+01   0.112244E+01   0.111199E+01   0.110441E+01   0.109533E+01   0.108919E+01   0.108141E+01   0.107633E+01   0.106973E+01   0.106541E+01   0.106000E+01   0.105624E+01   0.105187E+01   0.104726E+01   0.104492E+01   0.104119E+01   0.103897E+01   0.103604E+01   0.103318E+01   0.103152E+01   0.102923E+01   0.102707E+01   0.102511E+01   0.102395E+01   0.102233E+01   0.102083E+01   0.101948E+01   0.101801E+01   0.101715E+01   0.101615E+01   0.101519E+01   0.101428E+01   0.101376E+01   0.101238E+01   0.101395E+01   0.101345E+01   0.101301E+01   0.101202E+01   0.101113E+01   0.101034E+01   0.100961E+01   0.100896E+01   0.100836E+01   0.100782E+01   0.100731E+01   0.100685E+01   0.100643E+01   0.100604E+01   0.100568E+01   0.100535E+01   0.100508E+01   0.100481E+01   0.100449E+01   0.100394E+01   0.100375E+01   0.100351E+01   0.100331E+01   0.100311E+01   0.100294E+01   0.100277E+01   0.100262E+01   0.100248E+01   0.100235E+01   0.100227E+01   0.100215E+01   0.100204E+01   0.100193E+01   0.100185E+01   0.100176E+01   0.100167E+01   0.100158E+01   0.100150E+01   0.100142E+01   0.100134E+01   0.100127E+01   0.100121E+01   0.100114E+01   0.100108E+01   0.100103E+01   0.100098E+01   0.100092E+01   0.100088E+01   0.100083E+01   0.100079E+01   0.100075E+01   0.100071E+01   0.100067E+01   0.100064E+01   0.100060E+01   0.100057E+01   0.100054E+01   0.100052E+01   0.100049E+01   0.100046E+01   0.100044E+01   0.100042E+01   0.100040E+01   0.100037E+01
 0.000000E+00   0.000000E+00   0.000000E+00   0.000000E+00   0.000000E+00   0.000000E+00   0.000000E+00   0.000000E+00   0.000000E+00   0.000000E+00   0.154567E+01   0.150426E+01   0.146634E+01   0.143159E+01   0.139972E+01   0.143625E+01   0.140477E+01   0.137372E+01   0.134511E+01   0.131906E+01   0.129013E+01   0.127347E+01   0.125246E+01   0.123179E+01   0.121484E+01   0.119531E+01   0.118293E+01   0.116488E+01   0.115545E+01   0.114377E+01   0.113201E+01   0.112244E+01   0.111199E+01   0.110441E+01   0.109533E+01   0.108919E+01   0.108141E+01   0.107633E+01   0.106973E+01   0.106541E+01   0.106000E+01   0.105624E+01   0.105187E+01   0.104726E+01   0.104492E+01   0.104119E+01   0.103897E+01   0.103604E+01   0.103318E+01   0.103152E+01   0.102923E+01   0.102707E+01   0.102511E+01   0.102395E+01   0.102233E+01   0.102083E+01   0.101901E+01   0.101819E+01   0.101718E+01   0.101616E+01   0.101519E+01   0.101428E+01   0.101380E+01   0.101238E+01   0.101395E+01   0.101350E+01   0.101305E+01   0.101205E+01   0.101116E+01   0.101035E+01   0.100963E+01   0.100897E+01   0.100837E+01   0.100782E+01   0.100732E+01   0.100686E+01   0.100643E+01   0.100604E+01   0.100568E+01   0.100535E+01   0.100509E+01   0.100481E+01   0.100449E+01   0.100394E+01   0.100375E+01   0.100351E+01   0.100331E+01   0.100311E+01   0.100294E+01   0.100277E+01   0.100262E+01   0.100248E+01   0.100235E+01   0.100227E+01   0.100215E+01   0.100204E+01   0.100193E+01   0.100185E+01   0.100176E+01   0.100167E+01   0.100158E+01   0.100150E+01   0.100142E+01   0.100134E+01   0.100127E+01   0.100121E+01   0.100114E+01   0.100108E+01   0.100103E+01   0.100098E+01   0.100092E+01   0.100088E+01   0.100083E+01   0.100079E+01   0.100075E+01   0.100071E+01   0.100067E+01   0.100064E+01   0.100060E+01   0.100057E+01   0.100054E+01   0.100052E+01   0.100049E+01   0.100046E+01   0.100044E+01   0.100042E+01   0.100040E+01   0.100037E+01
 0.000000E+00   0.000000E+00   0.000000E+00   0.000000E+00   0.000000E+00   0.000000E+00   0.000000E+00   0.000000E+00   0.000000E+00   0.000000E+00   0.154567E+01   0.150426E+01   0.146634E+01   0.143159E+01   0.139972E+01   0.143625E+01   0.140477E+01   0.137372E+01   0.134511E+01   0.131906E+01   0.129013E+01   0.127347E+01   0.125246E+01   0.123179E+01   0.121484E+01   0.119531E+01   0.118293E+01   0.116488E+01   0.115545E+01   0.114377E+01   0.113201E+01   0.112244E+01   0.111199E+01   0.110441E+01   0.109533E+01   0.108919E+01   0.108141E+01   0.107633E+01   0.106973E+01   0.106541E+01   0.106000E+01   0.105624E+01   0.105187E+01   0.104726E+01   0.104492E+01   0.104119E+01   0.103897E+01   0.103604E+01   0.103318E+01   0.103152E+01   0.102923E+01   0.102707E+01   0.102511E+01   0.102395E+01   0.102233E+01   0.102083E+01   0.101924E+01   0.101826E+01   0.101719E+01   0.101616E+01   0.101519E+01   0.101428E+01   0.101384E+01   0.101238E+01   0.101395E+01   0.101354E+01   0.101309E+01   0.101208E+01   0.101118E+01   0.101037E+01   0.100964E+01   0.100898E+01   0.100838E+01   0.100783E+01   0.100733E+01   0.100686E+01   0.100644E+01   0.100605E+01   0.100569E+01   0.100535E+01   0.100509E+01   0.100481E+01   0.100449E+01   0.100394E+01   0.100375E+01   0.100351E+01   0.100331E+01   0.100311E+01   0.100294E+01   0.100277E+01   0.100262E+01   0.100248E+01   0.100235E+01   0.100227E+01   0.100215E+01   0.100204E+01   0.100193E+01   0.100185E+01   0.100176E+01   0.100167E+01   0.100158E+01   0.100150E+01   0.100142E+01   0.100134E+01   0.100127E+01   0.100121E+01   0.100114E+01   0.100108E+01   0.100103E+01   0.100098E+01   0.100092E+01   0.100088E+01   0.100083E+01   0.100079E+01   0.100075E+01   0.100071E+01   0.100067E+01   0.100064E+01   0.100060E+01   0.100057E+01   0.100054E+01   0.100052E+01   0.100049E+01   0.100046E+01   0.100044E+01   0.100042E+01   0.100040E+01   0.100037E+01
 0.000000E+00   0.000000E+00   0.000000E+00   0.000000E+00   0.000000E+00   0.000000E+00   0.000000E+00   0.000000E+00   0.000000E+00   0.000000E+00   0.154567E+01   0.150426E+01   0.146634E+01   0.143159E+01   0.139972E+01   0.143625E+01   0.140477E+01   0.137372E+01   0.134511E+01   0.131906E+01   0.129013E+01   0.127347E+01   0.125246E+01   0.123179E+01   0.121484E+01   0.119531E+01   0.118293E+01   0.116488E+01   0.115545E+01   0.114377E+01   0.113201E+01   0.112244E+01   0.111199E+01   0.110441E+01   0.109533E+01   0.108919E+01   0.108141E+01   0.107633E+01   0.106973E+01   0.106541E+01   0.106000E+01   0.105624E+01   0.105187E+01   0.104726E+01   0.104492E+01   0.104119E+01   0.103897E+01   0.103604E+01   0.103318E+01   0.103152E+01   0.102923E+01   0.102707E+01   0.102511E+01   0.102395E+01   0.102233E+01   0.102035E+01   0.101941E+01   0.101829E+01   0.101720E+01   0.101616E+01   0.101519E+01   0.101429E+01   0.101387E+01   0.101238E+01   0.101395E+01   0.101358E+01   0.101314E+01   0.101211E+01   0.101120E+01   0.101039E+01   0.100966E+01   0.100899E+01   0.100839E+01   0.100784E+01   0.100733E+01   0.100687E+01   0.100644E+01   0.100605E+01   0.100569E+01   0.100535E+01   0.100510E+01   0.100481E+01   0.100449E+01   0.100394E+01   0.100375E+01   0.100351E+01   0.100331E+01   0.100311E+01   0.100294E+01   0.100277E+01   0.100262E+01   0.100248E+01   0.100235E+01   0.100227E+01   0.100215E+01   0.100204E+01   0.100193E+01   0.100185E+01   0.100176E+01   0.100167E+01   0.100158E+01   0.100150E+01   0.100142E+01   0.100134E+01   0.100127E+01   0.100121E+01   0.100114E+01   0.100108E+01   0.100103E+01   0.100098E+01   0.100092E+01   0.100088E+01   0.100083E+01   0.100079E+01   0.100075E+01   0.100071E+01   0.100067E+01   0.100064E+01   0.100060E+01   0.100057E+01   0.100054E+01   0.100052E+01   0.100049E+01   0.100046E+01   0.100044E+01   0.100042E+01   0.100040E+01   0.100037E+01
 0.000000E+00   0.000000E+00   0.000000E+00   0.000000E+00   0.000000E+00   0.000000E+00   0.000000E+00   0.000000E+00   0.000000E+00   0.000000E+00   0.154567E+01   0.150426E+01   0.146634E+01   0.143159E+01   0.139972E+01   0.143625E+01   0.140477E+01   0.137372E+01   0.134511E+01   0.131906E+01   0.129013E+01   0.127347E+01   0.125246E+01   0.123179E+01   0.121484E+01   0.119531E+01   0.118293E+01   0.116488E+01   0.115545E+01   0.114377E+01   0.113201E+01   0.112244E+01   0.111199E+01   0.110441E+01   0.109533E+01   0.108919E+01   0.108141E+01   0.107633E+01   0.106973E+01   0.106541E+01   0.106000E+01   0.105624E+01   0.105187E+01   0.104726E+01   0.104492E+01   0.104119E+01   0.103897E+01   0.103604E+01   0.103318E+01   0.103152E+01   0.102923E+01   0.102707E+01   0.102511E+01   0.102395E+01   0.102155E+01   0.102062E+01   0.101947E+01   0.101831E+01   0.101720E+01   0.101616E+01   0.101519E+01   0.101430E+01   0.101389E+01   0.101238E+01   0.101395E+01   0.101363E+01   0.101318E+01   0.101214E+01   0.101123E+01   0.101041E+01   0.100967E+01   0.100900E+01   0.100840E+01   0.100784E+01   0.100734E+01   0.100687E+01   0.100644E+01   0.100605E+01   0.100569E+01   0.100536E+01   0.100510E+01   0.100481E+01   0.100449E+01   0.100394E+01   0.100375E+01   0.100351E+01   0.100331E+01   0.100311E+01   0.100294E+01   0.100277E+01   0.100262E+01   0.100248E+01   0.100235E+01   0.100227E+01   0.100215E+01   0.100204E+01   0.100193E+01   0.100185E+01   0.100176E+01   0.100167E+01   0.100158E+01   0.100150E+01   0.100142E+01   0.100134E+01   0.100127E+01   0.100121E+01   0.100114E+01   0.100108E+01   0.100103E+01   0.100098E+01   0.100092E+01   0.100088E+01   0.100083E+01   0.100079E+01   0.100075E+01   0.100071E+01   0.100067E+01   0.100064E+01   0.100060E+01   0.100057E+01   0.100054E+01   0.100052E+01   0.100049E+01   0.100046E+01   0.100044E+01   0.100042E+01   0.100040E+01   0.100037E+01
 0.000000E+00   0.000000E+00   0.000000E+00   0.000000E+00   0.000000E+00   0.000000E+00   0.000000E+00   0.000000E+00   0.000000E+00   0.000000E+00   0.154567E+01   0.150426E+01   0.146634E+01   0.143159E+01   0.139972E+01   0.143625E+01   0.140477E+01   0.137372E+01   0.134511E+01   0.131906E+01   0.129013E+01   0.127347E+01   0.125246E+01   0.123179E+01   0.121484E+01   0.119531E+01   0.118293E+01   0.116488E+01   0.115545E+01   0.114377E+01   0.113201E+01   0.112244E+01   0.111199E+01   0.110441E+01   0.109533E+01   0.108919E+01   0.108141E+01   0.107633E+01   0.106973E+01   0.106541E+01   0.106000E+01   0.105624E+01   0.105187E+01   0.104726E+01   0.104492E+01   0.104119E+01   0.103897E+01   0.103604E+01   0.103318E+01   0.103152E+01   0.102923E+01   0.102707E+01   0.102511E+01   0.102395E+01   0.102187E+01   0.102073E+01   0.101949E+01   0.101831E+01   0.101720E+01   0.101616E+01   0.101519E+01   0.101432E+01   0.101389E+01   0.101238E+01   0.101395E+01   0.101367E+01   0.101322E+01   0.101217E+01   0.101125E+01   0.101043E+01   0.100968E+01   0.100901E+01   0.100841E+01   0.100785E+01   0.100734E+01   0.100688E+01   0.100645E+01   0.100605E+01   0.100569E+01   0.100536E+01   0.100511E+01   0.100481E+01   0.100449E+01   0.100394E+01   0.100375E+01   0.100351E+01   0.100331E+01   0.100311E+01   0.100294E+01   0.100277E+01   0.100262E+01   0.100248E+01   0.100235E+01   0.100227E+01   0.100215E+01   0.100204E+01   0.100193E+01   0.100185E+01   0.100176E+01   0.100167E+01   0.100158E+01   0.100150E+01   0.100142E+01   0.100134E+01   0.100127E+01   0.100121E+01   0.100114E+01   0.100108E+01   0.100103E+01   0.100098E+01   0.100092E+01   0.100088E+01   0.100083E+01   0.100079E+01   0.100075E+01   0.100071E+01   0.100067E+01   0.100064E+01   0.100060E+01   0.100057E+01   0.100054E+01   0.100052E+01   0.100049E+01   0.100046E+01   0.100044E+01   0.100042E+01   0.100040E+01   0.100037E+01
 0.000000E+00   0.000000E+00   0.000000E+00   0.000000E+00   0.000000E+00   0.000000E+00   0.000000E+00   0.000000E+00   0.000000E+00   0.000000E+00   0.154567E+01   0.150426E+01   0.146634E+01   0.143159E+01   0.139972E+01   0.143625E+01   0.140477E+01   0.137372E+01   0.134511E+01   0.131906E+01   0.129013E+01   0.127347E+01   0.125246E+01   0.123179E+01   0.121484E+01   0.119531E+01   0.118293E+01   0.116488E+01   0.115545E+01   0.114377E+01   0.113201E+01   0.112244E+01   0.111199E+01   0.110441E+01   0.109533E+01   0.108919E+01   0.108141E+01   0.107633E+01   0.106973E+01   0.106541E+01   0.106000E+01   0.105624E+01   0.105187E+01   0.104726E+01   0.104492E+01   0.104119E+01   0.103897E+01   0.103604E+01   0.103318E+01   0.103152E+01   0.102923E+01   0.102707E+01   0.102511E+01   0.102323E+01   0.102207E+01   0.102076E+01   0.101951E+01   0.101832E+01   0.101720E+01   0.101616E+01   0.101519E+01   0.101434E+01   0.101389E+01   0.101238E+01   0.101395E+01   0.101371E+01   0.101326E+01   0.101220E+01   0.101127E+01   0.101044E+01   0.100970E+01   0.100903E+01   0.100841E+01   0.100786E+01   0.100735E+01   0.100688E+01   0.100645E+01   0.100606E+01   0.100570E+01   0.100536E+01   0.100511E+01   0.100481E+01   0.100449E+01   0.100394E+01   0.100375E+01   0.100351E+01   0.100331E+01   0.100311E+01   0.100294E+01   0.100277E+01   0.100262E+01   0.100248E+01   0.100235E+01   0.100227E+01   0.100215E+01   0.100204E+01   0.100193E+01   0.100184E+01   0.100176E+01   0.100167E+01   0.100158E+01   0.100150E+01   0.100142E+01   0.100134E+01   0.100127E+01   0.100121E+01   0.100114E+01   0.100108E+01   0.100103E+01   0.100097E+01   0.100092E+01   0.100088E+01   0.100083E+01   0.100079E+01   0.100075E+01   0.100071E+01   0.100067E+01   0.100064E+01   0.100060E+01   0.100057E+01   0.100054E+01   0.100052E+01   0.100049E+01   0.100046E+01   0.100044E+01   0.100042E+01   0.100040E+01   0.100037E+01
 0.000000E+00   0.000000E+00   0.000000E+00   0.000000E+00   0.000000E+00   0.000000E+00   0.000000E+00   0.000000E+00   0.000000E+00   0.000000E+00   0.154567E+01   0.150426E+01   0.146634E+01   0.143159E+01   0.139972E+01   0.143625E+01   0.140477E+01   0.137372E+01   0.134511E+01   0.131906E+01   0.129013E+01   0.127347E+01   0.125246E+01   0.123179E+01   0.121484E+01   0.119531E+01   0.118293E+01   0.116488E+01   0.115545E+01   0.114377E+01   0.113201E+01   0.112244E+01   0.111199E+01   0.110441E+01   0.109533E+01   0.108919E+01   0.108141E+01   0.107633E+01   0.106973E+01   0.106541E+01   0.106000E+01   0.105624E+01   0.105187E+01   0.104726E+01   0.104492E+01   0.104119E+01   0.103897E+01   0.103604E+01   0.103318E+01   0.103152E+01   0.102923E+01   0.102707E+01   0.102473E+01   0.102353E+01   0.102213E+01   0.102078E+01   0.101951E+01   0.101832E+01   0.101720E+01   0.101616E+01   0.101520E+01   0.101435E+01   0.101389E+01   0.101238E+01   0.101395E+01   0.101376E+01   0.101331E+01   0.101224E+01   0.101130E+01   0.101046E+01   0.100971E+01   0.100904E+01   0.100842E+01   0.100786E+01   0.100735E+01   0.100689E+01   0.100646E+01   0.100606E+01   0.100570E+01   0.100536E+01   0.100512E+01   0.100481E+01   0.100449E+01   0.100394E+01   0.100375E+01   0.100351E+01   0.100331E+01   0.100311E+01   0.100294E+01   0.100277E+01   0.100262E+01   0.100248E+01   0.100235E+01   0.100227E+01   0.100215E+01   0.100204E+01   0.100193E+01   0.100184E+01   0.100176E+01   0.100167E+01   0.100158E+01   0.100150E+01   0.100142E+01   0.100134E+01   0.100127E+01   0.100121E+01   0.100114E+01   0.100108E+01   0.100103E+01   0.100097E+01   0.100092E+01   0.100088E+01   0.100083E+01   0.100079E+01   0.100075E+01   0.100071E+01   0.100067E+01   0.100064E+01   0.100060E+01   0.100057E+01   0.100054E+01   0.100052E+01   0.100049E+01   0.100046E+01   0.100044E+01   0.100042E+01   0.100040E+01   0.100037E+01
 0.000000E+00   0.000000E+00   0.000000E+00   0.000000E+00   0.000000E+00   0.000000E+00   0.000000E+00   0.000000E+00   0.000000E+00   0.000000E+00   0.154567E+01   0.150426E+01   0.146634E+01   0.143159E+01   0.139972E+01   0.143625E+01   0.140477E+01   0.137372E+01   0.134511E+01   0.131906E+01   0.129013E+01   0.127347E+01   0.125246E+01   0.123179E+01   0.121484E+01   0.119531E+01   0.118293E+01   0.116488E+01   0.115545E+01   0.114377E+01   0.113201E+01   0.112244E+01   0.111199E+01   0.110441E+01   0.109533E+01   0.108919E+01   0.108141E+01   0.107633E+01   0.106973E+01   0.106541E+01   0.106000E+01   0.105624E+01   0.105187E+01   0.104726E+01   0.104492E+01   0.104119E+01   0.103897E+01   0.103604E+01   0.103318E+01   0.103152E+01   0.102923E+01   0.102641E+01   0.102510E+01   0.102360E+01   0.102215E+01   0.102079E+01   0.101951E+01   0.101832E+01   0.101720E+01   0.101616E+01   0.101520E+01   0.101436E+01   0.101389E+01   0.101238E+01   0.101395E+01   0.101380E+01   0.101335E+01   0.101227E+01   0.101132E+01   0.101048E+01   0.100973E+01   0.100905E+01   0.100843E+01   0.100787E+01   0.100736E+01   0.100689E+01   0.100646E+01   0.100606E+01   0.100570E+01   0.100536E+01   0.100512E+01   0.100481E+01   0.100449E+01   0.100394E+01   0.100375E+01   0.100351E+01   0.100331E+01   0.100311E+01   0.100294E+01   0.100277E+01   0.100262E+01   0.100248E+01   0.100235E+01   0.100227E+01   0.100215E+01   0.100204E+01   0.100193E+01   0.100184E+01   0.100176E+01   0.100167E+01   0.100158E+01   0.100150E+01   0.100142E+01   0.100134E+01   0.100127E+01   0.100121E+01   0.100114E+01   0.100108E+01   0.100103E+01   0.100097E+01   0.100092E+01   0.100088E+01   0.100083E+01   0.100079E+01   0.100075E+01   0.100071E+01   0.100067E+01   0.100064E+01   0.100060E+01   0.100057E+01   0.100054E+01   0.100052E+01   0.100049E+01   0.100046E+01   0.100044E+01   0.100042E+01   0.100040E+01   0.100037E+01
 0.000000E+00   0.000000E+00   0.000000E+00   0.000000E+00   0.000000E+00   0.000000E+00   0.000000E+00   0.000000E+00   0.000000E+00   0.000000E+00   0.154567E+01   0.150426E+01   0.146634E+01   0.143159E+01   0.139972E+01   0.143625E+01   0.140477E+01   0.137372E+01   0.134511E+01   0.131906E+01   0.129013E+01   0.127347E+01   0.125246E+01   0.123179E+01   0.121484E+01   0.119531E+01   0.118293E+01   0.116488E+01   0.115545E+01   0.114377E+01   0.113201E+01   0.112244E+01   0.111199E+01   0.110441E+01   0.109533E+01   0.108919E+01   0.108141E+01   0.107633E+01   0.106973E+01   0.106541E+01   0.106000E+01   0.105624E+01   0.105187E+01   0.104726E+01   0.104492E+01   0.104119E+01   0.103897E+01   0.103604E+01   0.103318E+01   0.103152E+01   0.102827E+01   0.102683E+01   0.102518E+01   0.102363E+01   0.102217E+01   0.102079E+01   0.101951E+01   0.101832E+01   0.101720E+01   0.101617E+01   0.101520E+01   0.101438E+01   0.101389E+01   0.101238E+01   0.101395E+01   0.101385E+01   0.101340E+01   0.101230E+01   0.101135E+01   0.101050E+01   0.100974E+01   0.100906E+01   0.100844E+01   0.100788E+01   0.100737E+01   0.100690E+01   0.100646E+01   0.100607E+01   0.100568E+01   0.100537E+01   0.100512E+01   0.100481E+01   0.100449E+01   0.100394E+01   0.100375E+01   0.100351E+01   0.100331E+01   0.100311E+01   0.100294E+01   0.100277E+01   0.100262E+01   0.100248E+01   0.100235E+01   0.100227E+01   0.100215E+01   0.100204E+01   0.100193E+01   0.100184E+01   0.100176E+01   0.100167E+01   0.100158E+01   0.100150E+01   0.100142E+01   0.100134E+01   0.100127E+01   0.100121E+01   0.100114E+01   0.100108E+01   0.100103E+01   0.100097E+01   0.100092E+01   0.100088E+01   0.100083E+01   0.100079E+01   0.100075E+01   0.100071E+01   0.100067E+01   0.100064E+01   0.100060E+01   0.100057E+01   0.100054E+01   0.100052E+01   0.100049E+01   0.100046E+01   0.100044E+01   0.100042E+01   0.100040E+01   0.100037E+01
 0.000000E+00   0.000000E+00   0.000000E+00   0.000000E+00   0.000000E+00   0.000000E+00   0.000000E+00   0.000000E+00   0.000000E+00   0.000000E+00   0.154567E+01   0.150426E+01   0.146634E+01   0.143159E+01   0.139972E+01   0.143625E+01   0.140477E+01   0.137372E+01   0.134511E+01   0.131906E+01   0.129013E+01   0.127347E+01   0.125246E+01   0.123179E+01   0.121484E+01   0.119531E+01   0.118293E+01   0.116488E+01   0.115545E+01   0.114377E+01   0.113201E+01   0.112244E+01   0.111199E+01   0.110441E+01   0.109533E+01   0.108919E+01   0.108141E+01   0.107633E+01   0.106973E+01   0.106541E+01   0.106000E+01   0.105624E+01   0.105187E+01   0.104726E+01   0.104492E+01   0.104119E+01   0.103897E+01   0.103604E+01   0.103318E+01   0.103038E+01   0.102869E+01   0.102691E+01   0.102522E+01   0.102364E+01   0.102217E+01   0.102079E+01   0.101951E+01   0.101832E+01   0.101721E+01   0.101617E+01   0.101520E+01   0.101441E+01   0.101389E+01   0.101238E+01   0.101395E+01   0.101389E+01   0.101344E+01   0.101233E+01   0.101137E+01   0.101052E+01   0.100976E+01   0.100907E+01   0.100845E+01   0.100789E+01   0.100737E+01   0.100690E+01   0.100647E+01   0.100607E+01   0.100569E+01   0.100537E+01   0.100512E+01   0.100481E+01   0.100449E+01   0.100394E+01   0.100375E+01   0.100351E+01   0.100331E+01   0.100311E+01   0.100294E+01   0.100277E+01   0.100262E+01   0.100248E+01   0.100235E+01   0.100227E+01   0.100215E+01   0.100203E+01   0.100193E+01   0.100184E+01   0.100176E+01   0.100167E+01   0.100158E+01   0.100149E+01   0.100142E+01   0.100134E+01   0.100127E+01   0.100121E+01   0.100114E+01   0.100108E+01   0.100103E+01   0.100097E+01   0.100092E+01   0.100088E+01   0.100083E+01   0.100079E+01   0.100075E+01   0.100071E+01   0.100067E+01   0.100064E+01   0.100060E+01   0.100057E+01   0.100054E+01   0.100052E+01   0.100049E+01   0.100046E+01   0.100044E+01   0.100042E+01   0.100040E+01   0.100037E+01
 0.000000E+00   0.000000E+00   0.000000E+00   0.000000E+00   0.000000E+00   0.000000E+00   0.000000E+00   0.000000E+00   0.000000E+00   0.000000E+00   0.154567E+01   0.150426E+01   0.146634E+01   0.143159E+01   0.139972E+01   0.143625E+01   0.140477E+01   0.137372E+01   0.134511E+01   0.131906E+01   0.129013E+01   0.127347E+01   0.125246E+01   0.123179E+01   0.121484E+01   0.119531E+01   0.118293E+01   0.116488E+01   0.115545E+01   0.114377E+01   0.113201E+01   0.112244E+01   0.111199E+01   0.110441E+01   0.109533E+01   0.108919E+01   0.108141E+01   0.107633E+01   0.106973E+01   0.106541E+01   0.106000E+01   0.105624E+01   0.105187E+01   0.104726E+01   0.104492E+01   0.104119E+01   0.103897E+01   0.103437E+01   0.103270E+01   0.103070E+01   0.102876E+01   0.102694E+01   0.102523E+01   0.102365E+01   0.102217E+01   0.102080E+01   0.101951E+01   0.101832E+01   0.101721E+01   0.101618E+01   0.101520E+01   0.101443E+01   0.101389E+01   0.101238E+01   0.101395E+01   0.101394E+01   0.101349E+01   0.101238E+01   0.101140E+01   0.101054E+01   0.100977E+01   0.100908E+01   0.100846E+01   0.100789E+01   0.100738E+01   0.100690E+01   0.100647E+01   0.100607E+01   0.100569E+01   0.100538E+01   0.100512E+01   0.100481E+01   0.100449E+01   0.100394E+01   0.100375E+01   0.100351E+01   0.100331E+01   0.100311E+01   0.100294E+01   0.100277E+01   0.100262E+01   0.100248E+01   0.100235E+01   0.100227E+01   0.100215E+01   0.100203E+01   0.100193E+01   0.100184E+01   0.100176E+01   0.100167E+01   0.100158E+01   0.100149E+01   0.100142E+01   0.100134E+01   0.100127E+01   0.100121E+01   0.100114E+01   0.100108E+01   0.100103E+01   0.100097E+01   0.100092E+01   0.100088E+01   0.100083E+01   0.100079E+01   0.100075E+01   0.100071E+01   0.100067E+01   0.100064E+01   0.100060E+01   0.100057E+01   0.100054E+01   0.100052E+01   0.100049E+01   0.100046E+01   0.100044E+01   0.100042E+01   0.100040E+01   0.100037E+01
 0.000000E+00   0.000000E+00   0.000000E+00   0.000000E+00   0.000000E+00   0.000000E+00   0.000000E+00   0.000000E+00   0.000000E+00   0.000000E+00   0.154567E+01   0.150426E+01   0.146634E+01   0.143159E+01   0.139972E+01   0.143625E+01   0.140477E+01   0.137372E+01   0.134511E+01   0.131906E+01   0.129013E+01   0.127347E+01   0.125246E+01   0.123179E+01   0.121484E+01   0.119531E+01   0.118293E+01   0.116488E+01   0.115545E+01   0.114377E+01   0.113201E+01   0.112244E+01   0.111199E+01   0.110441E+01   0.109533E+01   0.108919E+01   0.108141E+01   0.107633E+01   0.106973E+01   0.106541E+01   0.106000E+01   0.105624E+01   0.105187E+01   0.104726E+01   0.104492E+01   0.103913E+01   0.103737E+01   0.103511E+01   0.103287E+01   0.103076E+01   0.102879E+01   0.102696E+01   0.102524E+01   0.102365E+01   0.102217E+01   0.102080E+01   0.101951E+01   0.101832E+01   0.101721E+01   0.101618E+01   0.101520E+01   0.101446E+01   0.101389E+01   0.101238E+01   0.101395E+01   0.101399E+01   0.101353E+01   0.101241E+01   0.101142E+01   0.101056E+01   0.100979E+01   0.100909E+01   0.100847E+01   0.100790E+01   0.100738E+01   0.100691E+01   0.100647E+01   0.100608E+01   0.100569E+01   0.100539E+01   0.100512E+01   0.100481E+01   0.100449E+01   0.100394E+01   0.100375E+01   0.100351E+01   0.100331E+01   0.100311E+01   0.100294E+01   0.100277E+01   0.100262E+01   0.100248E+01   0.100235E+01   0.100227E+01   0.100215E+01   0.100203E+01   0.100193E+01   0.100184E+01   0.100176E+01   0.100167E+01   0.100158E+01   0.100149E+01   0.100142E+01   0.100134E+01   0.100127E+01   0.100121E+01   0.100114E+01   0.100108E+01   0.100103E+01   0.100097E+01   0.100092E+01   0.100088E+01   0.100083E+01   0.100079E+01   0.100075E+01   0.100071E+01   0.100067E+01   0.100064E+01   0.100060E+01   0.100057E+01   0.100054E+01   0.100052E+01   0.100049E+01   0.100046E+01   0.100044E+01   0.100042E+01   0.100040E+01   0.100037E+01
 0.000000E+00   0.000000E+00   0.000000E+00   0.000000E+00   0.000000E+00   0.000000E+00   0.000000E+00   0.000000E+00   0.000000E+00   0.000000E+00   0.154567E+01   0.150426E+01   0.146634E+01   0.143159E+01   0.139972E+01   0.143625E+01   0.140477E+01   0.137372E+01   0.134511E+01   0.131906E+01   0.129013E+01   0.127347E+01   0.125246E+01   0.123179E+01   0.121484E+01   0.119531E+01   0.118293E+01   0.116488E+01   0.115545E+01   0.114377E+01   0.113201E+01   0.112244E+01   0.111199E+01   0.110441E+01   0.109533E+01   0.108919E+01   0.108141E+01   0.107633E+01   0.106973E+01   0.106541E+01   0.106000E+01   0.105624E+01   0.105187E+01   0.104521E+01   0.104301E+01   0.104030E+01   0.103767E+01   0.103520E+01   0.103291E+01   0.103078E+01   0.102881E+01   0.102697E+01   0.102524E+01   0.102365E+01   0.102217E+01   0.102079E+01   0.101951E+01   0.101833E+01   0.101722E+01   0.101618E+01   0.101520E+01   0.101450E+01   0.101389E+01   0.101238E+01   0.101395E+01   0.101404E+01   0.101358E+01   0.101245E+01   0.101145E+01   0.101058E+01   0.100980E+01   0.100911E+01   0.100848E+01   0.100791E+01   0.100739E+01   0.100691E+01   0.100648E+01   0.100608E+01   0.100570E+01   0.100539E+01   0.100512E+01   0.100481E+01   0.100449E+01   0.100394E+01   0.100375E+01   0.100351E+01   0.100331E+01   0.100311E+01   0.100294E+01   0.100277E+01   0.100262E+01   0.100248E+01   0.100235E+01   0.100227E+01   0.100215E+01   0.100203E+01   0.100193E+01   0.100184E+01   0.100176E+01   0.100167E+01   0.100158E+01   0.100149E+01   0.100142E+01   0.100134E+01   0.100127E+01   0.100121E+01   0.100114E+01   0.100108E+01   0.100103E+01   0.100097E+01   0.100092E+01   0.100088E+01   0.100083E+01   0.100079E+01   0.100075E+01   0.100071E+01   0.100067E+01   0.100064E+01   0.100060E+01   0.100057E+01   0.100054E+01   0.100052E+01   0.100049E+01   0.100046E+01   0.100044E+01   0.100042E+01   0.100040E+01   0.100037E+01
 0.000000E+00   0.000000E+00   0.000000E+00   0.000000E+00   0.000000E+00   0.000000E+00   0.000000E+00   0.000000E+00   0.000000E+00   0.000000E+00   0.154567E+01   0.150426E+01   0.146634E+01   0.143159E+01   0.139972E+01   0.143625E+01   0.140477E+01   0.137372E+01   0.134511E+01   0.131906E+01   0.129013E+01   0.127347E+01   0.125246E+01   0.123179E+01   0.121484E+01   0.119531E+01   0.118293E+01   0.116488E+01   0.115545E+01   0.114377E+01   0.113201E+01   0.112244E+01   0.111199E+01   0.110441E+01   0.109533E+01   0.108919E+01   0.108141E+01   0.107633E+01   0.106973E+01   0.106541E+01   0.106000E+01   0.105317E+01   0.104975E+01   0.104640E+01   0.104329E+01   0.104040E+01   0.103772E+01   0.103524E+01   0.103293E+01   0.103080E+01   0.102881E+01   0.102697E+01   0.102524E+01   0.102365E+01   0.102217E+01   0.102080E+01   0.101952E+01   0.101833E+01   0.101722E+01   0.101618E+01   0.101520E+01   0.101454E+01   0.101389E+01   0.101238E+01   0.101395E+01   0.101408E+01   0.101363E+01   0.101248E+01   0.101148E+01   0.101060E+01   0.100982E+01   0.100912E+01   0.100849E+01   0.100792E+01   0.100739E+01   0.100692E+01   0.100648E+01   0.100608E+01   0.100570E+01   0.100540E+01   0.100512E+01   0.100481E+01   0.100449E+01   0.100394E+01   0.100375E+01   0.100351E+01   0.100331E+01   0.100311E+01   0.100294E+01   0.100277E+01   0.100262E+01   0.100248E+01   0.100235E+01   0.100227E+01   0.100215E+01   0.100203E+01   0.100193E+01   0.100184E+01   0.100176E+01   0.100167E+01   0.100158E+01   0.100149E+01   0.100142E+01   0.100134E+01   0.100127E+01   0.100121E+01   0.100114E+01   0.100108E+01   0.100103E+01   0.100097E+01   0.100092E+01   0.100088E+01   0.100083E+01   0.100079E+01   0.100075E+01   0.100071E+01   0.100067E+01   0.100064E+01   0.100060E+01   0.100057E+01   0.100054E+01   0.100052E+01   0.100049E+01   0.100046E+01   0.100044E+01   0.100042E+01   0.100040E+01   0.100037E+01
 0.000000E+00   0.000000E+00   0.000000E+00   0.000000E+00   0.000000E+00   0.000000E+00   0.000000E+00   0.000000E+00   0.000000E+00   0.000000E+00   0.154567E+01   0.150426E+01   0.146634E+01   0.143159E+01   0.139972E+01   0.143625E+01   0.140477E+01   0.137372E+01   0.134511E+01   0.131906E+01   0.129013E+01   0.127347E+01   0.125246E+01   0.123179E+01   0.121484E+01   0.119531E+01   0.118293E+01   0.116488E+01   0.115545E+01   0.114377E+01   0.113201E+01   0.112244E+01   0.111199E+01   0.110441E+01   0.109533E+01   0.108919E+01   0.108141E+01   0.107132E+01   0.106652E+01   0.106189E+01   0.105759E+01   0.105361E+01   0.104992E+01   0.104649E+01   0.104335E+01   0.104044E+01   0.103775E+01   0.103526E+01   0.103294E+01   0.103080E+01   0.102881E+01   0.102697E+01   0.102524E+01   0.102365E+01   0.102217E+01   0.102080E+01   0.101952E+01   0.101833E+01   0.101722E+01   0.101618E+01   0.101520E+01   0.101458E+01   0.101389E+01   0.101238E+01   0.101395E+01   0.101413E+01   0.101368E+01   0.101252E+01   0.101150E+01   0.101062E+01   0.100983E+01   0.100913E+01   0.100850E+01   0.100792E+01   0.100740E+01   0.100692E+01   0.100649E+01   0.100608E+01   0.100570E+01   0.100540E+01   0.100512E+01   0.100481E+01   0.100449E+01   0.100394E+01   0.100375E+01   0.100351E+01   0.100331E+01   0.100311E+01   0.100294E+01   0.100277E+01   0.100262E+01   0.100248E+01   0.100235E+01   0.100227E+01   0.100215E+01   0.100203E+01   0.100193E+01   0.100184E+01   0.100176E+01   0.100167E+01   0.100158E+01   0.100149E+01   0.100142E+01   0.100134E+01   0.100127E+01   0.100121E+01   0.100114E+01   0.100108E+01   0.100103E+01   0.100097E+01   0.100092E+01   0.100088E+01   0.100083E+01   0.100079E+01   0.100075E+01   0.100071E+01   0.100067E+01   0.100064E+01   0.100060E+01   0.100057E+01   0.100054E+01   0.100052E+01   0.100049E+01   0.100046E+01   0.100044E+01   0.100042E+01   0.100040E+01   0.100037E+01
 0.000000E+00   0.000000E+00   0.000000E+00   0.000000E+00   0.000000E+00   0.000000E+00   0.000000E+00   0.000000E+00   0.000000E+00   0.000000E+00   0.154567E+01   0.150426E+01   0.146634E+01   0.143159E+01   0.139972E+01   0.143625E+01   0.140477E+01   0.137372E+01   0.134511E+01   0.131906E+01   0.129013E+01   0.127347E+01   0.125246E+01   0.123179E+01   0.121484E+01   0.119531E+01   0.118293E+01   0.116488E+01   0.115545E+01   0.114377E+01   0.111852E+01   0.111315E+01   0.110475E+01   0.109707E+01   0.108998E+01   0.108346E+01   0.107745E+01   0.107190E+01   0.106678E+01   0.106206E+01   0.105770E+01   0.105368E+01   0.104998E+01   0.104654E+01   0.104338E+01   0.104046E+01   0.103776E+01   0.103526E+01   0.103295E+01   0.103081E+01   0.102882E+01   0.102697E+01   0.102524E+01   0.102365E+01   0.102217E+01   0.102080E+01   0.101953E+01   0.101833E+01   0.101722E+01   0.101617E+01   0.101520E+01   0.101463E+01   0.101389E+01   0.101238E+01   0.101395E+01   0.101419E+01   0.101373E+01   0.101256E+01   0.101153E+01   0.101064E+01   0.100985E+01   0.100914E+01   0.100851E+01   0.100793E+01   0.100741E+01   0.100693E+01   0.100649E+01   0.100609E+01   0.100570E+01   0.100541E+01   0.100512E+01   0.100481E+01   0.100449E+01   0.100394E+01   0.100375E+01   0.100351E+01   0.100331E+01   0.100311E+01   0.100294E+01   0.100277E+01   0.100262E+01   0.100248E+01   0.100235E+01   0.100227E+01   0.100215E+01   0.100203E+01   0.100193E+01   0.100184E+01   0.100176E+01   0.100167E+01   0.100158E+01   0.100149E+01   0.100142E+01   0.100134E+01   0.100127E+01   0.100121E+01   0.100114E+01   0.100108E+01   0.100103E+01   0.100097E+01   0.100092E+01   0.100088E+01   0.100083E+01   0.100079E+01   0.100075E+01   0.100071E+01   0.100067E+01   0.100064E+01   0.100060E+01   0.100057E+01   0.100054E+01   0.100052E+01   0.100049E+01   0.100046E+01   0.100044E+01   0.100042E+01   0.100040E+01   0.100037E+01
 0.000000E+00   0.000000E+00   0.000000E+00   0.000000E+00   0.000000E+00   0.000000E+00   0.000000E+00   0.000000E+00   0.000000E+00   0.000000E+00   0.154567E+01   0.150426E+01   0.146634E+01   0.143159E+01   0.139972E+01   0.143625E+01   0.140477E+01   0.137372E+01   0.134511E+01   0.131906E+01   0.125687E+01   0.123987E+01   0.122602E+01   0.120891E+01   0.119404E+01   0.117942E+01   0.116632E+01   0.115411E+01   0.114277E+01   0.113224E+01   0.112248E+01   0.111344E+01   0.110509E+01   0.109737E+01   0.109022E+01   0.108365E+01   0.107759E+01   0.107201E+01   0.106687E+01   0.106213E+01   0.105776E+01   0.105373E+01   0.105001E+01   0.104656E+01   0.104340E+01   0.104047E+01   0.103777E+01   0.103527E+01   0.103295E+01   0.103081E+01   0.102882E+01   0.102697E+01   0.102524E+01   0.102365E+01   0.102218E+01   0.102081E+01   0.101953E+01   0.101833E+01   0.101722E+01   0.101617E+01   0.101520E+01   0.101467E+01   0.101389E+01   0.101238E+01   0.101395E+01   0.101424E+01   0.101378E+01   0.101259E+01   0.101156E+01   0.101066E+01   0.100987E+01   0.100916E+01   0.100852E+01   0.100794E+01   0.100741E+01   0.100693E+01   0.100649E+01   0.100609E+01   0.100571E+01   0.100542E+01   0.100512E+01   0.100481E+01   0.100449E+01   0.100394E+01   0.100375E+01   0.100351E+01   0.100331E+01   0.100311E+01   0.100294E+01   0.100277E+01   0.100262E+01   0.100248E+01   0.100235E+01   0.100227E+01   0.100215E+01   0.100203E+01   0.100193E+01   0.100184E+01   0.100176E+01   0.100166E+01   0.100158E+01   0.100149E+01   0.100142E+01   0.100134E+01   0.100127E+01   0.100121E+01   0.100114E+01   0.100108E+01   0.100103E+01   0.100097E+01   0.100092E+01   0.100088E+01   0.100083E+01   0.100079E+01   0.100075E+01   0.100071E+01   0.100067E+01   0.100064E+01   0.100060E+01   0.100057E+01   0.100054E+01   0.100052E+01   0.100049E+01   0.100046E+01   0.100044E+01   0.100042E+01   0.100040E+01   0.100037E+01
 0.000000E+00   0.000000E+00   0.000000E+00   0.000000E+00   0.000000E+00   0.000000E+00   0.000000E+00   0.000000E+00   0.000000E+00   0.000000E+00   0.154567E+01   0.150426E+01   0.146634E+01   0.143159E+01   0.139972E+01   0.137718E+01   0.134398E+01   0.131444E+01   0.129415E+01   0.127655E+01   0.125818E+01   0.124056E+01   0.122389E+01   0.120816E+01   0.119336E+01   0.117948E+01   0.116648E+01   0.115433E+01   0.114301E+01   0.113248E+01   0.112271E+01   0.111365E+01   0.110527E+01   0.109753E+01   0.109035E+01   0.108376E+01   0.107769E+01   0.107209E+01   0.106693E+01   0.106217E+01   0.105779E+01   0.105376E+01   0.105003E+01   0.104657E+01   0.104341E+01   0.104048E+01   0.103778E+01   0.103527E+01   0.103296E+01   0.103081E+01   0.102882E+01   0.102697E+01   0.102524E+01   0.102366E+01   0.102218E+01   0.102081E+01   0.101953E+01   0.101833E+01   0.101722E+01   0.101617E+01   0.101520E+01   0.101472E+01   0.101389E+01   0.101238E+01   0.101395E+01   0.101429E+01   0.101383E+01   0.101263E+01   0.101158E+01   0.101068E+01   0.100988E+01   0.100917E+01   0.100853E+01   0.100795E+01   0.100742E+01   0.100694E+01   0.100650E+01   0.100609E+01   0.100571E+01   0.100542E+01   0.100512E+01   0.100481E+01   0.100449E+01   0.100394E+01   0.100375E+01   0.100351E+01   0.100331E+01   0.100311E+01   0.100294E+01   0.100277E+01   0.100262E+01   0.100248E+01   0.100235E+01   0.100226E+01   0.100215E+01   0.100203E+01   0.100193E+01   0.100184E+01   0.100175E+01   0.100166E+01   0.100158E+01   0.100149E+01   0.100142E+01   0.100134E+01   0.100127E+01   0.100121E+01   0.100114E+01   0.100108E+01   0.100103E+01   0.100097E+01   0.100092E+01   0.100088E+01   0.100083E+01   0.100079E+01   0.100075E+01   0.100071E+01   0.100067E+01   0.100064E+01   0.100060E+01   0.100057E+01   0.100054E+01   0.100052E+01   0.100049E+01   0.100046E+01   0.100044E+01   0.100042E+01   0.100040E+01   0.100037E+01
 0.000000E+00   0.000000E+00   0.000000E+00   0.000000E+00   0.000000E+00   0.000000E+00   0.000000E+00   0.000000E+00   0.000000E+00   0.000000E+00   0.154567E+01   0.150426E+01   0.146634E+01   0.143159E+01   0.139972E+01   0.137718E+01   0.134398E+01   0.131412E+01   0.129046E+01   0.127183E+01   0.125627E+01   0.123957E+01   0.122332E+01   0.120786E+01   0.119325E+01   0.117949E+01   0.116657E+01   0.115447E+01   0.114318E+01   0.113265E+01   0.112287E+01   0.111380E+01   0.110541E+01   0.109764E+01   0.109045E+01   0.108385E+01   0.107775E+01   0.107214E+01   0.106697E+01   0.106221E+01   0.105782E+01   0.105377E+01   0.105004E+01   0.104658E+01   0.104341E+01   0.104049E+01   0.103778E+01   0.103528E+01   0.103296E+01   0.103081E+01   0.102882E+01   0.102697E+01   0.102525E+01   0.102366E+01   0.102219E+01   0.102081E+01   0.101953E+01   0.101833E+01   0.101722E+01   0.101617E+01   0.101520E+01   0.101476E+01   0.101389E+01   0.101238E+01   0.101395E+01   0.101434E+01   0.101388E+01   0.101267E+01   0.101161E+01   0.101070E+01   0.100990E+01   0.100918E+01   0.100854E+01   0.100795E+01   0.100743E+01   0.100694E+01   0.100650E+01   0.100609E+01   0.100571E+01   0.100543E+01   0.100512E+01   0.100481E+01   0.100449E+01   0.100394E+01   0.100375E+01   0.100351E+01   0.100331E+01   0.100311E+01   0.100294E+01   0.100277E+01   0.100262E+01   0.100248E+01   0.100235E+01   0.100226E+01   0.100215E+01   0.100203E+01   0.100193E+01   0.100184E+01   0.100175E+01   0.100166E+01   0.100158E+01   0.100149E+01   0.100142E+01   0.100134E+01   0.100127E+01   0.100121E+01   0.100114E+01   0.100108E+01   0.100103E+01   0.100097E+01   0.100092E+01   0.100088E+01   0.100083E+01   0.100079E+01   0.100075E+01   0.100071E+01   0.100067E+01   0.100064E+01   0.100060E+01   0.100057E+01   0.100054E+01   0.100051E+01   0.100049E+01   0.100046E+01   0.100044E+01   0.100042E+01   0.100040E+01   0.100037E+01
 0.000000E+00   0.000000E+00   0.000000E+00   0.000000E+00   0.000000E+00   0.000000E+00   0.000000E+00   0.000000E+00   0.000000E+00   0.000000E+00   0.154567E+01   0.150426E+01   0.146634E+01   0.143159E+01   0.139972E+01   0.137718E+01   0.134398E+01   0.131412E+01   0.129046E+01   0.126989E+01   0.125315E+01   0.123858E+01   0.122284E+01   0.120760E+01   0.119316E+01   0.117950E+01   0.116664E+01   0.115458E+01   0.114330E+01   0.113278E+01   0.112300E+01   0.111392E+01   0.110551E+01   0.109773E+01   0.109053E+01   0.108391E+01   0.107780E+01   0.107218E+01   0.106700E+01   0.106223E+01   0.105784E+01   0.105379E+01   0.105006E+01   0.104659E+01   0.104342E+01   0.104049E+01   0.103778E+01   0.103528E+01   0.103296E+01   0.103081E+01   0.102882E+01   0.102698E+01   0.102525E+01   0.102367E+01   0.102219E+01   0.102081E+01   0.101953E+01   0.101833E+01   0.101722E+01   0.101617E+01   0.101523E+01   0.101477E+01   0.101389E+01   0.101238E+01   0.101395E+01   0.101440E+01   0.101393E+01   0.101271E+01   0.101164E+01   0.101072E+01   0.100991E+01   0.100919E+01   0.100855E+01   0.100796E+01   0.100743E+01   0.100695E+01   0.100651E+01   0.100610E+01   0.100572E+01   0.100544E+01   0.100512E+01   0.100481E+01   0.100449E+01   0.100394E+01   0.100375E+01   0.100351E+01   0.100331E+01   0.100311E+01   0.100294E+01   0.100277E+01   0.100262E+01   0.100248E+01   0.100235E+01   0.100226E+01   0.100215E+01   0.100203E+01   0.100193E+01   0.100184E+01   0.100175E+01   0.100166E+01   0.100158E+01   0.100149E+01   0.100142E+01   0.100134E+01   0.100127E+01   0.100121E+01   0.100114E+01   0.100108E+01   0.100103E+01   0.100097E+01   0.100092E+01   0.100088E+01   0.100083E+01   0.100079E+01   0.100075E+01   0.100071E+01   0.100067E+01   0.100064E+01   0.100060E+01   0.100057E+01   0.100054E+01   0.100051E+01   0.100049E+01   0.100046E+01   0.100044E+01   0.100042E+01   0.100040E+01   0.100037E+01
 0.000000E+00   0.000000E+00   0.000000E+00   0.000000E+00   0.000000E+00   0.000000E+00   0.000000E+00   0.000000E+00   0.000000E+00   0.000000E+00   0.154567E+01   0.150426E+01   0.146634E+01   0.143159E+01   0.139972E+01   0.137718E+01   0.134398E+01   0.131412E+01   0.129046E+01   0.126987E+01   0.125108E+01   0.123693E+01   0.122243E+01   0.120741E+01   0.119309E+01   0.117950E+01   0.116669E+01   0.115466E+01   0.114339E+01   0.113288E+01   0.112309E+01   0.111400E+01   0.110558E+01   0.109780E+01   0.109058E+01   0.108395E+01   0.107784E+01   0.107221E+01   0.106703E+01   0.106225E+01   0.105785E+01   0.105380E+01   0.105006E+01   0.104660E+01   0.104343E+01   0.104049E+01   0.103778E+01   0.103528E+01   0.103296E+01   0.103081E+01   0.102883E+01   0.102698E+01   0.102526E+01   0.102367E+01   0.102219E+01   0.102081E+01   0.101953E+01   0.101833E+01   0.101721E+01   0.101617E+01   0.101525E+01   0.101477E+01   0.101389E+01   0.101238E+01   0.101395E+01   0.101445E+01   0.101399E+01   0.101275E+01   0.101167E+01   0.101075E+01   0.100993E+01   0.100921E+01   0.100856E+01   0.100797E+01   0.100744E+01   0.100695E+01   0.100651E+01   0.100610E+01   0.100572E+01   0.100544E+01   0.100512E+01   0.100481E+01   0.100449E+01   0.100394E+01   0.100375E+01   0.100351E+01   0.100331E+01   0.100311E+01   0.100294E+01   0.100277E+01   0.100262E+01   0.100248E+01   0.100235E+01   0.100226E+01   0.100215E+01   0.100203E+01   0.100193E+01   0.100184E+01   0.100175E+01   0.100166E+01   0.100158E+01   0.100149E+01   0.100142E+01   0.100134E+01   0.100127E+01   0.100121E+01   0.100114E+01   0.100108E+01   0.100103E+01   0.100097E+01   0.100092E+01   0.100088E+01   0.100083E+01   0.100079E+01   0.100075E+01   0.100071E+01   0.100067E+01   0.100064E+01   0.100060E+01   0.100057E+01   0.100054E+01   0.100051E+01   0.100049E+01   0.100046E+01   0.100044E+01   0.100042E+01   0.100040E+01   0.100037E+01
 0.000000E+00   0.000000E+00   0.000000E+00   0.000000E+00   0.000000E+00   0.000000E+00   0.000000E+00   0.000000E+00   0.000000E+00   0.000000E+00   0.154567E+01   0.150426E+01   0.146634E+01   0.143159E+01   0.139972E+01   0.137718E+01   0.134398E+01   0.131412E+01   0.129046E+01   0.126987E+01   0.125069E+01   0.123524E+01   0.122197E+01   0.120726E+01   0.119301E+01   0.117950E+01   0.116673E+01   0.115472E+01   0.114347E+01   0.113295E+01   0.112316E+01   0.111407E+01   0.110564E+01   0.109785E+01   0.109063E+01   0.108399E+01   0.107787E+01   0.107224E+01   0.106705E+01   0.106227E+01   0.105786E+01   0.105381E+01   0.105007E+01   0.104661E+01   0.104343E+01   0.104050E+01   0.103779E+01   0.103528E+01   0.103297E+01   0.103082E+01   0.102883E+01   0.102699E+01   0.102526E+01   0.102367E+01   0.102219E+01   0.102081E+01   0.101953E+01   0.101833E+01   0.101721E+01   0.101618E+01   0.101527E+01   0.101477E+01   0.101389E+01   0.101238E+01   0.101395E+01   0.101451E+01   0.101404E+01   0.101279E+01   0.101170E+01   0.101077E+01   0.100995E+01   0.100922E+01   0.100857E+01   0.100798E+01   0.100744E+01   0.100696E+01   0.100651E+01   0.100610E+01   0.100572E+01   0.100545E+01   0.100512E+01   0.100481E+01   0.100449E+01   0.100394E+01   0.100375E+01   0.100351E+01   0.100331E+01   0.100311E+01   0.100294E+01   0.100277E+01   0.100262E+01   0.100248E+01   0.100235E+01   0.100226E+01   0.100215E+01   0.100203E+01   0.100193E+01   0.100184E+01   0.100175E+01   0.100166E+01   0.100158E+01   0.100149E+01   0.100142E+01   0.100134E+01   0.100127E+01   0.100121E+01   0.100114E+01   0.100108E+01   0.100103E+01   0.100097E+01   0.100092E+01   0.100088E+01   0.100083E+01   0.100079E+01   0.100075E+01   0.100071E+01   0.100067E+01   0.100064E+01   0.100060E+01   0.100057E+01   0.100054E+01   0.100051E+01   0.100049E+01   0.100046E+01   0.100044E+01   0.100042E+01   0.100040E+01   0.100037E+01
 0.000000E+00   0.000000E+00   0.000000E+00   0.000000E+00   0.000000E+00   0.000000E+00   0.000000E+00   0.000000E+00   0.000000E+00   0.000000E+00   0.154567E+01   0.150426E+01   0.146634E+01   0.143159E+01   0.139972E+01   0.137718E+01   0.134398E+01   0.131412E+01   0.129046E+01   0.126987E+01   0.125069E+01   0.123385E+01   0.122129E+01   0.120712E+01   0.119296E+01   0.117950E+01   0.116676E+01   0.115477E+01   0.114353E+01   0.113302E+01   0.112323E+01   0.111413E+01   0.110570E+01   0.109789E+01   0.109067E+01   0.108402E+01   0.107790E+01   0.107226E+01   0.106706E+01   0.106228E+01   0.105788E+01   0.105382E+01   0.105008E+01   0.104661E+01   0.104343E+01   0.104050E+01   0.103779E+01   0.103529E+01   0.103297E+01   0.103082E+01   0.102884E+01   0.102699E+01   0.102526E+01   0.102367E+01   0.102219E+01   0.102081E+01   0.101953E+01   0.101833E+01   0.101721E+01   0.101619E+01   0.101529E+01   0.101477E+01   0.101389E+01   0.101238E+01   0.101395E+01   0.101457E+01   0.101410E+01   0.101283E+01   0.101173E+01   0.101079E+01   0.100997E+01   0.100923E+01   0.100858E+01   0.100799E+01   0.100745E+01   0.100696E+01   0.100652E+01   0.100611E+01   0.100573E+01   0.100546E+01   0.100512E+01   0.100481E+01   0.100449E+01   0.100394E+01   0.100375E+01   0.100351E+01   0.100331E+01   0.100311E+01   0.100294E+01   0.100277E+01   0.100262E+01   0.100248E+01   0.100235E+01   0.100226E+01   0.100215E+01   0.100203E+01   0.100193E+01   0.100184E+01   0.100175E+01   0.100166E+01   0.100158E+01   0.100149E+01   0.100142E+01   0.100134E+01   0.100127E+01   0.100121E+01   0.100114E+01   0.100108E+01   0.100103E+01   0.100097E+01   0.100092E+01   0.100088E+01   0.100083E+01   0.100079E+01   0.100075E+01   0.100071E+01   0.100067E+01   0.100064E+01   0.100060E+01   0.100057E+01   0.100054E+01   0.100051E+01   0.100049E+01   0.100046E+01   0.100044E+01   0.100042E+01   0.100040E+01   0.100037E+01
 0.000000E+00   0.000000E+00   0.000000E+00   0.000000E+00   0.000000E+00   0.000000E+00   0.000000E+00   0.000000E+00   0.000000E+00   0.000000E+00   0.154567E+01   0.150426E+01   0.146634E+01   0.143159E+01   0.139972E+01   0.137718E+01   0.134398E+01   0.131412E+01   0.129046E+01   0.126987E+01   0.125069E+01   0.123310E+01   0.122048E+01   0.120700E+01   0.119292E+01   0.117948E+01   0.116679E+01   0.115481E+01   0.114358E+01   0.113307E+01   0.112328E+01   0.111418E+01   0.110574E+01   0.109793E+01   0.109070E+01   0.108405E+01   0.107792E+01   0.107228E+01   0.106708E+01   0.106229E+01   0.105789E+01   0.105383E+01   0.105009E+01   0.104662E+01   0.104344E+01   0.104051E+01   0.103780E+01   0.103529E+01   0.103298E+01   0.103083E+01   0.102884E+01   0.102699E+01   0.102526E+01   0.102367E+01   0.102219E+01   0.102081E+01   0.101953E+01   0.101833E+01   0.101722E+01   0.101619E+01   0.101532E+01   0.101477E+01   0.101389E+01   0.101238E+01   0.101395E+01   0.101463E+01   0.101416E+01   0.101287E+01   0.101176E+01   0.101081E+01   0.100998E+01   0.100925E+01   0.100859E+01   0.100800E+01   0.100746E+01   0.100697E+01   0.100652E+01   0.100611E+01   0.100573E+01   0.100546E+01   0.100512E+01   0.100481E+01   0.100449E+01   0.100394E+01   0.100375E+01   0.100351E+01   0.100331E+01   0.100311E+01   0.100294E+01   0.100277E+01   0.100262E+01   0.100248E+01   0.100235E+01   0.100226E+01   0.100215E+01   0.100203E+01   0.100193E+01   0.100184E+01   0.100175E+01   0.100166E+01   0.100158E+01   0.100149E+01   0.100142E+01   0.100134E+01   0.100127E+01   0.100121E+01   0.100114E+01   0.100108E+01   0.100103E+01   0.100097E+01   0.100092E+01   0.100088E+01   0.100083E+01   0.100079E+01   0.100075E+01   0.100071E+01   0.100067E+01   0.100064E+01   0.100060E+01   0.100057E+01   0.100054E+01   0.100051E+01   0.100049E+01   0.100046E+01   0.100044E+01   0.100042E+01   0.100040E+01   0.100037E+01
 0.000000E+00   0.000000E+00   0.000000E+00   0.000000E+00   0.000000E+00   0.000000E+00   0.000000E+00   0.000000E+00   0.000000E+00   0.000000E+00   0.154567E+01   0.150426E+01   0.146634E+01   0.143159E+01   0.139972E+01   0.137718E+01   0.134398E+01   0.131412E+01   0.129046E+01   0.126987E+01   0.125069E+01   0.123280E+01   0.121970E+01   0.120686E+01   0.119288E+01   0.117948E+01   0.116681E+01   0.115485E+01   0.114362E+01   0.113312E+01   0.112332E+01   0.111422E+01   0.110578E+01   0.109797E+01   0.109073E+01   0.108408E+01   0.107794E+01   0.107230E+01   0.106710E+01   0.106231E+01   0.105790E+01   0.105384E+01   0.105010E+01   0.104663E+01   0.104345E+01   0.104052E+01   0.103781E+01   0.103530E+01   0.103298E+01   0.103083E+01   0.102884E+01   0.102699E+01   0.102526E+01   0.102367E+01   0.102219E+01   0.102081E+01   0.101952E+01   0.101833E+01   0.101723E+01   0.101619E+01   0.101535E+01   0.101477E+01   0.101389E+01   0.101238E+01   0.101395E+01   0.101469E+01   0.101422E+01   0.101291E+01   0.101179E+01   0.101084E+01   0.101000E+01   0.100926E+01   0.100860E+01   0.100800E+01   0.100746E+01   0.100697E+01   0.100653E+01   0.100611E+01   0.100573E+01   0.100547E+01   0.100512E+01   0.100481E+01   0.100449E+01   0.100394E+01   0.100375E+01   0.100351E+01   0.100331E+01   0.100311E+01   0.100294E+01   0.100277E+01   0.100262E+01   0.100248E+01   0.100235E+01   0.100226E+01   0.100215E+01   0.100203E+01   0.100193E+01   0.100184E+01   0.100175E+01   0.100166E+01   0.100158E+01   0.100149E+01   0.100142E+01   0.100134E+01   0.100127E+01   0.100121E+01   0.100114E+01   0.100108E+01   0.100103E+01   0.100097E+01   0.100092E+01   0.100088E+01   0.100083E+01   0.100079E+01   0.100075E+01   0.100071E+01   0.100067E+01   0.100064E+01   0.100060E+01   0.100057E+01   0.100054E+01   0.100051E+01   0.100049E+01   0.100046E+01   0.100044E+01   0.100042E+01   0.100040E+01   0.100037E+01
 0.000000E+00   0.000000E+00   0.000000E+00   0.000000E+00   0.000000E+00   0.000000E+00   0.000000E+00   0.000000E+00   0.000000E+00   0.000000E+00   0.154567E+01   0.150426E+01   0.146634E+01   0.143159E+01   0.139972E+01   0.137718E+01   0.134398E+01   0.131412E+01   0.129046E+01   0.126987E+01   0.125069E+01   0.123272E+01   0.121892E+01   0.120669E+01   0.119284E+01   0.117948E+01   0.116683E+01   0.115489E+01   0.114366E+01   0.113316E+01   0.112337E+01   0.111427E+01   0.110582E+01   0.109801E+01   0.109077E+01   0.108411E+01   0.107797E+01   0.107232E+01   0.106712E+01   0.106233E+01   0.105792E+01   0.105385E+01   0.105011E+01   0.104664E+01   0.104346E+01   0.104053E+01   0.103781E+01   0.103531E+01   0.103298E+01   0.103083E+01   0.102884E+01   0.102699E+01   0.102526E+01   0.102367E+01   0.102219E+01   0.102081E+01   0.101952E+01   0.101834E+01   0.101723E+01   0.101618E+01   0.101539E+01   0.101477E+01   0.101389E+01   0.101238E+01   0.101395E+01   0.101475E+01   0.101428E+01   0.101295E+01   0.101182E+01   0.101086E+01   0.101002E+01   0.100927E+01   0.100861E+01   0.100801E+01   0.100747E+01   0.100698E+01   0.100653E+01   0.100612E+01   0.100574E+01   0.100547E+01   0.100512E+01   0.100481E+01   0.100449E+01   0.100394E+01   0.100375E+01   0.100351E+01   0.100331E+01   0.100311E+01   0.100294E+01   0.100277E+01   0.100262E+01   0.100248E+01   0.100235E+01   0.100226E+01   0.100215E+01   0.100203E+01   0.100193E+01   0.100184E+01   0.100175E+01   0.100166E+01   0.100158E+01   0.100149E+01   0.100142E+01   0.100134E+01   0.100127E+01   0.100121E+01   0.100114E+01   0.100108E+01   0.100103E+01   0.100097E+01   0.100092E+01   0.100088E+01   0.100083E+01   0.100079E+01   0.100075E+01   0.100071E+01   0.100067E+01   0.100064E+01   0.100060E+01   0.100057E+01   0.100054E+01   0.100051E+01   0.100049E+01   0.100046E+01   0.100044E+01   0.100042E+01   0.100040E+01   0.100037E+01
 0.000000E+00   0.000000E+00   0.000000E+00   0.000000E+00   0.000000E+00   0.000000E+00   0.000000E+00   0.000000E+00   0.000000E+00   0.000000E+00   0.154567E+01   0.150426E+01   0.146634E+01   0.143159E+01   0.139972E+01   0.137718E+01   0.134398E+01   0.131412E+01   0.129046E+01   0.126987E+01   0.125069E+01   0.123272E+01   0.121812E+01   0.120639E+01   0.119279E+01   0.117948E+01   0.116684E+01   0.115493E+01   0.114372E+01   0.113322E+01   0.112343E+01   0.111432E+01   0.110588E+01   0.109803E+01   0.109081E+01   0.108415E+01   0.107801E+01   0.107235E+01   0.106714E+01   0.106235E+01   0.105794E+01   0.105387E+01   0.105012E+01   0.104665E+01   0.104347E+01   0.104053E+01   0.103782E+01   0.103531E+01   0.103299E+01   0.103084E+01   0.102884E+01   0.102699E+01   0.102526E+01   0.102367E+01   0.102219E+01   0.102081E+01   0.101953E+01   0.101834E+01   0.101723E+01   0.101618E+01   0.101544E+01   0.101477E+01   0.101389E+01   0.101238E+01   0.101395E+01   0.101481E+01   0.101434E+01   0.101300E+01   0.101186E+01   0.101089E+01   0.101004E+01   0.100929E+01   0.100862E+01   0.100802E+01   0.100748E+01   0.100699E+01   0.100654E+01   0.100612E+01   0.100574E+01   0.100548E+01   0.100512E+01   0.100481E+01   0.100449E+01   0.100394E+01   0.100375E+01   0.100351E+01   0.100331E+01   0.100311E+01   0.100294E+01   0.100277E+01   0.100262E+01   0.100248E+01   0.100235E+01   0.100226E+01   0.100215E+01   0.100203E+01   0.100193E+01   0.100184E+01   0.100175E+01   0.100166E+01   0.100158E+01   0.100149E+01   0.100142E+01   0.100134E+01   0.100127E+01   0.100121E+01   0.100114E+01   0.100108E+01   0.100103E+01   0.100097E+01   0.100092E+01   0.100088E+01   0.100083E+01   0.100079E+01   0.100075E+01   0.100071E+01   0.100067E+01   0.100064E+01   0.100060E+01   0.100057E+01   0.100054E+01   0.100051E+01   0.100049E+01   0.100046E+01   0.100044E+01   0.100042E+01   0.100040E+01   0.100037E+01
 0.000000E+00   0.000000E+00   0.000000E+00   0.000000E+00   0.000000E+00   0.000000E+00   0.000000E+00   0.000000E+00   0.000000E+00   0.000000E+00   0.154567E+01   0.150426E+01   0.146634E+01   0.143159E+01   0.139972E+01   0.137718E+01   0.134398E+01   0.131412E+01   0.129046E+01   0.126987E+01   0.125069E+01   0.123272E+01   0.121745E+01   0.120588E+01   0.119273E+01   0.117948E+01   0.116687E+01   0.115498E+01   0.114378E+01   0.113329E+01   0.112350E+01   0.111439E+01   0.110594E+01   0.109809E+01   0.109086E+01   0.108419E+01   0.107804E+01   0.107238E+01   0.106717E+01   0.106237E+01   0.105795E+01   0.105388E+01   0.105014E+01   0.104666E+01   0.104348E+01   0.104054E+01   0.103782E+01   0.103531E+01   0.103299E+01   0.103084E+01   0.102884E+01   0.102699E+01   0.102526E+01   0.102367E+01   0.102219E+01   0.102081E+01   0.101953E+01   0.101834E+01   0.101723E+01   0.101618E+01   0.101549E+01   0.101477E+01   0.101389E+01   0.101238E+01   0.101395E+01   0.101488E+01   0.101440E+01   0.101304E+01   0.101189E+01   0.101091E+01   0.101006E+01   0.100930E+01   0.100863E+01   0.100803E+01   0.100749E+01   0.100699E+01   0.100654E+01   0.100612E+01   0.100574E+01   0.100549E+01   0.100512E+01   0.100481E+01   0.100449E+01   0.100394E+01   0.100375E+01   0.100351E+01   0.100331E+01   0.100311E+01   0.100294E+01   0.100277E+01   0.100262E+01   0.100248E+01   0.100235E+01   0.100226E+01   0.100215E+01   0.100203E+01   0.100193E+01   0.100184E+01   0.100175E+01   0.100166E+01   0.100158E+01   0.100149E+01   0.100142E+01   0.100134E+01   0.100127E+01   0.100121E+01   0.100114E+01   0.100108E+01   0.100103E+01   0.100097E+01   0.100092E+01   0.100088E+01   0.100083E+01   0.100079E+01   0.100075E+01   0.100071E+01   0.100067E+01   0.100064E+01   0.100060E+01   0.100057E+01   0.100054E+01   0.100051E+01   0.100049E+01   0.100046E+01   0.100044E+01   0.100042E+01   0.100040E+01   0.100037E+01
 0.000000E+00   0.000000E+00   0.000000E+00   0.000000E+00   0.000000E+00   0.000000E+00   0.000000E+00   0.000000E+00   0.000000E+00   0.000000E+00   0.154567E+01   0.150426E+01   0.146634E+01   0.143159E+01   0.139972E+01   0.137718E+01   0.134398E+01   0.131412E+01   0.129046E+01   0.126987E+01   0.125069E+01   0.123272E+01   0.121707E+01   0.120521E+01   0.119265E+01   0.117947E+01   0.116690E+01   0.115503E+01   0.114385E+01   0.113336E+01   0.112357E+01   0.111446E+01   0.110600E+01   0.109814E+01   0.109091E+01   0.108423E+01   0.107808E+01   0.107241E+01   0.106719E+01   0.106239E+01   0.105797E+01   0.105390E+01   0.105014E+01   0.104667E+01   0.104348E+01   0.104054E+01   0.103782E+01   0.103531E+01   0.103299E+01   0.103084E+01   0.102884E+01   0.102699E+01   0.102526E+01   0.102367E+01   0.102219E+01   0.102082E+01   0.101954E+01   0.101834E+01   0.101722E+01   0.101618E+01   0.101555E+01   0.101477E+01   0.101389E+01   0.101238E+01   0.101395E+01   0.101494E+01   0.101446E+01   0.101309E+01   0.101192E+01   0.101094E+01   0.101008E+01   0.100932E+01   0.100864E+01   0.100804E+01   0.100749E+01   0.100700E+01   0.100654E+01   0.100613E+01   0.100575E+01   0.100549E+01   0.100512E+01   0.100481E+01   0.100449E+01   0.100394E+01   0.100375E+01   0.100351E+01   0.100331E+01   0.100311E+01   0.100294E+01   0.100277E+01   0.100262E+01   0.100248E+01   0.100235E+01   0.100226E+01   0.100215E+01   0.100203E+01   0.100193E+01   0.100184E+01   0.100175E+01   0.100166E+01   0.100158E+01   0.100149E+01   0.100142E+01   0.100134E+01   0.100127E+01   0.100121E+01   0.100114E+01   0.100108E+01   0.100103E+01   0.100097E+01   0.100092E+01   0.100088E+01   0.100083E+01   0.100079E+01   0.100075E+01   0.100071E+01   0.100067E+01   0.100064E+01   0.100060E+01   0.100057E+01   0.100054E+01   0.100051E+01   0.100049E+01   0.100046E+01   0.100044E+01   0.100042E+01   0.100040E+01   0.100037E+01
 0.000000E+00   0.000000E+00   0.000000E+00   0.000000E+00   0.000000E+00   0.000000E+00   0.000000E+00   0.000000E+00   0.000000E+00   0.000000E+00   0.154567E+01   0.150426E+01   0.146634E+01   0.143159E+01   0.139972E+01   0.137718E+01   0.134398E+01   0.131412E+01   0.129046E+01   0.126987E+01   0.125069E+01   0.123272E+01   0.121692E+01   0.120442E+01   0.119252E+01   0.117947E+01   0.116694E+01   0.115507E+01   0.114391E+01   0.113343E+01   0.112364E+01   0.111452E+01   0.110606E+01   0.109820E+01   0.109095E+01   0.108427E+01   0.107811E+01   0.107244E+01   0.106722E+01   0.106241E+01   0.105798E+01   0.105391E+01   0.105015E+01   0.104667E+01   0.104349E+01   0.104054E+01   0.103783E+01   0.103531E+01   0.103299E+01   0.103084E+01   0.102884E+01   0.102699E+01   0.102526E+01   0.102367E+01   0.102219E+01   0.102082E+01   0.101954E+01   0.101834E+01   0.101722E+01   0.101618E+01   0.101561E+01   0.101477E+01   0.101389E+01   0.101238E+01   0.101395E+01   0.101501E+01   0.101453E+01   0.101313E+01   0.101196E+01   0.101096E+01   0.101010E+01   0.100933E+01   0.100866E+01   0.100805E+01   0.100750E+01   0.100700E+01   0.100655E+01   0.100613E+01   0.100575E+01   0.100550E+01   0.100512E+01   0.100481E+01   0.100449E+01   0.100394E+01   0.100375E+01   0.100351E+01   0.100331E+01   0.100311E+01   0.100294E+01   0.100277E+01   0.100262E+01   0.100248E+01   0.100235E+01   0.100226E+01   0.100215E+01   0.100203E+01   0.100193E+01   0.100184E+01   0.100175E+01   0.100166E+01   0.100158E+01   0.100149E+01   0.100142E+01   0.100134E+01   0.100127E+01   0.100121E+01   0.100114E+01   0.100108E+01   0.100103E+01   0.100097E+01   0.100092E+01   0.100088E+01   0.100083E+01   0.100079E+01   0.100075E+01   0.100071E+01   0.100067E+01   0.100064E+01   0.100060E+01   0.100057E+01   0.100054E+01   0.100051E+01   0.100049E+01   0.100046E+01   0.100044E+01   0.100042E+01   0.100040E+01   0.100037E+01
 0.000000E+00   0.000000E+00   0.000000E+00   0.000000E+00   0.000000E+00   0.000000E+00   0.000000E+00   0.000000E+00   0.000000E+00   0.000000E+00   0.154567E+01   0.150426E+01   0.146634E+01   0.143159E+01   0.139972E+01   0.137718E+01   0.134398E+01   0.131412E+01   0.129046E+01   0.126987E+01   0.125069E+01   0.123272E+01   0.121689E+01   0.120362E+01   0.119230E+01   0.117947E+01   0.116697E+01   0.115512E+01   0.114397E+01   0.113349E+01   0.112370E+01   0.111458E+01   0.110611E+01   0.109824E+01   0.109099E+01   0.108430E+01   0.107814E+01   0.107246E+01   0.106723E+01   0.106242E+01   0.105799E+01   0.105392E+01   0.105016E+01   0.104668E+01   0.104349E+01   0.104055E+01   0.103783E+01   0.103532E+01   0.103299E+01   0.103084E+01   0.102884E+01   0.102699E+01   0.102526E+01   0.102367E+01   0.102220E+01   0.102082E+01   0.101954E+01   0.101834E+01   0.101722E+01   0.101618E+01   0.101567E+01   0.101477E+01   0.101389E+01   0.101238E+01   0.101395E+01   0.101508E+01   0.101460E+01   0.101318E+01   0.101199E+01   0.101099E+01   0.101011E+01   0.100935E+01   0.100867E+01   0.100806E+01   0.100751E+01   0.100701E+01   0.100655E+01   0.100613E+01   0.100576E+01   0.100551E+01   0.100512E+01   0.100481E+01   0.100449E+01   0.100394E+01   0.100375E+01   0.100351E+01   0.100331E+01   0.100311E+01   0.100294E+01   0.100277E+01   0.100262E+01   0.100248E+01   0.100235E+01   0.100226E+01   0.100215E+01   0.100203E+01   0.100193E+01   0.100184E+01   0.100175E+01   0.100166E+01   0.100158E+01   0.100149E+01   0.100142E+01   0.100134E+01   0.100127E+01   0.100121E+01   0.100114E+01   0.100108E+01   0.100103E+01   0.100097E+01   0.100092E+01   0.100088E+01   0.100083E+01   0.100079E+01   0.100075E+01   0.100071E+01   0.100067E+01   0.100064E+01   0.100060E+01   0.100057E+01   0.100054E+01   0.100051E+01   0.100049E+01   0.100046E+01   0.100044E+01   0.100042E+01   0.100040E+01   0.100037E+01
 0.000000E+00   0.000000E+00   0.000000E+00   0.000000E+00   0.000000E+00   0.000000E+00   0.000000E+00   0.000000E+00   0.000000E+00   0.000000E+00   0.154567E+01   0.150426E+01   0.146634E+01   0.143159E+01   0.139972E+01   0.137718E+01   0.134398E+01   0.131412E+01   0.129046E+01   0.126987E+01   0.125069E+01   0.123272E+01   0.121689E+01   0.120292E+01   0.119196E+01   0.117946E+01   0.116700E+01   0.115516E+01   0.114400E+01   0.113355E+01   0.112376E+01   0.111463E+01   0.110616E+01   0.109828E+01   0.109103E+01   0.108433E+01   0.107816E+01   0.107248E+01   0.106725E+01   0.106244E+01   0.105800E+01   0.105392E+01   0.105017E+01   0.104668E+01   0.104349E+01   0.104055E+01   0.103783E+01   0.103532E+01   0.103299E+01   0.103084E+01   0.102884E+01   0.102699E+01   0.102526E+01   0.102368E+01   0.102220E+01   0.102082E+01   0.101954E+01   0.101834E+01   0.101722E+01   0.101620E+01   0.101571E+01   0.101477E+01   0.101389E+01   0.101238E+01   0.101395E+01   0.101515E+01   0.101466E+01   0.101323E+01   0.101203E+01   0.101101E+01   0.101013E+01   0.100936E+01   0.100868E+01   0.100807E+01   0.100751E+01   0.100701E+01   0.100656E+01   0.100614E+01   0.100576E+01   0.100552E+01   0.100512E+01   0.100481E+01   0.100449E+01   0.100394E+01   0.100375E+01   0.100351E+01   0.100331E+01   0.100311E+01   0.100294E+01   0.100277E+01   0.100262E+01   0.100248E+01   0.100235E+01   0.100226E+01   0.100215E+01   0.100203E+01   0.100193E+01   0.100184E+01   0.100175E+01   0.100166E+01   0.100158E+01   0.100149E+01   0.100142E+01   0.100134E+01   0.100127E+01   0.100121E+01   0.100114E+01   0.100108E+01   0.100103E+01   0.100097E+01   0.100092E+01   0.100088E+01   0.100083E+01   0.100079E+01   0.100075E+01   0.100071E+01   0.100067E+01   0.100064E+01   0.100060E+01   0.100057E+01   0.100054E+01   0.100051E+01   0.100049E+01   0.100046E+01   0.100044E+01   0.100042E+01   0.100040E+01   0.100037E+01
 0.000000E+00   0.000000E+00   0.000000E+00   0.000000E+00   0.000000E+00   0.000000E+00   0.000000E+00   0.000000E+00   0.000000E+00   0.000000E+00   0.154567E+01   0.150426E+01   0.146634E+01   0.143159E+01   0.139972E+01   0.137718E+01   0.134398E+01   0.131412E+01   0.129046E+01   0.126987E+01   0.125069E+01   0.123272E+01   0.121690E+01   0.120245E+01   0.119156E+01   0.117945E+01   0.116702E+01   0.115520E+01   0.114405E+01   0.113360E+01   0.112380E+01   0.111468E+01   0.110620E+01   0.109832E+01   0.109106E+01   0.108436E+01   0.107818E+01   0.107250E+01   0.106726E+01   0.106245E+01   0.105801E+01   0.105393E+01   0.105017E+01   0.104669E+01   0.104350E+01   0.104055E+01   0.103783E+01   0.103532E+01   0.103299E+01   0.103084E+01   0.102884E+01   0.102700E+01   0.102527E+01   0.102368E+01   0.102220E+01   0.102082E+01   0.101954E+01   0.101834E+01   0.101722E+01   0.101623E+01   0.101571E+01   0.101477E+01   0.101389E+01   0.101238E+01   0.101395E+01   0.101522E+01   0.101473E+01   0.101328E+01   0.101206E+01   0.101104E+01   0.101015E+01   0.100938E+01   0.100869E+01   0.100808E+01   0.100752E+01   0.100702E+01   0.100656E+01   0.100614E+01   0.100577E+01   0.100552E+01   0.100512E+01   0.100481E+01   0.100449E+01   0.100394E+01   0.100375E+01   0.100351E+01   0.100331E+01   0.100311E+01   0.100294E+01   0.100277E+01   0.100262E+01   0.100248E+01   0.100235E+01   0.100226E+01   0.100215E+01   0.100203E+01   0.100193E+01   0.100184E+01   0.100175E+01   0.100166E+01   0.100158E+01   0.100149E+01   0.100142E+01   0.100134E+01   0.100127E+01   0.100121E+01   0.100114E+01   0.100108E+01   0.100103E+01   0.100097E+01   0.100092E+01   0.100088E+01   0.100083E+01   0.100079E+01   0.100075E+01   0.100071E+01   0.100067E+01   0.100064E+01   0.100060E+01   0.100057E+01   0.100054E+01   0.100051E+01   0.100049E+01   0.100046E+01   0.100044E+01   0.100042E+01   0.100040E+01   0.100037E+01
 0.000000E+00   0.000000E+00   0.000000E+00   0.000000E+00   0.000000E+00   0.000000E+00   0.000000E+00   0.000000E+00   0.000000E+00   0.000000E+00   0.154567E+01   0.150426E+01   0.146634E+01   0.143159E+01   0.139972E+01   0.137718E+01   0.134398E+01   0.131412E+01   0.129046E+01   0.126987E+01   0.125069E+01   0.123272E+01   0.121690E+01   0.120218E+01   0.119116E+01   0.117944E+01   0.116704E+01   0.115523E+01   0.114409E+01   0.113364E+01   0.112384E+01   0.111471E+01   0.110623E+01   0.109835E+01   0.109108E+01   0.108438E+01   0.107820E+01   0.107251E+01   0.106728E+01   0.106246E+01   0.105802E+01   0.105394E+01   0.105018E+01   0.104669E+01   0.104350E+01   0.104055E+01   0.103783E+01   0.103532E+01   0.103299E+01   0.103084E+01   0.102885E+01   0.102700E+01   0.102527E+01   0.102368E+01   0.102220E+01   0.102082E+01   0.101954E+01   0.101833E+01   0.101723E+01   0.101626E+01   0.101571E+01   0.101477E+01   0.101389E+01   0.101238E+01   0.101395E+01   0.101529E+01   0.101480E+01   0.101333E+01   0.101210E+01   0.101107E+01   0.101018E+01   0.100940E+01   0.100870E+01   0.100809E+01   0.100753E+01   0.100703E+01   0.100657E+01   0.100613E+01   0.100577E+01   0.100552E+01   0.100512E+01   0.100481E+01   0.100449E+01   0.100394E+01   0.100375E+01   0.100351E+01   0.100331E+01   0.100311E+01   0.100294E+01   0.100277E+01   0.100262E+01   0.100248E+01   0.100235E+01   0.100226E+01   0.100215E+01   0.100203E+01   0.100193E+01   0.100184E+01   0.100175E+01   0.100166E+01   0.100158E+01   0.100149E+01   0.100142E+01   0.100134E+01   0.100127E+01   0.100121E+01   0.100114E+01   0.100108E+01   0.100103E+01   0.100097E+01   0.100092E+01   0.100088E+01   0.100083E+01   0.100079E+01   0.100075E+01   0.100071E+01   0.100067E+01   0.100064E+01   0.100060E+01   0.100057E+01   0.100054E+01   0.100051E+01   0.100049E+01   0.100046E+01   0.100044E+01   0.100042E+01   0.100040E+01   0.100037E+01
 0.000000E+00   0.000000E+00   0.000000E+00   0.000000E+00   0.000000E+00   0.000000E+00   0.000000E+00   0.000000E+00   0.000000E+00   0.000000E+00   0.154567E+01   0.150426E+01   0.146634E+01   0.143159E+01   0.139972E+01   0.137718E+01   0.134398E+01   0.131412E+01   0.129046E+01   0.126987E+01   0.125069E+01   0.123272E+01   0.121690E+01   0.120202E+01   0.119077E+01   0.117942E+01   0.116706E+01   0.115526E+01   0.114412E+01   0.113368E+01   0.112388E+01   0.111475E+01   0.110624E+01   0.109838E+01   0.109111E+01   0.108440E+01   0.107822E+01   0.107253E+01   0.106729E+01   0.106247E+01   0.105803E+01   0.105394E+01   0.105018E+01   0.104669E+01   0.104350E+01   0.104056E+01   0.103783E+01   0.103532E+01   0.103300E+01   0.103085E+01   0.102885E+01   0.102701E+01   0.102528E+01   0.102368E+01   0.102220E+01   0.102082E+01   0.101953E+01   0.101834E+01   0.101723E+01   0.101628E+01   0.101571E+01   0.101477E+01   0.101389E+01   0.101238E+01   0.101395E+01   0.101537E+01   0.101488E+01   0.101338E+01   0.101214E+01   0.101110E+01   0.101020E+01   0.100941E+01   0.100872E+01   0.100810E+01   0.100754E+01   0.100703E+01   0.100657E+01   0.100614E+01   0.100578E+01   0.100552E+01   0.100512E+01   0.100481E+01   0.100449E+01   0.100394E+01   0.100375E+01   0.100351E+01   0.100331E+01   0.100311E+01   0.100294E+01   0.100277E+01   0.100262E+01   0.100248E+01   0.100235E+01   0.100226E+01   0.100215E+01   0.100203E+01   0.100193E+01   0.100184E+01   0.100175E+01   0.100166E+01   0.100158E+01   0.100149E+01   0.100142E+01   0.100134E+01   0.100127E+01   0.100121E+01   0.100114E+01   0.100108E+01   0.100103E+01   0.100097E+01   0.100092E+01   0.100088E+01   0.100083E+01   0.100079E+01   0.100075E+01   0.100071E+01   0.100067E+01   0.100064E+01   0.100060E+01   0.100057E+01   0.100054E+01   0.100051E+01   0.100049E+01   0.100046E+01   0.100044E+01   0.100042E+01   0.100040E+01   0.100037E+01
 0.000000E+00   0.000000E+00   0.000000E+00   0.000000E+00   0.000000E+00   0.000000E+00   0.000000E+00   0.000000E+00   0.000000E+00   0.000000E+00   0.154567E+01   0.150426E+01   0.146634E+01   0.143159E+01   0.139972E+01   0.137718E+01   0.134398E+01   0.131412E+01   0.129046E+01   0.126987E+01   0.125069E+01   0.123272E+01   0.121690E+01   0.120194E+01   0.119039E+01   0.117939E+01   0.116707E+01   0.115529E+01   0.114416E+01   0.113369E+01   0.112392E+01   0.111478E+01   0.110627E+01   0.109841E+01   0.109114E+01   0.108442E+01   0.107824E+01   0.107254E+01   0.106730E+01   0.106248E+01   0.105804E+01   0.105395E+01   0.105019E+01   0.104670E+01   0.104350E+01   0.104056E+01   0.103784E+01   0.103533E+01   0.103300E+01   0.103085E+01   0.102886E+01   0.102701E+01   0.102528E+01   0.102368E+01   0.102220E+01   0.102082E+01   0.101953E+01   0.101834E+01   0.101724E+01   0.101632E+01   0.101571E+01   0.101477E+01   0.101389E+01   0.101238E+01   0.101395E+01   0.101544E+01   0.101495E+01   0.101343E+01   0.101218E+01   0.101112E+01   0.101022E+01   0.100943E+01   0.100873E+01   0.100811E+01   0.100755E+01   0.100704E+01   0.100658E+01   0.100614E+01   0.100579E+01   0.100552E+01   0.100512E+01   0.100481E+01   0.100449E+01   0.100394E+01   0.100375E+01   0.100351E+01   0.100331E+01   0.100311E+01   0.100294E+01   0.100277E+01   0.100262E+01   0.100248E+01   0.100235E+01   0.100226E+01   0.100215E+01   0.100203E+01   0.100193E+01   0.100184E+01   0.100175E+01   0.100166E+01   0.100158E+01   0.100149E+01   0.100142E+01   0.100134E+01   0.100127E+01   0.100121E+01   0.100114E+01   0.100108E+01   0.100103E+01   0.100097E+01   0.100092E+01   0.100088E+01   0.100083E+01   0.100079E+01   0.100075E+01   0.100071E+01   0.100067E+01   0.100064E+01   0.100060E+01   0.100057E+01   0.100054E+01   0.100051E+01   0.100049E+01   0.100046E+01   0.100044E+01   0.100042E+01   0.100040E+01   0.100037E+01
 0.000000E+00   0.000000E+00   0.000000E+00   0.000000E+00   0.000000E+00   0.000000E+00   0.000000E+00   0.000000E+00   0.000000E+00   0.000000E+00   0.154567E+01   0.150426E+01   0.146634E+01   0.143159E+01   0.139972E+01   0.137718E+01   0.134398E+01   0.131412E+01   0.129046E+01   0.126988E+01   0.125069E+01   0.123273E+01   0.121690E+01   0.120191E+01   0.119001E+01   0.117934E+01   0.116709E+01   0.115532E+01   0.114419E+01   0.113372E+01   0.112395E+01   0.111482E+01   0.110630E+01   0.109843E+01   0.109116E+01   0.108444E+01   0.107825E+01   0.107256E+01   0.106731E+01   0.106248E+01   0.105804E+01   0.105395E+01   0.105019E+01   0.104670E+01   0.104351E+01   0.104057E+01   0.103785E+01   0.103533E+01   0.103301E+01   0.103086E+01   0.102886E+01   0.102701E+01   0.102528E+01   0.102368E+01   0.102220E+01   0.102081E+01   0.101954E+01   0.101835E+01   0.101723E+01   0.101637E+01   0.101571E+01   0.101477E+01   0.101389E+01   0.101238E+01   0.101395E+01   0.101552E+01   0.101503E+01   0.101349E+01   0.101221E+01   0.101115E+01   0.101024E+01   0.100944E+01   0.100874E+01   0.100812E+01   0.100755E+01   0.100705E+01   0.100658E+01   0.100615E+01   0.100580E+01   0.100552E+01   0.100512E+01   0.100481E+01   0.100449E+01   0.100394E+01   0.100375E+01   0.100351E+01   0.100331E+01   0.100311E+01   0.100294E+01   0.100277E+01   0.100262E+01   0.100248E+01   0.100235E+01   0.100226E+01   0.100215E+01   0.100203E+01   0.100193E+01   0.100184E+01   0.100175E+01   0.100166E+01   0.100158E+01   0.100149E+01   0.100142E+01   0.100134E+01   0.100127E+01   0.100121E+01   0.100114E+01   0.100108E+01   0.100103E+01   0.100097E+01   0.100092E+01   0.100088E+01   0.100083E+01   0.100079E+01   0.100075E+01   0.100071E+01   0.100067E+01   0.100064E+01   0.100060E+01   0.100057E+01   0.100054E+01   0.100051E+01   0.100049E+01   0.100046E+01   0.100044E+01   0.100042E+01   0.100040E+01   0.100037E+01
 0.000000E+00   0.000000E+00   0.000000E+00   0.000000E+00   0.000000E+00   0.000000E+00   0.000000E+00   0.000000E+00   0.000000E+00   0.000000E+00   0.154567E+01   0.150426E+01   0.146634E+01   0.143159E+01   0.139972E+01   0.137718E+01   0.134398E+01   0.131412E+01   0.129046E+01   0.126988E+01   0.125069E+01   0.123273E+01   0.121690E+01   0.120191E+01   0.118960E+01   0.117928E+01   0.116710E+01   0.115534E+01   0.114422E+01   0.113375E+01   0.112398E+01   0.111484E+01   0.110632E+01   0.109845E+01   0.109118E+01   0.108446E+01   0.107827E+01   0.107257E+01   0.106732E+01   0.106250E+01   0.105805E+01   0.105397E+01   0.105020E+01   0.104671E+01   0.104352E+01   0.104057E+01   0.103785E+01   0.103534E+01   0.103301E+01   0.103086E+01   0.102886E+01   0.102701E+01   0.102528E+01   0.102368E+01   0.102219E+01   0.102082E+01   0.101954E+01   0.101835E+01   0.101723E+01   0.101643E+01   0.101571E+01   0.101477E+01   0.101389E+01   0.101238E+01   0.101395E+01   0.101560E+01   0.101511E+01   0.101354E+01   0.101225E+01   0.101118E+01   0.101026E+01   0.100946E+01   0.100876E+01   0.100813E+01   0.100756E+01   0.100705E+01   0.100659E+01   0.100615E+01   0.100581E+01   0.100552E+01   0.100512E+01   0.100481E+01   0.100449E+01   0.100394E+01   0.100375E+01   0.100351E+01   0.100331E+01   0.100311E+01   0.100294E+01   0.100277E+01   0.100262E+01   0.100248E+01   0.100235E+01   0.100226E+01   0.100215E+01   0.100203E+01   0.100193E+01   0.100184E+01   0.100175E+01   0.100166E+01   0.100158E+01   0.100149E+01   0.100142E+01   0.100134E+01   0.100127E+01   0.100121E+01   0.100114E+01   0.100108E+01   0.100103E+01   0.100097E+01   0.100092E+01   0.100088E+01   0.100083E+01   0.100079E+01   0.100075E+01   0.100071E+01   0.100067E+01   0.100064E+01   0.100060E+01   0.100057E+01   0.100054E+01   0.100051E+01   0.100049E+01   0.100046E+01   0.100044E+01   0.100042E+01   0.100040E+01   0.100037E+01
 0.000000E+00   0.000000E+00   0.000000E+00   0.000000E+00   0.000000E+00   0.000000E+00   0.000000E+00   0.000000E+00   0.000000E+00   0.000000E+00   0.154567E+01   0.150426E+01   0.146634E+01   0.143159E+01   0.139972E+01   0.137718E+01   0.134398E+01   0.131412E+01   0.129046E+01   0.126988E+01   0.125069E+01   0.123273E+01   0.121690E+01   0.120191E+01   0.118920E+01   0.117919E+01   0.116711E+01   0.115536E+01   0.114424E+01   0.113378E+01   0.112399E+01   0.111485E+01   0.110635E+01   0.109848E+01   0.109120E+01   0.108449E+01   0.107829E+01   0.107259E+01   0.106734E+01   0.106251E+01   0.105807E+01   0.105398E+01   0.105021E+01   0.104673E+01   0.104353E+01   0.104058E+01   0.103786E+01   0.103534E+01   0.103302E+01   0.103086E+01   0.102886E+01   0.102701E+01   0.102528E+01   0.102368E+01   0.102220E+01   0.102082E+01   0.101955E+01   0.101835E+01   0.101723E+01   0.101651E+01   0.101571E+01   0.101477E+01   0.101389E+01   0.101238E+01   0.101395E+01   0.101569E+01   0.101519E+01   0.101360E+01   0.101229E+01   0.101121E+01   0.101028E+01   0.100948E+01   0.100877E+01   0.100814E+01   0.100757E+01   0.100706E+01   0.100659E+01   0.100615E+01   0.100582E+01   0.100552E+01   0.100512E+01   0.100481E+01   0.100449E+01   0.100394E+01   0.100375E+01   0.100351E+01   0.100331E+01   0.100311E+01   0.100294E+01   0.100277E+01   0.100262E+01   0.100248E+01   0.100235E+01   0.100226E+01   0.100215E+01   0.100203E+01   0.100193E+01   0.100184E+01   0.100175E+01   0.100166E+01   0.100158E+01   0.100149E+01   0.100142E+01   0.100134E+01   0.100127E+01   0.100121E+01   0.100114E+01   0.100108E+01   0.100103E+01   0.100097E+01   0.100092E+01   0.100088E+01   0.100083E+01   0.100079E+01   0.100075E+01   0.100071E+01   0.100067E+01   0.100064E+01   0.100060E+01   0.100057E+01   0.100054E+01   0.100051E+01   0.100049E+01   0.100046E+01   0.100044E+01   0.100042E+01   0.100040E+01   0.100037E+01
 0.000000E+00   0.000000E+00   0.000000E+00   0.000000E+00   0.000000E+00   0.000000E+00   0.000000E+00   0.000000E+00   0.000000E+00   0.000000E+00   0.154567E+01   0.150426E+01   0.146634E+01   0.143159E+01   0.139972E+01   0.137718E+01   0.134398E+01   0.131412E+01   0.129046E+01   0.126988E+01   0.125069E+01   0.123273E+01   0.121690E+01   0.120191E+01   0.118883E+01   0.117905E+01   0.116712E+01   0.115539E+01   0.114428E+01   0.113383E+01   0.112403E+01   0.111490E+01   0.110640E+01   0.109853E+01   0.109125E+01   0.108452E+01   0.107833E+01   0.107262E+01   0.106737E+01   0.106254E+01   0.105809E+01   0.105400E+01   0.105023E+01   0.104674E+01   0.104354E+01   0.104059E+01   0.103787E+01   0.103535E+01   0.103302E+01   0.103086E+01   0.102886E+01   0.102701E+01   0.102527E+01   0.102368E+01   0.102220E+01   0.102083E+01   0.101955E+01   0.101835E+01   0.101722E+01   0.101659E+01   0.101571E+01   0.101477E+01   0.101389E+01   0.101238E+01   0.101395E+01   0.101577E+01   0.101527E+01   0.101366E+01   0.101233E+01   0.101124E+01   0.101031E+01   0.100950E+01   0.100878E+01   0.100815E+01   0.100758E+01   0.100706E+01   0.100659E+01   0.100616E+01   0.100583E+01   0.100552E+01   0.100512E+01   0.100481E+01   0.100449E+01   0.100394E+01   0.100375E+01   0.100351E+01   0.100331E+01   0.100311E+01   0.100294E+01   0.100277E+01   0.100262E+01   0.100248E+01   0.100235E+01   0.100226E+01   0.100215E+01   0.100203E+01   0.100193E+01   0.100184E+01   0.100175E+01   0.100166E+01   0.100158E+01   0.100149E+01   0.100142E+01   0.100134E+01   0.100127E+01   0.100120E+01   0.100114E+01   0.100108E+01   0.100103E+01   0.100097E+01   0.100092E+01   0.100088E+01   0.100083E+01   0.100079E+01   0.100075E+01   0.100071E+01   0.100067E+01   0.100064E+01   0.100060E+01   0.100057E+01   0.100054E+01   0.100051E+01   0.100049E+01   0.100046E+01   0.100044E+01   0.100042E+01   0.100040E+01   0.100037E+01
 0.000000E+00   0.000000E+00   0.000000E+00   0.000000E+00   0.000000E+00   0.000000E+00   0.000000E+00   0.000000E+00   0.000000E+00   0.000000E+00   0.154567E+01   0.150426E+01   0.146634E+01   0.143159E+01   0.139972E+01   0.137718E+01   0.134398E+01   0.131412E+01   0.129046E+01   0.126988E+01   0.125069E+01   0.123273E+01   0.121690E+01   0.120191E+01   0.118853E+01   0.117879E+01   0.116713E+01   0.115543E+01   0.114434E+01   0.113390E+01   0.112410E+01   0.111497E+01   0.110647E+01   0.109859E+01   0.109130E+01   0.108457E+01   0.107837E+01   0.107266E+01   0.106740E+01   0.106256E+01   0.105811E+01   0.105401E+01   0.105024E+01   0.104675E+01   0.104355E+01   0.104059E+01   0.103787E+01   0.103535E+01   0.103302E+01   0.103086E+01   0.102886E+01   0.102701E+01   0.102527E+01   0.102368E+01   0.102221E+01   0.102083E+01   0.101955E+01   0.101834E+01   0.101723E+01   0.101667E+01   0.101571E+01   0.101477E+01   0.101389E+01   0.101238E+01   0.101395E+01   0.101586E+01   0.101536E+01   0.101372E+01   0.101238E+01   0.101127E+01   0.101033E+01   0.100951E+01   0.100880E+01   0.100816E+01   0.100759E+01   0.100707E+01   0.100660E+01   0.100616E+01   0.100584E+01   0.100552E+01   0.100512E+01   0.100481E+01   0.100449E+01   0.100394E+01   0.100375E+01   0.100351E+01   0.100331E+01   0.100311E+01   0.100294E+01   0.100277E+01   0.100262E+01   0.100248E+01   0.100235E+01   0.100226E+01   0.100215E+01   0.100203E+01   0.100193E+01   0.100184E+01   0.100175E+01   0.100166E+01   0.100158E+01   0.100149E+01   0.100142E+01   0.100134E+01   0.100127E+01   0.100120E+01   0.100114E+01   0.100108E+01   0.100103E+01   0.100097E+01   0.100092E+01   0.100088E+01   0.100083E+01   0.100079E+01   0.100075E+01   0.100071E+01   0.100067E+01   0.100064E+01   0.100060E+01   0.100057E+01   0.100054E+01   0.100051E+01   0.100049E+01   0.100046E+01   0.100044E+01   0.100042E+01   0.100040E+01   0.100037E+01
 0.000000E+00   0.000000E+00   0.000000E+00   0.000000E+00   0.000000E+00   0.000000E+00   0.000000E+00   0.000000E+00   0.000000E+00   0.000000E+00   0.154567E+01   0.150426E+01   0.146634E+01   0.143159E+01   0.139972E+01   0.137718E+01   0.134398E+01   0.131412E+01   0.129046E+01   0.126988E+01   0.125069E+01   0.123273E+01   0.121690E+01   0.120191E+01   0.118832E+01   0.117839E+01   0.116714E+01   0.115549E+01   0.114442E+01   0.113398E+01   0.112419E+01   0.111504E+01   0.110654E+01   0.109865E+01   0.109136E+01   0.108462E+01   0.107841E+01   0.107269E+01   0.106743E+01   0.106258E+01   0.105813E+01   0.105403E+01   0.105025E+01   0.104675E+01   0.104355E+01   0.104060E+01   0.103787E+01   0.103535E+01   0.103302E+01   0.103086E+01   0.102886E+01   0.102701E+01   0.102528E+01   0.102369E+01   0.102221E+01   0.102083E+01   0.101954E+01   0.101834E+01   0.101726E+01   0.101671E+01   0.101571E+01   0.101477E+01   0.101389E+01   0.101238E+01   0.101395E+01   0.101595E+01   0.101544E+01   0.101378E+01   0.101242E+01   0.101130E+01   0.101035E+01   0.100953E+01   0.100881E+01   0.100817E+01   0.100760E+01   0.100708E+01   0.100660E+01   0.100617E+01   0.100585E+01   0.100552E+01   0.100512E+01   0.100481E+01   0.100449E+01   0.100394E+01   0.100375E+01   0.100351E+01   0.100331E+01   0.100311E+01   0.100294E+01   0.100277E+01   0.100262E+01   0.100248E+01   0.100235E+01   0.100226E+01   0.100215E+01   0.100203E+01   0.100193E+01   0.100184E+01   0.100175E+01   0.100166E+01   0.100158E+01   0.100149E+01   0.100142E+01   0.100134E+01   0.100127E+01   0.100120E+01   0.100114E+01   0.100108E+01   0.100103E+01   0.100097E+01   0.100092E+01   0.100088E+01   0.100083E+01   0.100079E+01   0.100075E+01   0.100071E+01   0.100067E+01   0.100064E+01   0.100060E+01   0.100057E+01   0.100054E+01   0.100051E+01   0.100049E+01   0.100046E+01   0.100044E+01   0.100042E+01   0.100040E+01   0.100037E+01
 0.000000E+00   0.000000E+00   0.000000E+00   0.000000E+00   0.000000E+00   0.000000E+00   0.000000E+00   0.000000E+00   0.000000E+00   0.000000E+00   0.154567E+01   0.150426E+01   0.146634E+01   0.143159E+01   0.139972E+01   0.137718E+01   0.134398E+01   0.131412E+01   0.129046E+01   0.126988E+01   0.125070E+01   0.123273E+01   0.121690E+01   0.120191E+01   0.118821E+01   0.117790E+01   0.116714E+01   0.115555E+01   0.114449E+01   0.113406E+01   0.112427E+01   0.111512E+01   0.110661E+01   0.109871E+01   0.109141E+01   0.108466E+01   0.107844E+01   0.107272E+01   0.106745E+01   0.106260E+01   0.105814E+01   0.105404E+01   0.105026E+01   0.104676E+01   0.104355E+01   0.104060E+01   0.103787E+01   0.103535E+01   0.103302E+01   0.103086E+01   0.102886E+01   0.102701E+01   0.102528E+01   0.102369E+01   0.102221E+01   0.102083E+01   0.101954E+01   0.101834E+01   0.101730E+01   0.101671E+01   0.101571E+01   0.101477E+01   0.101389E+01   0.101238E+01   0.101395E+01   0.101604E+01   0.101553E+01   0.101384E+01   0.101246E+01   0.101134E+01   0.101038E+01   0.100955E+01   0.100882E+01   0.100818E+01   0.100760E+01   0.100708E+01   0.100661E+01   0.100617E+01   0.100586E+01   0.100552E+01   0.100512E+01   0.100481E+01   0.100449E+01   0.100394E+01   0.100375E+01   0.100351E+01   0.100331E+01   0.100311E+01   0.100294E+01   0.100277E+01   0.100262E+01   0.100248E+01   0.100235E+01   0.100226E+01   0.100215E+01   0.100203E+01   0.100193E+01   0.100184E+01   0.100175E+01   0.100166E+01   0.100158E+01   0.100149E+01   0.100142E+01   0.100134E+01   0.100127E+01   0.100120E+01   0.100114E+01   0.100108E+01   0.100103E+01   0.100097E+01   0.100092E+01   0.100087E+01   0.100083E+01   0.100079E+01   0.100075E+01   0.100071E+01   0.100067E+01   0.100064E+01   0.100060E+01   0.100057E+01   0.100054E+01   0.100051E+01   0.100049E+01   0.100046E+01   0.100044E+01   0.100042E+01   0.100040E+01   0.100037E+01
 0.000000E+00   0.000000E+00   0.000000E+00   0.000000E+00   0.000000E+00   0.000000E+00   0.000000E+00   0.000000E+00   0.000000E+00   0.000000E+00   0.154567E+01   0.150426E+01   0.146634E+01   0.143159E+01   0.139972E+01   0.137718E+01   0.134398E+01   0.131412E+01   0.129047E+01   0.126988E+01   0.125070E+01   0.123273E+01   0.121690E+01   0.120191E+01   0.118817E+01   0.117736E+01   0.116709E+01   0.115561E+01   0.114456E+01   0.113413E+01   0.112433E+01   0.111518E+01   0.110666E+01   0.109876E+01   0.109145E+01   0.108470E+01   0.107847E+01   0.107274E+01   0.106747E+01   0.106261E+01   0.105815E+01   0.105404E+01   0.105026E+01   0.104676E+01   0.104356E+01   0.104060E+01   0.103787E+01   0.103535E+01   0.103302E+01   0.103086E+01   0.102887E+01   0.102702E+01   0.102529E+01   0.102369E+01   0.102221E+01   0.102083E+01   0.101953E+01   0.101835E+01   0.101733E+01   0.101671E+01   0.101571E+01   0.101477E+01   0.101389E+01   0.101238E+01   0.101395E+01   0.101614E+01   0.101563E+01   0.101390E+01   0.101251E+01   0.101137E+01   0.101040E+01   0.100957E+01   0.100884E+01   0.100819E+01   0.100761E+01   0.100709E+01   0.100662E+01   0.100618E+01   0.100587E+01   0.100552E+01   0.100512E+01   0.100481E+01   0.100449E+01   0.100394E+01   0.100375E+01   0.100351E+01   0.100331E+01   0.100311E+01   0.100294E+01   0.100277E+01   0.100262E+01   0.100248E+01   0.100235E+01   0.100226E+01   0.100215E+01   0.100203E+01   0.100193E+01   0.100184E+01   0.100175E+01   0.100166E+01   0.100158E+01   0.100149E+01   0.100142E+01   0.100134E+01   0.100127E+01   0.100120E+01   0.100114E+01   0.100108E+01   0.100103E+01   0.100097E+01   0.100092E+01   0.100087E+01   0.100083E+01   0.100079E+01   0.100075E+01   0.100071E+01   0.100067E+01   0.100064E+01   0.100060E+01   0.100057E+01   0.100054E+01   0.100051E+01   0.100049E+01   0.100046E+01   0.100044E+01   0.100042E+01   0.100040E+01   0.100037E+01
 0.000000E+00   0.000000E+00   0.000000E+00   0.000000E+00   0.000000E+00   0.000000E+00   0.000000E+00   0.000000E+00   0.000000E+00   0.000000E+00   0.154567E+01   0.150426E+01   0.146634E+01   0.143159E+01   0.139972E+01   0.137718E+01   0.134398E+01   0.131413E+01   0.129047E+01   0.126988E+01   0.125070E+01   0.123273E+01   0.121690E+01   0.120191E+01   0.118816E+01   0.117685E+01   0.116700E+01   0.115565E+01   0.114461E+01   0.113418E+01   0.112439E+01   0.111523E+01   0.110671E+01   0.109880E+01   0.109148E+01   0.108472E+01   0.107849E+01   0.107276E+01   0.106748E+01   0.106262E+01   0.105816E+01   0.105405E+01   0.105027E+01   0.104676E+01   0.104356E+01   0.104060E+01   0.103787E+01   0.103535E+01   0.103302E+01   0.103087E+01   0.102887E+01   0.102702E+01   0.102529E+01   0.102369E+01   0.102221E+01   0.102082E+01   0.101954E+01   0.101836E+01   0.101737E+01   0.101671E+01   0.101571E+01   0.101477E+01   0.101389E+01   0.101238E+01   0.101395E+01   0.101623E+01   0.101572E+01   0.101396E+01   0.101255E+01   0.101140E+01   0.101043E+01   0.100959E+01   0.100885E+01   0.100820E+01   0.100762E+01   0.100710E+01   0.100662E+01   0.100618E+01   0.100587E+01   0.100552E+01   0.100512E+01   0.100481E+01   0.100449E+01   0.100394E+01   0.100375E+01   0.100351E+01   0.100331E+01   0.100311E+01   0.100294E+01   0.100277E+01   0.100262E+01   0.100248E+01   0.100235E+01   0.100226E+01   0.100215E+01   0.100203E+01   0.100193E+01   0.100184E+01   0.100175E+01   0.100166E+01   0.100158E+01   0.100149E+01   0.100142E+01   0.100134E+01   0.100127E+01   0.100120E+01   0.100114E+01   0.100108E+01   0.100103E+01   0.100097E+01   0.100092E+01   0.100087E+01   0.100083E+01   0.100079E+01   0.100075E+01   0.100071E+01   0.100067E+01   0.100064E+01   0.100060E+01   0.100057E+01   0.100054E+01   0.100051E+01   0.100049E+01   0.100046E+01   0.100044E+01   0.100042E+01   0.100040E+01   0.100037E+01
 0.000000E+00   0.000000E+00   0.000000E+00   0.000000E+00   0.000000E+00   0.000000E+00   0.000000E+00   0.000000E+00   0.000000E+00   0.000000E+00   0.154567E+01   0.150426E+01   0.146634E+01   0.143159E+01   0.139972E+01   0.137718E+01   0.134398E+01   0.131413E+01   0.129047E+01   0.126988E+01   0.125070E+01   0.123273E+01   0.121690E+01   0.120191E+01   0.118816E+01   0.117639E+01   0.116687E+01   0.115568E+01   0.114465E+01   0.113422E+01   0.112443E+01   0.111527E+01   0.110674E+01   0.109883E+01   0.109150E+01   0.108474E+01   0.107851E+01   0.107277E+01   0.106749E+01   0.106263E+01   0.105816E+01   0.105405E+01   0.105027E+01   0.104677E+01   0.104356E+01   0.104060E+01   0.103788E+01   0.103536E+01   0.103303E+01   0.103087E+01   0.102888E+01   0.102703E+01   0.102529E+01   0.102369E+01   0.102220E+01   0.102082E+01   0.101955E+01   0.101836E+01   0.101743E+01   0.101671E+01   0.101571E+01   0.101477E+01   0.101389E+01   0.101238E+01   0.101395E+01   0.101634E+01   0.101582E+01   0.101403E+01   0.101260E+01   0.101144E+01   0.101045E+01   0.100961E+01   0.100887E+01   0.100821E+01   0.100763E+01   0.100711E+01   0.100663E+01   0.100619E+01   0.100588E+01   0.100552E+01   0.100512E+01   0.100481E+01   0.100449E+01   0.100394E+01   0.100375E+01   0.100351E+01   0.100331E+01   0.100311E+01   0.100294E+01   0.100277E+01   0.100262E+01   0.100248E+01   0.100235E+01   0.100226E+01   0.100215E+01   0.100203E+01   0.100193E+01   0.100184E+01   0.100175E+01   0.100166E+01   0.100158E+01   0.100149E+01   0.100142E+01   0.100134E+01   0.100127E+01   0.100120E+01   0.100114E+01   0.100108E+01   0.100103E+01   0.100097E+01   0.100092E+01   0.100087E+01   0.100083E+01   0.100079E+01   0.100075E+01   0.100071E+01   0.100067E+01   0.100064E+01   0.100060E+01   0.100057E+01   0.100054E+01   0.100051E+01   0.100049E+01   0.100046E+01   0.100044E+01   0.100042E+01   0.100040E+01   0.100037E+01
 0.000000E+00   0.000000E+00   0.000000E+00   0.000000E+00   0.000000E+00   0.000000E+00   0.000000E+00   0.000000E+00   0.000000E+00   0.000000E+00   0.154567E+01   0.150426E+01   0.146634E+01   0.143159E+01   0.139972E+01   0.137718E+01   0.134398E+01   0.131413E+01   0.129047E+01   0.126988E+01   0.125070E+01   0.123273E+01   0.121690E+01   0.120191E+01   0.118816E+01   0.117603E+01   0.116673E+01   0.115571E+01   0.114469E+01   0.113426E+01   0.112446E+01   0.111530E+01   0.110677E+01   0.109885E+01   0.109153E+01   0.108476E+01   0.107852E+01   0.107278E+01   0.106750E+01   0.106264E+01   0.105817E+01   0.105406E+01   0.105027E+01   0.104677E+01   0.104357E+01   0.104061E+01   0.103788E+01   0.103537E+01   0.103304E+01   0.103088E+01   0.102888E+01   0.102703E+01   0.102529E+01   0.102368E+01   0.102220E+01   0.102083E+01   0.101956E+01   0.101835E+01   0.101752E+01   0.101671E+01   0.101571E+01   0.101477E+01   0.101389E+01   0.101238E+01   0.101395E+01   0.101644E+01   0.101592E+01   0.101410E+01   0.101266E+01   0.101147E+01   0.101048E+01   0.100963E+01   0.100888E+01   0.100823E+01   0.100764E+01   0.100711E+01   0.100663E+01   0.100619E+01   0.100589E+01   0.100552E+01   0.100512E+01   0.100481E+01   0.100449E+01   0.100394E+01   0.100375E+01   0.100351E+01   0.100331E+01   0.100311E+01   0.100294E+01   0.100277E+01   0.100262E+01   0.100248E+01   0.100235E+01   0.100226E+01   0.100215E+01   0.100203E+01   0.100193E+01   0.100184E+01   0.100175E+01   0.100166E+01   0.100158E+01   0.100149E+01   0.100142E+01   0.100134E+01   0.100127E+01   0.100120E+01   0.100114E+01   0.100108E+01   0.100103E+01   0.100097E+01   0.100092E+01   0.100087E+01   0.100083E+01   0.100079E+01   0.100075E+01   0.100071E+01   0.100067E+01   0.100064E+01   0.100060E+01   0.100057E+01   0.100054E+01   0.100051E+01   0.100049E+01   0.100046E+01   0.100044E+01   0.100042E+01   0.100039E+01   0.100037E+01
 0.000000E+00   0.000000E+00   0.000000E+00   0.000000E+00   0.000000E+00   0.000000E+00   0.000000E+00   0.000000E+00   0.000000E+00   0.000000E+00   0.154567E+01   0.150426E+01   0.146634E+01   0.143159E+01   0.139972E+01   0.137718E+01   0.134398E+01   0.131413E+01   0.129047E+01   0.126988E+01   0.125070E+01   0.123273E+01   0.121690E+01   0.120192E+01   0.118816E+01   0.117575E+01   0.116658E+01   0.115573E+01   0.114471E+01   0.113429E+01   0.112449E+01   0.111532E+01   0.110679E+01   0.109887E+01   0.109154E+01   0.108477E+01   0.107853E+01   0.107279E+01   0.106751E+01   0.106265E+01   0.105818E+01   0.105407E+01   0.105029E+01   0.104678E+01   0.104358E+01   0.104062E+01   0.103789E+01   0.103537E+01   0.103304E+01   0.103088E+01   0.102888E+01   0.102702E+01   0.102528E+01   0.102368E+01   0.102221E+01   0.102084E+01   0.101955E+01   0.101834E+01   0.101763E+01   0.101671E+01   0.101571E+01   0.101477E+01   0.101389E+01   0.101238E+01   0.101395E+01   0.101655E+01   0.101602E+01   0.101417E+01   0.101271E+01   0.101151E+01   0.101051E+01   0.100965E+01   0.100890E+01   0.100824E+01   0.100765E+01   0.100712E+01   0.100664E+01   0.100620E+01   0.100590E+01   0.100552E+01   0.100512E+01   0.100481E+01   0.100449E+01   0.100394E+01   0.100375E+01   0.100351E+01   0.100331E+01   0.100311E+01   0.100294E+01   0.100277E+01   0.100262E+01   0.100248E+01   0.100235E+01   0.100226E+01   0.100215E+01   0.100203E+01   0.100193E+01   0.100184E+01   0.100175E+01   0.100166E+01   0.100158E+01   0.100149E+01   0.100142E+01   0.100134E+01   0.100127E+01   0.100120E+01   0.100114E+01   0.100108E+01   0.100103E+01   0.100097E+01   0.100092E+01   0.100087E+01   0.100083E+01   0.100079E+01   0.100075E+01   0.100071E+01   0.100067E+01   0.100064E+01   0.100060E+01   0.100057E+01   0.100054E+01   0.100051E+01   0.100049E+01   0.100046E+01   0.100044E+01   0.100042E+01   0.100039E+01   0.100037E+01
 0.000000E+00   0.000000E+00   0.000000E+00   0.000000E+00   0.000000E+00   0.000000E+00   0.000000E+00   0.000000E+00   0.000000E+00   0.000000E+00   0.154567E+01   0.150426E+01   0.146634E+01   0.143159E+01   0.139972E+01   0.137718E+01   0.134398E+01   0.131413E+01   0.129047E+01   0.126988E+01   0.125070E+01   0.123273E+01   0.121690E+01   0.120192E+01   0.118817E+01   0.117553E+01   0.116645E+01   0.115574E+01   0.114473E+01   0.113431E+01   0.112451E+01   0.111535E+01   0.110681E+01   0.109889E+01   0.109156E+01   0.108479E+01   0.107856E+01   0.107281E+01   0.106753E+01   0.106267E+01   0.105820E+01   0.105409E+01   0.105030E+01   0.104680E+01   0.104359E+01   0.104063E+01   0.103790E+01   0.103538E+01   0.103304E+01   0.103088E+01   0.102888E+01   0.102702E+01   0.102528E+01   0.102369E+01   0.102222E+01   0.102084E+01   0.101953E+01   0.101848E+01   0.101779E+01   0.101671E+01   0.101571E+01   0.101477E+01   0.101389E+01   0.101238E+01   0.101395E+01   0.101684E+01   0.101613E+01   0.101424E+01   0.101276E+01   0.101154E+01   0.101053E+01   0.100967E+01   0.100891E+01   0.100825E+01   0.100766E+01   0.100713E+01   0.100664E+01   0.100621E+01   0.100591E+01   0.100552E+01   0.100512E+01   0.100481E+01   0.100449E+01   0.100394E+01   0.100375E+01   0.100351E+01   0.100331E+01   0.100311E+01   0.100294E+01   0.100277E+01   0.100262E+01   0.100248E+01   0.100235E+01   0.100226E+01   0.100215E+01   0.100203E+01   0.100193E+01   0.100184E+01   0.100175E+01   0.100166E+01   0.100158E+01   0.100149E+01   0.100142E+01   0.100134E+01   0.100127E+01   0.100120E+01   0.100114E+01   0.100108E+01   0.100103E+01   0.100097E+01   0.100092E+01   0.100087E+01   0.100083E+01   0.100079E+01   0.100075E+01   0.100071E+01   0.100067E+01   0.100063E+01   0.100060E+01   0.100057E+01   0.100054E+01   0.100051E+01   0.100049E+01   0.100046E+01   0.100044E+01   0.100042E+01   0.100039E+01   0.100037E+01
 0.000000E+00   0.000000E+00   0.000000E+00   0.000000E+00   0.000000E+00   0.000000E+00   0.000000E+00   0.000000E+00   0.000000E+00   0.000000E+00   0.154567E+01   0.150426E+01   0.146634E+01   0.143159E+01   0.139972E+01   0.137718E+01   0.134398E+01   0.131413E+01   0.129047E+01   0.126988E+01   0.125070E+01   0.123273E+01   0.121690E+01   0.120192E+01   0.118817E+01   0.117536E+01   0.116633E+01   0.115575E+01   0.114476E+01   0.113434E+01   0.112455E+01   0.111539E+01   0.110686E+01   0.109894E+01   0.109161E+01   0.108484E+01   0.107860E+01   0.107285E+01   0.106756E+01   0.106270E+01   0.105822E+01   0.105411E+01   0.105032E+01   0.104681E+01   0.104360E+01   0.104064E+01   0.103791E+01   0.103538E+01   0.103304E+01   0.103088E+01   0.102887E+01   0.102702E+01   0.102529E+01   0.102370E+01   0.102222E+01   0.102082E+01   0.101958E+01   0.101872E+01   0.101779E+01   0.101671E+01   0.101571E+01   0.101477E+01   0.101389E+01   0.101238E+01   0.101395E+01   0.101713E+01   0.101623E+01   0.101430E+01   0.101280E+01   0.101157E+01   0.101056E+01   0.100968E+01   0.100893E+01   0.100826E+01   0.100767E+01   0.100713E+01   0.100665E+01   0.100621E+01   0.100592E+01   0.100552E+01   0.100512E+01   0.100481E+01   0.100449E+01   0.100394E+01   0.100375E+01   0.100351E+01   0.100331E+01   0.100311E+01   0.100294E+01   0.100277E+01   0.100262E+01   0.100248E+01   0.100235E+01   0.100226E+01   0.100215E+01   0.100203E+01   0.100193E+01   0.100184E+01   0.100175E+01   0.100166E+01   0.100158E+01   0.100149E+01   0.100142E+01   0.100134E+01   0.100127E+01   0.100120E+01   0.100114E+01   0.100108E+01   0.100103E+01   0.100097E+01   0.100092E+01   0.100087E+01   0.100083E+01   0.100079E+01   0.100075E+01   0.100071E+01   0.100067E+01   0.100063E+01   0.100060E+01   0.100057E+01   0.100054E+01   0.100051E+01   0.100049E+01   0.100046E+01   0.100044E+01   0.100042E+01   0.100039E+01   0.100037E+01
 0.000000E+00   0.000000E+00   0.000000E+00   0.000000E+00   0.000000E+00   0.000000E+00   0.000000E+00   0.000000E+00   0.000000E+00   0.000000E+00   0.154567E+01   0.150426E+01   0.146634E+01   0.143159E+01   0.139972E+01   0.137718E+01   0.134398E+01   0.131413E+01   0.129047E+01   0.126988E+01   0.125070E+01   0.123273E+01   0.121691E+01   0.120192E+01   0.118817E+01   0.117523E+01   0.116614E+01   0.115577E+01   0.114481E+01   0.113442E+01   0.112463E+01   0.111547E+01   0.110694E+01   0.109901E+01   0.109167E+01   0.108490E+01   0.107865E+01   0.107289E+01   0.106760E+01   0.106273E+01   0.105825E+01   0.105413E+01   0.105033E+01   0.104682E+01   0.104361E+01   0.104064E+01   0.103791E+01   0.103538E+01   0.103304E+01   0.103087E+01   0.102887E+01   0.102702E+01   0.102529E+01   0.102371E+01   0.102221E+01   0.102084E+01   0.101972E+01   0.101895E+01   0.101779E+01   0.101671E+01   0.101571E+01   0.101477E+01   0.101389E+01   0.101238E+01   0.101395E+01   0.101745E+01   0.101634E+01   0.101438E+01   0.101285E+01   0.101161E+01   0.101058E+01   0.100970E+01   0.100894E+01   0.100827E+01   0.100768E+01   0.100714E+01   0.100665E+01   0.100622E+01   0.100593E+01   0.100552E+01   0.100512E+01   0.100481E+01   0.100449E+01   0.100394E+01   0.100375E+01   0.100351E+01   0.100331E+01   0.100311E+01   0.100294E+01   0.100277E+01   0.100262E+01   0.100248E+01   0.100235E+01   0.100226E+01   0.100215E+01   0.100203E+01   0.100193E+01   0.100184E+01   0.100175E+01   0.100166E+01   0.100158E+01   0.100149E+01   0.100142E+01   0.100134E+01   0.100127E+01   0.100120E+01   0.100114E+01   0.100108E+01   0.100103E+01   0.100097E+01   0.100092E+01   0.100087E+01   0.100083E+01   0.100079E+01   0.100075E+01   0.100071E+01   0.100067E+01   0.100063E+01   0.100060E+01   0.100057E+01   0.100054E+01   0.100051E+01   0.100049E+01   0.100046E+01   0.100044E+01   0.100042E+01   0.100039E+01   0.100037E+01
 0.000000E+00   0.000000E+00   0.000000E+00   0.000000E+00   0.000000E+00   0.000000E+00   0.000000E+00   0.000000E+00   0.000000E+00   0.000000E+00   0.154567E+01   0.150426E+01   0.146634E+01   0.143159E+01   0.139972E+01   0.137718E+01   0.134398E+01   0.131413E+01   0.129047E+01   0.126988E+01   0.125070E+01   0.123273E+01   0.121691E+01   0.120192E+01   0.118817E+01   0.117515E+01   0.116582E+01   0.115577E+01   0.114490E+01   0.113451E+01   0.112473E+01   0.111557E+01   0.110703E+01   0.109909E+01   0.109174E+01   0.108496E+01   0.107870E+01   0.107293E+01   0.106763E+01   0.106275E+01   0.105827E+01   0.105414E+01   0.105034E+01   0.104683E+01   0.104361E+01   0.104064E+01   0.103790E+01   0.103537E+01   0.103304E+01   0.103088E+01   0.102888E+01   0.102703E+01   0.102530E+01   0.102370E+01   0.102221E+01   0.102091E+01   0.102001E+01   0.101895E+01   0.101779E+01   0.101671E+01   0.101571E+01   0.101477E+01   0.101389E+01   0.101238E+01   0.101395E+01   0.101777E+01   0.101644E+01   0.101445E+01   0.101290E+01   0.101164E+01   0.101061E+01   0.100972E+01   0.100896E+01   0.100828E+01   0.100768E+01   0.100715E+01   0.100666E+01   0.100622E+01   0.100594E+01   0.100552E+01   0.100512E+01   0.100481E+01   0.100449E+01   0.100394E+01   0.100375E+01   0.100351E+01   0.100331E+01   0.100311E+01   0.100294E+01   0.100277E+01   0.100262E+01   0.100248E+01   0.100235E+01   0.100226E+01   0.100215E+01   0.100203E+01   0.100193E+01   0.100184E+01   0.100175E+01   0.100166E+01   0.100158E+01   0.100149E+01   0.100142E+01   0.100134E+01   0.100127E+01   0.100120E+01   0.100114E+01   0.100108E+01   0.100103E+01   0.100097E+01   0.100092E+01   0.100087E+01   0.100083E+01   0.100079E+01   0.100075E+01   0.100071E+01   0.100067E+01   0.100063E+01   0.100060E+01   0.100057E+01   0.100054E+01   0.100051E+01   0.100049E+01   0.100046E+01   0.100044E+01   0.100042E+01   0.100039E+01   0.100037E+01
 0.000000E+00   0.000000E+00   0.000000E+00   0.000000E+00   0.000000E+00   0.000000E+00   0.000000E+00   0.000000E+00   0.000000E+00   0.000000E+00   0.154567E+01   0.150426E+01   0.146634E+01   0.143159E+01   0.139972E+01   0.137718E+01   0.134398E+01   0.131413E+01   0.129047E+01   0.126988E+01   0.125070E+01   0.123273E+01   0.121691E+01   0.120192E+01   0.118817E+01   0.117512E+01   0.116542E+01   0.115572E+01   0.114499E+01   0.113461E+01   0.112483E+01   0.111566E+01   0.110711E+01   0.109916E+01   0.109180E+01   0.108500E+01   0.107873E+01   0.107296E+01   0.106765E+01   0.106277E+01   0.105828E+01   0.105415E+01   0.105035E+01   0.104683E+01   0.104361E+01   0.104064E+01   0.103790E+01   0.103537E+01   0.103304E+01   0.103089E+01   0.102889E+01   0.102704E+01   0.102529E+01   0.102369E+01   0.102226E+01   0.102111E+01   0.102019E+01   0.101895E+01   0.101779E+01   0.101671E+01   0.101571E+01   0.101477E+01   0.101389E+01   0.101238E+01   0.101884E+01   0.101811E+01   0.101656E+01   0.101452E+01   0.101295E+01   0.101168E+01   0.101063E+01   0.100974E+01   0.100897E+01   0.100829E+01   0.100769E+01   0.100715E+01   0.100666E+01   0.100623E+01   0.100595E+01   0.100552E+01   0.100512E+01   0.100481E+01   0.100449E+01   0.100394E+01   0.100375E+01   0.100351E+01   0.100331E+01   0.100311E+01   0.100294E+01   0.100277E+01   0.100262E+01   0.100248E+01   0.100235E+01   0.100226E+01   0.100215E+01   0.100203E+01   0.100193E+01   0.100184E+01   0.100175E+01   0.100166E+01   0.100158E+01   0.100149E+01   0.100142E+01   0.100134E+01   0.100127E+01   0.100120E+01   0.100114E+01   0.100108E+01   0.100103E+01   0.100097E+01   0.100092E+01   0.100087E+01   0.100083E+01   0.100079E+01   0.100075E+01   0.100071E+01   0.100067E+01   0.100063E+01   0.100060E+01   0.100057E+01   0.100054E+01   0.100051E+01   0.100049E+01   0.100046E+01   0.100044E+01   0.100042E+01   0.100039E+01   0.100037E+01
 0.000000E+00   0.000000E+00   0.000000E+00   0.000000E+00   0.000000E+00   0.000000E+00   0.000000E+00   0.000000E+00   0.000000E+00   0.000000E+00   0.154567E+01   0.150426E+01   0.146634E+01   0.143159E+01   0.139972E+01   0.137718E+01   0.134398E+01   0.131413E+01   0.129047E+01   0.126988E+01   0.125070E+01   0.123274E+01   0.121691E+01   0.120192E+01   0.118817E+01   0.117512E+01   0.116502E+01   0.115560E+01   0.114506E+01   0.113469E+01   0.112490E+01   0.111573E+01   0.110716E+01   0.109921E+01   0.109184E+01   0.108503E+01   0.107876E+01   0.107298E+01   0.106766E+01   0.106278E+01   0.105828E+01   0.105415E+01   0.105035E+01   0.104683E+01   0.104361E+01   0.104064E+01   0.103791E+01   0.103538E+01   0.103305E+01   0.103090E+01   0.102890E+01   0.102703E+01   0.102529E+01   0.102373E+01   0.102234E+01   0.102115E+01   0.102019E+01   0.101895E+01   0.101779E+01   0.101671E+01   0.101571E+01   0.101477E+01   0.101389E+01   0.101238E+01   0.101913E+01   0.101843E+01   0.101667E+01   0.101460E+01   0.101301E+01   0.101172E+01   0.101066E+01   0.100976E+01   0.100899E+01   0.100830E+01   0.100770E+01   0.100716E+01   0.100667E+01   0.100624E+01   0.100596E+01   0.100552E+01   0.100512E+01   0.100481E+01   0.100449E+01   0.100394E+01   0.100375E+01   0.100351E+01   0.100331E+01   0.100311E+01   0.100294E+01   0.100277E+01   0.100262E+01   0.100248E+01   0.100235E+01   0.100226E+01   0.100215E+01   0.100203E+01   0.100193E+01   0.100184E+01   0.100175E+01   0.100166E+01   0.100158E+01   0.100149E+01   0.100142E+01   0.100134E+01   0.100127E+01   0.100120E+01   0.100114E+01   0.100108E+01   0.100103E+01   0.100097E+01   0.100092E+01   0.100087E+01   0.100083E+01   0.100079E+01   0.100075E+01   0.100071E+01   0.100067E+01   0.100063E+01   0.100060E+01   0.100057E+01   0.100054E+01   0.100051E+01   0.100049E+01   0.100046E+01   0.100044E+01   0.100042E+01   0.100039E+01   0.100037E+01
 0.000000E+00   0.000000E+00   0.000000E+00   0.000000E+00   0.000000E+00   0.000000E+00   0.000000E+00   0.000000E+00   0.000000E+00   0.000000E+00   0.154567E+01   0.150426E+01   0.146634E+01   0.143159E+01   0.139972E+01   0.137718E+01   0.134398E+01   0.131413E+01   0.129047E+01   0.126988E+01   0.125070E+01   0.123274E+01   0.121691E+01   0.120192E+01   0.118817E+01   0.117512E+01   0.116468E+01   0.115543E+01   0.114511E+01   0.113474E+01   0.112495E+01   0.111577E+01   0.110720E+01   0.109924E+01   0.109186E+01   0.108505E+01   0.107877E+01   0.107299E+01   0.106767E+01   0.106278E+01   0.105828E+01   0.105415E+01   0.105035E+01   0.104683E+01   0.104361E+01   0.104065E+01   0.103792E+01   0.103540E+01   0.103307E+01   0.103090E+01   0.102889E+01   0.102703E+01   0.102533E+01   0.102381E+01   0.102220E+01   0.102140E+01   0.102019E+01   0.101895E+01   0.101779E+01   0.101671E+01   0.101571E+01   0.101477E+01   0.101389E+01   0.101238E+01   0.101943E+01   0.101875E+01   0.101679E+01   0.101468E+01   0.101306E+01   0.101175E+01   0.101069E+01   0.100978E+01   0.100900E+01   0.100832E+01   0.100771E+01   0.100717E+01   0.100667E+01   0.100625E+01   0.100597E+01   0.100552E+01   0.100512E+01   0.100481E+01   0.100449E+01   0.100394E+01   0.100375E+01   0.100351E+01   0.100331E+01   0.100311E+01   0.100294E+01   0.100277E+01   0.100262E+01   0.100248E+01   0.100235E+01   0.100226E+01   0.100215E+01   0.100203E+01   0.100193E+01   0.100184E+01   0.100175E+01   0.100166E+01   0.100158E+01   0.100149E+01   0.100142E+01   0.100134E+01   0.100127E+01   0.100120E+01   0.100114E+01   0.100108E+01   0.100103E+01   0.100097E+01   0.100092E+01   0.100087E+01   0.100083E+01   0.100079E+01   0.100075E+01   0.100071E+01   0.100067E+01   0.100063E+01   0.100060E+01   0.100057E+01   0.100054E+01   0.100051E+01   0.100049E+01   0.100046E+01   0.100044E+01   0.100042E+01   0.100039E+01   0.100037E+01
 0.000000E+00   0.000000E+00   0.000000E+00   0.000000E+00   0.000000E+00   0.000000E+00   0.000000E+00   0.000000E+00   0.000000E+00   0.000000E+00   0.154567E+01   0.150426E+01   0.146634E+01   0.143159E+01   0.139972E+01   0.137718E+01   0.134398E+01   0.131413E+01   0.129047E+01   0.126989E+01   0.125070E+01   0.123274E+01   0.121691E+01   0.120192E+01   0.118817E+01   0.117512E+01   0.116442E+01   0.115529E+01   0.114515E+01   0.113477E+01   0.112497E+01   0.111578E+01   0.110721E+01   0.109924E+01   0.109187E+01   0.108505E+01   0.107877E+01   0.107299E+01   0.106767E+01   0.106278E+01   0.105829E+01   0.105416E+01   0.105036E+01   0.104685E+01   0.104363E+01   0.104067E+01   0.103794E+01   0.103541E+01   0.103307E+01   0.103089E+01   0.102889E+01   0.102707E+01   0.102541E+01   0.102368E+01   0.102229E+01   0.102151E+01   0.102019E+01   0.101895E+01   0.101779E+01   0.101671E+01   0.101571E+01   0.101477E+01   0.101389E+01   0.101238E+01   0.101974E+01   0.101907E+01   0.101692E+01   0.101476E+01   0.101311E+01   0.101179E+01   0.101071E+01   0.100980E+01   0.100902E+01   0.100833E+01   0.100772E+01   0.100717E+01   0.100668E+01   0.100625E+01   0.100599E+01   0.100552E+01   0.100512E+01   0.100481E+01   0.100449E+01   0.100394E+01   0.100375E+01   0.100351E+01   0.100331E+01   0.100311E+01   0.100294E+01   0.100277E+01   0.100262E+01   0.100248E+01   0.100235E+01   0.100226E+01   0.100215E+01   0.100203E+01   0.100193E+01   0.100184E+01   0.100175E+01   0.100166E+01   0.100158E+01   0.100149E+01   0.100142E+01   0.100134E+01   0.100127E+01   0.100120E+01   0.100114E+01   0.100108E+01   0.100103E+01   0.100097E+01   0.100092E+01   0.100087E+01   0.100083E+01   0.100079E+01   0.100075E+01   0.100071E+01   0.100067E+01   0.100063E+01   0.100060E+01   0.100057E+01   0.100054E+01   0.100051E+01   0.100049E+01   0.100046E+01   0.100044E+01   0.100042E+01   0.100039E+01   0.100037E+01
 0.000000E+00   0.000000E+00   0.000000E+00   0.000000E+00   0.000000E+00   0.000000E+00   0.000000E+00   0.000000E+00   0.000000E+00   0.000000E+00   0.154567E+01   0.150426E+01   0.146634E+01   0.143159E+01   0.139972E+01   0.137718E+01   0.134398E+01   0.131413E+01   0.129047E+01   0.126989E+01   0.125070E+01   0.123274E+01   0.121691E+01   0.120192E+01   0.118817E+01   0.117512E+01   0.116421E+01   0.115521E+01   0.114515E+01   0.113477E+01   0.112497E+01   0.111578E+01   0.110721E+01   0.109925E+01   0.109188E+01   0.108507E+01   0.107879E+01   0.107301E+01   0.106770E+01   0.106281E+01   0.105832E+01   0.105419E+01   0.105039E+01   0.104687E+01   0.104365E+01   0.104069E+01   0.103794E+01   0.103540E+01   0.103306E+01   0.103090E+01   0.102894E+01   0.102714E+01   0.102530E+01   0.102366E+01   0.102253E+01   0.102151E+01   0.102019E+01   0.101895E+01   0.101779E+01   0.101671E+01   0.101571E+01   0.101477E+01   0.101389E+01   0.101238E+01   0.102005E+01   0.101939E+01   0.101705E+01   0.101485E+01   0.101317E+01   0.101183E+01   0.101074E+01   0.100983E+01   0.100903E+01   0.100834E+01   0.100773E+01   0.100718E+01   0.100667E+01   0.100627E+01   0.100599E+01   0.100552E+01   0.100512E+01   0.100481E+01   0.100449E+01   0.100394E+01   0.100375E+01   0.100351E+01   0.100331E+01   0.100311E+01   0.100294E+01   0.100277E+01   0.100262E+01   0.100248E+01   0.100235E+01   0.100226E+01   0.100215E+01   0.100203E+01   0.100193E+01   0.100184E+01   0.100175E+01   0.100166E+01   0.100158E+01   0.100149E+01   0.100142E+01   0.100134E+01   0.100127E+01   0.100120E+01   0.100114E+01   0.100108E+01   0.100103E+01   0.100097E+01   0.100092E+01   0.100087E+01   0.100083E+01   0.100079E+01   0.100075E+01   0.100071E+01   0.100067E+01   0.100063E+01   0.100060E+01   0.100057E+01   0.100054E+01   0.100051E+01   0.100049E+01   0.100046E+01   0.100044E+01   0.100042E+01   0.100039E+01   0.100037E+01
 0.000000E+00   0.000000E+00   0.000000E+00   0.000000E+00   0.000000E+00   0.000000E+00   0.000000E+00   0.000000E+00   0.000000E+00   0.000000E+00   0.154567E+01   0.150426E+01   0.146634E+01   0.143159E+01   0.139972E+01   0.137718E+01   0.134398E+01   0.131413E+01   0.129047E+01   0.126989E+01   0.125070E+01   0.123274E+01   0.121691E+01   0.120192E+01   0.118817E+01   0.117512E+01   0.116403E+01   0.115517E+01   0.114515E+01   0.113479E+01   0.112501E+01   0.111583E+01   0.110727E+01   0.109931E+01   0.109194E+01   0.108513E+01   0.107885E+01   0.107306E+01   0.106775E+01   0.106285E+01   0.105836E+01   0.105422E+01   0.105042E+01   0.104689E+01   0.104367E+01   0.104069E+01   0.103794E+01   0.103541E+01   0.103309E+01   0.103097E+01   0.102899E+01   0.102704E+01   0.102526E+01   0.102361E+01   0.102294E+01   0.102151E+01   0.102019E+01   0.101895E+01   0.101779E+01   0.101671E+01   0.101571E+01   0.101477E+01   0.101389E+01   0.101238E+01   0.102037E+01   0.101971E+01   0.101719E+01   0.101493E+01   0.101323E+01   0.101188E+01   0.101078E+01   0.100985E+01   0.100905E+01   0.100836E+01   0.100774E+01   0.100719E+01   0.100668E+01   0.100628E+01   0.100599E+01   0.100552E+01   0.100512E+01   0.100481E+01   0.100449E+01   0.100394E+01   0.100375E+01   0.100351E+01   0.100331E+01   0.100311E+01   0.100294E+01   0.100277E+01   0.100262E+01   0.100248E+01   0.100235E+01   0.100226E+01   0.100215E+01   0.100203E+01   0.100193E+01   0.100184E+01   0.100175E+01   0.100166E+01   0.100158E+01   0.100149E+01   0.100142E+01   0.100134E+01   0.100127E+01   0.100120E+01   0.100114E+01   0.100108E+01   0.100103E+01   0.100097E+01   0.100092E+01   0.100087E+01   0.100083E+01   0.100079E+01   0.100075E+01   0.100071E+01   0.100067E+01   0.100063E+01   0.100060E+01   0.100057E+01   0.100054E+01   0.100051E+01   0.100049E+01   0.100046E+01   0.100044E+01   0.100042E+01   0.100039E+01   0.100037E+01
 0.000000E+00   0.000000E+00   0.000000E+00   0.000000E+00   0.000000E+00   0.000000E+00   0.000000E+00   0.000000E+00   0.000000E+00   0.000000E+00   0.154567E+01   0.150426E+01   0.146634E+01   0.143159E+01   0.139972E+01   0.137718E+01   0.134398E+01   0.131413E+01   0.129047E+01   0.126989E+01   0.125071E+01   0.123274E+01   0.121691E+01   0.120192E+01   0.118817E+01   0.117512E+01   0.116387E+01   0.115505E+01   0.114518E+01   0.113488E+01   0.112511E+01   0.111594E+01   0.110738E+01   0.109942E+01   0.109204E+01   0.108522E+01   0.107893E+01   0.107314E+01   0.106781E+01   0.106291E+01   0.105840E+01   0.105425E+01   0.105043E+01   0.104690E+01   0.104367E+01   0.104069E+01   0.103796E+01   0.103546E+01   0.103316E+01   0.103098E+01   0.102890E+01   0.102698E+01   0.102525E+01   0.102390E+01   0.102294E+01   0.102151E+01   0.102019E+01   0.101895E+01   0.101779E+01   0.101671E+01   0.101571E+01   0.101477E+01   0.101389E+01   0.101238E+01   0.102069E+01   0.102003E+01   0.101733E+01   0.101503E+01   0.101329E+01   0.101192E+01   0.101081E+01   0.100987E+01   0.100907E+01   0.100837E+01   0.100775E+01   0.100719E+01   0.100669E+01   0.100629E+01   0.100599E+01   0.100552E+01   0.100512E+01   0.100481E+01   0.100449E+01   0.100394E+01   0.100375E+01   0.100351E+01   0.100331E+01   0.100311E+01   0.100294E+01   0.100277E+01   0.100262E+01   0.100248E+01   0.100235E+01   0.100226E+01   0.100215E+01   0.100203E+01   0.100193E+01   0.100184E+01   0.100175E+01   0.100166E+01   0.100158E+01   0.100149E+01   0.100142E+01   0.100134E+01   0.100127E+01   0.100120E+01   0.100114E+01   0.100108E+01   0.100103E+01   0.100097E+01   0.100092E+01   0.100087E+01   0.100083E+01   0.100079E+01   0.100075E+01   0.100071E+01   0.100067E+01   0.100063E+01   0.100060E+01   0.100057E+01   0.100054E+01   0.100051E+01   0.100049E+01   0.100046E+01   0.100044E+01   0.100042E+01   0.100039E+01   0.100037E+01
 0.000000E+00   0.000000E+00   0.000000E+00   0.000000E+00   0.000000E+00   0.000000E+00   0.000000E+00   0.000000E+00   0.000000E+00   0.000000E+00   0.154567E+01   0.150426E+01   0.146634E+01   0.143159E+01   0.139972E+01   0.137718E+01   0.134398E+01   0.131413E+01   0.129047E+01   0.126989E+01   0.125071E+01   0.123274E+01   0.121691E+01   0.120193E+01   0.118818E+01   0.117512E+01   0.116379E+01   0.115475E+01   0.114522E+01   0.113502E+01   0.112527E+01   0.111610E+01   0.110753E+01   0.109955E+01   0.109216E+01   0.108532E+01   0.107901E+01   0.107320E+01   0.106785E+01   0.106293E+01   0.105841E+01   0.105426E+01   0.105044E+01   0.104691E+01   0.104370E+01   0.104075E+01   0.103803E+01   0.103551E+01   0.103313E+01   0.103089E+01   0.102882E+01   0.102700E+01   0.102543E+01   0.102440E+01   0.102294E+01   0.102151E+01   0.102019E+01   0.101895E+01   0.101779E+01   0.101671E+01   0.101571E+01   0.101477E+01   0.101389E+01   0.101238E+01   0.102130E+01   0.102035E+01   0.101748E+01   0.101512E+01   0.101335E+01   0.101196E+01   0.101084E+01   0.100989E+01   0.100909E+01   0.100838E+01   0.100776E+01   0.100720E+01   0.100669E+01   0.100631E+01   0.100599E+01   0.100552E+01   0.100512E+01   0.100481E+01   0.100449E+01   0.100394E+01   0.100375E+01   0.100351E+01   0.100331E+01   0.100311E+01   0.100294E+01   0.100277E+01   0.100262E+01   0.100248E+01   0.100235E+01   0.100226E+01   0.100215E+01   0.100203E+01   0.100193E+01   0.100184E+01   0.100175E+01   0.100166E+01   0.100158E+01   0.100149E+01   0.100142E+01   0.100134E+01   0.100127E+01   0.100120E+01   0.100114E+01   0.100108E+01   0.100103E+01   0.100097E+01   0.100092E+01   0.100087E+01   0.100083E+01   0.100079E+01   0.100075E+01   0.100071E+01   0.100067E+01   0.100063E+01   0.100060E+01   0.100057E+01   0.100054E+01   0.100051E+01   0.100049E+01   0.100046E+01   0.100044E+01   0.100042E+01   0.100039E+01   0.100037E+01
 0.000000E+00   0.000000E+00   0.000000E+00   0.000000E+00   0.000000E+00   0.000000E+00   0.000000E+00   0.000000E+00   0.000000E+00   0.000000E+00   0.154567E+01   0.150426E+01   0.146634E+01   0.143159E+01   0.139972E+01   0.137718E+01   0.134398E+01   0.131413E+01   0.129047E+01   0.126989E+01   0.125071E+01   0.123274E+01   0.121691E+01   0.120193E+01   0.118818E+01   0.117513E+01   0.116376E+01   0.115435E+01   0.114515E+01   0.113516E+01   0.112542E+01   0.111624E+01   0.110764E+01   0.109965E+01   0.109223E+01   0.108537E+01   0.107905E+01   0.107323E+01   0.106788E+01   0.106296E+01   0.105845E+01   0.105431E+01   0.105050E+01   0.104699E+01   0.104378E+01   0.104081E+01   0.103804E+01   0.103544E+01   0.103303E+01   0.103083E+01   0.102888E+01   0.102718E+01   0.102602E+01   0.102449E+01   0.102294E+01   0.102151E+01   0.102019E+01   0.101895E+01   0.101779E+01   0.101671E+01   0.101571E+01   0.101477E+01   0.101389E+01   0.101238E+01   0.102195E+01   0.102067E+01   0.101763E+01   0.101521E+01   0.101341E+01   0.101200E+01   0.101087E+01   0.100992E+01   0.100910E+01   0.100839E+01   0.100777E+01   0.100721E+01   0.100670E+01   0.100632E+01   0.100599E+01   0.100552E+01   0.100512E+01   0.100481E+01   0.100449E+01   0.100394E+01   0.100375E+01   0.100351E+01   0.100331E+01   0.100311E+01   0.100294E+01   0.100277E+01   0.100262E+01   0.100248E+01   0.100235E+01   0.100226E+01   0.100215E+01   0.100203E+01   0.100193E+01   0.100184E+01   0.100175E+01   0.100166E+01   0.100158E+01   0.100149E+01   0.100142E+01   0.100134E+01   0.100127E+01   0.100120E+01   0.100114E+01   0.100108E+01   0.100103E+01   0.100097E+01   0.100092E+01   0.100087E+01   0.100083E+01   0.100079E+01   0.100075E+01   0.100071E+01   0.100067E+01   0.100063E+01   0.100060E+01   0.100057E+01   0.100054E+01   0.100051E+01   0.100049E+01   0.100046E+01   0.100044E+01   0.100042E+01   0.100039E+01   0.100037E+01
 0.000000E+00   0.000000E+00   0.000000E+00   0.000000E+00   0.000000E+00   0.000000E+00   0.000000E+00   0.000000E+00   0.000000E+00   0.000000E+00   0.154567E+01   0.150426E+01   0.146634E+01   0.143159E+01   0.139972E+01   0.137718E+01   0.134398E+01   0.131413E+01   0.129048E+01   0.126989E+01   0.125071E+01   0.123274E+01   0.121691E+01   0.120193E+01   0.118818E+01   0.117513E+01   0.116375E+01   0.115399E+01   0.114497E+01   0.113525E+01   0.112550E+01   0.111631E+01   0.110771E+01   0.109971E+01   0.109230E+01   0.108545E+01   0.107913E+01   0.107332E+01   0.106798E+01   0.106307E+01   0.105857E+01   0.105442E+01   0.105061E+01   0.104706E+01   0.104378E+01   0.104075E+01   0.103793E+01   0.103534E+01   0.103301E+01   0.103092E+01   0.102908E+01   0.102783E+01   0.102619E+01   0.102449E+01   0.102294E+01   0.102151E+01   0.102019E+01   0.101895E+01   0.101779E+01   0.101671E+01   0.101571E+01   0.101477E+01   0.101389E+01   0.101238E+01   0.102264E+01   0.102099E+01   0.101778E+01   0.101530E+01   0.101347E+01   0.101205E+01   0.101090E+01   0.100994E+01   0.100912E+01   0.100841E+01   0.100778E+01   0.100721E+01   0.100671E+01   0.100633E+01   0.100599E+01   0.100552E+01   0.100512E+01   0.100481E+01   0.100449E+01   0.100394E+01   0.100375E+01   0.100351E+01   0.100331E+01   0.100311E+01   0.100294E+01   0.100277E+01   0.100262E+01   0.100248E+01   0.100235E+01   0.100226E+01   0.100215E+01   0.100203E+01   0.100193E+01   0.100184E+01   0.100175E+01   0.100166E+01   0.100158E+01   0.100149E+01   0.100142E+01   0.100134E+01   0.100127E+01   0.100120E+01   0.100114E+01   0.100108E+01   0.100103E+01   0.100097E+01   0.100092E+01   0.100087E+01   0.100083E+01   0.100079E+01   0.100075E+01   0.100071E+01   0.100067E+01   0.100063E+01   0.100060E+01   0.100057E+01   0.100054E+01   0.100051E+01   0.100049E+01   0.100046E+01   0.100044E+01   0.100042E+01   0.100039E+01   0.100037E+01
 0.000000E+00   0.000000E+00   0.000000E+00   0.000000E+00   0.000000E+00   0.000000E+00   0.000000E+00   0.000000E+00   0.000000E+00   0.000000E+00   0.154567E+01   0.150426E+01   0.146634E+01   0.143159E+01   0.139972E+01   0.137718E+01   0.134398E+01   0.131413E+01   0.129048E+01   0.126989E+01   0.125071E+01   0.123274E+01   0.121692E+01   0.120193E+01   0.118818E+01   0.117513E+01   0.116375E+01   0.115372E+01   0.114476E+01   0.113532E+01   0.112563E+01   0.111648E+01   0.110791E+01   0.109993E+01   0.109253E+01   0.108568E+01   0.107936E+01   0.107354E+01   0.106817E+01   0.106323E+01   0.105867E+01   0.105446E+01   0.105057E+01   0.104696E+01   0.104366E+01   0.104063E+01   0.103789E+01   0.103540E+01   0.103314E+01   0.103121E+01   0.102990E+01   0.102798E+01   0.102619E+01   0.102449E+01   0.102294E+01   0.102151E+01   0.102019E+01   0.101895E+01   0.101779E+01   0.101671E+01   0.101571E+01   0.101477E+01   0.101389E+01   0.101238E+01   0.102339E+01   0.102131E+01   0.101793E+01   0.101540E+01   0.101354E+01   0.101209E+01   0.101093E+01   0.100996E+01   0.100914E+01   0.100842E+01   0.100779E+01   0.100722E+01   0.100671E+01   0.100635E+01   0.100599E+01   0.100552E+01   0.100512E+01   0.100481E+01   0.100449E+01   0.100394E+01   0.100375E+01   0.100351E+01   0.100331E+01   0.100311E+01   0.100294E+01   0.100277E+01   0.100262E+01   0.100248E+01   0.100235E+01   0.100226E+01   0.100215E+01   0.100203E+01   0.100193E+01   0.100184E+01   0.100175E+01   0.100166E+01   0.100158E+01   0.100149E+01   0.100142E+01   0.100134E+01   0.100127E+01   0.100120E+01   0.100114E+01   0.100108E+01   0.100103E+01   0.100097E+01   0.100092E+01   0.100087E+01   0.100083E+01   0.100079E+01   0.100075E+01   0.100071E+01   0.100067E+01   0.100063E+01   0.100060E+01   0.100057E+01   0.100054E+01   0.100051E+01   0.100049E+01   0.100046E+01   0.100044E+01   0.100042E+01   0.100039E+01   0.100037E+01
 0.000000E+00   0.000000E+00   0.000000E+00   0.000000E+00   0.000000E+00   0.000000E+00   0.000000E+00   0.000000E+00   0.000000E+00   0.000000E+00   0.154567E+01   0.150426E+01   0.146634E+01   0.143159E+01   0.139972E+01   0.137718E+01   0.134398E+01   0.131414E+01   0.129048E+01   0.126989E+01   0.125071E+01   0.123274E+01   0.121692E+01   0.120193E+01   0.118818E+01   0.117513E+01   0.116376E+01   0.115359E+01   0.114431E+01   0.113538E+01   0.112597E+01   0.111689E+01   0.110834E+01   0.110034E+01   0.109288E+01   0.108597E+01   0.107956E+01   0.107364E+01   0.106818E+01   0.106316E+01   0.105854E+01   0.105430E+01   0.105041E+01   0.104684E+01   0.104362E+01   0.104068E+01   0.103800E+01   0.103558E+01   0.103366E+01   0.103199E+01   0.102993E+01   0.102798E+01   0.102619E+01   0.102449E+01   0.102294E+01   0.102151E+01   0.102019E+01   0.101895E+01   0.101779E+01   0.101671E+01   0.101571E+01   0.101477E+01   0.101389E+01   0.102518E+01   0.102420E+01   0.102165E+01   0.101810E+01   0.101549E+01   0.101360E+01   0.101213E+01   0.101096E+01   0.100998E+01   0.100915E+01   0.100843E+01   0.100780E+01   0.100723E+01   0.100672E+01   0.100636E+01   0.100599E+01   0.100552E+01   0.100512E+01   0.100481E+01   0.100449E+01   0.100394E+01   0.100375E+01   0.100351E+01   0.100331E+01   0.100311E+01   0.100294E+01   0.100277E+01   0.100262E+01   0.100248E+01   0.100235E+01   0.100227E+01   0.100215E+01   0.100203E+01   0.100193E+01   0.100184E+01   0.100175E+01   0.100166E+01   0.100158E+01   0.100149E+01   0.100142E+01   0.100134E+01   0.100127E+01   0.100120E+01   0.100114E+01   0.100108E+01   0.100103E+01   0.100097E+01   0.100092E+01   0.100087E+01   0.100083E+01   0.100079E+01   0.100075E+01   0.100071E+01   0.100067E+01   0.100063E+01   0.100060E+01   0.100057E+01   0.100054E+01   0.100051E+01   0.100049E+01   0.100046E+01   0.100044E+01   0.100042E+01   0.100039E+01   0.100037E+01
 0.000000E+00   0.000000E+00   0.000000E+00   0.000000E+00   0.000000E+00   0.000000E+00   0.000000E+00   0.000000E+00   0.000000E+00   0.000000E+00   0.154567E+01   0.150426E+01   0.146634E+01   0.143159E+01   0.139972E+01   0.137718E+01   0.134398E+01   0.131414E+01   0.129048E+01   0.126989E+01   0.125071E+01   0.123274E+01   0.121692E+01   0.120193E+01   0.118818E+01   0.117513E+01   0.116376E+01   0.115358E+01   0.114386E+01   0.113496E+01   0.112630E+01   0.111725E+01   0.110857E+01   0.110041E+01   0.109282E+01   0.108580E+01   0.107932E+01   0.107337E+01   0.106791E+01   0.106292E+01   0.105837E+01   0.105421E+01   0.105042E+01   0.104694E+01   0.104376E+01   0.104088E+01   0.103824E+01   0.103567E+01   0.103423E+01   0.103199E+01   0.102993E+01   0.102798E+01   0.102619E+01   0.102449E+01   0.102294E+01   0.102151E+01   0.102019E+01   0.101895E+01   0.101779E+01   0.101671E+01   0.101571E+01   0.101477E+01   0.101389E+01   0.102599E+01   0.102504E+01   0.102199E+01   0.101827E+01   0.101560E+01   0.101367E+01   0.101218E+01   0.101099E+01   0.101001E+01   0.100917E+01   0.100845E+01   0.100781E+01   0.100724E+01   0.100673E+01   0.100638E+01   0.100599E+01   0.100552E+01   0.100512E+01   0.100481E+01   0.100449E+01   0.100394E+01   0.100375E+01   0.100351E+01   0.100331E+01   0.100311E+01   0.100294E+01   0.100277E+01   0.100262E+01   0.100248E+01   0.100235E+01   0.100227E+01   0.100215E+01   0.100203E+01   0.100193E+01   0.100184E+01   0.100175E+01   0.100166E+01   0.100158E+01   0.100149E+01   0.100142E+01   0.100134E+01   0.100127E+01   0.100120E+01   0.100114E+01   0.100108E+01   0.100103E+01   0.100097E+01   0.100092E+01   0.100087E+01   0.100083E+01   0.100079E+01   0.100075E+01   0.100071E+01   0.100067E+01   0.100063E+01   0.100060E+01   0.100057E+01   0.100054E+01   0.100051E+01   0.100049E+01   0.100046E+01   0.100044E+01   0.100042E+01   0.100039E+01   0.100037E+01
 0.000000E+00   0.000000E+00   0.000000E+00   0.000000E+00   0.000000E+00   0.000000E+00   0.000000E+00   0.000000E+00   0.000000E+00   0.000000E+00   0.154567E+01   0.150426E+01   0.146634E+01   0.143159E+01   0.139972E+01   0.137718E+01   0.134398E+01   0.131414E+01   0.129048E+01   0.126989E+01   0.125071E+01   0.123275E+01   0.121692E+01   0.120193E+01   0.118818E+01   0.117513E+01   0.116376E+01   0.115358E+01   0.114371E+01   0.113448E+01   0.112646E+01   0.111689E+01   0.110802E+01   0.109984E+01   0.109229E+01   0.108536E+01   0.107900E+01   0.107318E+01   0.106785E+01   0.106297E+01   0.105850E+01   0.105439E+01   0.105063E+01   0.104718E+01   0.104399E+01   0.104063E+01   0.103839E+01   0.103668E+01   0.103423E+01   0.103199E+01   0.102993E+01   0.102798E+01   0.102619E+01   0.102449E+01   0.102294E+01   0.102151E+01   0.102019E+01   0.101895E+01   0.101779E+01   0.101671E+01   0.101571E+01   0.101477E+01   0.101389E+01   0.102684E+01   0.102591E+01   0.102234E+01   0.101844E+01   0.101570E+01   0.101374E+01   0.101222E+01   0.101102E+01   0.101003E+01   0.100919E+01   0.100846E+01   0.100782E+01   0.100724E+01   0.100674E+01   0.100639E+01   0.100599E+01   0.100552E+01   0.100512E+01   0.100481E+01   0.100449E+01   0.100394E+01   0.100375E+01   0.100351E+01   0.100331E+01   0.100311E+01   0.100294E+01   0.100277E+01   0.100262E+01   0.100248E+01   0.100235E+01   0.100227E+01   0.100215E+01   0.100203E+01   0.100193E+01   0.100184E+01   0.100175E+01   0.100166E+01   0.100158E+01   0.100149E+01   0.100142E+01   0.100134E+01   0.100127E+01   0.100120E+01   0.100114E+01   0.100108E+01   0.100103E+01   0.100097E+01   0.100092E+01   0.100087E+01   0.100083E+01   0.100079E+01   0.100075E+01   0.100071E+01   0.100067E+01   0.100063E+01   0.100060E+01   0.100057E+01   0.100054E+01   0.100051E+01   0.100049E+01   0.100046E+01   0.100044E+01   0.100042E+01   0.100039E+01   0.100037E+01
 0.000000E+00   0.000000E+00   0.000000E+00   0.000000E+00   0.000000E+00   0.000000E+00   0.000000E+00   0.000000E+00   0.000000E+00   0.000000E+00   0.154567E+01   0.150426E+01   0.146634E+01   0.143159E+01   0.139972E+01   0.137718E+01   0.134398E+01   0.131414E+01   0.129048E+01   0.126989E+01   0.125071E+01   0.123275E+01   0.121692E+01   0.120193E+01   0.118818E+01   0.117513E+01   0.116376E+01   0.115358E+01   0.114337E+01   0.113529E+01   0.112559E+01   0.111624E+01   0.110765E+01   0.109968E+01   0.109232E+01   0.108552E+01   0.107925E+01   0.107348E+01   0.106817E+01   0.106330E+01   0.105883E+01   0.105470E+01   0.105064E+01   0.104681E+01   0.104362E+01   0.104201E+01   0.103933E+01   0.103668E+01   0.103423E+01   0.103199E+01   0.102993E+01   0.102798E+01   0.102619E+01   0.102449E+01   0.102294E+01   0.102151E+01   0.102019E+01   0.101895E+01   0.101779E+01   0.101671E+01   0.101571E+01   0.101477E+01   0.101389E+01   0.102775E+01   0.102682E+01   0.102271E+01   0.101862E+01   0.101581E+01   0.101381E+01   0.101227E+01   0.101106E+01   0.101006E+01   0.100921E+01   0.100847E+01   0.100783E+01   0.100725E+01   0.100675E+01   0.100641E+01   0.100599E+01   0.100552E+01   0.100512E+01   0.100481E+01   0.100449E+01   0.100394E+01   0.100375E+01   0.100351E+01   0.100331E+01   0.100311E+01   0.100294E+01   0.100277E+01   0.100262E+01   0.100248E+01   0.100235E+01   0.100227E+01   0.100215E+01   0.100203E+01   0.100193E+01   0.100184E+01   0.100175E+01   0.100166E+01   0.100158E+01   0.100149E+01   0.100142E+01   0.100134E+01   0.100127E+01   0.100120E+01   0.100114E+01   0.100108E+01   0.100103E+01   0.100097E+01   0.100092E+01   0.100087E+01   0.100083E+01   0.100079E+01   0.100075E+01   0.100071E+01   0.100067E+01   0.100063E+01   0.100060E+01   0.100057E+01   0.100054E+01   0.100051E+01   0.100049E+01   0.100046E+01   0.100044E+01   0.100042E+01   0.100039E+01   0.100037E+01
 0.000000E+00   0.000000E+00   0.000000E+00   0.000000E+00   0.000000E+00   0.000000E+00   0.000000E+00   0.000000E+00   0.000000E+00   0.000000E+00   0.154567E+01   0.150426E+01   0.146634E+01   0.143159E+01   0.139972E+01   0.137718E+01   0.134398E+01   0.131414E+01   0.129048E+01   0.126989E+01   0.125071E+01   0.123275E+01   0.121692E+01   0.120193E+01   0.118818E+01   0.117513E+01   0.116376E+01   0.115358E+01   0.114267E+01   0.113604E+01   0.112572E+01   0.111669E+01   0.110821E+01   0.110031E+01   0.109296E+01   0.108614E+01   0.107984E+01   0.107399E+01   0.106848E+01   0.106318E+01   0.105834E+01   0.105414E+01   0.105044E+01   0.104834E+01   0.104534E+01   0.104219E+01   0.103933E+01   0.103668E+01   0.103423E+01   0.103199E+01   0.102993E+01   0.102798E+01   0.102619E+01   0.102449E+01   0.102294E+01   0.102151E+01   0.102019E+01   0.101895E+01   0.101779E+01   0.101671E+01   0.101571E+01   0.101477E+01   0.101389E+01   0.102868E+01   0.102776E+01   0.102309E+01   0.101882E+01   0.101592E+01   0.101388E+01   0.101232E+01   0.101109E+01   0.101008E+01   0.100923E+01   0.100849E+01   0.100784E+01   0.100726E+01   0.100675E+01   0.100642E+01   0.100599E+01   0.100552E+01   0.100512E+01   0.100481E+01   0.100449E+01   0.100394E+01   0.100375E+01   0.100351E+01   0.100331E+01   0.100311E+01   0.100294E+01   0.100277E+01   0.100262E+01   0.100248E+01   0.100235E+01   0.100227E+01   0.100215E+01   0.100203E+01   0.100193E+01   0.100184E+01   0.100175E+01   0.100166E+01   0.100158E+01   0.100149E+01   0.100142E+01   0.100134E+01   0.100127E+01   0.100120E+01   0.100114E+01   0.100108E+01   0.100103E+01   0.100097E+01   0.100092E+01   0.100087E+01   0.100083E+01   0.100079E+01   0.100075E+01   0.100071E+01   0.100067E+01   0.100063E+01   0.100060E+01   0.100057E+01   0.100054E+01   0.100051E+01   0.100049E+01   0.100046E+01   0.100044E+01   0.100042E+01   0.100039E+01   0.100037E+01
 0.000000E+00   0.000000E+00   0.000000E+00   0.000000E+00   0.000000E+00   0.000000E+00   0.000000E+00   0.000000E+00   0.000000E+00   0.000000E+00   0.154567E+01   0.150426E+01   0.146634E+01   0.143159E+01   0.139972E+01   0.137718E+01   0.134398E+01   0.131414E+01   0.129048E+01   0.126989E+01   0.125071E+01   0.123275E+01   0.121692E+01   0.120193E+01   0.118818E+01   0.117513E+01   0.116376E+01   0.115359E+01   0.114243E+01   0.113540E+01   0.112625E+01   0.111753E+01   0.110908E+01   0.110096E+01   0.109312E+01   0.108570E+01   0.107902E+01   0.107311E+01   0.106779E+01   0.106294E+01   0.105933E+01   0.105651E+01   0.105243E+01   0.104870E+01   0.104534E+01   0.104219E+01   0.103933E+01   0.103668E+01   0.103423E+01   0.103199E+01   0.102993E+01   0.102798E+01   0.102619E+01   0.102449E+01   0.102294E+01   0.102151E+01   0.102019E+01   0.101895E+01   0.101779E+01   0.101671E+01   0.101571E+01   0.101477E+01   0.101389E+01   0.102965E+01   0.102872E+01   0.102349E+01   0.101902E+01   0.101604E+01   0.101396E+01   0.101237E+01   0.101113E+01   0.101011E+01   0.100925E+01   0.100850E+01   0.100785E+01   0.100727E+01   0.100676E+01   0.100644E+01   0.100599E+01   0.100552E+01   0.100512E+01   0.100481E+01   0.100449E+01   0.100394E+01   0.100375E+01   0.100351E+01   0.100331E+01   0.100311E+01   0.100294E+01   0.100277E+01   0.100262E+01   0.100248E+01   0.100235E+01   0.100227E+01   0.100215E+01   0.100203E+01   0.100193E+01   0.100184E+01   0.100175E+01   0.100166E+01   0.100158E+01   0.100149E+01   0.100142E+01   0.100134E+01   0.100127E+01   0.100120E+01   0.100114E+01   0.100108E+01   0.100103E+01   0.100097E+01   0.100092E+01   0.100087E+01   0.100083E+01   0.100079E+01   0.100075E+01   0.100071E+01   0.100067E+01   0.100063E+01   0.100060E+01   0.100057E+01   0.100054E+01   0.100051E+01   0.100049E+01   0.100046E+01   0.100044E+01   0.100042E+01   0.100039E+01   0.100037E+01
 0.000000E+00   0.000000E+00   0.000000E+00   0.000000E+00   0.000000E+00   0.000000E+00   0.000000E+00   0.000000E+00   0.000000E+00   0.000000E+00   0.154567E+01   0.150426E+01   0.146634E+01   0.143159E+01   0.139972E+01   0.137718E+01   0.134398E+01   0.131414E+01   0.129048E+01   0.126990E+01   0.125071E+01   0.123275E+01   0.121692E+01   0.120194E+01   0.118819E+01   0.117514E+01   0.116376E+01   0.115359E+01   0.114240E+01   0.113451E+01   0.112644E+01   0.111653E+01   0.110759E+01   0.109960E+01   0.109225E+01   0.108547E+01   0.107969E+01   0.107611E+01   0.107098E+01   0.106563E+01   0.106093E+01   0.105651E+01   0.105243E+01   0.104870E+01   0.104534E+01   0.104219E+01   0.103933E+01   0.103668E+01   0.103423E+01   0.103199E+01   0.102993E+01   0.102798E+01   0.102619E+01   0.102449E+01   0.102294E+01   0.102151E+01   0.102019E+01   0.101895E+01   0.101779E+01   0.101671E+01   0.101571E+01   0.101477E+01   0.101389E+01   0.103059E+01   0.102965E+01   0.102391E+01   0.101922E+01   0.101616E+01   0.101403E+01   0.101243E+01   0.101117E+01   0.101014E+01   0.100927E+01   0.100852E+01   0.100786E+01   0.100728E+01   0.100678E+01   0.100645E+01   0.100599E+01   0.100552E+01   0.100512E+01   0.100481E+01   0.100449E+01   0.100394E+01   0.100375E+01   0.100351E+01   0.100331E+01   0.100311E+01   0.100294E+01   0.100277E+01   0.100262E+01   0.100248E+01   0.100235E+01   0.100227E+01   0.100215E+01   0.100203E+01   0.100193E+01   0.100184E+01   0.100175E+01   0.100166E+01   0.100158E+01   0.100149E+01   0.100142E+01   0.100134E+01   0.100127E+01   0.100120E+01   0.100114E+01   0.100108E+01   0.100103E+01   0.100097E+01   0.100092E+01   0.100087E+01   0.100083E+01   0.100079E+01   0.100075E+01   0.100071E+01   0.100067E+01   0.100063E+01   0.100060E+01   0.100057E+01   0.100054E+01   0.100051E+01   0.100049E+01   0.100046E+01   0.100044E+01   0.100042E+01   0.100039E+01   0.100037E+01
 0.000000E+00   0.000000E+00   0.000000E+00   0.000000E+00   0.000000E+00   0.000000E+00   0.000000E+00   0.000000E+00   0.000000E+00   0.000000E+00   0.154567E+01   0.150426E+01   0.146634E+01   0.143159E+01   0.139972E+01   0.137718E+01   0.134398E+01   0.131414E+01   0.129048E+01   0.126990E+01   0.125072E+01   0.123275E+01   0.121692E+01   0.120194E+01   0.118819E+01   0.117514E+01   0.116377E+01   0.115359E+01   0.114222E+01   0.113538E+01   0.112554E+01   0.111745E+01   0.111158E+01   0.110504E+01   0.109696E+01   0.108965E+01   0.108274E+01   0.107672E+01   0.107098E+01   0.106563E+01   0.106093E+01   0.105651E+01   0.105243E+01   0.104870E+01   0.104534E+01   0.104219E+01   0.103933E+01   0.103668E+01   0.103423E+01   0.103199E+01   0.102993E+01   0.102798E+01   0.102619E+01   0.102449E+01   0.102294E+01   0.102151E+01   0.102019E+01   0.101895E+01   0.101779E+01   0.101671E+01   0.101571E+01   0.101477E+01   0.101389E+01   0.103128E+01   0.103032E+01   0.102434E+01   0.101944E+01   0.101629E+01   0.101411E+01   0.101248E+01   0.101121E+01   0.101016E+01   0.100929E+01   0.100853E+01   0.100787E+01   0.100729E+01   0.100679E+01   0.100647E+01   0.100599E+01   0.100552E+01   0.100512E+01   0.100481E+01   0.100449E+01   0.100394E+01   0.100375E+01   0.100351E+01   0.100331E+01   0.100311E+01   0.100294E+01   0.100277E+01   0.100262E+01   0.100248E+01   0.100235E+01   0.100227E+01   0.100215E+01   0.100203E+01   0.100193E+01   0.100184E+01   0.100175E+01   0.100166E+01   0.100158E+01   0.100149E+01   0.100142E+01   0.100134E+01   0.100127E+01   0.100120E+01   0.100114E+01   0.100108E+01   0.100103E+01   0.100097E+01   0.100092E+01   0.100087E+01   0.100083E+01   0.100079E+01   0.100075E+01   0.100071E+01   0.100067E+01   0.100063E+01   0.100060E+01   0.100057E+01   0.100054E+01   0.100051E+01   0.100049E+01   0.100046E+01   0.100044E+01   0.100042E+01   0.100039E+01   0.100037E+01
 0.000000E+00   0.000000E+00   0.000000E+00   0.000000E+00   0.000000E+00   0.000000E+00   0.000000E+00   0.000000E+00   0.000000E+00   0.000000E+00   0.154567E+01   0.150426E+01   0.146634E+01   0.143159E+01   0.139972E+01   0.137718E+01   0.134398E+01   0.131414E+01   0.129048E+01   0.126990E+01   0.125072E+01   0.123275E+01   0.121693E+01   0.120194E+01   0.118819E+01   0.117514E+01   0.116377E+01   0.115359E+01   0.114212E+01   0.113486E+01   0.112828E+01   0.112173E+01   0.111338E+01   0.110504E+01   0.109696E+01   0.108965E+01   0.108274E+01   0.107672E+01   0.107098E+01   0.106563E+01   0.106093E+01   0.105651E+01   0.105243E+01   0.104870E+01   0.104534E+01   0.104219E+01   0.103933E+01   0.103668E+01   0.103423E+01   0.103199E+01   0.102993E+01   0.102798E+01   0.102619E+01   0.102449E+01   0.102294E+01   0.102151E+01   0.102019E+01   0.101895E+01   0.101779E+01   0.101671E+01   0.101571E+01   0.101477E+01   0.101389E+01   0.103139E+01   0.103039E+01   0.102480E+01   0.101966E+01   0.101642E+01   0.101419E+01   0.101254E+01   0.101125E+01   0.101019E+01   0.100931E+01   0.100855E+01   0.100789E+01   0.100730E+01   0.100680E+01   0.100648E+01   0.100599E+01   0.100552E+01   0.100512E+01   0.100481E+01   0.100449E+01   0.100394E+01   0.100375E+01   0.100351E+01   0.100331E+01   0.100311E+01   0.100294E+01   0.100277E+01   0.100262E+01   0.100248E+01   0.100235E+01   0.100227E+01   0.100215E+01   0.100203E+01   0.100193E+01   0.100184E+01   0.100175E+01   0.100166E+01   0.100158E+01   0.100149E+01   0.100142E+01   0.100134E+01   0.100127E+01   0.100120E+01   0.100114E+01   0.100108E+01   0.100103E+01   0.100097E+01   0.100092E+01   0.100087E+01   0.100083E+01   0.100079E+01   0.100075E+01   0.100071E+01   0.100067E+01   0.100063E+01   0.100060E+01   0.100057E+01   0.100054E+01   0.100051E+01   0.100049E+01   0.100046E+01   0.100044E+01   0.100042E+01   0.100039E+01   0.100037E+01
 0.000000E+00   0.000000E+00   0.000000E+00   0.000000E+00   0.000000E+00   0.000000E+00   0.000000E+00   0.000000E+00   0.000000E+00   0.000000E+00   0.154567E+01   0.150426E+01   0.146634E+01   0.143159E+01   0.139972E+01   0.137718E+01   0.134398E+01   0.131414E+01   0.129048E+01   0.126990E+01   0.125072E+01   0.123275E+01   0.121693E+01   0.120194E+01   0.118819E+01   0.117514E+01   0.116377E+01   0.115359E+01   0.114211E+01   0.113473E+01   0.112915E+01   0.112174E+01   0.111338E+01   0.110504E+01   0.109696E+01   0.108965E+01   0.108274E+01   0.107672E+01   0.107098E+01   0.106563E+01   0.106093E+01   0.105651E+01   0.105243E+01   0.104870E+01   0.104534E+01   0.104219E+01   0.103933E+01   0.103668E+01   0.103423E+01   0.103199E+01   0.102993E+01   0.102798E+01   0.102619E+01   0.102449E+01   0.102294E+01   0.102151E+01   0.102019E+01   0.101895E+01   0.101779E+01   0.101671E+01   0.101571E+01   0.101477E+01   0.101389E+01   0.103140E+01   0.103038E+01   0.102527E+01   0.101989E+01   0.101655E+01   0.101428E+01   0.101259E+01   0.101128E+01   0.101022E+01   0.100933E+01   0.100856E+01   0.100790E+01   0.100731E+01   0.100681E+01   0.100650E+01   0.100599E+01   0.100552E+01   0.100512E+01   0.100481E+01   0.100449E+01   0.100394E+01   0.100375E+01   0.100351E+01   0.100331E+01   0.100311E+01   0.100294E+01   0.100277E+01   0.100262E+01   0.100248E+01   0.100235E+01   0.100227E+01   0.100215E+01   0.100203E+01   0.100193E+01   0.100184E+01   0.100175E+01   0.100166E+01   0.100158E+01   0.100149E+01   0.100142E+01   0.100134E+01   0.100127E+01   0.100120E+01   0.100114E+01   0.100108E+01   0.100103E+01   0.100097E+01   0.100092E+01   0.100087E+01   0.100083E+01   0.100079E+01   0.100075E+01   0.100071E+01   0.100067E+01   0.100063E+01   0.100060E+01   0.100057E+01   0.100054E+01   0.100051E+01   0.100049E+01   0.100046E+01   0.100044E+01   0.100042E+01   0.100039E+01   0.100037E+01
 0.000000E+00   0.000000E+00   0.000000E+00   0.000000E+00   0.000000E+00   0.000000E+00   0.000000E+00   0.000000E+00   0.000000E+00   0.000000E+00   0.154567E+01   0.150426E+01   0.146634E+01   0.143159E+01   0.139972E+01   0.137718E+01   0.134398E+01   0.131414E+01   0.129049E+01   0.126990E+01   0.125072E+01   0.123275E+01   0.121693E+01   0.120194E+01   0.118819E+01   0.117514E+01   0.116377E+01   0.115359E+01   0.114209E+01   0.113488E+01   0.112915E+01   0.112174E+01   0.111338E+01   0.110504E+01   0.109696E+01   0.108965E+01   0.108274E+01   0.107672E+01   0.107098E+01   0.106563E+01   0.106093E+01   0.105651E+01   0.105243E+01   0.104870E+01   0.104534E+01   0.104219E+01   0.103933E+01   0.103668E+01   0.103423E+01   0.103199E+01   0.102993E+01   0.102798E+01   0.102619E+01   0.102449E+01   0.102294E+01   0.102151E+01   0.102019E+01   0.101895E+01   0.101779E+01   0.101671E+01   0.101571E+01   0.101477E+01   0.101389E+01   0.103141E+01   0.103036E+01   0.102576E+01   0.102014E+01   0.101669E+01   0.101436E+01   0.101265E+01   0.101132E+01   0.101025E+01   0.100935E+01   0.100858E+01   0.100787E+01   0.100732E+01   0.100683E+01   0.100651E+01   0.100599E+01   0.100552E+01   0.100512E+01   0.100481E+01   0.100449E+01   0.100394E+01   0.100375E+01   0.100351E+01   0.100331E+01   0.100311E+01   0.100294E+01   0.100277E+01   0.100262E+01   0.100248E+01   0.100235E+01   0.100227E+01   0.100215E+01   0.100203E+01   0.100193E+01   0.100184E+01   0.100175E+01   0.100166E+01   0.100158E+01   0.100149E+01   0.100142E+01   0.100134E+01   0.100127E+01   0.100120E+01   0.100114E+01   0.100108E+01   0.100103E+01   0.100097E+01   0.100092E+01   0.100087E+01   0.100083E+01   0.100079E+01   0.100075E+01   0.100071E+01   0.100067E+01   0.100063E+01   0.100060E+01   0.100057E+01   0.100054E+01   0.100051E+01   0.100049E+01   0.100046E+01   0.100044E+01   0.100042E+01   0.100039E+01   0.100037E+01
 0.000000E+00   0.000000E+00   0.000000E+00   0.000000E+00   0.000000E+00   0.000000E+00   0.000000E+00   0.000000E+00   0.000000E+00   0.000000E+00   0.154567E+01   0.150426E+01   0.146634E+01   0.143159E+01   0.139972E+01   0.137718E+01   0.134399E+01   0.131414E+01   0.129049E+01   0.126990E+01   0.125072E+01   0.123276E+01   0.121693E+01   0.120194E+01   0.118819E+01   0.117514E+01   0.116377E+01   0.115360E+01   0.114208E+01   0.113498E+01   0.112915E+01   0.112174E+01   0.111338E+01   0.110504E+01   0.109696E+01   0.108965E+01   0.108274E+01   0.107672E+01   0.107098E+01   0.106563E+01   0.106093E+01   0.105651E+01   0.105243E+01   0.104870E+01   0.104534E+01   0.104219E+01   0.103933E+01   0.103668E+01   0.103423E+01   0.103199E+01   0.102993E+01   0.102798E+01   0.102619E+01   0.102449E+01   0.102294E+01   0.102151E+01   0.102019E+01   0.101895E+01   0.101779E+01   0.101671E+01   0.101571E+01   0.101477E+01   0.101389E+01   0.103142E+01   0.103034E+01   0.102627E+01   0.102039E+01   0.101683E+01   0.101445E+01   0.101271E+01   0.101136E+01   0.101028E+01   0.100937E+01   0.100859E+01   0.100788E+01   0.100733E+01   0.100685E+01   0.100651E+01   0.100599E+01   0.100552E+01   0.100512E+01   0.100481E+01   0.100449E+01   0.100394E+01   0.100375E+01   0.100351E+01   0.100331E+01   0.100311E+01   0.100294E+01   0.100277E+01   0.100262E+01   0.100248E+01   0.100235E+01   0.100227E+01   0.100215E+01   0.100203E+01   0.100193E+01   0.100184E+01   0.100175E+01   0.100166E+01   0.100158E+01   0.100149E+01   0.100142E+01   0.100134E+01   0.100127E+01   0.100120E+01   0.100114E+01   0.100108E+01   0.100103E+01   0.100097E+01   0.100092E+01   0.100087E+01   0.100083E+01   0.100079E+01   0.100075E+01   0.100071E+01   0.100067E+01   0.100063E+01   0.100060E+01   0.100057E+01   0.100054E+01   0.100051E+01   0.100049E+01   0.100046E+01   0.100044E+01   0.100042E+01   0.100039E+01   0.100037E+01
 0.000000E+00   0.000000E+00   0.000000E+00   0.000000E+00   0.000000E+00   0.000000E+00   0.000000E+00   0.000000E+00   0.000000E+00   0.000000E+00   0.154567E+01   0.150426E+01   0.146634E+01   0.143159E+01   0.139972E+01   0.137718E+01   0.134399E+01   0.131414E+01   0.129049E+01   0.126990E+01   0.125072E+01   0.123276E+01   0.121693E+01   0.120194E+01   0.118819E+01   0.117514E+01   0.116377E+01   0.115360E+01   0.114208E+01   0.113505E+01   0.112915E+01   0.112174E+01   0.111338E+01   0.110504E+01   0.109696E+01   0.108965E+01   0.108274E+01   0.107672E+01   0.107098E+01   0.106563E+01   0.106093E+01   0.105651E+01   0.105243E+01   0.104870E+01   0.104534E+01   0.104219E+01   0.103933E+01   0.103668E+01   0.103423E+01   0.103199E+01   0.102993E+01   0.102798E+01   0.102619E+01   0.102449E+01   0.102294E+01   0.102151E+01   0.102019E+01   0.101895E+01   0.101779E+01   0.101671E+01   0.101571E+01   0.101477E+01   0.101389E+01   0.103143E+01   0.103032E+01   0.102680E+01   0.102065E+01   0.101697E+01   0.101454E+01   0.101276E+01   0.101140E+01   0.101031E+01   0.100939E+01   0.100860E+01   0.100790E+01   0.100734E+01   0.100687E+01   0.100651E+01   0.100599E+01   0.100552E+01   0.100512E+01   0.100481E+01   0.100449E+01   0.100394E+01   0.100375E+01   0.100351E+01   0.100331E+01   0.100311E+01   0.100294E+01   0.100277E+01   0.100262E+01   0.100248E+01   0.100235E+01   0.100227E+01   0.100215E+01   0.100203E+01   0.100193E+01   0.100184E+01   0.100175E+01   0.100166E+01   0.100158E+01   0.100149E+01   0.100142E+01   0.100134E+01   0.100127E+01   0.100120E+01   0.100114E+01   0.100108E+01   0.100103E+01   0.100097E+01   0.100092E+01   0.100087E+01   0.100083E+01   0.100079E+01   0.100075E+01   0.100071E+01   0.100067E+01   0.100063E+01   0.100060E+01   0.100057E+01   0.100054E+01   0.100051E+01   0.100049E+01   0.100046E+01   0.100044E+01   0.100042E+01   0.100039E+01   0.100037E+01
 0.000000E+00   0.000000E+00   0.000000E+00   0.000000E+00   0.000000E+00   0.000000E+00   0.000000E+00   0.000000E+00   0.000000E+00   0.000000E+00   0.154567E+01   0.150426E+01   0.146634E+01   0.143159E+01   0.139972E+01   0.137718E+01   0.134399E+01   0.131415E+01   0.129049E+01   0.126990E+01   0.125072E+01   0.123276E+01   0.121693E+01   0.120195E+01   0.118820E+01   0.117515E+01   0.116378E+01   0.115360E+01   0.114207E+01   0.113509E+01   0.112915E+01   0.112174E+01   0.111338E+01   0.110504E+01   0.109696E+01   0.108965E+01   0.108274E+01   0.107672E+01   0.107098E+01   0.106563E+01   0.106093E+01   0.105651E+01   0.105243E+01   0.104870E+01   0.104534E+01   0.104219E+01   0.103933E+01   0.103668E+01   0.103423E+01   0.103199E+01   0.102993E+01   0.102798E+01   0.102619E+01   0.102449E+01   0.102294E+01   0.102151E+01   0.102019E+01   0.101895E+01   0.101779E+01   0.101671E+01   0.101571E+01   0.101477E+01   0.101389E+01   0.103143E+01   0.103030E+01   0.102734E+01   0.102093E+01   0.101712E+01   0.101463E+01   0.101282E+01   0.101145E+01   0.101034E+01   0.100941E+01   0.100862E+01   0.100791E+01   0.100735E+01   0.100689E+01   0.100651E+01   0.100599E+01   0.100552E+01   0.100512E+01   0.100481E+01   0.100449E+01   0.100394E+01   0.100375E+01   0.100351E+01   0.100331E+01   0.100311E+01   0.100294E+01   0.100277E+01   0.100262E+01   0.100248E+01   0.100235E+01   0.100227E+01   0.100215E+01   0.100203E+01   0.100193E+01   0.100184E+01   0.100175E+01   0.100166E+01   0.100158E+01   0.100149E+01   0.100142E+01   0.100134E+01   0.100127E+01   0.100120E+01   0.100114E+01   0.100108E+01   0.100103E+01   0.100097E+01   0.100092E+01   0.100087E+01   0.100083E+01   0.100079E+01   0.100075E+01   0.100071E+01   0.100067E+01   0.100063E+01   0.100060E+01   0.100057E+01   0.100054E+01   0.100051E+01   0.100049E+01   0.100046E+01   0.100044E+01   0.100042E+01   0.100039E+01   0.100037E+01
 0.000000E+00   0.000000E+00   0.000000E+00   0.000000E+00   0.000000E+00   0.000000E+00   0.000000E+00   0.000000E+00   0.000000E+00   0.000000E+00   0.154567E+01   0.150426E+01   0.146634E+01   0.143159E+01   0.139972E+01   0.137718E+01   0.134399E+01   0.131415E+01   0.129049E+01   0.126990E+01   0.125072E+01   0.123276E+01   0.121693E+01   0.120195E+01   0.118820E+01   0.117515E+01   0.116378E+01   0.115360E+01   0.114207E+01   0.113511E+01   0.112915E+01   0.112174E+01   0.111338E+01   0.110504E+01   0.109696E+01   0.108965E+01   0.108274E+01   0.107672E+01   0.107098E+01   0.106563E+01   0.106093E+01   0.105651E+01   0.105243E+01   0.104870E+01   0.104534E+01   0.104219E+01   0.103933E+01   0.103668E+01   0.103423E+01   0.103199E+01   0.102993E+01   0.102798E+01   0.102619E+01   0.102449E+01   0.102294E+01   0.102151E+01   0.102019E+01   0.101895E+01   0.101779E+01   0.101671E+01   0.101571E+01   0.101477E+01   0.101389E+01   0.103143E+01   0.103029E+01   0.102787E+01   0.102121E+01   0.101728E+01   0.101472E+01   0.101288E+01   0.101149E+01   0.101036E+01   0.100943E+01   0.100863E+01   0.100793E+01   0.100736E+01   0.100691E+01   0.100651E+01   0.100599E+01   0.100552E+01   0.100512E+01   0.100481E+01   0.100449E+01   0.100394E+01   0.100375E+01   0.100351E+01   0.100331E+01   0.100311E+01   0.100294E+01   0.100277E+01   0.100262E+01   0.100248E+01   0.100235E+01   0.100227E+01   0.100215E+01   0.100203E+01   0.100193E+01   0.100184E+01   0.100175E+01   0.100166E+01   0.100158E+01   0.100149E+01   0.100142E+01   0.100134E+01   0.100127E+01   0.100120E+01   0.100114E+01   0.100108E+01   0.100103E+01   0.100097E+01   0.100092E+01   0.100087E+01   0.100083E+01   0.100079E+01   0.100074E+01   0.100071E+01   0.100067E+01   0.100063E+01   0.100060E+01   0.100057E+01   0.100054E+01   0.100051E+01   0.100049E+01   0.100046E+01   0.100044E+01   0.100042E+01   0.100039E+01   0.100037E+01
 0.000000E+00   0.000000E+00   0.000000E+00   0.000000E+00   0.000000E+00   0.000000E+00   0.000000E+00   0.000000E+00   0.000000E+00   0.000000E+00   0.154567E+01   0.150426E+01   0.146634E+01   0.143159E+01   0.139972E+01   0.137718E+01   0.134399E+01   0.131415E+01   0.129049E+01   0.126990E+01   0.125072E+01   0.123276E+01   0.121693E+01   0.120195E+01   0.118820E+01   0.117515E+01   0.116378E+01   0.115360E+01   0.114207E+01   0.113512E+01   0.112915E+01   0.112174E+01   0.111338E+01   0.110504E+01   0.109696E+01   0.108965E+01   0.108274E+01   0.107672E+01   0.107098E+01   0.106563E+01   0.106093E+01   0.105651E+01   0.105243E+01   0.104870E+01   0.104534E+01   0.104219E+01   0.103933E+01   0.103668E+01   0.103423E+01   0.103199E+01   0.102993E+01   0.102798E+01   0.102619E+01   0.102449E+01   0.102294E+01   0.102151E+01   0.102019E+01   0.101895E+01   0.101779E+01   0.101671E+01   0.101571E+01   0.101477E+01   0.101389E+01   0.103143E+01   0.103027E+01   0.102835E+01   0.102151E+01   0.101744E+01   0.101482E+01   0.101295E+01   0.101153E+01   0.101039E+01   0.100945E+01   0.100864E+01   0.100794E+01   0.100737E+01   0.100693E+01   0.100651E+01   0.100599E+01   0.100552E+01   0.100512E+01   0.100481E+01   0.100449E+01   0.100394E+01   0.100375E+01   0.100351E+01   0.100331E+01   0.100311E+01   0.100294E+01   0.100277E+01   0.100262E+01   0.100248E+01   0.100235E+01   0.100227E+01   0.100215E+01   0.100203E+01   0.100193E+01   0.100184E+01   0.100175E+01   0.100166E+01   0.100158E+01   0.100149E+01   0.100142E+01   0.100134E+01   0.100127E+01   0.100120E+01   0.100114E+01   0.100108E+01   0.100103E+01   0.100097E+01   0.100092E+01   0.100087E+01   0.100083E+01   0.100079E+01   0.100074E+01   0.100071E+01   0.100067E+01   0.100063E+01   0.100060E+01   0.100057E+01   0.100054E+01   0.100051E+01   0.100049E+01   0.100046E+01   0.100044E+01   0.100042E+01   0.100039E+01   0.100037E+01
 0.000000E+00   0.000000E+00   0.000000E+00   0.000000E+00   0.000000E+00   0.000000E+00   0.000000E+00   0.000000E+00   0.000000E+00   0.000000E+00   0.154567E+01   0.150426E+01   0.146634E+01   0.143159E+01   0.139972E+01   0.137718E+01   0.134399E+01   0.131415E+01   0.129049E+01   0.126991E+01   0.125073E+01   0.123276E+01   0.121694E+01   0.120195E+01   0.118820E+01   0.117515E+01   0.116378E+01   0.115360E+01   0.114208E+01   0.113512E+01   0.112915E+01   0.112174E+01   0.111338E+01   0.110504E+01   0.109696E+01   0.108965E+01   0.108274E+01   0.107672E+01   0.107098E+01   0.106563E+01   0.106093E+01   0.105651E+01   0.105243E+01   0.104870E+01   0.104534E+01   0.104219E+01   0.103933E+01   0.103668E+01   0.103423E+01   0.103199E+01   0.102993E+01   0.102798E+01   0.102619E+01   0.102449E+01   0.102294E+01   0.102151E+01   0.102019E+01   0.101895E+01   0.101779E+01   0.101671E+01   0.101571E+01   0.101477E+01   0.101389E+01   0.103143E+01   0.103026E+01   0.102865E+01   0.102182E+01   0.101760E+01   0.101492E+01   0.101302E+01   0.101157E+01   0.101043E+01   0.100947E+01   0.100866E+01   0.100795E+01   0.100738E+01   0.100695E+01   0.100651E+01   0.100599E+01   0.100552E+01   0.100512E+01   0.100481E+01   0.100449E+01   0.100394E+01   0.100375E+01   0.100351E+01   0.100331E+01   0.100311E+01   0.100294E+01   0.100277E+01   0.100262E+01   0.100248E+01   0.100235E+01   0.100227E+01   0.100215E+01   0.100203E+01   0.100193E+01   0.100184E+01   0.100175E+01   0.100166E+01   0.100158E+01   0.100149E+01   0.100142E+01   0.100134E+01   0.100127E+01   0.100120E+01   0.100114E+01   0.100108E+01   0.100103E+01   0.100097E+01   0.100092E+01   0.100087E+01   0.100083E+01   0.100079E+01   0.100074E+01   0.100071E+01   0.100067E+01   0.100063E+01   0.100060E+01   0.100057E+01   0.100054E+01   0.100051E+01   0.100049E+01   0.100046E+01   0.100044E+01   0.100042E+01   0.100039E+01   0.100037E+01
 0.000000E+00   0.000000E+00   0.000000E+00   0.000000E+00   0.000000E+00   0.000000E+00   0.000000E+00   0.000000E+00   0.000000E+00   0.000000E+00   0.154567E+01   0.150426E+01   0.146634E+01   0.143159E+01   0.139972E+01   0.137718E+01   0.134399E+01   0.131415E+01   0.129049E+01   0.126991E+01   0.125073E+01   0.123276E+01   0.121694E+01   0.120195E+01   0.118820E+01   0.117515E+01   0.116378E+01   0.115361E+01   0.114208E+01   0.113512E+01   0.112915E+01   0.112174E+01   0.111338E+01   0.110504E+01   0.109696E+01   0.108965E+01   0.108274E+01   0.107672E+01   0.107098E+01   0.106563E+01   0.106093E+01   0.105651E+01   0.105243E+01   0.104870E+01   0.104534E+01   0.104219E+01   0.103933E+01   0.103668E+01   0.103423E+01   0.103199E+01   0.102993E+01   0.102798E+01   0.102619E+01   0.102449E+01   0.102294E+01   0.102151E+01   0.102019E+01   0.101895E+01   0.101779E+01   0.101671E+01   0.101571E+01   0.101477E+01   0.101389E+01   0.103143E+01   0.103025E+01   0.102872E+01   0.102215E+01   0.101778E+01   0.101502E+01   0.101309E+01   0.101162E+01   0.101046E+01   0.100950E+01   0.100867E+01   0.100797E+01   0.100739E+01   0.100697E+01   0.100651E+01   0.100599E+01   0.100552E+01   0.100512E+01   0.100481E+01   0.100449E+01   0.100394E+01   0.100375E+01   0.100351E+01   0.100331E+01   0.100311E+01   0.100294E+01   0.100277E+01   0.100262E+01   0.100248E+01   0.100235E+01   0.100227E+01   0.100215E+01   0.100203E+01   0.100193E+01   0.100184E+01   0.100175E+01   0.100166E+01   0.100158E+01   0.100149E+01   0.100141E+01   0.100134E+01   0.100127E+01   0.100120E+01   0.100114E+01   0.100108E+01   0.100103E+01   0.100097E+01   0.100092E+01   0.100087E+01   0.100083E+01   0.100079E+01   0.100074E+01   0.100071E+01   0.100067E+01   0.100063E+01   0.100060E+01   0.100057E+01   0.100054E+01   0.100051E+01   0.100049E+01   0.100046E+01   0.100044E+01   0.100042E+01   0.100039E+01   0.100037E+01
 0.000000E+00   0.000000E+00   0.000000E+00   0.000000E+00   0.000000E+00   0.000000E+00   0.000000E+00   0.000000E+00   0.000000E+00   0.000000E+00   0.154567E+01   0.150426E+01   0.146634E+01   0.143159E+01   0.139972E+01   0.137718E+01   0.134399E+01   0.131415E+01   0.129049E+01   0.126991E+01   0.125073E+01   0.123276E+01   0.121694E+01   0.120195E+01   0.118820E+01   0.117515E+01   0.116378E+01   0.115361E+01   0.114208E+01   0.113512E+01   0.112915E+01   0.112175E+01   0.111338E+01   0.110504E+01   0.109696E+01   0.108965E+01   0.108274E+01   0.107672E+01   0.107098E+01   0.106563E+01   0.106093E+01   0.105651E+01   0.105243E+01   0.104870E+01   0.104534E+01   0.104219E+01   0.103933E+01   0.103668E+01   0.103423E+01   0.103199E+01   0.102993E+01   0.102798E+01   0.102619E+01   0.102449E+01   0.102294E+01   0.102151E+01   0.102019E+01   0.101895E+01   0.101779E+01   0.101671E+01   0.101571E+01   0.101477E+01   0.101389E+01   0.103143E+01   0.103025E+01   0.102873E+01   0.102250E+01   0.101796E+01   0.101512E+01   0.101316E+01   0.101166E+01   0.101049E+01   0.100952E+01   0.100869E+01   0.100798E+01   0.100741E+01   0.100700E+01   0.100651E+01   0.100599E+01   0.100552E+01   0.100512E+01   0.100481E+01   0.100449E+01   0.100394E+01   0.100375E+01   0.100351E+01   0.100331E+01   0.100311E+01   0.100294E+01   0.100277E+01   0.100262E+01   0.100248E+01   0.100235E+01   0.100227E+01   0.100215E+01   0.100203E+01   0.100193E+01   0.100184E+01   0.100175E+01   0.100166E+01   0.100158E+01   0.100149E+01   0.100141E+01   0.100134E+01   0.100127E+01   0.100120E+01   0.100114E+01   0.100108E+01   0.100103E+01   0.100097E+01   0.100092E+01   0.100087E+01   0.100083E+01   0.100079E+01   0.100074E+01   0.100071E+01   0.100067E+01   0.100063E+01   0.100060E+01   0.100057E+01   0.100054E+01   0.100051E+01   0.100049E+01   0.100046E+01   0.100044E+01   0.100042E+01   0.100039E+01   0.100037E+01
 0.000000E+00   0.000000E+00   0.000000E+00   0.000000E+00   0.000000E+00   0.000000E+00   0.000000E+00   0.000000E+00   0.000000E+00   0.000000E+00   0.154567E+01   0.150426E+01   0.146634E+01   0.143159E+01   0.139972E+01   0.137718E+01   0.134399E+01   0.131415E+01   0.129049E+01   0.126991E+01   0.125073E+01   0.123276E+01   0.121694E+01   0.120195E+01   0.118821E+01   0.117516E+01   0.116379E+01   0.115361E+01   0.114208E+01   0.113512E+01   0.112915E+01   0.112175E+01   0.111338E+01   0.110504E+01   0.109696E+01   0.108965E+01   0.108274E+01   0.107672E+01   0.107098E+01   0.106563E+01   0.106093E+01   0.105651E+01   0.105243E+01   0.104870E+01   0.104534E+01   0.104219E+01   0.103933E+01   0.103668E+01   0.103423E+01   0.103199E+01   0.102993E+01   0.102798E+01   0.102619E+01   0.102449E+01   0.102294E+01   0.102151E+01   0.102019E+01   0.101895E+01   0.101779E+01   0.101671E+01   0.101571E+01   0.101477E+01   0.101389E+01   0.103143E+01   0.103025E+01   0.102873E+01   0.102286E+01   0.101814E+01   0.101523E+01   0.101322E+01   0.101171E+01   0.101052E+01   0.100954E+01   0.100871E+01   0.100800E+01   0.100742E+01   0.100702E+01   0.100651E+01   0.100599E+01   0.100552E+01   0.100512E+01   0.100481E+01   0.100449E+01   0.100394E+01   0.100375E+01   0.100351E+01   0.100331E+01   0.100311E+01   0.100294E+01   0.100277E+01   0.100262E+01   0.100248E+01   0.100235E+01   0.100227E+01   0.100215E+01   0.100203E+01   0.100193E+01   0.100184E+01   0.100175E+01   0.100166E+01   0.100158E+01   0.100149E+01   0.100141E+01   0.100134E+01   0.100127E+01   0.100120E+01   0.100114E+01   0.100108E+01   0.100103E+01   0.100097E+01   0.100092E+01   0.100087E+01   0.100083E+01   0.100079E+01   0.100074E+01   0.100071E+01   0.100067E+01   0.100063E+01   0.100060E+01   0.100057E+01   0.100054E+01   0.100051E+01   0.100049E+01   0.100046E+01   0.100044E+01   0.100042E+01   0.100039E+01   0.100037E+01
 0.000000E+00   0.000000E+00   0.000000E+00   0.000000E+00   0.000000E+00   0.000000E+00   0.000000E+00   0.000000E+00   0.000000E+00   0.000000E+00   0.154567E+01   0.150426E+01   0.146634E+01   0.143159E+01   0.139972E+01   0.137718E+01   0.134399E+01   0.131415E+01   0.129049E+01   0.126991E+01   0.125073E+01   0.123277E+01   0.121694E+01   0.120196E+01   0.118821E+01   0.117516E+01   0.116379E+01   0.115361E+01   0.114208E+01   0.113512E+01   0.112915E+01   0.112175E+01   0.111338E+01   0.110504E+01   0.109696E+01   0.108965E+01   0.108274E+01   0.107672E+01   0.107098E+01   0.106563E+01   0.106093E+01   0.105651E+01   0.105243E+01   0.104870E+01   0.104534E+01   0.104219E+01   0.103933E+01   0.103668E+01   0.103423E+01   0.103199E+01   0.102993E+01   0.102798E+01   0.102619E+01   0.102449E+01   0.102294E+01   0.102151E+01   0.102019E+01   0.101895E+01   0.101779E+01   0.101671E+01   0.101571E+01   0.101477E+01   0.101389E+01   0.103143E+01   0.103025E+01   0.102873E+01   0.102324E+01   0.101834E+01   0.101535E+01   0.101330E+01   0.101176E+01   0.101055E+01   0.100956E+01   0.100872E+01   0.100801E+01   0.100744E+01   0.100704E+01   0.100651E+01   0.100599E+01   0.100552E+01   0.100512E+01   0.100481E+01   0.100449E+01   0.100394E+01   0.100375E+01   0.100351E+01   0.100331E+01   0.100311E+01   0.100294E+01   0.100277E+01   0.100262E+01   0.100248E+01   0.100235E+01   0.100227E+01   0.100215E+01   0.100203E+01   0.100193E+01   0.100184E+01   0.100175E+01   0.100166E+01   0.100158E+01   0.100149E+01   0.100141E+01   0.100134E+01   0.100127E+01   0.100120E+01   0.100114E+01   0.100108E+01   0.100103E+01   0.100097E+01   0.100092E+01   0.100087E+01   0.100083E+01   0.100079E+01   0.100074E+01   0.100071E+01   0.100067E+01   0.100063E+01   0.100060E+01   0.100057E+01   0.100054E+01   0.100051E+01   0.100049E+01   0.100046E+01   0.100044E+01   0.100042E+01   0.100039E+01   0.100037E+01
 0.000000E+00   0.000000E+00   0.000000E+00   0.000000E+00   0.000000E+00   0.000000E+00   0.000000E+00   0.000000E+00   0.000000E+00   0.000000E+00   0.154567E+01   0.150426E+01   0.146634E+01   0.143159E+01   0.139972E+01   0.137718E+01   0.134399E+01   0.131415E+01   0.129050E+01   0.126991E+01   0.125073E+01   0.123277E+01   0.121694E+01   0.120196E+01   0.118821E+01   0.117516E+01   0.116379E+01   0.115361E+01   0.114209E+01   0.113513E+01   0.112915E+01   0.112175E+01   0.111338E+01   0.110504E+01   0.109696E+01   0.108965E+01   0.108274E+01   0.107672E+01   0.107098E+01   0.106563E+01   0.106093E+01   0.105651E+01   0.105243E+01   0.104870E+01   0.104534E+01   0.104219E+01   0.103933E+01   0.103668E+01   0.103423E+01   0.103199E+01   0.102993E+01   0.102798E+01   0.102619E+01   0.102449E+01   0.102294E+01   0.102151E+01   0.102019E+01   0.101895E+01   0.101779E+01   0.101671E+01   0.101571E+01   0.101477E+01   0.101389E+01   0.103143E+01   0.103025E+01   0.102872E+01   0.102364E+01   0.101854E+01   0.101546E+01   0.101337E+01   0.101180E+01   0.101059E+01   0.100959E+01   0.100874E+01   0.100803E+01   0.100745E+01   0.100707E+01   0.100651E+01   0.100599E+01   0.100552E+01   0.100512E+01   0.100481E+01   0.100449E+01   0.100394E+01   0.100375E+01   0.100351E+01   0.100331E+01   0.100311E+01   0.100294E+01   0.100277E+01   0.100262E+01   0.100248E+01   0.100235E+01   0.100227E+01   0.100215E+01   0.100203E+01   0.100193E+01   0.100184E+01   0.100175E+01   0.100166E+01   0.100158E+01   0.100149E+01   0.100141E+01   0.100134E+01   0.100127E+01   0.100120E+01   0.100114E+01   0.100108E+01   0.100103E+01   0.100097E+01   0.100092E+01   0.100087E+01   0.100083E+01   0.100079E+01   0.100074E+01   0.100071E+01   0.100067E+01   0.100063E+01   0.100060E+01   0.100057E+01   0.100054E+01   0.100051E+01   0.100049E+01   0.100046E+01   0.100044E+01   0.100042E+01   0.100039E+01   0.100037E+01
 0.000000E+00   0.000000E+00   0.000000E+00   0.000000E+00   0.000000E+00   0.000000E+00   0.000000E+00   0.000000E+00   0.000000E+00   0.000000E+00   0.154567E+01   0.150426E+01   0.146634E+01   0.143159E+01   0.139972E+01   0.137718E+01   0.134399E+01   0.131415E+01   0.129050E+01   0.126991E+01   0.125073E+01   0.123277E+01   0.121694E+01   0.120196E+01   0.118821E+01   0.117516E+01   0.116379E+01   0.115361E+01   0.114209E+01   0.113513E+01   0.112915E+01   0.112175E+01   0.111338E+01   0.110504E+01   0.109696E+01   0.108965E+01   0.108274E+01   0.107672E+01   0.107098E+01   0.106563E+01   0.106093E+01   0.105651E+01   0.105243E+01   0.104870E+01   0.104534E+01   0.104219E+01   0.103933E+01   0.103668E+01   0.103423E+01   0.103199E+01   0.102993E+01   0.102798E+01   0.102619E+01   0.102449E+01   0.102294E+01   0.102151E+01   0.102019E+01   0.101895E+01   0.101779E+01   0.101671E+01   0.101571E+01   0.101477E+01   0.101389E+01   0.103143E+01   0.103026E+01   0.102871E+01   0.102406E+01   0.101875E+01   0.101558E+01   0.101344E+01   0.101185E+01   0.101062E+01   0.100961E+01   0.100876E+01   0.100804E+01   0.100747E+01   0.100709E+01   0.100651E+01   0.100599E+01   0.100552E+01   0.100512E+01   0.100481E+01   0.100449E+01   0.100394E+01   0.100375E+01   0.100351E+01   0.100331E+01   0.100311E+01   0.100294E+01   0.100277E+01   0.100262E+01   0.100248E+01   0.100235E+01   0.100227E+01   0.100215E+01   0.100203E+01   0.100193E+01   0.100184E+01   0.100175E+01   0.100166E+01   0.100158E+01   0.100149E+01   0.100141E+01   0.100134E+01   0.100127E+01   0.100120E+01   0.100114E+01   0.100108E+01   0.100103E+01   0.100097E+01   0.100092E+01   0.100087E+01   0.100083E+01   0.100079E+01   0.100074E+01   0.100071E+01   0.100067E+01   0.100063E+01   0.100060E+01   0.100057E+01   0.100054E+01   0.100051E+01   0.100049E+01   0.100046E+01   0.100044E+01   0.100042E+01   0.100039E+01   0.100037E+01
 0.000000E+00   0.000000E+00   0.000000E+00   0.000000E+00   0.000000E+00   0.000000E+00   0.000000E+00   0.000000E+00   0.000000E+00   0.000000E+00   0.154567E+01   0.150426E+01   0.146634E+01   0.143159E+01   0.139972E+01   0.137718E+01   0.134399E+01   0.131415E+01   0.129050E+01   0.126991E+01   0.125073E+01   0.123277E+01   0.121694E+01   0.120196E+01   0.118821E+01   0.117516E+01   0.116379E+01   0.115362E+01   0.114209E+01   0.113513E+01   0.112915E+01   0.112175E+01   0.111338E+01   0.110504E+01   0.109696E+01   0.108965E+01   0.108274E+01   0.107672E+01   0.107098E+01   0.106563E+01   0.106093E+01   0.105651E+01   0.105243E+01   0.104870E+01   0.104534E+01   0.104219E+01   0.103933E+01   0.103668E+01   0.103423E+01   0.103199E+01   0.102993E+01   0.102798E+01   0.102619E+01   0.102449E+01   0.102294E+01   0.102151E+01   0.102019E+01   0.101895E+01   0.101779E+01   0.101671E+01   0.101571E+01   0.101477E+01   0.101389E+01   0.103143E+01   0.103027E+01   0.102871E+01   0.102449E+01   0.101897E+01   0.101571E+01   0.101352E+01   0.101190E+01   0.101065E+01   0.100963E+01   0.100878E+01   0.100806E+01   0.100749E+01   0.100711E+01   0.100651E+01   0.100599E+01   0.100552E+01   0.100512E+01   0.100481E+01   0.100449E+01   0.100394E+01   0.100375E+01   0.100351E+01   0.100331E+01   0.100311E+01   0.100294E+01   0.100277E+01   0.100262E+01   0.100248E+01   0.100235E+01   0.100227E+01   0.100215E+01   0.100203E+01   0.100193E+01   0.100184E+01   0.100175E+01   0.100166E+01   0.100158E+01   0.100149E+01   0.100141E+01   0.100134E+01   0.100127E+01   0.100120E+01   0.100114E+01   0.100108E+01   0.100102E+01   0.100097E+01   0.100092E+01   0.100087E+01   0.100083E+01   0.100079E+01   0.100074E+01   0.100071E+01   0.100067E+01   0.100063E+01   0.100060E+01   0.100057E+01   0.100054E+01   0.100051E+01   0.100049E+01   0.100046E+01   0.100044E+01   0.100042E+01   0.100039E+01   0.100037E+01
 0.000000E+00   0.000000E+00   0.000000E+00   0.000000E+00   0.000000E+00   0.000000E+00   0.000000E+00   0.000000E+00   0.000000E+00   0.000000E+00   0.154567E+01   0.150426E+01   0.146634E+01   0.143159E+01   0.139972E+01   0.137718E+01   0.134399E+01   0.131416E+01   0.129050E+01   0.126991E+01   0.125073E+01   0.123277E+01   0.121695E+01   0.120196E+01   0.118821E+01   0.117516E+01   0.116379E+01   0.115362E+01   0.114209E+01   0.113513E+01   0.112915E+01   0.112175E+01   0.111338E+01   0.110504E+01   0.109696E+01   0.108965E+01   0.108274E+01   0.107672E+01   0.107098E+01   0.106563E+01   0.106093E+01   0.105651E+01   0.105243E+01   0.104870E+01   0.104534E+01   0.104219E+01   0.103933E+01   0.103668E+01   0.103423E+01   0.103199E+01   0.102993E+01   0.102798E+01   0.102619E+01   0.102449E+01   0.102294E+01   0.102151E+01   0.102019E+01   0.101895E+01   0.101779E+01   0.101671E+01   0.101571E+01   0.101477E+01   0.101389E+01   0.103143E+01   0.103027E+01   0.102869E+01   0.102495E+01   0.101920E+01   0.101584E+01   0.101360E+01   0.101196E+01   0.101069E+01   0.100960E+01   0.100876E+01   0.100808E+01   0.100751E+01   0.100713E+01   0.100651E+01   0.100599E+01   0.100552E+01   0.100512E+01   0.100481E+01   0.100449E+01   0.100394E+01   0.100375E+01   0.100351E+01   0.100331E+01   0.100311E+01   0.100294E+01   0.100277E+01   0.100262E+01   0.100248E+01   0.100235E+01   0.100227E+01   0.100215E+01   0.100203E+01   0.100193E+01   0.100184E+01   0.100175E+01   0.100166E+01   0.100158E+01   0.100149E+01   0.100141E+01   0.100134E+01   0.100127E+01   0.100120E+01   0.100114E+01   0.100108E+01   0.100102E+01   0.100097E+01   0.100092E+01   0.100087E+01   0.100083E+01   0.100079E+01   0.100074E+01   0.100071E+01   0.100067E+01   0.100063E+01   0.100060E+01   0.100057E+01   0.100054E+01   0.100051E+01   0.100049E+01   0.100046E+01   0.100044E+01   0.100042E+01   0.100039E+01   0.100037E+01
 0.000000E+00   0.000000E+00   0.000000E+00   0.000000E+00   0.000000E+00   0.000000E+00   0.000000E+00   0.000000E+00   0.000000E+00   0.000000E+00   0.154567E+01   0.150426E+01   0.146634E+01   0.143159E+01   0.139972E+01   0.137718E+01   0.134399E+01   0.131416E+01   0.129050E+01   0.126992E+01   0.125074E+01   0.123277E+01   0.121695E+01   0.120196E+01   0.118821E+01   0.117516E+01   0.116379E+01   0.115362E+01   0.114209E+01   0.113514E+01   0.112915E+01   0.112175E+01   0.111338E+01   0.110504E+01   0.109696E+01   0.108965E+01   0.108274E+01   0.107672E+01   0.107098E+01   0.106563E+01   0.106093E+01   0.105651E+01   0.105243E+01   0.104870E+01   0.104534E+01   0.104219E+01   0.103933E+01   0.103668E+01   0.103423E+01   0.103199E+01   0.102993E+01   0.102798E+01   0.102619E+01   0.102449E+01   0.102294E+01   0.102151E+01   0.102019E+01   0.101895E+01   0.101779E+01   0.101671E+01   0.101571E+01   0.101477E+01   0.101389E+01   0.103143E+01   0.103028E+01   0.102868E+01   0.102543E+01   0.101944E+01   0.101597E+01   0.101368E+01   0.101201E+01   0.101072E+01   0.100963E+01   0.100879E+01   0.100809E+01   0.100754E+01   0.100713E+01   0.100651E+01   0.100599E+01   0.100552E+01   0.100512E+01   0.100481E+01   0.100449E+01   0.100394E+01   0.100375E+01   0.100351E+01   0.100331E+01   0.100311E+01   0.100294E+01   0.100277E+01   0.100262E+01   0.100248E+01   0.100236E+01   0.100227E+01   0.100215E+01   0.100203E+01   0.100193E+01   0.100184E+01   0.100175E+01   0.100166E+01   0.100158E+01   0.100149E+01   0.100141E+01   0.100134E+01   0.100127E+01   0.100120E+01   0.100114E+01   0.100108E+01   0.100102E+01   0.100097E+01   0.100092E+01   0.100087E+01   0.100083E+01   0.100079E+01   0.100074E+01   0.100071E+01   0.100067E+01   0.100063E+01   0.100060E+01   0.100057E+01   0.100054E+01   0.100051E+01   0.100049E+01   0.100046E+01   0.100044E+01   0.100042E+01   0.100039E+01   0.100037E+01
 0.000000E+00   0.000000E+00   0.000000E+00   0.000000E+00   0.000000E+00   0.000000E+00   0.000000E+00   0.000000E+00   0.000000E+00   0.000000E+00   0.154567E+01   0.150426E+01   0.146634E+01   0.143159E+01   0.139972E+01   0.137718E+01   0.134399E+01   0.131416E+01   0.129050E+01   0.126992E+01   0.125074E+01   0.123277E+01   0.121695E+01   0.120196E+01   0.118822E+01   0.117517E+01   0.116380E+01   0.115362E+01   0.114209E+01   0.113514E+01   0.112915E+01   0.112175E+01   0.111338E+01   0.110504E+01   0.109696E+01   0.108965E+01   0.108274E+01   0.107672E+01   0.107098E+01   0.106563E+01   0.106093E+01   0.105651E+01   0.105243E+01   0.104870E+01   0.104534E+01   0.104219E+01   0.103933E+01   0.103668E+01   0.103423E+01   0.103199E+01   0.102993E+01   0.102798E+01   0.102619E+01   0.102449E+01   0.102294E+01   0.102151E+01   0.102019E+01   0.101895E+01   0.101779E+01   0.101671E+01   0.101571E+01   0.101477E+01   0.101389E+01   0.103143E+01   0.103029E+01   0.102867E+01   0.102592E+01   0.101969E+01   0.101611E+01   0.101377E+01   0.101206E+01   0.101075E+01   0.100965E+01   0.100881E+01   0.100811E+01   0.100758E+01   0.100713E+01   0.100651E+01   0.100599E+01   0.100552E+01   0.100512E+01   0.100481E+01   0.100449E+01   0.100394E+01   0.100375E+01   0.100351E+01   0.100331E+01   0.100311E+01   0.100294E+01   0.100277E+01   0.100262E+01   0.100248E+01   0.100236E+01   0.100227E+01   0.100215E+01   0.100203E+01   0.100193E+01   0.100184E+01   0.100175E+01   0.100166E+01   0.100158E+01   0.100149E+01   0.100141E+01   0.100134E+01   0.100127E+01   0.100120E+01   0.100114E+01   0.100108E+01   0.100102E+01   0.100097E+01   0.100092E+01   0.100087E+01   0.100083E+01   0.100079E+01   0.100074E+01   0.100071E+01   0.100067E+01   0.100063E+01   0.100060E+01   0.100057E+01   0.100054E+01   0.100051E+01   0.100049E+01   0.100046E+01   0.100044E+01   0.100042E+01   0.100039E+01   0.100037E+01
 0.000000E+00   0.000000E+00   0.000000E+00   0.000000E+00   0.000000E+00   0.000000E+00   0.000000E+00   0.000000E+00   0.000000E+00   0.000000E+00   0.154567E+01   0.150426E+01   0.146634E+01   0.143159E+01   0.139972E+01   0.137718E+01   0.134399E+01   0.131416E+01   0.129050E+01   0.126992E+01   0.125074E+01   0.123277E+01   0.121695E+01   0.120196E+01   0.118822E+01   0.117517E+01   0.116380E+01   0.115362E+01   0.114209E+01   0.113515E+01   0.112915E+01   0.112175E+01   0.111338E+01   0.110504E+01   0.109696E+01   0.108965E+01   0.108274E+01   0.107672E+01   0.107098E+01   0.106563E+01   0.106093E+01   0.105651E+01   0.105243E+01   0.104870E+01   0.104534E+01   0.104219E+01   0.103933E+01   0.103668E+01   0.103423E+01   0.103199E+01   0.102993E+01   0.102798E+01   0.102619E+01   0.102449E+01   0.102294E+01   0.102151E+01   0.102019E+01   0.101895E+01   0.101779E+01   0.101671E+01   0.101571E+01   0.101477E+01   0.101389E+01   0.103143E+01   0.103030E+01   0.102866E+01   0.102640E+01   0.101995E+01   0.101626E+01   0.101385E+01   0.101212E+01   0.101078E+01   0.100968E+01   0.100883E+01   0.100813E+01   0.100761E+01   0.100713E+01   0.100651E+01   0.100599E+01   0.100552E+01   0.100512E+01   0.100481E+01   0.100449E+01   0.100394E+01   0.100375E+01   0.100351E+01   0.100331E+01   0.100311E+01   0.100294E+01   0.100277E+01   0.100262E+01   0.100248E+01   0.100236E+01   0.100227E+01   0.100215E+01   0.100203E+01   0.100193E+01   0.100184E+01   0.100175E+01   0.100167E+01   0.100158E+01   0.100149E+01   0.100141E+01   0.100134E+01   0.100127E+01   0.100120E+01   0.100114E+01   0.100108E+01   0.100102E+01   0.100097E+01   0.100092E+01   0.100087E+01   0.100083E+01   0.100079E+01   0.100074E+01   0.100071E+01   0.100067E+01   0.100063E+01   0.100060E+01   0.100057E+01   0.100054E+01   0.100051E+01   0.100049E+01   0.100046E+01   0.100044E+01   0.100042E+01   0.100039E+01   0.100037E+01
 0.000000E+00   0.000000E+00   0.000000E+00   0.000000E+00   0.000000E+00   0.000000E+00   0.000000E+00   0.000000E+00   0.000000E+00   0.000000E+00   0.154567E+01   0.150426E+01   0.146634E+01   0.143159E+01   0.139972E+01   0.137718E+01   0.134399E+01   0.131416E+01   0.129050E+01   0.126992E+01   0.125074E+01   0.123278E+01   0.121695E+01   0.120197E+01   0.118822E+01   0.117517E+01   0.116380E+01   0.115362E+01   0.114209E+01   0.113516E+01   0.112915E+01   0.112175E+01   0.111338E+01   0.110504E+01   0.109696E+01   0.108965E+01   0.108274E+01   0.107672E+01   0.107098E+01   0.106563E+01   0.106093E+01   0.105651E+01   0.105243E+01   0.104870E+01   0.104534E+01   0.104219E+01   0.103933E+01   0.103668E+01   0.103423E+01   0.103199E+01   0.102993E+01   0.102798E+01   0.102619E+01   0.102449E+01   0.102294E+01   0.102151E+01   0.102019E+01   0.101895E+01   0.101779E+01   0.101671E+01   0.101571E+01   0.101477E+01   0.101389E+01   0.103143E+01   0.103031E+01   0.102865E+01   0.102683E+01   0.102023E+01   0.101640E+01   0.101394E+01   0.101217E+01   0.101081E+01   0.100971E+01   0.100885E+01   0.100815E+01   0.100764E+01   0.100713E+01   0.100651E+01   0.100599E+01   0.100552E+01   0.100512E+01   0.100481E+01   0.100449E+01   0.100394E+01   0.100375E+01   0.100351E+01   0.100331E+01   0.100311E+01   0.100294E+01   0.100277E+01   0.100262E+01   0.100248E+01   0.100236E+01   0.100227E+01   0.100215E+01   0.100204E+01   0.100193E+01   0.100184E+01   0.100175E+01   0.100167E+01   0.100158E+01   0.100149E+01   0.100141E+01   0.100134E+01   0.100127E+01   0.100120E+01   0.100114E+01   0.100108E+01   0.100102E+01   0.100097E+01   0.100092E+01   0.100087E+01   0.100083E+01   0.100079E+01   0.100074E+01   0.100071E+01   0.100067E+01   0.100063E+01   0.100060E+01   0.100057E+01   0.100054E+01   0.100051E+01   0.100049E+01   0.100046E+01   0.100044E+01   0.100042E+01   0.100039E+01   0.100037E+01
 0.000000E+00   0.000000E+00   0.000000E+00   0.000000E+00   0.000000E+00   0.000000E+00   0.000000E+00   0.000000E+00   0.000000E+00   0.000000E+00   0.154567E+01   0.150426E+01   0.146634E+01   0.143159E+01   0.139972E+01   0.137718E+01   0.134399E+01   0.131416E+01   0.129050E+01   0.126992E+01   0.125074E+01   0.123278E+01   0.121695E+01   0.120197E+01   0.118822E+01   0.117517E+01   0.116380E+01   0.115363E+01   0.114209E+01   0.113518E+01   0.112915E+01   0.112175E+01   0.111338E+01   0.110504E+01   0.109696E+01   0.108965E+01   0.108274E+01   0.107672E+01   0.107098E+01   0.106563E+01   0.106093E+01   0.105651E+01   0.105243E+01   0.104870E+01   0.104534E+01   0.104219E+01   0.103933E+01   0.103668E+01   0.103423E+01   0.103199E+01   0.102993E+01   0.102798E+01   0.102619E+01   0.102449E+01   0.102294E+01   0.102151E+01   0.102019E+01   0.101895E+01   0.101779E+01   0.101671E+01   0.101571E+01   0.101477E+01   0.101389E+01   0.103143E+01   0.103032E+01   0.102864E+01   0.102710E+01   0.102052E+01   0.101656E+01   0.101403E+01   0.101223E+01   0.101085E+01   0.100974E+01   0.100888E+01   0.100817E+01   0.100767E+01   0.100713E+01   0.100651E+01   0.100599E+01   0.100552E+01   0.100512E+01   0.100481E+01   0.100449E+01   0.100394E+01   0.100375E+01   0.100351E+01   0.100331E+01   0.100311E+01   0.100294E+01   0.100277E+01   0.100262E+01   0.100248E+01   0.100236E+01   0.100227E+01   0.100215E+01   0.100204E+01   0.100193E+01   0.100184E+01   0.100175E+01   0.100167E+01   0.100158E+01   0.100149E+01   0.100141E+01   0.100134E+01   0.100127E+01   0.100120E+01   0.100114E+01   0.100108E+01   0.100102E+01   0.100097E+01   0.100092E+01   0.100087E+01   0.100083E+01   0.100079E+01   0.100074E+01   0.100071E+01   0.100067E+01   0.100063E+01   0.100060E+01   0.100057E+01   0.100054E+01   0.100051E+01   0.100049E+01   0.100046E+01   0.100044E+01   0.100042E+01   0.100039E+01   0.100037E+01
 0.000000E+00   0.000000E+00   0.000000E+00   0.000000E+00   0.000000E+00   0.000000E+00   0.000000E+00   0.000000E+00   0.000000E+00   0.000000E+00   0.154567E+01   0.150426E+01   0.146634E+01   0.143159E+01   0.139972E+01   0.137718E+01   0.134399E+01   0.131416E+01   0.129050E+01   0.126992E+01   0.125074E+01   0.123278E+01   0.121695E+01   0.120197E+01   0.118822E+01   0.117517E+01   0.116380E+01   0.115363E+01   0.114209E+01   0.113519E+01   0.112915E+01   0.112176E+01   0.111338E+01   0.110504E+01   0.109696E+01   0.108965E+01   0.108274E+01   0.107672E+01   0.107098E+01   0.106563E+01   0.106093E+01   0.105651E+01   0.105243E+01   0.104870E+01   0.104534E+01   0.104219E+01   0.103933E+01   0.103668E+01   0.103423E+01   0.103199E+01   0.102993E+01   0.102798E+01   0.102619E+01   0.102449E+01   0.102294E+01   0.102151E+01   0.102019E+01   0.101895E+01   0.101779E+01   0.101671E+01   0.101571E+01   0.101477E+01   0.101389E+01   0.103143E+01   0.103032E+01   0.102864E+01   0.102717E+01   0.102082E+01   0.101672E+01   0.101412E+01   0.101228E+01   0.101088E+01   0.100977E+01   0.100890E+01   0.100819E+01   0.100771E+01   0.100713E+01   0.100651E+01   0.100599E+01   0.100552E+01   0.100512E+01   0.100481E+01   0.100449E+01   0.100394E+01   0.100375E+01   0.100351E+01   0.100331E+01   0.100311E+01   0.100294E+01   0.100277E+01   0.100262E+01   0.100248E+01   0.100236E+01   0.100227E+01   0.100215E+01   0.100204E+01   0.100193E+01   0.100184E+01   0.100175E+01   0.100167E+01   0.100158E+01   0.100149E+01   0.100141E+01   0.100134E+01   0.100127E+01   0.100120E+01   0.100114E+01   0.100108E+01   0.100102E+01   0.100097E+01   0.100092E+01   0.100087E+01   0.100083E+01   0.100079E+01   0.100074E+01   0.100071E+01   0.100067E+01   0.100063E+01   0.100060E+01   0.100057E+01   0.100054E+01   0.100051E+01   0.100049E+01   0.100046E+01   0.100044E+01   0.100042E+01   0.100039E+01   0.100037E+01
 0.000000E+00   0.000000E+00   0.000000E+00   0.000000E+00   0.000000E+00   0.000000E+00   0.000000E+00   0.000000E+00   0.000000E+00   0.000000E+00   0.154567E+01   0.150426E+01   0.146634E+01   0.143159E+01   0.139972E+01   0.137718E+01   0.134399E+01   0.131416E+01   0.129051E+01   0.126992E+01   0.125074E+01   0.123278E+01   0.121695E+01   0.120197E+01   0.118822E+01   0.117517E+01   0.116381E+01   0.115363E+01   0.114209E+01   0.113521E+01   0.112915E+01   0.112176E+01   0.111338E+01   0.110504E+01   0.109696E+01   0.108965E+01   0.108274E+01   0.107672E+01   0.107098E+01   0.106563E+01   0.106093E+01   0.105651E+01   0.105243E+01   0.104870E+01   0.104534E+01   0.104219E+01   0.103933E+01   0.103668E+01   0.103423E+01   0.103199E+01   0.102993E+01   0.102798E+01   0.102619E+01   0.102449E+01   0.102294E+01   0.102151E+01   0.102019E+01   0.101895E+01   0.101779E+01   0.101671E+01   0.101571E+01   0.101477E+01   0.101389E+01   0.103143E+01   0.103033E+01   0.102863E+01   0.102718E+01   0.102114E+01   0.101688E+01   0.101422E+01   0.101234E+01   0.101092E+01   0.100980E+01   0.100892E+01   0.100822E+01   0.100774E+01   0.100713E+01   0.100651E+01   0.100599E+01   0.100552E+01   0.100512E+01   0.100481E+01   0.100449E+01   0.100394E+01   0.100375E+01   0.100351E+01   0.100331E+01   0.100311E+01   0.100294E+01   0.100277E+01   0.100262E+01   0.100248E+01   0.100236E+01   0.100227E+01   0.100215E+01   0.100204E+01   0.100193E+01   0.100184E+01   0.100175E+01   0.100167E+01   0.100158E+01   0.100149E+01   0.100141E+01   0.100134E+01   0.100127E+01   0.100120E+01   0.100114E+01   0.100108E+01   0.100102E+01   0.100097E+01   0.100092E+01   0.100087E+01   0.100083E+01   0.100079E+01   0.100074E+01   0.100071E+01   0.100067E+01   0.100063E+01   0.100060E+01   0.100057E+01   0.100054E+01   0.100051E+01   0.100049E+01   0.100046E+01   0.100044E+01   0.100042E+01   0.100039E+01   0.100037E+01
 0.000000E+00   0.000000E+00   0.000000E+00   0.000000E+00   0.000000E+00   0.000000E+00   0.000000E+00   0.000000E+00   0.000000E+00   0.000000E+00   0.154567E+01   0.150426E+01   0.146634E+01   0.143159E+01   0.139972E+01   0.137718E+01   0.134399E+01   0.131416E+01   0.129051E+01   0.126992E+01   0.125074E+01   0.123278E+01   0.121696E+01   0.120197E+01   0.118822E+01   0.117518E+01   0.116381E+01   0.115363E+01   0.114209E+01   0.113522E+01   0.112915E+01   0.112176E+01   0.111338E+01   0.110504E+01   0.109696E+01   0.108965E+01   0.108274E+01   0.107672E+01   0.107098E+01   0.106563E+01   0.106093E+01   0.105651E+01   0.105243E+01   0.104870E+01   0.104534E+01   0.104219E+01   0.103933E+01   0.103668E+01   0.103423E+01   0.103199E+01   0.102993E+01   0.102798E+01   0.102619E+01   0.102449E+01   0.102294E+01   0.102151E+01   0.102019E+01   0.101895E+01   0.101779E+01   0.101671E+01   0.101571E+01   0.101477E+01   0.101389E+01   0.103143E+01   0.103034E+01   0.102863E+01   0.102718E+01   0.102148E+01   0.101705E+01   0.101431E+01   0.101240E+01   0.101096E+01   0.100983E+01   0.100895E+01   0.100824E+01   0.100778E+01   0.100713E+01   0.100651E+01   0.100599E+01   0.100552E+01   0.100512E+01   0.100481E+01   0.100449E+01   0.100394E+01   0.100375E+01   0.100351E+01   0.100331E+01   0.100311E+01   0.100294E+01   0.100277E+01   0.100262E+01   0.100248E+01   0.100236E+01   0.100227E+01   0.100215E+01   0.100204E+01   0.100193E+01   0.100184E+01   0.100175E+01   0.100167E+01   0.100158E+01   0.100149E+01   0.100141E+01   0.100134E+01   0.100127E+01   0.100120E+01   0.100114E+01   0.100108E+01   0.100102E+01   0.100097E+01   0.100092E+01   0.100087E+01   0.100083E+01   0.100079E+01   0.100074E+01   0.100071E+01   0.100067E+01   0.100063E+01   0.100060E+01   0.100057E+01   0.100054E+01   0.100051E+01   0.100049E+01   0.100046E+01   0.100044E+01   0.100042E+01   0.100039E+01   0.100037E+01
 0.000000E+00   0.000000E+00   0.000000E+00   0.000000E+00   0.000000E+00   0.000000E+00   0.000000E+00   0.000000E+00   0.000000E+00   0.000000E+00   0.154567E+01   0.150426E+01   0.146634E+01   0.143159E+01   0.139972E+01   0.137718E+01   0.134399E+01   0.131416E+01   0.129051E+01   0.126992E+01   0.125074E+01   0.123278E+01   0.121696E+01   0.120197E+01   0.118823E+01   0.117518E+01   0.116381E+01   0.115363E+01   0.114209E+01   0.113524E+01   0.112915E+01   0.112176E+01   0.111338E+01   0.110504E+01   0.109696E+01   0.108965E+01   0.108274E+01   0.107672E+01   0.107098E+01   0.106563E+01   0.106093E+01   0.105651E+01   0.105243E+01   0.104870E+01   0.104534E+01   0.104219E+01   0.103933E+01   0.103668E+01   0.103423E+01   0.103199E+01   0.102993E+01   0.102798E+01   0.102619E+01   0.102449E+01   0.102294E+01   0.102151E+01   0.102019E+01   0.101895E+01   0.101779E+01   0.101671E+01   0.101571E+01   0.101477E+01   0.101389E+01   0.103143E+01   0.103035E+01   0.102864E+01   0.102718E+01   0.102183E+01   0.101723E+01   0.101441E+01   0.101246E+01   0.101100E+01   0.100986E+01   0.100897E+01   0.100827E+01   0.100782E+01   0.100713E+01   0.100651E+01   0.100599E+01   0.100552E+01   0.100512E+01   0.100481E+01   0.100449E+01   0.100394E+01   0.100375E+01   0.100351E+01   0.100331E+01   0.100311E+01   0.100294E+01   0.100277E+01   0.100262E+01   0.100248E+01   0.100236E+01   0.100227E+01   0.100215E+01   0.100204E+01   0.100193E+01   0.100184E+01   0.100175E+01   0.100167E+01   0.100158E+01   0.100149E+01   0.100141E+01   0.100134E+01   0.100127E+01   0.100120E+01   0.100114E+01   0.100108E+01   0.100102E+01   0.100097E+01   0.100092E+01   0.100087E+01   0.100083E+01   0.100079E+01   0.100074E+01   0.100071E+01   0.100067E+01   0.100063E+01   0.100060E+01   0.100057E+01   0.100054E+01   0.100051E+01   0.100049E+01   0.100046E+01   0.100044E+01   0.100042E+01   0.100039E+01   0.100037E+01
 0.000000E+00   0.000000E+00   0.000000E+00   0.000000E+00   0.000000E+00   0.000000E+00   0.000000E+00   0.000000E+00   0.000000E+00   0.000000E+00   0.154567E+01   0.150426E+01   0.146634E+01   0.143159E+01   0.139972E+01   0.137718E+01   0.134399E+01   0.131416E+01   0.129051E+01   0.126992E+01   0.125075E+01   0.123278E+01   0.121696E+01   0.120197E+01   0.118823E+01   0.117518E+01   0.116381E+01   0.115364E+01   0.114209E+01   0.113526E+01   0.112915E+01   0.112176E+01   0.111338E+01   0.110504E+01   0.109696E+01   0.108965E+01   0.108274E+01   0.107672E+01   0.107098E+01   0.106563E+01   0.106093E+01   0.105651E+01   0.105243E+01   0.104870E+01   0.104534E+01   0.104219E+01   0.103933E+01   0.103668E+01   0.103423E+01   0.103199E+01   0.102993E+01   0.102798E+01   0.102619E+01   0.102449E+01   0.102294E+01   0.102151E+01   0.102019E+01   0.101895E+01   0.101779E+01   0.101671E+01   0.101571E+01   0.101477E+01   0.101389E+01   0.103143E+01   0.103036E+01   0.102864E+01   0.102717E+01   0.102220E+01   0.101741E+01   0.101452E+01   0.101252E+01   0.101104E+01   0.100990E+01   0.100900E+01   0.100830E+01   0.100785E+01   0.100713E+01   0.100651E+01   0.100599E+01   0.100552E+01   0.100512E+01   0.100481E+01   0.100449E+01   0.100394E+01   0.100375E+01   0.100351E+01   0.100331E+01   0.100311E+01   0.100294E+01   0.100277E+01   0.100262E+01   0.100248E+01   0.100236E+01   0.100227E+01   0.100215E+01   0.100204E+01   0.100193E+01   0.100184E+01   0.100175E+01   0.100167E+01   0.100158E+01   0.100149E+01   0.100141E+01   0.100134E+01   0.100127E+01   0.100120E+01   0.100114E+01   0.100108E+01   0.100102E+01   0.100097E+01   0.100092E+01   0.100087E+01   0.100083E+01   0.100078E+01   0.100074E+01   0.100071E+01   0.100067E+01   0.100063E+01   0.100060E+01   0.100057E+01   0.100054E+01   0.100051E+01   0.100049E+01   0.100046E+01   0.100044E+01   0.100042E+01   0.100039E+01   0.100037E+01
 0.000000E+00   0.000000E+00   0.000000E+00   0.000000E+00   0.000000E+00   0.000000E+00   0.000000E+00   0.000000E+00   0.000000E+00   0.000000E+00   0.154567E+01   0.150426E+01   0.146634E+01   0.143159E+01   0.139972E+01   0.137718E+01   0.134399E+01   0.131417E+01   0.129051E+01   0.126993E+01   0.125075E+01   0.123278E+01   0.121696E+01   0.120198E+01   0.118823E+01   0.117518E+01   0.116381E+01   0.115364E+01   0.114209E+01   0.113528E+01   0.112915E+01   0.112176E+01   0.111338E+01   0.110504E+01   0.109696E+01   0.108965E+01   0.108274E+01   0.107672E+01   0.107098E+01   0.106563E+01   0.106093E+01   0.105651E+01   0.105243E+01   0.104870E+01   0.104534E+01   0.104219E+01   0.103933E+01   0.103668E+01   0.103423E+01   0.103199E+01   0.102993E+01   0.102798E+01   0.102619E+01   0.102449E+01   0.102294E+01   0.102151E+01   0.102019E+01   0.101895E+01   0.101779E+01   0.101671E+01   0.101571E+01   0.101477E+01   0.101389E+01   0.103143E+01   0.103037E+01   0.102864E+01   0.102717E+01   0.102258E+01   0.101760E+01   0.101462E+01   0.101258E+01   0.101108E+01   0.100993E+01   0.100903E+01   0.100833E+01   0.100789E+01   0.100713E+01   0.100651E+01   0.100599E+01   0.100552E+01   0.100512E+01   0.100481E+01   0.100449E+01   0.100394E+01   0.100375E+01   0.100351E+01   0.100331E+01   0.100311E+01   0.100294E+01   0.100277E+01   0.100262E+01   0.100248E+01   0.100236E+01   0.100227E+01   0.100215E+01   0.100204E+01   0.100193E+01   0.100184E+01   0.100175E+01   0.100167E+01   0.100158E+01   0.100149E+01   0.100141E+01   0.100134E+01   0.100127E+01   0.100120E+01   0.100114E+01   0.100108E+01   0.100102E+01   0.100097E+01   0.100092E+01   0.100087E+01   0.100083E+01   0.100078E+01   0.100074E+01   0.100071E+01   0.100067E+01   0.100063E+01   0.100060E+01   0.100057E+01   0.100054E+01   0.100051E+01   0.100049E+01   0.100046E+01   0.100044E+01   0.100042E+01   0.100039E+01   0.100037E+01
 0.000000E+00   0.000000E+00   0.000000E+00   0.000000E+00   0.000000E+00   0.000000E+00   0.000000E+00   0.000000E+00   0.000000E+00   0.000000E+00   0.154567E+01   0.150426E+01   0.146634E+01   0.143159E+01   0.139972E+01   0.137718E+01   0.134399E+01   0.131417E+01   0.129051E+01   0.126993E+01   0.125075E+01   0.123278E+01   0.121696E+01   0.120198E+01   0.118823E+01   0.117518E+01   0.116381E+01   0.115364E+01   0.114208E+01   0.113530E+01   0.112915E+01   0.112176E+01   0.111338E+01   0.110504E+01   0.109696E+01   0.108965E+01   0.108274E+01   0.107672E+01   0.107098E+01   0.106563E+01   0.106093E+01   0.105651E+01   0.105243E+01   0.104870E+01   0.104534E+01   0.104219E+01   0.103933E+01   0.103668E+01   0.103423E+01   0.103199E+01   0.102993E+01   0.102798E+01   0.102619E+01   0.102449E+01   0.102294E+01   0.102151E+01   0.102019E+01   0.101895E+01   0.101779E+01   0.101671E+01   0.101571E+01   0.101477E+01   0.101389E+01   0.103143E+01   0.103037E+01   0.102865E+01   0.102716E+01   0.102298E+01   0.101780E+01   0.101473E+01   0.101265E+01   0.101112E+01   0.100997E+01   0.100906E+01   0.100836E+01   0.100793E+01   0.100713E+01   0.100651E+01   0.100599E+01   0.100552E+01   0.100512E+01   0.100481E+01   0.100449E+01   0.100394E+01   0.100375E+01   0.100351E+01   0.100331E+01   0.100311E+01   0.100294E+01   0.100277E+01   0.100262E+01   0.100248E+01   0.100236E+01   0.100227E+01   0.100215E+01   0.100204E+01   0.100193E+01   0.100184E+01   0.100175E+01   0.100167E+01   0.100158E+01   0.100149E+01   0.100141E+01   0.100134E+01   0.100127E+01   0.100120E+01   0.100114E+01   0.100108E+01   0.100102E+01   0.100097E+01   0.100092E+01   0.100087E+01   0.100083E+01   0.100078E+01   0.100074E+01   0.100071E+01   0.100067E+01   0.100063E+01   0.100060E+01   0.100057E+01   0.100054E+01   0.100051E+01   0.100049E+01   0.100046E+01   0.100044E+01   0.100042E+01   0.100039E+01   0.100037E+01
 0.000000E+00   0.000000E+00   0.000000E+00   0.000000E+00   0.000000E+00   0.000000E+00   0.000000E+00   0.000000E+00   0.000000E+00   0.000000E+00   0.154567E+01   0.150426E+01   0.146634E+01   0.143159E+01   0.139972E+01   0.137718E+01   0.134399E+01   0.131417E+01   0.129051E+01   0.126993E+01   0.125075E+01   0.123279E+01   0.121696E+01   0.120198E+01   0.118823E+01   0.117518E+01   0.116381E+01   0.115364E+01   0.114208E+01   0.113532E+01   0.112915E+01   0.112176E+01   0.111338E+01   0.110504E+01   0.109696E+01   0.108965E+01   0.108274E+01   0.107672E+01   0.107098E+01   0.106563E+01   0.106093E+01   0.105651E+01   0.105243E+01   0.104870E+01   0.104534E+01   0.104219E+01   0.103933E+01   0.103668E+01   0.103423E+01   0.103199E+01   0.102993E+01   0.102798E+01   0.102619E+01   0.102449E+01   0.102294E+01   0.102151E+01   0.102019E+01   0.101895E+01   0.101779E+01   0.101671E+01   0.101571E+01   0.101477E+01   0.101389E+01   0.103143E+01   0.103038E+01   0.102866E+01   0.102715E+01   0.102341E+01   0.101801E+01   0.101484E+01   0.101264E+01   0.101108E+01   0.101000E+01   0.100909E+01   0.100840E+01   0.100794E+01   0.100713E+01   0.100651E+01   0.100599E+01   0.100552E+01   0.100512E+01   0.100481E+01   0.100449E+01   0.100394E+01   0.100375E+01   0.100351E+01   0.100331E+01   0.100311E+01   0.100294E+01   0.100277E+01   0.100262E+01   0.100248E+01   0.100236E+01   0.100227E+01   0.100215E+01   0.100204E+01   0.100193E+01   0.100184E+01   0.100175E+01   0.100167E+01   0.100158E+01   0.100149E+01   0.100141E+01   0.100134E+01   0.100127E+01   0.100120E+01   0.100114E+01   0.100108E+01   0.100102E+01   0.100097E+01   0.100092E+01   0.100087E+01   0.100083E+01   0.100078E+01   0.100074E+01   0.100071E+01   0.100067E+01   0.100063E+01   0.100060E+01   0.100057E+01   0.100054E+01   0.100051E+01   0.100049E+01   0.100046E+01   0.100044E+01   0.100041E+01   0.100039E+01   0.100037E+01
 0.000000E+00   0.000000E+00   0.000000E+00   0.000000E+00   0.000000E+00   0.000000E+00   0.000000E+00   0.000000E+00   0.000000E+00   0.000000E+00   0.154567E+01   0.150426E+01   0.146634E+01   0.143159E+01   0.139972E+01   0.137718E+01   0.134399E+01   0.131417E+01   0.129051E+01   0.126993E+01   0.125075E+01   0.123279E+01   0.121696E+01   0.120198E+01   0.118823E+01   0.117518E+01   0.116382E+01   0.115364E+01   0.114208E+01   0.113534E+01   0.112915E+01   0.112176E+01   0.111338E+01   0.110504E+01   0.109696E+01   0.108965E+01   0.108274E+01   0.107672E+01   0.107098E+01   0.106563E+01   0.106093E+01   0.105651E+01   0.105243E+01   0.104870E+01   0.104534E+01   0.104219E+01   0.103933E+01   0.103668E+01   0.103423E+01   0.103199E+01   0.102993E+01   0.102798E+01   0.102619E+01   0.102449E+01   0.102294E+01   0.102151E+01   0.102019E+01   0.101895E+01   0.101779E+01   0.101671E+01   0.101571E+01   0.101477E+01   0.101389E+01   0.103143E+01   0.103039E+01   0.102866E+01   0.102714E+01   0.102385E+01   0.101823E+01   0.101495E+01   0.101270E+01   0.101114E+01   0.101004E+01   0.100912E+01   0.100845E+01   0.100794E+01   0.100713E+01   0.100651E+01   0.100599E+01   0.100552E+01   0.100512E+01   0.100481E+01   0.100449E+01   0.100394E+01   0.100375E+01   0.100351E+01   0.100331E+01   0.100311E+01   0.100294E+01   0.100277E+01   0.100262E+01   0.100248E+01   0.100236E+01   0.100227E+01   0.100215E+01   0.100204E+01   0.100193E+01   0.100184E+01   0.100175E+01   0.100167E+01   0.100158E+01   0.100149E+01   0.100141E+01   0.100134E+01   0.100127E+01   0.100120E+01   0.100114E+01   0.100108E+01   0.100102E+01   0.100097E+01   0.100092E+01   0.100087E+01   0.100083E+01   0.100078E+01   0.100074E+01   0.100071E+01   0.100067E+01   0.100063E+01   0.100060E+01   0.100057E+01   0.100054E+01   0.100051E+01   0.100049E+01   0.100046E+01   0.100044E+01   0.100041E+01   0.100039E+01   0.100037E+01
 0.000000E+00   0.000000E+00   0.000000E+00   0.000000E+00   0.000000E+00   0.000000E+00   0.000000E+00   0.000000E+00   0.000000E+00   0.000000E+00   0.154567E+01   0.150426E+01   0.146634E+01   0.143159E+01   0.139972E+01   0.137718E+01   0.134399E+01   0.131417E+01   0.129051E+01   0.126993E+01   0.125075E+01   0.123279E+01   0.121696E+01   0.120198E+01   0.118823E+01   0.117519E+01   0.116382E+01   0.115364E+01   0.114207E+01   0.113536E+01   0.112915E+01   0.112176E+01   0.111338E+01   0.110504E+01   0.109696E+01   0.108965E+01   0.108274E+01   0.107672E+01   0.107098E+01   0.106563E+01   0.106093E+01   0.105651E+01   0.105243E+01   0.104870E+01   0.104534E+01   0.104219E+01   0.103933E+01   0.103668E+01   0.103423E+01   0.103199E+01   0.102993E+01   0.102798E+01   0.102619E+01   0.102449E+01   0.102294E+01   0.102151E+01   0.102019E+01   0.101895E+01   0.101779E+01   0.101671E+01   0.101571E+01   0.101477E+01   0.101389E+01   0.103143E+01   0.103039E+01   0.102867E+01   0.102713E+01   0.102430E+01   0.101845E+01   0.101505E+01   0.101276E+01   0.101119E+01   0.101008E+01   0.100915E+01   0.100851E+01   0.100794E+01   0.100713E+01   0.100651E+01   0.100599E+01   0.100552E+01   0.100512E+01   0.100481E+01   0.100449E+01   0.100394E+01   0.100375E+01   0.100351E+01   0.100331E+01   0.100311E+01   0.100294E+01   0.100277E+01   0.100262E+01   0.100248E+01   0.100236E+01   0.100227E+01   0.100215E+01   0.100204E+01   0.100193E+01   0.100184E+01   0.100175E+01   0.100167E+01   0.100158E+01   0.100149E+01   0.100141E+01   0.100134E+01   0.100127E+01   0.100120E+01   0.100114E+01   0.100108E+01   0.100102E+01   0.100097E+01   0.100092E+01   0.100087E+01   0.100083E+01   0.100078E+01   0.100074E+01   0.100071E+01   0.100067E+01   0.100063E+01   0.100060E+01   0.100057E+01   0.100054E+01   0.100051E+01   0.100049E+01   0.100046E+01   0.100044E+01   0.100041E+01   0.100039E+01   0.100037E+01
 0.000000E+00   0.000000E+00   0.000000E+00   0.000000E+00   0.000000E+00   0.000000E+00   0.000000E+00   0.000000E+00   0.000000E+00   0.000000E+00   0.154567E+01   0.150426E+01   0.146634E+01   0.143159E+01   0.139972E+01   0.137718E+01   0.134399E+01   0.131417E+01   0.129051E+01   0.126993E+01   0.125075E+01   0.123279E+01   0.121696E+01   0.120198E+01   0.118823E+01   0.117519E+01   0.116382E+01   0.115364E+01   0.114207E+01   0.113538E+01   0.112915E+01   0.112176E+01   0.111338E+01   0.110504E+01   0.109696E+01   0.108965E+01   0.108274E+01   0.107672E+01   0.107098E+01   0.106563E+01   0.106093E+01   0.105651E+01   0.105243E+01   0.104870E+01   0.104534E+01   0.104219E+01   0.103933E+01   0.103668E+01   0.103423E+01   0.103199E+01   0.102993E+01   0.102798E+01   0.102619E+01   0.102449E+01   0.102294E+01   0.102151E+01   0.102019E+01   0.101895E+01   0.101779E+01   0.101671E+01   0.101571E+01   0.101477E+01   0.101389E+01   0.103143E+01   0.103040E+01   0.102867E+01   0.102712E+01   0.102476E+01   0.101867E+01   0.101517E+01   0.101283E+01   0.101125E+01   0.101012E+01   0.100919E+01   0.100856E+01   0.100794E+01   0.100713E+01   0.100651E+01   0.100599E+01   0.100552E+01   0.100512E+01   0.100481E+01   0.100449E+01   0.100394E+01   0.100375E+01   0.100351E+01   0.100331E+01   0.100311E+01   0.100294E+01   0.100277E+01   0.100262E+01   0.100248E+01   0.100236E+01   0.100227E+01   0.100215E+01   0.100204E+01   0.100193E+01   0.100184E+01   0.100175E+01   0.100167E+01   0.100158E+01   0.100149E+01   0.100141E+01   0.100134E+01   0.100127E+01   0.100120E+01   0.100114E+01   0.100108E+01   0.100102E+01   0.100097E+01   0.100092E+01   0.100087E+01   0.100083E+01   0.100078E+01   0.100074E+01   0.100071E+01   0.100067E+01   0.100063E+01   0.100060E+01   0.100057E+01   0.100054E+01   0.100051E+01   0.100049E+01   0.100046E+01   0.100044E+01   0.100041E+01   0.100039E+01   0.100037E+01
 0.000000E+00   0.000000E+00   0.000000E+00   0.000000E+00   0.000000E+00   0.000000E+00   0.000000E+00   0.000000E+00   0.000000E+00   0.000000E+00   0.154567E+01   0.150426E+01   0.146634E+01   0.143159E+01   0.139972E+01   0.137718E+01   0.134399E+01   0.131417E+01   0.129051E+01   0.126993E+01   0.125075E+01   0.123279E+01   0.121697E+01   0.120198E+01   0.118824E+01   0.117519E+01   0.116382E+01   0.115365E+01   0.114207E+01   0.113540E+01   0.112915E+01   0.112176E+01   0.111338E+01   0.110504E+01   0.109696E+01   0.108965E+01   0.108274E+01   0.107672E+01   0.107098E+01   0.106563E+01   0.106093E+01   0.105651E+01   0.105243E+01   0.104870E+01   0.104534E+01   0.104219E+01   0.103933E+01   0.103668E+01   0.103423E+01   0.103199E+01   0.102993E+01   0.102798E+01   0.102619E+01   0.102449E+01   0.102294E+01   0.102151E+01   0.102019E+01   0.101895E+01   0.101779E+01   0.101671E+01   0.101571E+01   0.101477E+01   0.101389E+01   0.103143E+01   0.103041E+01   0.102868E+01   0.102711E+01   0.102519E+01   0.101891E+01   0.101528E+01   0.101291E+01   0.101131E+01   0.101016E+01   0.100922E+01   0.100861E+01   0.100794E+01   0.100713E+01   0.100651E+01   0.100599E+01   0.100552E+01   0.100512E+01   0.100481E+01   0.100449E+01   0.100394E+01   0.100375E+01   0.100351E+01   0.100331E+01   0.100311E+01   0.100294E+01   0.100277E+01   0.100262E+01   0.100248E+01   0.100236E+01   0.100227E+01   0.100215E+01   0.100204E+01   0.100193E+01   0.100184E+01   0.100175E+01   0.100167E+01   0.100158E+01   0.100149E+01   0.100141E+01   0.100134E+01   0.100127E+01   0.100120E+01   0.100114E+01   0.100108E+01   0.100102E+01   0.100097E+01   0.100092E+01   0.100087E+01   0.100083E+01   0.100078E+01   0.100074E+01   0.100071E+01   0.100067E+01   0.100063E+01   0.100060E+01   0.100057E+01   0.100054E+01   0.100051E+01   0.100049E+01   0.100046E+01   0.100044E+01   0.100041E+01   0.100039E+01   0.100037E+01
 0.000000E+00   0.000000E+00   0.000000E+00   0.000000E+00   0.000000E+00   0.000000E+00   0.000000E+00   0.000000E+00   0.000000E+00   0.000000E+00   0.154567E+01   0.150426E+01   0.146634E+01   0.143159E+01   0.139972E+01   0.137718E+01   0.134399E+01   0.131417E+01   0.129051E+01   0.126993E+01   0.125075E+01   0.123279E+01   0.121697E+01   0.120198E+01   0.118824E+01   0.117519E+01   0.116382E+01   0.115365E+01   0.114206E+01   0.113542E+01   0.112915E+01   0.112176E+01   0.111338E+01   0.110504E+01   0.109696E+01   0.108965E+01   0.108274E+01   0.107672E+01   0.107098E+01   0.106563E+01   0.106093E+01   0.105651E+01   0.105243E+01   0.104870E+01   0.104534E+01   0.104219E+01   0.103933E+01   0.103668E+01   0.103423E+01   0.103199E+01   0.102993E+01   0.102798E+01   0.102619E+01   0.102449E+01   0.102294E+01   0.102151E+01   0.102019E+01   0.101895E+01   0.101779E+01   0.101671E+01   0.101571E+01   0.101477E+01   0.101389E+01   0.103143E+01   0.103041E+01   0.102869E+01   0.102710E+01   0.102553E+01   0.101916E+01   0.101540E+01   0.101298E+01   0.101137E+01   0.101020E+01   0.100926E+01   0.100867E+01   0.100794E+01   0.100713E+01   0.100651E+01   0.100599E+01   0.100552E+01   0.100512E+01   0.100481E+01   0.100449E+01   0.100394E+01   0.100375E+01   0.100351E+01   0.100331E+01   0.100311E+01   0.100294E+01   0.100277E+01   0.100262E+01   0.100248E+01   0.100236E+01   0.100227E+01   0.100215E+01   0.100204E+01   0.100193E+01   0.100184E+01   0.100175E+01   0.100167E+01   0.100158E+01   0.100149E+01   0.100141E+01   0.100134E+01   0.100127E+01   0.100120E+01   0.100114E+01   0.100108E+01   0.100102E+01   0.100097E+01   0.100092E+01   0.100087E+01   0.100083E+01   0.100078E+01   0.100074E+01   0.100071E+01   0.100067E+01   0.100063E+01   0.100060E+01   0.100057E+01   0.100054E+01   0.100051E+01   0.100049E+01   0.100046E+01   0.100044E+01   0.100041E+01   0.100039E+01   0.100037E+01
 0.000000E+00   0.000000E+00   0.000000E+00   0.000000E+00   0.000000E+00   0.000000E+00   0.000000E+00   0.000000E+00   0.000000E+00   0.000000E+00   0.154567E+01   0.150426E+01   0.146634E+01   0.143159E+01   0.139972E+01   0.137718E+01   0.134400E+01   0.131417E+01   0.129052E+01   0.126993E+01   0.125075E+01   0.123279E+01   0.121697E+01   0.120199E+01   0.118824E+01   0.117519E+01   0.116382E+01   0.115365E+01   0.114206E+01   0.113544E+01   0.112915E+01   0.112177E+01   0.111338E+01   0.110504E+01   0.109696E+01   0.108965E+01   0.108274E+01   0.107672E+01   0.107098E+01   0.106563E+01   0.106093E+01   0.105651E+01   0.105243E+01   0.104870E+01   0.104534E+01   0.104219E+01   0.103933E+01   0.103668E+01   0.103423E+01   0.103199E+01   0.102993E+01   0.102798E+01   0.102619E+01   0.102449E+01   0.102294E+01   0.102151E+01   0.102019E+01   0.101895E+01   0.101779E+01   0.101671E+01   0.101571E+01   0.101477E+01   0.101389E+01   0.103143E+01   0.103042E+01   0.102870E+01   0.102710E+01   0.102568E+01   0.101941E+01   0.101552E+01   0.101306E+01   0.101143E+01   0.101025E+01   0.100931E+01   0.100872E+01   0.100794E+01   0.100713E+01   0.100651E+01   0.100599E+01   0.100552E+01   0.100512E+01   0.100481E+01   0.100449E+01   0.100394E+01   0.100375E+01   0.100351E+01   0.100331E+01   0.100311E+01   0.100294E+01   0.100277E+01   0.100262E+01   0.100248E+01   0.100236E+01   0.100227E+01   0.100215E+01   0.100204E+01   0.100193E+01   0.100184E+01   0.100175E+01   0.100167E+01   0.100158E+01   0.100149E+01   0.100141E+01   0.100134E+01   0.100127E+01   0.100120E+01   0.100114E+01   0.100108E+01   0.100102E+01   0.100097E+01   0.100092E+01   0.100087E+01   0.100083E+01   0.100078E+01   0.100074E+01   0.100071E+01   0.100067E+01   0.100063E+01   0.100060E+01   0.100057E+01   0.100054E+01   0.100051E+01   0.100049E+01   0.100046E+01   0.100044E+01   0.100041E+01   0.100039E+01   0.100037E+01
 0.000000E+00   0.000000E+00   0.000000E+00   0.000000E+00   0.000000E+00   0.000000E+00   0.000000E+00   0.000000E+00   0.000000E+00   0.000000E+00   0.154567E+01   0.150426E+01   0.146634E+01   0.143159E+01   0.139972E+01   0.137718E+01   0.134400E+01   0.131417E+01   0.129052E+01   0.126993E+01   0.125076E+01   0.123279E+01   0.121697E+01   0.120199E+01   0.118824E+01   0.117519E+01   0.116383E+01   0.115365E+01   0.114205E+01   0.113546E+01   0.112915E+01   0.112177E+01   0.111338E+01   0.110504E+01   0.109696E+01   0.108965E+01   0.108274E+01   0.107672E+01   0.107098E+01   0.106563E+01   0.106093E+01   0.105651E+01   0.105243E+01   0.104870E+01   0.104534E+01   0.104219E+01   0.103933E+01   0.103668E+01   0.103423E+01   0.103199E+01   0.102993E+01   0.102798E+01   0.102619E+01   0.102449E+01   0.102294E+01   0.102151E+01   0.102019E+01   0.101895E+01   0.101779E+01   0.101671E+01   0.101571E+01   0.101477E+01   0.101389E+01   0.103143E+01   0.103042E+01   0.102870E+01   0.102710E+01   0.102571E+01   0.101968E+01   0.101565E+01   0.101315E+01   0.101149E+01   0.101029E+01   0.100935E+01   0.100878E+01   0.100794E+01   0.100713E+01   0.100651E+01   0.100599E+01   0.100552E+01   0.100512E+01   0.100481E+01   0.100449E+01   0.100394E+01   0.100375E+01   0.100351E+01   0.100331E+01   0.100311E+01   0.100294E+01   0.100277E+01   0.100262E+01   0.100248E+01   0.100237E+01   0.100227E+01   0.100215E+01   0.100204E+01   0.100193E+01   0.100184E+01   0.100175E+01   0.100167E+01   0.100158E+01   0.100149E+01   0.100142E+01   0.100134E+01   0.100127E+01   0.100120E+01   0.100114E+01   0.100108E+01   0.100102E+01   0.100097E+01   0.100092E+01   0.100087E+01   0.100083E+01   0.100078E+01   0.100074E+01   0.100071E+01   0.100067E+01   0.100063E+01   0.100060E+01   0.100057E+01   0.100054E+01   0.100051E+01   0.100049E+01   0.100046E+01   0.100044E+01   0.100041E+01   0.100039E+01   0.100037E+01
 0.000000E+00   0.000000E+00   0.000000E+00   0.000000E+00   0.000000E+00   0.000000E+00   0.000000E+00   0.000000E+00   0.000000E+00   0.000000E+00   0.154567E+01   0.150426E+01   0.146634E+01   0.143159E+01   0.139972E+01   0.137718E+01   0.134400E+01   0.131417E+01   0.129052E+01   0.126994E+01   0.125076E+01   0.123279E+01   0.121697E+01   0.120199E+01   0.118824E+01   0.117519E+01   0.116383E+01   0.115365E+01   0.114205E+01   0.113547E+01   0.112915E+01   0.112177E+01   0.111338E+01   0.110504E+01   0.109696E+01   0.108965E+01   0.108274E+01   0.107672E+01   0.107098E+01   0.106563E+01   0.106093E+01   0.105651E+01   0.105243E+01   0.104870E+01   0.104534E+01   0.104219E+01   0.103933E+01   0.103668E+01   0.103423E+01   0.103199E+01   0.102993E+01   0.102798E+01   0.102619E+01   0.102449E+01   0.102294E+01   0.102151E+01   0.102019E+01   0.101895E+01   0.101779E+01   0.101671E+01   0.101571E+01   0.101477E+01   0.101389E+01   0.103143E+01   0.103043E+01   0.102871E+01   0.102710E+01   0.102571E+01   0.101996E+01   0.101578E+01   0.101324E+01   0.101156E+01   0.101034E+01   0.100940E+01   0.100884E+01   0.100794E+01   0.100713E+01   0.100651E+01   0.100599E+01   0.100552E+01   0.100512E+01   0.100481E+01   0.100449E+01   0.100394E+01   0.100375E+01   0.100351E+01   0.100331E+01   0.100311E+01   0.100294E+01   0.100277E+01   0.100262E+01   0.100248E+01   0.100237E+01   0.100227E+01   0.100215E+01   0.100204E+01   0.100193E+01   0.100184E+01   0.100175E+01   0.100167E+01   0.100158E+01   0.100149E+01   0.100142E+01   0.100134E+01   0.100127E+01   0.100120E+01   0.100114E+01   0.100108E+01   0.100102E+01   0.100097E+01   0.100092E+01   0.100087E+01   0.100083E+01   0.100078E+01   0.100074E+01   0.100071E+01   0.100067E+01   0.100063E+01   0.100060E+01   0.100057E+01   0.100054E+01   0.100051E+01   0.100049E+01   0.100046E+01   0.100044E+01   0.100041E+01   0.100039E+01   0.100037E+01
 0.000000E+00   0.000000E+00   0.000000E+00   0.000000E+00   0.000000E+00   0.000000E+00   0.000000E+00   0.000000E+00   0.000000E+00   0.000000E+00   0.154567E+01   0.150426E+01   0.146634E+01   0.143159E+01   0.139972E+01   0.137718E+01   0.134400E+01   0.131417E+01   0.129052E+01   0.126994E+01   0.125076E+01   0.123280E+01   0.121697E+01   0.120199E+01   0.118824E+01   0.117520E+01   0.116383E+01   0.115365E+01   0.114204E+01   0.113549E+01   0.112915E+01   0.112177E+01   0.111338E+01   0.110504E+01   0.109696E+01   0.108965E+01   0.108274E+01   0.107672E+01   0.107098E+01   0.106563E+01   0.106093E+01   0.105651E+01   0.105243E+01   0.104870E+01   0.104534E+01   0.104219E+01   0.103933E+01   0.103668E+01   0.103423E+01   0.103199E+01   0.102993E+01   0.102798E+01   0.102619E+01   0.102449E+01   0.102294E+01   0.102151E+01   0.102019E+01   0.101895E+01   0.101779E+01   0.101671E+01   0.101571E+01   0.101477E+01   0.101389E+01   0.103143E+01   0.103043E+01   0.102872E+01   0.102710E+01   0.102571E+01   0.102025E+01   0.101592E+01   0.101333E+01   0.101162E+01   0.101039E+01   0.100945E+01   0.100890E+01   0.100794E+01   0.100713E+01   0.100651E+01   0.100599E+01   0.100552E+01   0.100512E+01   0.100481E+01   0.100449E+01   0.100394E+01   0.100375E+01   0.100351E+01   0.100331E+01   0.100311E+01   0.100294E+01   0.100277E+01   0.100262E+01   0.100248E+01   0.100237E+01   0.100227E+01   0.100215E+01   0.100204E+01   0.100193E+01   0.100184E+01   0.100175E+01   0.100167E+01   0.100158E+01   0.100149E+01   0.100142E+01   0.100134E+01   0.100127E+01   0.100120E+01   0.100114E+01   0.100108E+01   0.100102E+01   0.100097E+01   0.100092E+01   0.100087E+01   0.100083E+01   0.100078E+01   0.100074E+01   0.100071E+01   0.100067E+01   0.100063E+01   0.100060E+01   0.100057E+01   0.100054E+01   0.100051E+01   0.100049E+01   0.100046E+01   0.100044E+01   0.100041E+01   0.100039E+01   0.100037E+01
 0.000000E+00   0.000000E+00   0.000000E+00   0.000000E+00   0.000000E+00   0.000000E+00   0.000000E+00   0.000000E+00   0.000000E+00   0.000000E+00   0.154567E+01   0.150426E+01   0.146634E+01   0.143159E+01   0.139972E+01   0.137718E+01   0.134400E+01   0.131417E+01   0.129052E+01   0.126994E+01   0.125076E+01   0.123280E+01   0.121697E+01   0.120199E+01   0.118824E+01   0.117520E+01   0.116383E+01   0.115366E+01   0.114204E+01   0.113550E+01   0.112915E+01   0.112177E+01   0.111338E+01   0.110504E+01   0.109696E+01   0.108965E+01   0.108274E+01   0.107672E+01   0.107098E+01   0.106563E+01   0.106093E+01   0.105651E+01   0.105243E+01   0.104870E+01   0.104534E+01   0.104219E+01   0.103933E+01   0.103668E+01   0.103423E+01   0.103199E+01   0.102993E+01   0.102798E+01   0.102619E+01   0.102449E+01   0.102294E+01   0.102151E+01   0.102019E+01   0.101895E+01   0.101779E+01   0.101671E+01   0.101571E+01   0.101477E+01   0.101389E+01   0.103143E+01   0.103044E+01   0.102872E+01   0.102710E+01   0.102571E+01   0.102055E+01   0.101607E+01   0.101343E+01   0.101169E+01   0.101044E+01   0.100951E+01   0.100897E+01   0.100794E+01   0.100713E+01   0.100651E+01   0.100599E+01   0.100552E+01   0.100512E+01   0.100481E+01   0.100449E+01   0.100394E+01   0.100375E+01   0.100351E+01   0.100331E+01   0.100311E+01   0.100294E+01   0.100277E+01   0.100262E+01   0.100248E+01   0.100237E+01   0.100227E+01   0.100215E+01   0.100204E+01   0.100193E+01   0.100184E+01   0.100175E+01   0.100167E+01   0.100158E+01   0.100149E+01   0.100142E+01   0.100134E+01   0.100127E+01   0.100120E+01   0.100114E+01   0.100108E+01   0.100102E+01   0.100097E+01   0.100092E+01   0.100087E+01   0.100083E+01   0.100078E+01   0.100074E+01   0.100071E+01   0.100067E+01   0.100063E+01   0.100060E+01   0.100057E+01   0.100054E+01   0.100051E+01   0.100049E+01   0.100046E+01   0.100044E+01   0.100041E+01   0.100039E+01   0.100037E+01
 0.000000E+00   0.000000E+00   0.000000E+00   0.000000E+00   0.000000E+00   0.000000E+00   0.000000E+00   0.000000E+00   0.000000E+00   0.000000E+00   0.154567E+01   0.150426E+01   0.146634E+01   0.143159E+01   0.139972E+01   0.137718E+01   0.134400E+01   0.131418E+01   0.129052E+01   0.126994E+01   0.125076E+01   0.123280E+01   0.121697E+01   0.120199E+01   0.118824E+01   0.117520E+01   0.116383E+01   0.115366E+01   0.114203E+01   0.113552E+01   0.112915E+01   0.112177E+01   0.111338E+01   0.110504E+01   0.109696E+01   0.108965E+01   0.108274E+01   0.107672E+01   0.107098E+01   0.106563E+01   0.106093E+01   0.105651E+01   0.105243E+01   0.104870E+01   0.104534E+01   0.104219E+01   0.103933E+01   0.103668E+01   0.103423E+01   0.103199E+01   0.102993E+01   0.102798E+01   0.102619E+01   0.102449E+01   0.102294E+01   0.102151E+01   0.102019E+01   0.101895E+01   0.101779E+01   0.101671E+01   0.101571E+01   0.101477E+01   0.101389E+01   0.103143E+01   0.103044E+01   0.102873E+01   0.102710E+01   0.102571E+01   0.102086E+01   0.101623E+01   0.101353E+01   0.101176E+01   0.101049E+01   0.100957E+01   0.100903E+01   0.100794E+01   0.100713E+01   0.100651E+01   0.100599E+01   0.100552E+01   0.100512E+01   0.100481E+01   0.100449E+01   0.100394E+01   0.100375E+01   0.100351E+01   0.100331E+01   0.100311E+01   0.100294E+01   0.100277E+01   0.100262E+01   0.100248E+01   0.100237E+01   0.100227E+01   0.100215E+01   0.100204E+01   0.100193E+01   0.100184E+01   0.100176E+01   0.100167E+01   0.100158E+01   0.100149E+01   0.100142E+01   0.100134E+01   0.100127E+01   0.100120E+01   0.100114E+01   0.100108E+01   0.100102E+01   0.100097E+01   0.100092E+01   0.100087E+01   0.100083E+01   0.100078E+01   0.100074E+01   0.100071E+01   0.100067E+01   0.100063E+01   0.100060E+01   0.100057E+01   0.100054E+01   0.100051E+01   0.100049E+01   0.100046E+01   0.100044E+01   0.100041E+01   0.100039E+01   0.100037E+01
 0.000000E+00   0.000000E+00   0.000000E+00   0.000000E+00   0.000000E+00   0.000000E+00   0.000000E+00   0.000000E+00   0.000000E+00   0.000000E+00   0.154567E+01   0.150426E+01   0.146634E+01   0.143159E+01   0.139972E+01   0.137718E+01   0.134400E+01   0.131418E+01   0.129052E+01   0.126994E+01   0.125076E+01   0.123280E+01   0.121697E+01   0.120199E+01   0.118825E+01   0.117520E+01   0.116383E+01   0.115366E+01   0.114203E+01   0.113553E+01   0.112915E+01   0.112177E+01   0.111338E+01   0.110504E+01   0.109696E+01   0.108965E+01   0.108274E+01   0.107672E+01   0.107098E+01   0.106563E+01   0.106093E+01   0.105651E+01   0.105243E+01   0.104870E+01   0.104534E+01   0.104219E+01   0.103933E+01   0.103668E+01   0.103423E+01   0.103199E+01   0.102993E+01   0.102798E+01   0.102619E+01   0.102449E+01   0.102294E+01   0.102151E+01   0.102019E+01   0.101895E+01   0.101779E+01   0.101671E+01   0.101571E+01   0.101477E+01   0.101389E+01   0.103143E+01   0.103045E+01   0.102874E+01   0.102710E+01   0.102569E+01   0.102044E+01   0.101640E+01   0.101364E+01   0.101184E+01   0.101055E+01   0.100965E+01   0.100904E+01   0.100794E+01   0.100713E+01   0.100651E+01   0.100599E+01   0.100552E+01   0.100512E+01   0.100481E+01   0.100449E+01   0.100394E+01   0.100375E+01   0.100351E+01   0.100331E+01   0.100311E+01   0.100294E+01   0.100277E+01   0.100262E+01   0.100248E+01   0.100237E+01   0.100227E+01   0.100215E+01   0.100204E+01   0.100193E+01   0.100184E+01   0.100176E+01   0.100167E+01   0.100158E+01   0.100149E+01   0.100142E+01   0.100134E+01   0.100127E+01   0.100120E+01   0.100114E+01   0.100108E+01   0.100102E+01   0.100097E+01   0.100092E+01   0.100087E+01   0.100083E+01   0.100078E+01   0.100074E+01   0.100071E+01   0.100067E+01   0.100063E+01   0.100060E+01   0.100057E+01   0.100054E+01   0.100051E+01   0.100049E+01   0.100046E+01   0.100044E+01   0.100041E+01   0.100039E+01   0.100037E+01
 0.000000E+00   0.000000E+00   0.000000E+00   0.000000E+00   0.000000E+00   0.000000E+00   0.000000E+00   0.000000E+00   0.000000E+00   0.000000E+00   0.154567E+01   0.150426E+01   0.146634E+01   0.143159E+01   0.139972E+01   0.137718E+01   0.134400E+01   0.131418E+01   0.129052E+01   0.126994E+01   0.125076E+01   0.123280E+01   0.121698E+01   0.120199E+01   0.118825E+01   0.117520E+01   0.116383E+01   0.115366E+01   0.114202E+01   0.113554E+01   0.112915E+01   0.112177E+01   0.111338E+01   0.110504E+01   0.109696E+01   0.108965E+01   0.108274E+01   0.107672E+01   0.107098E+01   0.106563E+01   0.106093E+01   0.105651E+01   0.105243E+01   0.104870E+01   0.104534E+01   0.104219E+01   0.103933E+01   0.103668E+01   0.103423E+01   0.103199E+01   0.102993E+01   0.102798E+01   0.102619E+01   0.102449E+01   0.102294E+01   0.102151E+01   0.102019E+01   0.101895E+01   0.101779E+01   0.101671E+01   0.101571E+01   0.101477E+01   0.101389E+01   0.103143E+01   0.103045E+01   0.102874E+01   0.102711E+01   0.102569E+01   0.102083E+01   0.101658E+01   0.101376E+01   0.101191E+01   0.101061E+01   0.100973E+01   0.100904E+01   0.100794E+01   0.100713E+01   0.100651E+01   0.100599E+01   0.100552E+01   0.100512E+01   0.100481E+01   0.100449E+01   0.100394E+01   0.100375E+01   0.100351E+01   0.100331E+01   0.100311E+01   0.100294E+01   0.100277E+01   0.100262E+01   0.100248E+01   0.100237E+01   0.100227E+01   0.100215E+01   0.100204E+01   0.100193E+01   0.100184E+01   0.100176E+01   0.100167E+01   0.100158E+01   0.100149E+01   0.100142E+01   0.100134E+01   0.100127E+01   0.100120E+01   0.100114E+01   0.100108E+01   0.100102E+01   0.100097E+01   0.100092E+01   0.100087E+01   0.100083E+01   0.100078E+01   0.100074E+01   0.100071E+01   0.100067E+01   0.100063E+01   0.100060E+01   0.100057E+01   0.100054E+01   0.100051E+01   0.100049E+01   0.100046E+01   0.100044E+01   0.100041E+01   0.100039E+01   0.100037E+01
 0.000000E+00   0.000000E+00   0.000000E+00   0.000000E+00   0.000000E+00   0.000000E+00   0.000000E+00   0.000000E+00   0.000000E+00   0.000000E+00   0.154567E+01   0.150426E+01   0.146634E+01   0.143159E+01   0.139972E+01   0.137718E+01   0.134400E+01   0.131418E+01   0.129052E+01   0.126994E+01   0.125076E+01   0.123280E+01   0.121698E+01   0.120199E+01   0.118825E+01   0.117520E+01   0.116383E+01   0.115366E+01   0.114202E+01   0.113555E+01   0.112915E+01   0.112177E+01   0.111338E+01   0.110504E+01   0.109696E+01   0.108965E+01   0.108274E+01   0.107672E+01   0.107098E+01   0.106563E+01   0.106093E+01   0.105651E+01   0.105243E+01   0.104870E+01   0.104534E+01   0.104219E+01   0.103933E+01   0.103668E+01   0.103423E+01   0.103199E+01   0.102993E+01   0.102798E+01   0.102619E+01   0.102449E+01   0.102294E+01   0.102151E+01   0.102019E+01   0.101895E+01   0.101779E+01   0.101671E+01   0.101571E+01   0.101477E+01   0.101389E+01   0.103143E+01   0.103045E+01   0.102875E+01   0.102711E+01   0.102569E+01   0.102124E+01   0.101676E+01   0.101388E+01   0.101199E+01   0.101067E+01   0.100982E+01   0.100904E+01   0.100794E+01   0.100713E+01   0.100651E+01   0.100599E+01   0.100552E+01   0.100512E+01   0.100481E+01   0.100449E+01   0.100394E+01   0.100375E+01   0.100351E+01   0.100331E+01   0.100311E+01   0.100294E+01   0.100277E+01   0.100262E+01   0.100248E+01   0.100237E+01   0.100227E+01   0.100215E+01   0.100204E+01   0.100193E+01   0.100184E+01   0.100176E+01   0.100167E+01   0.100158E+01   0.100149E+01   0.100142E+01   0.100134E+01   0.100127E+01   0.100120E+01   0.100114E+01   0.100108E+01   0.100102E+01   0.100097E+01   0.100092E+01   0.100087E+01   0.100083E+01   0.100078E+01   0.100074E+01   0.100071E+01   0.100067E+01   0.100063E+01   0.100060E+01   0.100057E+01   0.100054E+01   0.100051E+01   0.100049E+01   0.100046E+01   0.100044E+01   0.100041E+01   0.100039E+01   0.100037E+01
 0.000000E+00   0.000000E+00   0.000000E+00   0.000000E+00   0.000000E+00   0.000000E+00   0.000000E+00   0.000000E+00   0.000000E+00   0.000000E+00   0.154567E+01   0.150426E+01   0.146634E+01   0.143159E+01   0.139972E+01   0.137718E+01   0.134400E+01   0.131418E+01   0.129052E+01   0.126994E+01   0.125076E+01   0.123280E+01   0.121698E+01   0.120199E+01   0.118825E+01   0.117520E+01   0.116383E+01   0.115366E+01   0.114201E+01   0.113556E+01   0.112915E+01   0.112177E+01   0.111338E+01   0.110504E+01   0.109696E+01   0.108965E+01   0.108274E+01   0.107672E+01   0.107098E+01   0.106563E+01   0.106093E+01   0.105651E+01   0.105243E+01   0.104870E+01   0.104534E+01   0.104219E+01   0.103933E+01   0.103668E+01   0.103423E+01   0.103199E+01   0.102993E+01   0.102798E+01   0.102619E+01   0.102449E+01   0.102294E+01   0.102151E+01   0.102019E+01   0.101895E+01   0.101779E+01   0.101671E+01   0.101571E+01   0.101477E+01   0.101389E+01   0.103143E+01   0.103046E+01   0.102875E+01   0.102711E+01   0.102568E+01   0.102167E+01   0.101696E+01   0.101400E+01   0.101208E+01   0.101074E+01   0.100991E+01   0.100904E+01   0.100794E+01   0.100713E+01   0.100651E+01   0.100599E+01   0.100552E+01   0.100512E+01   0.100481E+01   0.100449E+01   0.100394E+01   0.100375E+01   0.100351E+01   0.100331E+01   0.100311E+01   0.100294E+01   0.100277E+01   0.100262E+01   0.100248E+01   0.100237E+01   0.100227E+01   0.100215E+01   0.100204E+01   0.100193E+01   0.100184E+01   0.100176E+01   0.100167E+01   0.100158E+01   0.100149E+01   0.100142E+01   0.100134E+01   0.100127E+01   0.100120E+01   0.100114E+01   0.100108E+01   0.100102E+01   0.100097E+01   0.100092E+01   0.100087E+01   0.100083E+01   0.100078E+01   0.100074E+01   0.100071E+01   0.100067E+01   0.100063E+01   0.100060E+01   0.100057E+01   0.100054E+01   0.100051E+01   0.100049E+01   0.100046E+01   0.100044E+01   0.100041E+01   0.100039E+01   0.100037E+01
 0.000000E+00   0.000000E+00   0.000000E+00   0.000000E+00   0.000000E+00   0.000000E+00   0.000000E+00   0.000000E+00   0.000000E+00   0.000000E+00   0.154567E+01   0.150426E+01   0.146634E+01   0.143159E+01   0.139972E+01   0.137718E+01   0.134400E+01   0.131418E+01   0.129052E+01   0.126994E+01   0.125076E+01   0.123280E+01   0.121698E+01   0.120199E+01   0.118825E+01   0.117520E+01   0.116383E+01   0.115366E+01   0.114200E+01   0.113557E+01   0.112915E+01   0.112177E+01   0.111338E+01   0.110504E+01   0.109696E+01   0.108965E+01   0.108274E+01   0.107672E+01   0.107098E+01   0.106563E+01   0.106093E+01   0.105651E+01   0.105243E+01   0.104870E+01   0.104534E+01   0.104219E+01   0.103933E+01   0.103668E+01   0.103423E+01   0.103199E+01   0.102993E+01   0.102798E+01   0.102619E+01   0.102449E+01   0.102294E+01   0.102151E+01   0.102019E+01   0.101895E+01   0.101779E+01   0.101671E+01   0.101571E+01   0.101477E+01   0.101389E+01   0.103143E+01   0.103046E+01   0.102876E+01   0.102712E+01   0.102568E+01   0.102210E+01   0.101716E+01   0.101412E+01   0.101216E+01   0.101082E+01   0.101000E+01   0.100904E+01   0.100794E+01   0.100713E+01   0.100651E+01   0.100599E+01   0.100552E+01   0.100512E+01   0.100481E+01   0.100449E+01   0.100394E+01   0.100375E+01   0.100351E+01   0.100331E+01   0.100311E+01   0.100294E+01   0.100277E+01   0.100262E+01   0.100248E+01   0.100237E+01   0.100227E+01   0.100215E+01   0.100204E+01   0.100193E+01   0.100184E+01   0.100176E+01   0.100167E+01   0.100158E+01   0.100149E+01   0.100142E+01   0.100134E+01   0.100127E+01   0.100120E+01   0.100114E+01   0.100108E+01   0.100102E+01   0.100097E+01   0.100092E+01   0.100087E+01   0.100083E+01   0.100078E+01   0.100074E+01   0.100071E+01   0.100067E+01   0.100063E+01   0.100060E+01   0.100057E+01   0.100054E+01   0.100051E+01   0.100049E+01   0.100046E+01   0.100044E+01   0.100041E+01   0.100039E+01   0.100037E+01
 0.000000E+00   0.000000E+00   0.000000E+00   0.000000E+00   0.000000E+00   0.000000E+00   0.000000E+00   0.000000E+00   0.000000E+00   0.000000E+00   0.154567E+01   0.150426E+01   0.146634E+01   0.143159E+01   0.139972E+01   0.137718E+01   0.134400E+01   0.131418E+01   0.129052E+01   0.126994E+01   0.125076E+01   0.123280E+01   0.121698E+01   0.120200E+01   0.118825E+01   0.117520E+01   0.116384E+01   0.115366E+01   0.114200E+01   0.113558E+01   0.112915E+01   0.112177E+01   0.111338E+01   0.110504E+01   0.109696E+01   0.108965E+01   0.108274E+01   0.107672E+01   0.107098E+01   0.106563E+01   0.106093E+01   0.105651E+01   0.105243E+01   0.104870E+01   0.104534E+01   0.104219E+01   0.103933E+01   0.103668E+01   0.103423E+01   0.103199E+01   0.102993E+01   0.102798E+01   0.102619E+01   0.102449E+01   0.102294E+01   0.102151E+01   0.102019E+01   0.101895E+01   0.101779E+01   0.101671E+01   0.101571E+01   0.101477E+01   0.101389E+01   0.103143E+01   0.103046E+01   0.102877E+01   0.102712E+01   0.102567E+01   0.102256E+01   0.101738E+01   0.101425E+01   0.101225E+01   0.101090E+01   0.101010E+01   0.100904E+01   0.100794E+01   0.100713E+01   0.100651E+01   0.100599E+01   0.100552E+01   0.100512E+01   0.100481E+01   0.100449E+01   0.100394E+01   0.100375E+01   0.100351E+01   0.100331E+01   0.100311E+01   0.100294E+01   0.100277E+01   0.100262E+01   0.100248E+01   0.100237E+01   0.100227E+01   0.100215E+01   0.100204E+01   0.100193E+01   0.100184E+01   0.100176E+01   0.100167E+01   0.100158E+01   0.100149E+01   0.100142E+01   0.100134E+01   0.100127E+01   0.100120E+01   0.100114E+01   0.100108E+01   0.100102E+01   0.100097E+01   0.100092E+01   0.100087E+01   0.100083E+01   0.100078E+01   0.100074E+01   0.100071E+01   0.100067E+01   0.100063E+01   0.100060E+01   0.100057E+01   0.100054E+01   0.100051E+01   0.100049E+01   0.100046E+01   0.100044E+01   0.100041E+01   0.100039E+01   0.100037E+01
 0.000000E+00   0.000000E+00   0.000000E+00   0.000000E+00   0.000000E+00   0.000000E+00   0.000000E+00   0.000000E+00   0.000000E+00   0.000000E+00   0.154567E+01   0.150426E+01   0.146634E+01   0.143159E+01   0.139972E+01   0.137718E+01   0.134400E+01   0.131418E+01   0.129052E+01   0.126994E+01   0.125076E+01   0.123280E+01   0.121698E+01   0.120200E+01   0.118825E+01   0.117520E+01   0.116384E+01   0.115366E+01   0.114199E+01   0.113559E+01   0.112915E+01   0.112177E+01   0.111338E+01   0.110504E+01   0.109696E+01   0.108965E+01   0.108274E+01   0.107672E+01   0.107098E+01   0.106563E+01   0.106093E+01   0.105651E+01   0.105243E+01   0.104870E+01   0.104534E+01   0.104219E+01   0.103933E+01   0.103668E+01   0.103423E+01   0.103199E+01   0.102993E+01   0.102798E+01   0.102619E+01   0.102449E+01   0.102294E+01   0.102151E+01   0.102019E+01   0.101895E+01   0.101779E+01   0.101671E+01   0.101571E+01   0.101477E+01   0.101389E+01   0.103143E+01   0.103046E+01   0.102877E+01   0.102713E+01   0.102567E+01   0.102302E+01   0.101761E+01   0.101439E+01   0.101234E+01   0.101098E+01   0.101020E+01   0.100904E+01   0.100794E+01   0.100713E+01   0.100651E+01   0.100599E+01   0.100552E+01   0.100512E+01   0.100481E+01   0.100449E+01   0.100394E+01   0.100375E+01   0.100351E+01   0.100331E+01   0.100311E+01   0.100294E+01   0.100277E+01   0.100262E+01   0.100248E+01   0.100237E+01   0.100227E+01   0.100215E+01   0.100204E+01   0.100193E+01   0.100184E+01   0.100176E+01   0.100167E+01   0.100158E+01   0.100149E+01   0.100142E+01   0.100134E+01   0.100127E+01   0.100120E+01   0.100114E+01   0.100108E+01   0.100102E+01   0.100097E+01   0.100092E+01   0.100087E+01   0.100083E+01   0.100078E+01   0.100074E+01   0.100071E+01   0.100067E+01   0.100063E+01   0.100060E+01   0.100057E+01   0.100054E+01   0.100051E+01   0.100049E+01   0.100046E+01   0.100044E+01   0.100041E+01   0.100039E+01   0.100037E+01
 0.000000E+00   0.000000E+00   0.000000E+00   0.000000E+00   0.000000E+00   0.000000E+00   0.000000E+00   0.000000E+00   0.000000E+00   0.000000E+00   0.154567E+01   0.150426E+01   0.146634E+01   0.143159E+01   0.139972E+01   0.137718E+01   0.134400E+01   0.131418E+01   0.129052E+01   0.126994E+01   0.125076E+01   0.123280E+01   0.121698E+01   0.120200E+01   0.118825E+01   0.117521E+01   0.116384E+01   0.115366E+01   0.114199E+01   0.113559E+01   0.112915E+01   0.112177E+01   0.111338E+01   0.110504E+01   0.109696E+01   0.108965E+01   0.108274E+01   0.107672E+01   0.107098E+01   0.106563E+01   0.106093E+01   0.105651E+01   0.105243E+01   0.104870E+01   0.104534E+01   0.104219E+01   0.103933E+01   0.103668E+01   0.103423E+01   0.103199E+01   0.102993E+01   0.102798E+01   0.102619E+01   0.102449E+01   0.102294E+01   0.102151E+01   0.102019E+01   0.101895E+01   0.101779E+01   0.101671E+01   0.101571E+01   0.101477E+01   0.101389E+01   0.103143E+01   0.103047E+01   0.102878E+01   0.102714E+01   0.102566E+01   0.102349E+01   0.101786E+01   0.101453E+01   0.101244E+01   0.101107E+01   0.101030E+01   0.100904E+01   0.100794E+01   0.100713E+01   0.100651E+01   0.100599E+01   0.100552E+01   0.100512E+01   0.100481E+01   0.100449E+01   0.100394E+01   0.100375E+01   0.100351E+01   0.100331E+01   0.100311E+01   0.100294E+01   0.100277E+01   0.100262E+01   0.100248E+01   0.100237E+01   0.100227E+01   0.100215E+01   0.100204E+01   0.100193E+01   0.100184E+01   0.100176E+01   0.100167E+01   0.100158E+01   0.100149E+01   0.100142E+01   0.100134E+01   0.100127E+01   0.100120E+01   0.100114E+01   0.100108E+01   0.100102E+01   0.100097E+01   0.100092E+01   0.100087E+01   0.100083E+01   0.100078E+01   0.100074E+01   0.100071E+01   0.100067E+01   0.100063E+01   0.100060E+01   0.100057E+01   0.100054E+01   0.100051E+01   0.100049E+01   0.100046E+01   0.100044E+01   0.100041E+01   0.100039E+01   0.100037E+01
 0.000000E+00   0.000000E+00   0.000000E+00   0.000000E+00   0.000000E+00   0.000000E+00   0.000000E+00   0.000000E+00   0.000000E+00   0.000000E+00   0.154567E+01   0.150426E+01   0.146634E+01   0.143159E+01   0.139972E+01   0.137718E+01   0.134400E+01   0.131418E+01   0.129052E+01   0.126994E+01   0.125077E+01   0.123280E+01   0.121698E+01   0.120200E+01   0.118825E+01   0.117521E+01   0.116384E+01   0.115367E+01   0.114198E+01   0.113560E+01   0.112915E+01   0.112177E+01   0.111338E+01   0.110504E+01   0.109696E+01   0.108965E+01   0.108274E+01   0.107672E+01   0.107098E+01   0.106563E+01   0.106093E+01   0.105651E+01   0.105243E+01   0.104870E+01   0.104534E+01   0.104219E+01   0.103933E+01   0.103668E+01   0.103423E+01   0.103199E+01   0.102993E+01   0.102798E+01   0.102619E+01   0.102449E+01   0.102294E+01   0.102151E+01   0.102019E+01   0.101895E+01   0.101779E+01   0.101671E+01   0.101571E+01   0.101477E+01   0.101389E+01   0.103143E+01   0.103047E+01   0.102878E+01   0.102714E+01   0.102565E+01   0.102392E+01   0.101812E+01   0.101468E+01   0.101254E+01   0.101117E+01   0.101041E+01   0.100904E+01   0.100794E+01   0.100713E+01   0.100651E+01   0.100599E+01   0.100552E+01   0.100512E+01   0.100481E+01   0.100449E+01   0.100394E+01   0.100375E+01   0.100351E+01   0.100331E+01   0.100311E+01   0.100294E+01   0.100277E+01   0.100262E+01   0.100248E+01   0.100237E+01   0.100227E+01   0.100215E+01   0.100204E+01   0.100193E+01   0.100184E+01   0.100176E+01   0.100167E+01   0.100158E+01   0.100149E+01   0.100142E+01   0.100134E+01   0.100127E+01   0.100120E+01   0.100114E+01   0.100108E+01   0.100102E+01   0.100097E+01   0.100092E+01   0.100087E+01   0.100083E+01   0.100078E+01   0.100074E+01   0.100071E+01   0.100067E+01   0.100063E+01   0.100060E+01   0.100057E+01   0.100054E+01   0.100051E+01   0.100049E+01   0.100046E+01   0.100044E+01   0.100041E+01   0.100039E+01   0.100037E+01
 0.000000E+00   0.000000E+00   0.000000E+00   0.000000E+00   0.000000E+00   0.000000E+00   0.000000E+00   0.000000E+00   0.000000E+00   0.000000E+00   0.154567E+01   0.150426E+01   0.146634E+01   0.143159E+01   0.139972E+01   0.137718E+01   0.134400E+01   0.131418E+01   0.129053E+01   0.126994E+01   0.125077E+01   0.123280E+01   0.121698E+01   0.120200E+01   0.118825E+01   0.117521E+01   0.116384E+01   0.115367E+01   0.114197E+01   0.113560E+01   0.112915E+01   0.112177E+01   0.111338E+01   0.110504E+01   0.109696E+01   0.108965E+01   0.108274E+01   0.107672E+01   0.107098E+01   0.106563E+01   0.106093E+01   0.105651E+01   0.105243E+01   0.104870E+01   0.104534E+01   0.104219E+01   0.103933E+01   0.103668E+01   0.103423E+01   0.103199E+01   0.102993E+01   0.102798E+01   0.102619E+01   0.102449E+01   0.102294E+01   0.102151E+01   0.102019E+01   0.101895E+01   0.101779E+01   0.101671E+01   0.101571E+01   0.101477E+01   0.101389E+01   0.103143E+01   0.103047E+01   0.102878E+01   0.102715E+01   0.102565E+01   0.102423E+01   0.101839E+01   0.101484E+01   0.101265E+01   0.101128E+01   0.101052E+01   0.100904E+01   0.100794E+01   0.100713E+01   0.100651E+01   0.100599E+01   0.100552E+01   0.100512E+01   0.100481E+01   0.100449E+01   0.100394E+01   0.100375E+01   0.100351E+01   0.100331E+01   0.100311E+01   0.100294E+01   0.100277E+01   0.100262E+01   0.100248E+01   0.100237E+01   0.100227E+01   0.100215E+01   0.100204E+01   0.100193E+01   0.100184E+01   0.100176E+01   0.100167E+01   0.100158E+01   0.100150E+01   0.100142E+01   0.100134E+01   0.100127E+01   0.100120E+01   0.100114E+01   0.100108E+01   0.100102E+01   0.100097E+01   0.100092E+01   0.100087E+01   0.100083E+01   0.100078E+01   0.100074E+01   0.100071E+01   0.100067E+01   0.100063E+01   0.100060E+01   0.100057E+01   0.100054E+01   0.100051E+01   0.100049E+01   0.100046E+01   0.100044E+01   0.100041E+01   0.100039E+01   0.100037E+01
 0.000000E+00   0.000000E+00   0.000000E+00   0.000000E+00   0.000000E+00   0.000000E+00   0.000000E+00   0.000000E+00   0.000000E+00   0.000000E+00   0.154567E+01   0.150426E+01   0.146634E+01   0.143159E+01   0.139972E+01   0.137718E+01   0.134400E+01   0.131418E+01   0.129053E+01   0.126994E+01   0.125077E+01   0.123281E+01   0.121698E+01   0.120200E+01   0.118826E+01   0.117521E+01   0.116384E+01   0.115367E+01   0.114197E+01   0.113561E+01   0.112915E+01   0.112177E+01   0.111338E+01   0.110504E+01   0.109696E+01   0.108965E+01   0.108274E+01   0.107672E+01   0.107098E+01   0.106563E+01   0.106093E+01   0.105651E+01   0.105243E+01   0.104870E+01   0.104534E+01   0.104219E+01   0.103933E+01   0.103668E+01   0.103423E+01   0.103199E+01   0.102993E+01   0.102798E+01   0.102619E+01   0.102449E+01   0.102294E+01   0.102151E+01   0.102019E+01   0.101895E+01   0.101779E+01   0.101671E+01   0.101571E+01   0.101477E+01   0.101389E+01   0.103142E+01   0.103047E+01   0.102879E+01   0.102715E+01   0.102564E+01   0.102432E+01   0.101868E+01   0.101500E+01   0.101277E+01   0.101139E+01   0.101063E+01   0.100904E+01   0.100794E+01   0.100713E+01   0.100651E+01   0.100599E+01   0.100552E+01   0.100512E+01   0.100481E+01   0.100449E+01   0.100394E+01   0.100375E+01   0.100351E+01   0.100331E+01   0.100311E+01   0.100294E+01   0.100277E+01   0.100262E+01   0.100248E+01   0.100237E+01   0.100227E+01   0.100215E+01   0.100204E+01   0.100193E+01   0.100184E+01   0.100176E+01   0.100167E+01   0.100158E+01   0.100150E+01   0.100142E+01   0.100134E+01   0.100127E+01   0.100120E+01   0.100114E+01   0.100108E+01   0.100102E+01   0.100097E+01   0.100092E+01   0.100087E+01   0.100083E+01   0.100078E+01   0.100074E+01   0.100071E+01   0.100067E+01   0.100063E+01   0.100060E+01   0.100057E+01   0.100054E+01   0.100051E+01   0.100049E+01   0.100046E+01   0.100044E+01   0.100041E+01   0.100039E+01   0.100037E+01
 0.000000E+00   0.000000E+00   0.000000E+00   0.000000E+00   0.000000E+00   0.000000E+00   0.000000E+00   0.000000E+00   0.000000E+00   0.000000E+00   0.154567E+01   0.150426E+01   0.146634E+01   0.143159E+01   0.139972E+01   0.137718E+01   0.134400E+01   0.131418E+01   0.129053E+01   0.126995E+01   0.125077E+01   0.123281E+01   0.121699E+01   0.120200E+01   0.118826E+01   0.117521E+01   0.116385E+01   0.115368E+01   0.114197E+01   0.113562E+01   0.112914E+01   0.112177E+01   0.111338E+01   0.110504E+01   0.109696E+01   0.108965E+01   0.108274E+01   0.107672E+01   0.107098E+01   0.106563E+01   0.106093E+01   0.105651E+01   0.105243E+01   0.104870E+01   0.104534E+01   0.104219E+01   0.103933E+01   0.103668E+01   0.103423E+01   0.103199E+01   0.102993E+01   0.102798E+01   0.102619E+01   0.102449E+01   0.102294E+01   0.102151E+01   0.102019E+01   0.101895E+01   0.101779E+01   0.101671E+01   0.101571E+01   0.101477E+01   0.101389E+01   0.103142E+01   0.103045E+01   0.102882E+01   0.102716E+01   0.102564E+01   0.102433E+01   0.101899E+01   0.101518E+01   0.101289E+01   0.101153E+01   0.101067E+01   0.100904E+01   0.100794E+01   0.100713E+01   0.100651E+01   0.100599E+01   0.100552E+01   0.100512E+01   0.100481E+01   0.100449E+01   0.100394E+01   0.100375E+01   0.100351E+01   0.100331E+01   0.100311E+01   0.100294E+01   0.100277E+01   0.100262E+01   0.100248E+01   0.100238E+01   0.100227E+01   0.100215E+01   0.100204E+01   0.100193E+01   0.100184E+01   0.100176E+01   0.100167E+01   0.100158E+01   0.100150E+01   0.100142E+01   0.100134E+01   0.100127E+01   0.100120E+01   0.100114E+01   0.100108E+01   0.100102E+01   0.100097E+01   0.100092E+01   0.100087E+01   0.100083E+01   0.100078E+01   0.100074E+01   0.100071E+01   0.100067E+01   0.100063E+01   0.100060E+01   0.100057E+01   0.100054E+01   0.100051E+01   0.100049E+01   0.100046E+01   0.100044E+01   0.100041E+01   0.100039E+01   0.100037E+01
 0.000000E+00   0.000000E+00   0.000000E+00   0.000000E+00   0.000000E+00   0.000000E+00   0.000000E+00   0.000000E+00   0.000000E+00   0.000000E+00   0.154567E+01   0.150426E+01   0.146634E+01   0.143159E+01   0.139972E+01   0.137718E+01   0.134400E+01   0.131418E+01   0.129053E+01   0.126995E+01   0.125077E+01   0.123281E+01   0.121699E+01   0.120201E+01   0.118826E+01   0.117522E+01   0.116385E+01   0.115368E+01   0.114196E+01   0.113562E+01   0.112914E+01   0.112177E+01   0.111338E+01   0.110504E+01   0.109696E+01   0.108965E+01   0.108274E+01   0.107672E+01   0.107098E+01   0.106563E+01   0.106093E+01   0.105651E+01   0.105243E+01   0.104870E+01   0.104534E+01   0.104219E+01   0.103933E+01   0.103668E+01   0.103423E+01   0.103199E+01   0.102993E+01   0.102798E+01   0.102619E+01   0.102449E+01   0.102294E+01   0.102151E+01   0.102019E+01   0.101895E+01   0.101779E+01   0.101671E+01   0.101571E+01   0.101477E+01   0.101389E+01   0.103142E+01   0.103045E+01   0.102882E+01   0.102716E+01   0.102564E+01   0.102433E+01   0.101931E+01   0.101536E+01   0.101302E+01   0.101169E+01   0.101067E+01   0.100904E+01   0.100794E+01   0.100713E+01   0.100651E+01   0.100599E+01   0.100552E+01   0.100512E+01   0.100481E+01   0.100449E+01   0.100394E+01   0.100375E+01   0.100351E+01   0.100331E+01   0.100311E+01   0.100294E+01   0.100277E+01   0.100262E+01   0.100248E+01   0.100238E+01   0.100227E+01   0.100215E+01   0.100204E+01   0.100193E+01   0.100184E+01   0.100176E+01   0.100167E+01   0.100158E+01   0.100150E+01   0.100142E+01   0.100134E+01   0.100127E+01   0.100120E+01   0.100114E+01   0.100108E+01   0.100102E+01   0.100097E+01   0.100092E+01   0.100087E+01   0.100083E+01   0.100078E+01   0.100074E+01   0.100071E+01   0.100067E+01   0.100063E+01   0.100060E+01   0.100057E+01   0.100054E+01   0.100051E+01   0.100049E+01   0.100046E+01   0.100044E+01   0.100041E+01   0.100039E+01   0.100037E+01
 0.000000E+00   0.000000E+00   0.000000E+00   0.000000E+00   0.000000E+00   0.000000E+00   0.000000E+00   0.000000E+00   0.000000E+00   0.000000E+00   0.154567E+01   0.150426E+01   0.146634E+01   0.143159E+01   0.139972E+01   0.137718E+01   0.134400E+01   0.131418E+01   0.129053E+01   0.126995E+01   0.125077E+01   0.123281E+01   0.121699E+01   0.120201E+01   0.118826E+01   0.117522E+01   0.116385E+01   0.115368E+01   0.114196E+01   0.113562E+01   0.112914E+01   0.112177E+01   0.111338E+01   0.110504E+01   0.109696E+01   0.108965E+01   0.108274E+01   0.107672E+01   0.107098E+01   0.106563E+01   0.106093E+01   0.105651E+01   0.105243E+01   0.104870E+01   0.104534E+01   0.104219E+01   0.103933E+01   0.103668E+01   0.103423E+01   0.103199E+01   0.102993E+01   0.102798E+01   0.102619E+01   0.102449E+01   0.102294E+01   0.102151E+01   0.102019E+01   0.101895E+01   0.101779E+01   0.101671E+01   0.101571E+01   0.101477E+01   0.101389E+01   0.103142E+01   0.103046E+01   0.102883E+01   0.102717E+01   0.102565E+01   0.102433E+01   0.101966E+01   0.101555E+01   0.101316E+01   0.101186E+01   0.101067E+01   0.100904E+01   0.100794E+01   0.100713E+01   0.100651E+01   0.100599E+01   0.100552E+01   0.100512E+01   0.100481E+01   0.100449E+01   0.100394E+01   0.100375E+01   0.100351E+01   0.100331E+01   0.100311E+01   0.100294E+01   0.100277E+01   0.100262E+01   0.100248E+01   0.100238E+01   0.100227E+01   0.100215E+01   0.100204E+01   0.100193E+01   0.100184E+01   0.100176E+01   0.100167E+01   0.100158E+01   0.100150E+01   0.100142E+01   0.100134E+01   0.100127E+01   0.100120E+01   0.100114E+01   0.100108E+01   0.100102E+01   0.100097E+01   0.100092E+01   0.100087E+01   0.100083E+01   0.100078E+01   0.100074E+01   0.100071E+01   0.100067E+01   0.100063E+01   0.100060E+01   0.100057E+01   0.100054E+01   0.100051E+01   0.100049E+01   0.100046E+01   0.100044E+01   0.100041E+01   0.100039E+01   0.100037E+01
 0.000000E+00   0.000000E+00   0.000000E+00   0.000000E+00   0.000000E+00   0.000000E+00   0.000000E+00   0.000000E+00   0.000000E+00   0.000000E+00   0.154567E+01   0.150426E+01   0.146634E+01   0.143159E+01   0.139972E+01   0.137718E+01   0.134400E+01   0.131419E+01   0.129053E+01   0.126995E+01   0.125077E+01   0.123281E+01   0.121699E+01   0.120201E+01   0.118826E+01   0.117522E+01   0.116385E+01   0.115368E+01   0.114195E+01   0.113562E+01   0.112914E+01   0.112177E+01   0.111338E+01   0.110504E+01   0.109696E+01   0.108965E+01   0.108274E+01   0.107672E+01   0.107098E+01   0.106563E+01   0.106093E+01   0.105651E+01   0.105243E+01   0.104870E+01   0.104534E+01   0.104219E+01   0.103933E+01   0.103668E+01   0.103423E+01   0.103199E+01   0.102993E+01   0.102798E+01   0.102619E+01   0.102449E+01   0.102294E+01   0.102151E+01   0.102019E+01   0.101895E+01   0.101779E+01   0.101671E+01   0.101571E+01   0.101477E+01   0.101389E+01   0.103142E+01   0.103046E+01   0.102883E+01   0.102717E+01   0.102565E+01   0.102432E+01   0.102002E+01   0.101575E+01   0.101331E+01   0.101203E+01   0.101067E+01   0.100904E+01   0.100794E+01   0.100713E+01   0.100651E+01   0.100599E+01   0.100552E+01   0.100512E+01   0.100481E+01   0.100449E+01   0.100394E+01   0.100375E+01   0.100351E+01   0.100331E+01   0.100311E+01   0.100294E+01   0.100277E+01   0.100262E+01   0.100248E+01   0.100238E+01   0.100227E+01   0.100215E+01   0.100204E+01   0.100193E+01   0.100184E+01   0.100176E+01   0.100167E+01   0.100158E+01   0.100150E+01   0.100142E+01   0.100134E+01   0.100127E+01   0.100120E+01   0.100114E+01   0.100108E+01   0.100102E+01   0.100097E+01   0.100092E+01   0.100087E+01   0.100083E+01   0.100078E+01   0.100074E+01   0.100071E+01   0.100067E+01   0.100063E+01   0.100060E+01   0.100057E+01   0.100054E+01   0.100051E+01   0.100049E+01   0.100046E+01   0.100044E+01   0.100041E+01   0.100039E+01   0.100037E+01
 0.000000E+00   0.000000E+00   0.000000E+00   0.000000E+00   0.000000E+00   0.000000E+00   0.000000E+00   0.000000E+00   0.000000E+00   0.000000E+00   0.154567E+01   0.150426E+01   0.146634E+01   0.143159E+01   0.139972E+01   0.137718E+01   0.134400E+01   0.131419E+01   0.129053E+01   0.126995E+01   0.125077E+01   0.123281E+01   0.121699E+01   0.120201E+01   0.118826E+01   0.117522E+01   0.116385E+01   0.115368E+01   0.114195E+01   0.113562E+01   0.112914E+01   0.112177E+01   0.111338E+01   0.110504E+01   0.109696E+01   0.108965E+01   0.108274E+01   0.107672E+01   0.107098E+01   0.106563E+01   0.106093E+01   0.105651E+01   0.105243E+01   0.104870E+01   0.104534E+01   0.104219E+01   0.103933E+01   0.103668E+01   0.103423E+01   0.103199E+01   0.102993E+01   0.102798E+01   0.102619E+01   0.102449E+01   0.102294E+01   0.102151E+01   0.102019E+01   0.101895E+01   0.101779E+01   0.101671E+01   0.101571E+01   0.101477E+01   0.101389E+01   0.103142E+01   0.103046E+01   0.102883E+01   0.102718E+01   0.102565E+01   0.102432E+01   0.102041E+01   0.101597E+01   0.101348E+01   0.101221E+01   0.101067E+01   0.100904E+01   0.100794E+01   0.100713E+01   0.100651E+01   0.100599E+01   0.100552E+01   0.100512E+01   0.100481E+01   0.100449E+01   0.100394E+01   0.100375E+01   0.100351E+01   0.100331E+01   0.100311E+01   0.100294E+01   0.100277E+01   0.100262E+01   0.100248E+01   0.100238E+01   0.100227E+01   0.100215E+01   0.100204E+01   0.100193E+01   0.100184E+01   0.100176E+01   0.100167E+01   0.100158E+01   0.100150E+01   0.100142E+01   0.100134E+01   0.100127E+01   0.100120E+01   0.100114E+01   0.100108E+01   0.100102E+01   0.100097E+01   0.100092E+01   0.100087E+01   0.100083E+01   0.100078E+01   0.100074E+01   0.100071E+01   0.100067E+01   0.100063E+01   0.100060E+01   0.100057E+01   0.100054E+01   0.100051E+01   0.100049E+01   0.100046E+01   0.100044E+01   0.100041E+01   0.100039E+01   0.100037E+01
 0.000000E+00   0.000000E+00   0.000000E+00   0.000000E+00   0.000000E+00   0.000000E+00   0.000000E+00   0.000000E+00   0.000000E+00   0.000000E+00   0.154567E+01   0.150426E+01   0.146634E+01   0.143159E+01   0.139972E+01   0.137718E+01   0.134400E+01   0.131419E+01   0.129053E+01   0.126995E+01   0.125077E+01   0.123281E+01   0.121699E+01   0.120201E+01   0.118826E+01   0.117522E+01   0.116385E+01   0.115368E+01   0.114194E+01   0.113562E+01   0.112914E+01   0.112177E+01   0.111338E+01   0.110504E+01   0.109696E+01   0.108965E+01   0.108274E+01   0.107672E+01   0.107098E+01   0.106563E+01   0.106093E+01   0.105651E+01   0.105243E+01   0.104870E+01   0.104534E+01   0.104219E+01   0.103933E+01   0.103668E+01   0.103423E+01   0.103199E+01   0.102993E+01   0.102798E+01   0.102619E+01   0.102449E+01   0.102294E+01   0.102151E+01   0.102019E+01   0.101895E+01   0.101779E+01   0.101671E+01   0.101571E+01   0.101477E+01   0.101389E+01   0.103142E+01   0.103046E+01   0.102884E+01   0.102718E+01   0.102566E+01   0.102431E+01   0.102082E+01   0.101620E+01   0.101366E+01   0.101240E+01   0.101067E+01   0.100904E+01   0.100794E+01   0.100713E+01   0.100651E+01   0.100599E+01   0.100552E+01   0.100512E+01   0.100481E+01   0.100449E+01   0.100394E+01   0.100375E+01   0.100351E+01   0.100331E+01   0.100311E+01   0.100294E+01   0.100277E+01   0.100262E+01   0.100248E+01   0.100238E+01   0.100227E+01   0.100215E+01   0.100204E+01   0.100193E+01   0.100184E+01   0.100176E+01   0.100167E+01   0.100158E+01   0.100150E+01   0.100142E+01   0.100134E+01   0.100127E+01   0.100120E+01   0.100114E+01   0.100108E+01   0.100102E+01   0.100097E+01   0.100092E+01   0.100087E+01   0.100083E+01   0.100078E+01   0.100074E+01   0.100071E+01   0.100067E+01   0.100063E+01   0.100060E+01   0.100057E+01   0.100054E+01   0.100051E+01   0.100049E+01   0.100046E+01   0.100044E+01   0.100041E+01   0.100039E+01   0.100037E+01
 0.000000E+00   0.000000E+00   0.000000E+00   0.000000E+00   0.000000E+00   0.000000E+00   0.000000E+00   0.000000E+00   0.000000E+00   0.000000E+00   0.154567E+01   0.150426E+01   0.146634E+01   0.143159E+01   0.139972E+01   0.137718E+01   0.134400E+01   0.131419E+01   0.129053E+01   0.126995E+01   0.125077E+01   0.123281E+01   0.121699E+01   0.120201E+01   0.118826E+01   0.117522E+01   0.116385E+01   0.115368E+01   0.114193E+01   0.113561E+01   0.112914E+01   0.112178E+01   0.111338E+01   0.110504E+01   0.109696E+01   0.108965E+01   0.108274E+01   0.107672E+01   0.107098E+01   0.106563E+01   0.106093E+01   0.105651E+01   0.105243E+01   0.104870E+01   0.104534E+01   0.104219E+01   0.103933E+01   0.103668E+01   0.103423E+01   0.103199E+01   0.102993E+01   0.102798E+01   0.102619E+01   0.102449E+01   0.102294E+01   0.102151E+01   0.102019E+01   0.101895E+01   0.101779E+01   0.101671E+01   0.101571E+01   0.101477E+01   0.101389E+01   0.103142E+01   0.103046E+01   0.102884E+01   0.102719E+01   0.102566E+01   0.102430E+01   0.102126E+01   0.101644E+01   0.101386E+01   0.101260E+01   0.101067E+01   0.100904E+01   0.100794E+01   0.100713E+01   0.100651E+01   0.100599E+01   0.100552E+01   0.100512E+01   0.100481E+01   0.100449E+01   0.100394E+01   0.100375E+01   0.100351E+01   0.100331E+01   0.100311E+01   0.100294E+01   0.100277E+01   0.100262E+01   0.100248E+01   0.100238E+01   0.100227E+01   0.100215E+01   0.100204E+01   0.100193E+01   0.100184E+01   0.100176E+01   0.100167E+01   0.100158E+01   0.100150E+01   0.100142E+01   0.100134E+01   0.100127E+01   0.100120E+01   0.100114E+01   0.100108E+01   0.100102E+01   0.100097E+01   0.100092E+01   0.100087E+01   0.100083E+01   0.100078E+01   0.100074E+01   0.100071E+01   0.100067E+01   0.100063E+01   0.100060E+01   0.100057E+01   0.100054E+01   0.100051E+01   0.100049E+01   0.100046E+01   0.100044E+01   0.100041E+01   0.100039E+01   0.100037E+01
 0.000000E+00   0.000000E+00   0.000000E+00   0.000000E+00   0.000000E+00   0.000000E+00   0.000000E+00   0.000000E+00   0.000000E+00   0.000000E+00   0.154567E+01   0.150426E+01   0.146634E+01   0.143159E+01   0.139972E+01   0.137718E+01   0.134400E+01   0.131419E+01   0.129053E+01   0.126995E+01   0.125077E+01   0.123281E+01   0.121699E+01   0.120201E+01   0.118826E+01   0.117522E+01   0.116385E+01   0.115368E+01   0.114193E+01   0.113561E+01   0.112914E+01   0.112178E+01   0.111338E+01   0.110504E+01   0.109696E+01   0.108965E+01   0.108274E+01   0.107672E+01   0.107098E+01   0.106563E+01   0.106093E+01   0.105651E+01   0.105243E+01   0.104870E+01   0.104534E+01   0.104219E+01   0.103933E+01   0.103668E+01   0.103423E+01   0.103199E+01   0.102993E+01   0.102798E+01   0.102619E+01   0.102449E+01   0.102294E+01   0.102151E+01   0.102019E+01   0.101895E+01   0.101779E+01   0.101671E+01   0.101571E+01   0.101477E+01   0.101389E+01   0.103142E+01   0.103046E+01   0.102884E+01   0.102719E+01   0.102566E+01   0.102430E+01   0.102171E+01   0.101670E+01   0.101407E+01   0.101280E+01   0.101067E+01   0.100904E+01   0.100794E+01   0.100713E+01   0.100651E+01   0.100599E+01   0.100552E+01   0.100512E+01   0.100481E+01   0.100449E+01   0.100394E+01   0.100375E+01   0.100351E+01   0.100331E+01   0.100311E+01   0.100294E+01   0.100277E+01   0.100262E+01   0.100248E+01   0.100238E+01   0.100227E+01   0.100215E+01   0.100204E+01   0.100193E+01   0.100184E+01   0.100176E+01   0.100167E+01   0.100158E+01   0.100150E+01   0.100142E+01   0.100134E+01   0.100127E+01   0.100120E+01   0.100114E+01   0.100108E+01   0.100102E+01   0.100097E+01   0.100092E+01   0.100087E+01   0.100083E+01   0.100078E+01   0.100074E+01   0.100071E+01   0.100067E+01   0.100063E+01   0.100060E+01   0.100057E+01   0.100054E+01   0.100051E+01   0.100049E+01   0.100046E+01   0.100044E+01   0.100041E+01   0.100039E+01   0.100037E+01
 0.000000E+00   0.000000E+00   0.000000E+00   0.000000E+00   0.000000E+00   0.000000E+00   0.000000E+00   0.000000E+00   0.000000E+00   0.000000E+00   0.154567E+01   0.150426E+01   0.146634E+01   0.143159E+01   0.139972E+01   0.137718E+01   0.134400E+01   0.131419E+01   0.129053E+01   0.126995E+01   0.125077E+01   0.123281E+01   0.121699E+01   0.120201E+01   0.118826E+01   0.117522E+01   0.116385E+01   0.115368E+01   0.114192E+01   0.113560E+01   0.112914E+01   0.112178E+01   0.111338E+01   0.110504E+01   0.109696E+01   0.108965E+01   0.108274E+01   0.107672E+01   0.107098E+01   0.106563E+01   0.106093E+01   0.105651E+01   0.105243E+01   0.104870E+01   0.104534E+01   0.104219E+01   0.103933E+01   0.103668E+01   0.103423E+01   0.103199E+01   0.102993E+01   0.102798E+01   0.102619E+01   0.102449E+01   0.102294E+01   0.102151E+01   0.102019E+01   0.101895E+01   0.101779E+01   0.101671E+01   0.101571E+01   0.101477E+01   0.101389E+01   0.103142E+01   0.103046E+01   0.102884E+01   0.102720E+01   0.102567E+01   0.102429E+01   0.102217E+01   0.101697E+01   0.101430E+01   0.101302E+01   0.101067E+01   0.100904E+01   0.100794E+01   0.100713E+01   0.100651E+01   0.100599E+01   0.100552E+01   0.100512E+01   0.100481E+01   0.100449E+01   0.100394E+01   0.100375E+01   0.100351E+01   0.100331E+01   0.100311E+01   0.100294E+01   0.100277E+01   0.100262E+01   0.100248E+01   0.100238E+01   0.100227E+01   0.100215E+01   0.100204E+01   0.100193E+01   0.100184E+01   0.100176E+01   0.100167E+01   0.100158E+01   0.100150E+01   0.100142E+01   0.100134E+01   0.100127E+01   0.100120E+01   0.100114E+01   0.100108E+01   0.100102E+01   0.100097E+01   0.100092E+01   0.100087E+01   0.100083E+01   0.100078E+01   0.100074E+01   0.100071E+01   0.100067E+01   0.100063E+01   0.100060E+01   0.100057E+01   0.100054E+01   0.100051E+01   0.100049E+01   0.100046E+01   0.100044E+01   0.100041E+01   0.100039E+01   0.100037E+01
 0.000000E+00   0.000000E+00   0.000000E+00   0.000000E+00   0.000000E+00   0.000000E+00   0.000000E+00   0.000000E+00   0.000000E+00   0.000000E+00   0.154567E+01   0.150426E+01   0.146634E+01   0.143159E+01   0.139972E+01   0.137718E+01   0.134400E+01   0.131419E+01   0.129053E+01   0.126995E+01   0.125078E+01   0.123281E+01   0.121699E+01   0.120201E+01   0.118827E+01   0.117522E+01   0.116386E+01   0.115368E+01   0.114192E+01   0.113560E+01   0.112914E+01   0.112178E+01   0.111338E+01   0.110504E+01   0.109696E+01   0.108965E+01   0.108274E+01   0.107672E+01   0.107098E+01   0.106563E+01   0.106093E+01   0.105651E+01   0.105243E+01   0.104870E+01   0.104534E+01   0.104219E+01   0.103933E+01   0.103668E+01   0.103423E+01   0.103199E+01   0.102993E+01   0.102798E+01   0.102619E+01   0.102449E+01   0.102294E+01   0.102151E+01   0.102019E+01   0.101895E+01   0.101779E+01   0.101671E+01   0.101571E+01   0.101477E+01   0.101389E+01   0.103142E+01   0.103046E+01   0.102885E+01   0.102720E+01   0.102567E+01   0.102428E+01   0.102262E+01   0.101727E+01   0.101454E+01   0.101326E+01   0.101067E+01   0.100904E+01   0.100794E+01   0.100713E+01   0.100651E+01   0.100599E+01   0.100552E+01   0.100512E+01   0.100481E+01   0.100449E+01   0.100394E+01   0.100375E+01   0.100351E+01   0.100331E+01   0.100311E+01   0.100294E+01   0.100277E+01   0.100262E+01   0.100248E+01   0.100238E+01   0.100227E+01   0.100215E+01   0.100204E+01   0.100193E+01   0.100184E+01   0.100176E+01   0.100167E+01   0.100158E+01   0.100150E+01   0.100142E+01   0.100134E+01   0.100127E+01   0.100120E+01   0.100114E+01   0.100108E+01   0.100102E+01   0.100097E+01   0.100092E+01   0.100087E+01   0.100083E+01   0.100078E+01   0.100074E+01   0.100071E+01   0.100067E+01   0.100063E+01   0.100060E+01   0.100057E+01   0.100054E+01   0.100051E+01   0.100049E+01   0.100046E+01   0.100044E+01   0.100041E+01   0.100039E+01   0.100037E+01
 0.000000E+00   0.000000E+00   0.000000E+00   0.000000E+00   0.000000E+00   0.000000E+00   0.000000E+00   0.000000E+00   0.000000E+00   0.000000E+00   0.154567E+01   0.150426E+01   0.146634E+01   0.143159E+01   0.139972E+01   0.137718E+01   0.134400E+01   0.131419E+01   0.129053E+01   0.126995E+01   0.125078E+01   0.123281E+01   0.121699E+01   0.120201E+01   0.118827E+01   0.117522E+01   0.116386E+01   0.115369E+01   0.114191E+01   0.113559E+01   0.112914E+01   0.112178E+01   0.111338E+01   0.110504E+01   0.109696E+01   0.108965E+01   0.108274E+01   0.107672E+01   0.107098E+01   0.106563E+01   0.106093E+01   0.105651E+01   0.105243E+01   0.104870E+01   0.104534E+01   0.104219E+01   0.103933E+01   0.103668E+01   0.103423E+01   0.103199E+01   0.102993E+01   0.102798E+01   0.102619E+01   0.102449E+01   0.102294E+01   0.102151E+01   0.102019E+01   0.101895E+01   0.101779E+01   0.101671E+01   0.101571E+01   0.101477E+01   0.101389E+01   0.103142E+01   0.103046E+01   0.102885E+01   0.102721E+01   0.102568E+01   0.102428E+01   0.102295E+01   0.101759E+01   0.101481E+01   0.101350E+01   0.101067E+01   0.100904E+01   0.100794E+01   0.100713E+01   0.100651E+01   0.100599E+01   0.100552E+01   0.100512E+01   0.100481E+01   0.100449E+01   0.100394E+01   0.100375E+01   0.100351E+01   0.100331E+01   0.100311E+01   0.100294E+01   0.100277E+01   0.100262E+01   0.100248E+01   0.100238E+01   0.100227E+01   0.100215E+01   0.100204E+01   0.100193E+01   0.100184E+01   0.100176E+01   0.100167E+01   0.100158E+01   0.100150E+01   0.100142E+01   0.100134E+01   0.100127E+01   0.100120E+01   0.100114E+01   0.100108E+01   0.100102E+01   0.100097E+01   0.100092E+01   0.100087E+01   0.100083E+01   0.100078E+01   0.100074E+01   0.100071E+01   0.100067E+01   0.100063E+01   0.100060E+01   0.100057E+01   0.100054E+01   0.100051E+01   0.100049E+01   0.100046E+01   0.100044E+01   0.100041E+01   0.100039E+01   0.100037E+01
 0.000000E+00   0.000000E+00   0.000000E+00   0.000000E+00   0.000000E+00   0.000000E+00   0.000000E+00   0.000000E+00   0.000000E+00   0.000000E+00   0.154567E+01   0.150426E+01   0.146634E+01   0.143159E+01   0.139972E+01   0.137718E+01   0.134400E+01   0.131419E+01   0.129053E+01   0.126995E+01   0.125078E+01   0.123282E+01   0.121699E+01   0.120201E+01   0.118827E+01   0.117522E+01   0.116386E+01   0.115369E+01   0.114190E+01   0.113559E+01   0.112914E+01   0.112178E+01   0.111338E+01   0.110504E+01   0.109696E+01   0.108965E+01   0.108274E+01   0.107672E+01   0.107098E+01   0.106563E+01   0.106093E+01   0.105651E+01   0.105243E+01   0.104870E+01   0.104534E+01   0.104219E+01   0.103933E+01   0.103668E+01   0.103423E+01   0.103199E+01   0.102993E+01   0.102798E+01   0.102619E+01   0.102449E+01   0.102294E+01   0.102151E+01   0.102019E+01   0.101895E+01   0.101779E+01   0.101579E+01   0.101544E+01   0.101477E+01   0.101389E+01   0.103142E+01   0.103047E+01   0.102885E+01   0.102721E+01   0.102568E+01   0.102427E+01   0.102304E+01   0.101794E+01   0.101512E+01   0.101370E+01   0.101067E+01   0.100904E+01   0.100794E+01   0.100713E+01   0.100651E+01   0.100599E+01   0.100552E+01   0.100512E+01   0.100481E+01   0.100449E+01   0.100394E+01   0.100375E+01   0.100351E+01   0.100331E+01   0.100311E+01   0.100294E+01   0.100277E+01   0.100262E+01   0.100248E+01   0.100238E+01   0.100227E+01   0.100215E+01   0.100204E+01   0.100193E+01   0.100184E+01   0.100176E+01   0.100167E+01   0.100158E+01   0.100150E+01   0.100142E+01   0.100134E+01   0.100127E+01   0.100120E+01   0.100114E+01   0.100108E+01   0.100102E+01   0.100097E+01   0.100092E+01   0.100087E+01   0.100083E+01   0.100078E+01   0.100074E+01   0.100071E+01   0.100067E+01   0.100063E+01   0.100060E+01   0.100057E+01   0.100054E+01   0.100051E+01   0.100049E+01   0.100046E+01   0.100044E+01   0.100041E+01   0.100039E+01   0.100037E+01
 0.000000E+00   0.000000E+00   0.000000E+00   0.000000E+00   0.000000E+00   0.000000E+00   0.000000E+00   0.000000E+00   0.000000E+00   0.000000E+00   0.154567E+01   0.150426E+01   0.146634E+01   0.143159E+01   0.139972E+01   0.137718E+01   0.134400E+01   0.131419E+01   0.129053E+01   0.126995E+01   0.125078E+01   0.123282E+01   0.121699E+01   0.120201E+01   0.118827E+01   0.117522E+01   0.116386E+01   0.115369E+01   0.114190E+01   0.113558E+01   0.112914E+01   0.112178E+01   0.111338E+01   0.110504E+01   0.109696E+01   0.108965E+01   0.108274E+01   0.107672E+01   0.107098E+01   0.106563E+01   0.106093E+01   0.105651E+01   0.105243E+01   0.104870E+01   0.104534E+01   0.104219E+01   0.103933E+01   0.103668E+01   0.103423E+01   0.103199E+01   0.102993E+01   0.102798E+01   0.102619E+01   0.102449E+01   0.102294E+01   0.102151E+01   0.102019E+01   0.101895E+01   0.101779E+01   0.101606E+01   0.101560E+01   0.101477E+01   0.101389E+01   0.103142E+01   0.103047E+01   0.102885E+01   0.102722E+01   0.102569E+01   0.102427E+01   0.102305E+01   0.101832E+01   0.101548E+01   0.101370E+01   0.101067E+01   0.100904E+01   0.100794E+01   0.100713E+01   0.100651E+01   0.100599E+01   0.100552E+01   0.100512E+01   0.100481E+01   0.100449E+01   0.100394E+01   0.100375E+01   0.100351E+01   0.100331E+01   0.100311E+01   0.100294E+01   0.100277E+01   0.100262E+01   0.100248E+01   0.100238E+01   0.100227E+01   0.100215E+01   0.100204E+01   0.100193E+01   0.100184E+01   0.100176E+01   0.100167E+01   0.100158E+01   0.100150E+01   0.100142E+01   0.100134E+01   0.100127E+01   0.100120E+01   0.100114E+01   0.100108E+01   0.100102E+01   0.100097E+01   0.100092E+01   0.100087E+01   0.100083E+01   0.100078E+01   0.100074E+01   0.100071E+01   0.100067E+01   0.100063E+01   0.100060E+01   0.100057E+01   0.100054E+01   0.100051E+01   0.100049E+01   0.100046E+01   0.100044E+01   0.100041E+01   0.100039E+01   0.100037E+01
 0.000000E+00   0.000000E+00   0.000000E+00   0.000000E+00   0.000000E+00   0.000000E+00   0.000000E+00   0.000000E+00   0.000000E+00   0.000000E+00   0.154567E+01   0.150426E+01   0.146634E+01   0.143159E+01   0.139972E+01   0.137718E+01   0.134400E+01   0.131419E+01   0.129053E+01   0.126995E+01   0.125078E+01   0.123282E+01   0.121699E+01   0.120201E+01   0.118827E+01   0.117522E+01   0.116386E+01   0.115369E+01   0.114189E+01   0.113557E+01   0.112914E+01   0.112178E+01   0.111338E+01   0.110504E+01   0.109696E+01   0.108965E+01   0.108274E+01   0.107672E+01   0.107098E+01   0.106563E+01   0.106093E+01   0.105651E+01   0.105243E+01   0.104870E+01   0.104534E+01   0.104219E+01   0.103933E+01   0.103668E+01   0.103423E+01   0.103199E+01   0.102993E+01   0.102798E+01   0.102619E+01   0.102449E+01   0.102294E+01   0.102151E+01   0.102019E+01   0.101895E+01   0.101696E+01   0.101629E+01   0.101574E+01   0.101477E+01   0.101389E+01   0.103142E+01   0.103047E+01   0.102885E+01   0.102722E+01   0.102569E+01   0.102427E+01   0.102304E+01   0.101874E+01   0.101588E+01   0.101370E+01   0.101067E+01   0.100904E+01   0.100794E+01   0.100713E+01   0.100651E+01   0.100599E+01   0.100552E+01   0.100512E+01   0.100481E+01   0.100449E+01   0.100394E+01   0.100375E+01   0.100351E+01   0.100331E+01   0.100311E+01   0.100294E+01   0.100277E+01   0.100262E+01   0.100248E+01   0.100238E+01   0.100227E+01   0.100215E+01   0.100204E+01   0.100193E+01   0.100184E+01   0.100176E+01   0.100167E+01   0.100158E+01   0.100150E+01   0.100142E+01   0.100134E+01   0.100127E+01   0.100120E+01   0.100114E+01   0.100108E+01   0.100102E+01   0.100097E+01   0.100092E+01   0.100087E+01   0.100083E+01   0.100078E+01   0.100074E+01   0.100071E+01   0.100067E+01   0.100063E+01   0.100060E+01   0.100057E+01   0.100054E+01   0.100051E+01   0.100049E+01   0.100046E+01   0.100044E+01   0.100041E+01   0.100039E+01   0.100037E+01
 0.000000E+00   0.000000E+00   0.000000E+00   0.000000E+00   0.000000E+00   0.000000E+00   0.000000E+00   0.000000E+00   0.000000E+00   0.000000E+00   0.154567E+01   0.150426E+01   0.146634E+01   0.143159E+01   0.139972E+01   0.137718E+01   0.134400E+01   0.131419E+01   0.129053E+01   0.126995E+01   0.125078E+01   0.123282E+01   0.121699E+01   0.120201E+01   0.118827E+01   0.117522E+01   0.116386E+01   0.115369E+01   0.114189E+01   0.113557E+01   0.112914E+01   0.112178E+01   0.111338E+01   0.110504E+01   0.109696E+01   0.108965E+01   0.108274E+01   0.107672E+01   0.107098E+01   0.106563E+01   0.106093E+01   0.105651E+01   0.105243E+01   0.104870E+01   0.104534E+01   0.104219E+01   0.103933E+01   0.103668E+01   0.103423E+01   0.103199E+01   0.102993E+01   0.102798E+01   0.102619E+01   0.102449E+01   0.102294E+01   0.102151E+01   0.102019E+01   0.101794E+01   0.101720E+01   0.101649E+01   0.101574E+01   0.101477E+01   0.101389E+01   0.103142E+01   0.103047E+01   0.102886E+01   0.102722E+01   0.102570E+01   0.102428E+01   0.102304E+01   0.101919E+01   0.101630E+01   0.101370E+01   0.101067E+01   0.100904E+01   0.100794E+01   0.100713E+01   0.100651E+01   0.100599E+01   0.100552E+01   0.100512E+01   0.100481E+01   0.100449E+01   0.100394E+01   0.100375E+01   0.100351E+01   0.100331E+01   0.100311E+01   0.100294E+01   0.100277E+01   0.100262E+01   0.100248E+01   0.100238E+01   0.100227E+01   0.100215E+01   0.100204E+01   0.100193E+01   0.100184E+01   0.100176E+01   0.100167E+01   0.100158E+01   0.100150E+01   0.100142E+01   0.100134E+01   0.100127E+01   0.100120E+01   0.100114E+01   0.100108E+01   0.100102E+01   0.100097E+01   0.100092E+01   0.100087E+01   0.100083E+01   0.100078E+01   0.100074E+01   0.100071E+01   0.100067E+01   0.100063E+01   0.100060E+01   0.100057E+01   0.100054E+01   0.100051E+01   0.100049E+01   0.100046E+01   0.100044E+01   0.100041E+01   0.100039E+01   0.100037E+01
 0.000000E+00   0.000000E+00   0.000000E+00   0.000000E+00   0.000000E+00   0.000000E+00   0.000000E+00   0.000000E+00   0.000000E+00   0.000000E+00   0.154567E+01   0.150426E+01   0.146634E+01   0.143159E+01   0.139972E+01   0.137718E+01   0.134400E+01   0.131419E+01   0.129054E+01   0.126995E+01   0.125078E+01   0.123282E+01   0.121699E+01   0.120201E+01   0.118827E+01   0.117522E+01   0.116386E+01   0.115369E+01   0.114188E+01   0.113556E+01   0.112914E+01   0.112178E+01   0.111338E+01   0.110504E+01   0.109696E+01   0.108965E+01   0.108274E+01   0.107672E+01   0.107098E+01   0.106563E+01   0.106093E+01   0.105651E+01   0.105243E+01   0.104870E+01   0.104534E+01   0.104219E+01   0.103933E+01   0.103668E+01   0.103423E+01   0.103199E+01   0.102993E+01   0.102798E+01   0.102619E+01   0.102449E+01   0.102294E+01   0.102151E+01   0.102019E+01   0.101820E+01   0.101734E+01   0.101668E+01   0.101574E+01   0.101477E+01   0.101389E+01   0.103142E+01   0.103047E+01   0.102886E+01   0.102723E+01   0.102570E+01   0.102428E+01   0.102303E+01   0.101970E+01   0.101675E+01   0.101370E+01   0.101067E+01   0.100904E+01   0.100794E+01   0.100713E+01   0.100651E+01   0.100599E+01   0.100552E+01   0.100512E+01   0.100481E+01   0.100449E+01   0.100394E+01   0.100375E+01   0.100351E+01   0.100331E+01   0.100311E+01   0.100294E+01   0.100277E+01   0.100262E+01   0.100248E+01   0.100238E+01   0.100227E+01   0.100215E+01   0.100204E+01   0.100193E+01   0.100184E+01   0.100176E+01   0.100167E+01   0.100158E+01   0.100150E+01   0.100142E+01   0.100134E+01   0.100127E+01   0.100120E+01   0.100114E+01   0.100108E+01   0.100102E+01   0.100097E+01   0.100092E+01   0.100087E+01   0.100083E+01   0.100078E+01   0.100074E+01   0.100071E+01   0.100067E+01   0.100063E+01   0.100060E+01   0.100057E+01   0.100054E+01   0.100051E+01   0.100049E+01   0.100046E+01   0.100044E+01   0.100041E+01   0.100039E+01   0.100037E+01
 0.000000E+00   0.000000E+00   0.000000E+00   0.000000E+00   0.000000E+00   0.000000E+00   0.000000E+00   0.000000E+00   0.000000E+00   0.000000E+00   0.154567E+01   0.150426E+01   0.146634E+01   0.143159E+01   0.139972E+01   0.137718E+01   0.134400E+01   0.131419E+01   0.129054E+01   0.126995E+01   0.125078E+01   0.123282E+01   0.121699E+01   0.120201E+01   0.118827E+01   0.117523E+01   0.116386E+01   0.115369E+01   0.114188E+01   0.113555E+01   0.112914E+01   0.112178E+01   0.111338E+01   0.110504E+01   0.109696E+01   0.108965E+01   0.108274E+01   0.107672E+01   0.107098E+01   0.106563E+01   0.106093E+01   0.105651E+01   0.105243E+01   0.104870E+01   0.104534E+01   0.104219E+01   0.103933E+01   0.103668E+01   0.103423E+01   0.103199E+01   0.102993E+01   0.102798E+01   0.102619E+01   0.102449E+01   0.102294E+01   0.102151E+01   0.101928E+01   0.101838E+01   0.101754E+01   0.101677E+01   0.101574E+01   0.101477E+01   0.101389E+01   0.103142E+01   0.103047E+01   0.102886E+01   0.102723E+01   0.102571E+01   0.102428E+01   0.102302E+01   0.102024E+01   0.101724E+01   0.101370E+01   0.101067E+01   0.100904E+01   0.100794E+01   0.100713E+01   0.100651E+01   0.100599E+01   0.100552E+01   0.100512E+01   0.100481E+01   0.100449E+01   0.100394E+01   0.100375E+01   0.100351E+01   0.100331E+01   0.100311E+01   0.100294E+01   0.100277E+01   0.100262E+01   0.100248E+01   0.100239E+01   0.100227E+01   0.100215E+01   0.100204E+01   0.100193E+01   0.100184E+01   0.100176E+01   0.100167E+01   0.100158E+01   0.100150E+01   0.100142E+01   0.100134E+01   0.100127E+01   0.100120E+01   0.100114E+01   0.100108E+01   0.100102E+01   0.100097E+01   0.100092E+01   0.100087E+01   0.100083E+01   0.100078E+01   0.100074E+01   0.100071E+01   0.100067E+01   0.100063E+01   0.100060E+01   0.100057E+01   0.100054E+01   0.100051E+01   0.100049E+01   0.100046E+01   0.100044E+01   0.100041E+01   0.100039E+01   0.100037E+01
 0.000000E+00   0.000000E+00   0.000000E+00   0.000000E+00   0.000000E+00   0.000000E+00   0.000000E+00   0.000000E+00   0.000000E+00   0.000000E+00   0.154567E+01   0.150426E+01   0.146634E+01   0.143159E+01   0.139972E+01   0.137718E+01   0.134400E+01   0.131419E+01   0.129054E+01   0.126995E+01   0.125078E+01   0.123282E+01   0.121700E+01   0.120201E+01   0.118827E+01   0.117523E+01   0.116386E+01   0.115369E+01   0.114187E+01   0.113554E+01   0.112914E+01   0.112178E+01   0.111338E+01   0.110504E+01   0.109696E+01   0.108965E+01   0.108274E+01   0.107672E+01   0.107098E+01   0.106563E+01   0.106093E+01   0.105651E+01   0.105243E+01   0.104870E+01   0.104534E+01   0.104219E+01   0.103933E+01   0.103668E+01   0.103423E+01   0.103199E+01   0.102993E+01   0.102798E+01   0.102619E+01   0.102449E+01   0.102294E+01   0.102045E+01   0.101953E+01   0.101850E+01   0.101777E+01   0.101677E+01   0.101574E+01   0.101477E+01   0.101389E+01   0.103142E+01   0.103047E+01   0.102886E+01   0.102723E+01   0.102571E+01   0.102428E+01   0.102301E+01   0.102083E+01   0.101777E+01   0.101370E+01   0.101067E+01   0.100904E+01   0.100794E+01   0.100713E+01   0.100651E+01   0.100599E+01   0.100552E+01   0.100512E+01   0.100481E+01   0.100449E+01   0.100394E+01   0.100375E+01   0.100351E+01   0.100331E+01   0.100311E+01   0.100294E+01   0.100277E+01   0.100262E+01   0.100248E+01   0.100239E+01   0.100227E+01   0.100215E+01   0.100204E+01   0.100193E+01   0.100184E+01   0.100176E+01   0.100167E+01   0.100158E+01   0.100150E+01   0.100142E+01   0.100134E+01   0.100127E+01   0.100120E+01   0.100114E+01   0.100108E+01   0.100102E+01   0.100097E+01   0.100092E+01   0.100087E+01   0.100083E+01   0.100078E+01   0.100074E+01   0.100071E+01   0.100067E+01   0.100063E+01   0.100060E+01   0.100057E+01   0.100054E+01   0.100051E+01   0.100049E+01   0.100046E+01   0.100044E+01   0.100041E+01   0.100039E+01   0.100037E+01
 0.000000E+00   0.000000E+00   0.000000E+00   0.000000E+00   0.000000E+00   0.000000E+00   0.000000E+00   0.000000E+00   0.000000E+00   0.000000E+00   0.154567E+01   0.150426E+01   0.146634E+01   0.143159E+01   0.139972E+01   0.137718E+01   0.134400E+01   0.131419E+01   0.129054E+01   0.126996E+01   0.125078E+01   0.123282E+01   0.121700E+01   0.120201E+01   0.118827E+01   0.117523E+01   0.116386E+01   0.115369E+01   0.114187E+01   0.113553E+01   0.112914E+01   0.112178E+01   0.111338E+01   0.110504E+01   0.109696E+01   0.108965E+01   0.108274E+01   0.107672E+01   0.107098E+01   0.106563E+01   0.106093E+01   0.105651E+01   0.105243E+01   0.104870E+01   0.104534E+01   0.104219E+01   0.103933E+01   0.103668E+01   0.103423E+01   0.103199E+01   0.102993E+01   0.102798E+01   0.102619E+01   0.102449E+01   0.102173E+01   0.102077E+01   0.101965E+01   0.101875E+01   0.101786E+01   0.101677E+01   0.101574E+01   0.101477E+01   0.101389E+01   0.103142E+01   0.103047E+01   0.102886E+01   0.102724E+01   0.102571E+01   0.102429E+01   0.102301E+01   0.102142E+01   0.101834E+01   0.101370E+01   0.101067E+01   0.100904E+01   0.100794E+01   0.100713E+01   0.100651E+01   0.100599E+01   0.100552E+01   0.100512E+01   0.100481E+01   0.100449E+01   0.100394E+01   0.100375E+01   0.100351E+01   0.100331E+01   0.100311E+01   0.100294E+01   0.100277E+01   0.100262E+01   0.100248E+01   0.100239E+01   0.100227E+01   0.100215E+01   0.100204E+01   0.100193E+01   0.100184E+01   0.100176E+01   0.100167E+01   0.100158E+01   0.100150E+01   0.100142E+01   0.100134E+01   0.100127E+01   0.100120E+01   0.100114E+01   0.100108E+01   0.100102E+01   0.100097E+01   0.100092E+01   0.100087E+01   0.100083E+01   0.100078E+01   0.100074E+01   0.100071E+01   0.100067E+01   0.100063E+01   0.100060E+01   0.100057E+01   0.100054E+01   0.100051E+01   0.100049E+01   0.100046E+01   0.100044E+01   0.100041E+01   0.100039E+01   0.100037E+01
 0.000000E+00   0.000000E+00   0.000000E+00   0.000000E+00   0.000000E+00   0.000000E+00   0.000000E+00   0.000000E+00   0.000000E+00   0.000000E+00   0.154567E+01   0.150426E+01   0.146634E+01   0.143159E+01   0.139972E+01   0.137718E+01   0.134400E+01   0.131419E+01   0.129054E+01   0.126996E+01   0.125078E+01   0.123282E+01   0.121700E+01   0.120202E+01   0.118827E+01   0.117523E+01   0.116386E+01   0.115369E+01   0.114186E+01   0.113552E+01   0.112914E+01   0.112178E+01   0.111338E+01   0.110504E+01   0.109696E+01   0.108965E+01   0.108274E+01   0.107672E+01   0.107098E+01   0.106563E+01   0.106093E+01   0.105651E+01   0.105243E+01   0.104870E+01   0.104534E+01   0.104219E+01   0.103933E+01   0.103668E+01   0.103423E+01   0.103199E+01   0.102993E+01   0.102798E+01   0.102619E+01   0.102312E+01   0.102212E+01   0.102091E+01   0.101980E+01   0.101902E+01   0.101786E+01   0.101677E+01   0.101574E+01   0.101477E+01   0.101389E+01   0.103142E+01   0.103047E+01   0.102886E+01   0.102724E+01   0.102572E+01   0.102429E+01   0.102300E+01   0.102182E+01   0.101896E+01   0.101370E+01   0.101067E+01   0.100904E+01   0.100794E+01   0.100713E+01   0.100651E+01   0.100599E+01   0.100552E+01   0.100512E+01   0.100481E+01   0.100449E+01   0.100394E+01   0.100375E+01   0.100351E+01   0.100331E+01   0.100311E+01   0.100294E+01   0.100277E+01   0.100262E+01   0.100248E+01   0.100239E+01   0.100227E+01   0.100215E+01   0.100204E+01   0.100193E+01   0.100184E+01   0.100176E+01   0.100167E+01   0.100158E+01   0.100150E+01   0.100142E+01   0.100134E+01   0.100127E+01   0.100120E+01   0.100114E+01   0.100108E+01   0.100102E+01   0.100097E+01   0.100092E+01   0.100087E+01   0.100083E+01   0.100078E+01   0.100074E+01   0.100071E+01   0.100067E+01   0.100063E+01   0.100060E+01   0.100057E+01   0.100054E+01   0.100051E+01   0.100049E+01   0.100046E+01   0.100044E+01   0.100041E+01   0.100039E+01   0.100037E+01
 0.000000E+00   0.000000E+00   0.000000E+00   0.000000E+00   0.000000E+00   0.000000E+00   0.000000E+00   0.000000E+00   0.000000E+00   0.000000E+00   0.154567E+01   0.150426E+01   0.146634E+01   0.143159E+01   0.139972E+01   0.137718E+01   0.134400E+01   0.131419E+01   0.129054E+01   0.126996E+01   0.125078E+01   0.123282E+01   0.121700E+01   0.120202E+01   0.118827E+01   0.117523E+01   0.116386E+01   0.115369E+01   0.114185E+01   0.113550E+01   0.112914E+01   0.112178E+01   0.111338E+01   0.110504E+01   0.109696E+01   0.108965E+01   0.108274E+01   0.107672E+01   0.107098E+01   0.106563E+01   0.106093E+01   0.105651E+01   0.105243E+01   0.104870E+01   0.104534E+01   0.104219E+01   0.103933E+01   0.103668E+01   0.103423E+01   0.103199E+01   0.102993E+01   0.102798E+01   0.102467E+01   0.102359E+01   0.102229E+01   0.102103E+01   0.102012E+01   0.101904E+01   0.101786E+01   0.101677E+01   0.101574E+01   0.101477E+01   0.101389E+01   0.103142E+01   0.103047E+01   0.102886E+01   0.102724E+01   0.102572E+01   0.102430E+01   0.102300E+01   0.102186E+01   0.101961E+01   0.101370E+01   0.101067E+01   0.100904E+01   0.100794E+01   0.100713E+01   0.100651E+01   0.100599E+01   0.100552E+01   0.100512E+01   0.100481E+01   0.100449E+01   0.100394E+01   0.100375E+01   0.100351E+01   0.100331E+01   0.100311E+01   0.100294E+01   0.100277E+01   0.100262E+01   0.100248E+01   0.100239E+01   0.100227E+01   0.100215E+01   0.100204E+01   0.100193E+01   0.100184E+01   0.100176E+01   0.100167E+01   0.100158E+01   0.100150E+01   0.100142E+01   0.100134E+01   0.100127E+01   0.100120E+01   0.100114E+01   0.100108E+01   0.100102E+01   0.100097E+01   0.100092E+01   0.100087E+01   0.100083E+01   0.100078E+01   0.100074E+01   0.100071E+01   0.100067E+01   0.100063E+01   0.100060E+01   0.100057E+01   0.100054E+01   0.100051E+01   0.100049E+01   0.100046E+01   0.100044E+01   0.100041E+01   0.100039E+01   0.100037E+01
 0.000000E+00   0.000000E+00   0.000000E+00   0.000000E+00   0.000000E+00   0.000000E+00   0.000000E+00   0.000000E+00   0.000000E+00   0.000000E+00   0.154567E+01   0.150426E+01   0.146634E+01   0.143159E+01   0.139972E+01   0.137718E+01   0.134400E+01   0.131419E+01   0.129054E+01   0.126996E+01   0.125078E+01   0.123282E+01   0.121700E+01   0.120202E+01   0.118827E+01   0.117523E+01   0.116386E+01   0.115369E+01   0.114185E+01   0.113549E+01   0.112914E+01   0.112178E+01   0.111338E+01   0.110504E+01   0.109696E+01   0.108965E+01   0.108274E+01   0.107672E+01   0.107098E+01   0.106563E+01   0.106093E+01   0.105651E+01   0.105243E+01   0.104870E+01   0.104534E+01   0.104219E+01   0.103933E+01   0.103668E+01   0.103423E+01   0.103199E+01   0.102993E+01   0.102640E+01   0.102522E+01   0.102379E+01   0.102240E+01   0.102133E+01   0.102030E+01   0.101904E+01   0.101786E+01   0.101677E+01   0.101574E+01   0.101477E+01   0.101389E+01   0.103142E+01   0.103047E+01   0.102887E+01   0.102725E+01   0.102573E+01   0.102430E+01   0.102300E+01   0.102185E+01   0.102030E+01   0.101370E+01   0.101067E+01   0.100904E+01   0.100794E+01   0.100713E+01   0.100651E+01   0.100599E+01   0.100552E+01   0.100512E+01   0.100481E+01   0.100449E+01   0.100394E+01   0.100375E+01   0.100351E+01   0.100331E+01   0.100311E+01   0.100294E+01   0.100277E+01   0.100262E+01   0.100248E+01   0.100239E+01   0.100227E+01   0.100215E+01   0.100204E+01   0.100193E+01   0.100184E+01   0.100176E+01   0.100167E+01   0.100158E+01   0.100150E+01   0.100142E+01   0.100134E+01   0.100127E+01   0.100120E+01   0.100114E+01   0.100108E+01   0.100102E+01   0.100097E+01   0.100092E+01   0.100087E+01   0.100083E+01   0.100078E+01   0.100074E+01   0.100071E+01   0.100067E+01   0.100063E+01   0.100060E+01   0.100057E+01   0.100054E+01   0.100051E+01   0.100049E+01   0.100046E+01   0.100044E+01   0.100041E+01   0.100039E+01   0.100037E+01
 0.000000E+00   0.000000E+00   0.000000E+00   0.000000E+00   0.000000E+00   0.000000E+00   0.000000E+00   0.000000E+00   0.000000E+00   0.000000E+00   0.154567E+01   0.150426E+01   0.146634E+01   0.143159E+01   0.139972E+01   0.137718E+01   0.134400E+01   0.131419E+01   0.129054E+01   0.126996E+01   0.125078E+01   0.123282E+01   0.121700E+01   0.120202E+01   0.118827E+01   0.117523E+01   0.116386E+01   0.115369E+01   0.114184E+01   0.113548E+01   0.112914E+01   0.112178E+01   0.111338E+01   0.110504E+01   0.109696E+01   0.108965E+01   0.108274E+01   0.107672E+01   0.107098E+01   0.106563E+01   0.106093E+01   0.105651E+01   0.105243E+01   0.104870E+01   0.104534E+01   0.104219E+01   0.103933E+01   0.103668E+01   0.103423E+01   0.103199E+01   0.102833E+01   0.102702E+01   0.102542E+01   0.102390E+01   0.102264E+01   0.102167E+01   0.102030E+01   0.101904E+01   0.101786E+01   0.101677E+01   0.101574E+01   0.101477E+01   0.101389E+01   0.103142E+01   0.103047E+01   0.102887E+01   0.102725E+01   0.102573E+01   0.102430E+01   0.102301E+01   0.102184E+01   0.102092E+01   0.101370E+01   0.101067E+01   0.100904E+01   0.100794E+01   0.100713E+01   0.100651E+01   0.100599E+01   0.100552E+01   0.100512E+01   0.100481E+01   0.100449E+01   0.100394E+01   0.100375E+01   0.100351E+01   0.100331E+01   0.100311E+01   0.100294E+01   0.100277E+01   0.100262E+01   0.100248E+01   0.100239E+01   0.100227E+01   0.100215E+01   0.100204E+01   0.100193E+01   0.100184E+01   0.100176E+01   0.100167E+01   0.100158E+01   0.100150E+01   0.100142E+01   0.100134E+01   0.100127E+01   0.100120E+01   0.100114E+01   0.100108E+01   0.100102E+01   0.100097E+01   0.100092E+01   0.100087E+01   0.100083E+01   0.100078E+01   0.100074E+01   0.100071E+01   0.100067E+01   0.100063E+01   0.100060E+01   0.100057E+01   0.100054E+01   0.100051E+01   0.100049E+01   0.100046E+01   0.100044E+01   0.100041E+01   0.100039E+01   0.100037E+01
 0.000000E+00   0.000000E+00   0.000000E+00   0.000000E+00   0.000000E+00   0.000000E+00   0.000000E+00   0.000000E+00   0.000000E+00   0.000000E+00   0.154567E+01   0.150426E+01   0.146634E+01   0.143159E+01   0.139972E+01   0.137718E+01   0.134400E+01   0.131419E+01   0.129054E+01   0.126996E+01   0.125078E+01   0.123282E+01   0.121700E+01   0.120202E+01   0.118827E+01   0.117523E+01   0.116386E+01   0.115369E+01   0.114184E+01   0.113547E+01   0.112914E+01   0.112178E+01   0.111338E+01   0.110504E+01   0.109696E+01   0.108965E+01   0.108274E+01   0.107672E+01   0.107098E+01   0.106563E+01   0.106093E+01   0.105651E+01   0.105243E+01   0.104870E+01   0.104534E+01   0.104219E+01   0.103933E+01   0.103668E+01   0.103423E+01   0.103054E+01   0.102898E+01   0.102722E+01   0.102554E+01   0.102410E+01   0.102312E+01   0.102167E+01   0.102030E+01   0.101904E+01   0.101786E+01   0.101677E+01   0.101574E+01   0.101477E+01   0.101389E+01   0.103142E+01   0.103047E+01   0.102887E+01   0.102725E+01   0.102573E+01   0.102431E+01   0.102301E+01   0.102184E+01   0.102108E+01   0.101370E+01   0.101067E+01   0.100904E+01   0.100794E+01   0.100713E+01   0.100651E+01   0.100599E+01   0.100552E+01   0.100512E+01   0.100481E+01   0.100449E+01   0.100394E+01   0.100375E+01   0.100351E+01   0.100331E+01   0.100311E+01   0.100294E+01   0.100277E+01   0.100262E+01   0.100248E+01   0.100239E+01   0.100227E+01   0.100215E+01   0.100204E+01   0.100193E+01   0.100184E+01   0.100176E+01   0.100167E+01   0.100158E+01   0.100150E+01   0.100142E+01   0.100134E+01   0.100127E+01   0.100120E+01   0.100114E+01   0.100108E+01   0.100102E+01   0.100097E+01   0.100092E+01   0.100087E+01   0.100083E+01   0.100078E+01   0.100074E+01   0.100071E+01   0.100067E+01   0.100063E+01   0.100060E+01   0.100057E+01   0.100054E+01   0.100051E+01   0.100049E+01   0.100046E+01   0.100044E+01   0.100041E+01   0.100039E+01   0.100037E+01
 0.000000E+00   0.000000E+00   0.000000E+00   0.000000E+00   0.000000E+00   0.000000E+00   0.000000E+00   0.000000E+00   0.000000E+00   0.000000E+00   0.154567E+01   0.150426E+01   0.146634E+01   0.143159E+01   0.139972E+01   0.137718E+01   0.134400E+01   0.131419E+01   0.129054E+01   0.126996E+01   0.125078E+01   0.123282E+01   0.121700E+01   0.120202E+01   0.118827E+01   0.117523E+01   0.116386E+01   0.115369E+01   0.114183E+01   0.113546E+01   0.112914E+01   0.112178E+01   0.111338E+01   0.110504E+01   0.109696E+01   0.108965E+01   0.108274E+01   0.107672E+01   0.107098E+01   0.106563E+01   0.106093E+01   0.105651E+01   0.105243E+01   0.104870E+01   0.104534E+01   0.104219E+01   0.103933E+01   0.103464E+01   0.103307E+01   0.103110E+01   0.102916E+01   0.102735E+01   0.102574E+01   0.102467E+01   0.102315E+01   0.102167E+01   0.102030E+01   0.101904E+01   0.101786E+01   0.101677E+01   0.101574E+01   0.101477E+01   0.101389E+01   0.103142E+01   0.103047E+01   0.102887E+01   0.102725E+01   0.102574E+01   0.102431E+01   0.102301E+01   0.102184E+01   0.102108E+01   0.101370E+01   0.101067E+01   0.100904E+01   0.100794E+01   0.100713E+01   0.100651E+01   0.100599E+01   0.100552E+01   0.100512E+01   0.100481E+01   0.100449E+01   0.100394E+01   0.100375E+01   0.100351E+01   0.100331E+01   0.100311E+01   0.100294E+01   0.100277E+01   0.100262E+01   0.100248E+01   0.100239E+01   0.100227E+01   0.100215E+01   0.100204E+01   0.100193E+01   0.100184E+01   0.100176E+01   0.100167E+01   0.100158E+01   0.100150E+01   0.100142E+01   0.100134E+01   0.100127E+01   0.100120E+01   0.100114E+01   0.100108E+01   0.100102E+01   0.100097E+01   0.100092E+01   0.100087E+01   0.100083E+01   0.100078E+01   0.100074E+01   0.100070E+01   0.100067E+01   0.100063E+01   0.100060E+01   0.100057E+01   0.100054E+01   0.100051E+01   0.100049E+01   0.100046E+01   0.100044E+01   0.100041E+01   0.100039E+01   0.100037E+01
 0.000000E+00   0.000000E+00   0.000000E+00   0.000000E+00   0.000000E+00   0.000000E+00   0.000000E+00   0.000000E+00   0.000000E+00   0.000000E+00   0.154567E+01   0.150426E+01   0.146634E+01   0.143159E+01   0.139972E+01   0.137718E+01   0.134400E+01   0.131419E+01   0.129054E+01   0.126996E+01   0.125078E+01   0.123282E+01   0.121700E+01   0.120202E+01   0.118827E+01   0.117523E+01   0.116386E+01   0.115369E+01   0.114183E+01   0.113544E+01   0.112914E+01   0.112178E+01   0.111338E+01   0.110504E+01   0.109696E+01   0.108965E+01   0.108274E+01   0.107672E+01   0.107098E+01   0.106563E+01   0.106093E+01   0.105651E+01   0.105243E+01   0.104870E+01   0.104534E+01   0.104219E+01   0.103785E+01   0.103568E+01   0.103342E+01   0.103129E+01   0.102931E+01   0.102758E+01   0.102642E+01   0.102476E+01   0.102315E+01   0.102167E+01   0.102030E+01   0.101904E+01   0.101786E+01   0.101677E+01   0.101574E+01   0.101477E+01   0.101389E+01   0.103142E+01   0.103047E+01   0.102887E+01   0.102726E+01   0.102574E+01   0.102431E+01   0.102301E+01   0.102184E+01   0.102108E+01   0.101370E+01   0.101067E+01   0.100904E+01   0.100794E+01   0.100713E+01   0.100651E+01   0.100599E+01   0.100552E+01   0.100512E+01   0.100481E+01   0.100449E+01   0.100394E+01   0.100375E+01   0.100351E+01   0.100331E+01   0.100311E+01   0.100294E+01   0.100277E+01   0.100262E+01   0.100248E+01   0.100239E+01   0.100227E+01   0.100215E+01   0.100204E+01   0.100193E+01   0.100184E+01   0.100176E+01   0.100167E+01   0.100158E+01   0.100150E+01   0.100142E+01   0.100134E+01   0.100127E+01   0.100120E+01   0.100114E+01   0.100108E+01   0.100102E+01   0.100097E+01   0.100092E+01   0.100087E+01   0.100083E+01   0.100078E+01   0.100074E+01   0.100070E+01   0.100067E+01   0.100063E+01   0.100060E+01   0.100057E+01   0.100054E+01   0.100051E+01   0.100049E+01   0.100046E+01   0.100044E+01   0.100041E+01   0.100039E+01   0.100037E+01
 0.000000E+00   0.000000E+00   0.000000E+00   0.000000E+00   0.000000E+00   0.000000E+00   0.000000E+00   0.000000E+00   0.000000E+00   0.000000E+00   0.154567E+01   0.150426E+01   0.146634E+01   0.143159E+01   0.139972E+01   0.137718E+01   0.134400E+01   0.131419E+01   0.129054E+01   0.126996E+01   0.125078E+01   0.123282E+01   0.121700E+01   0.120202E+01   0.118827E+01   0.117523E+01   0.116386E+01   0.115369E+01   0.114182E+01   0.113543E+01   0.112914E+01   0.112178E+01   0.111338E+01   0.110504E+01   0.109696E+01   0.108965E+01   0.108274E+01   0.107672E+01   0.107098E+01   0.106563E+01   0.106093E+01   0.105651E+01   0.105243E+01   0.104788E+01   0.104380E+01   0.104114E+01   0.103847E+01   0.103595E+01   0.103361E+01   0.103147E+01   0.102964E+01   0.102839E+01   0.102650E+01   0.102476E+01   0.102315E+01   0.102167E+01   0.102030E+01   0.101904E+01   0.101786E+01   0.101677E+01   0.101574E+01   0.101477E+01   0.101389E+01   0.103142E+01   0.103047E+01   0.102887E+01   0.102726E+01   0.102574E+01   0.102432E+01   0.102302E+01   0.102184E+01   0.102109E+01   0.101370E+01   0.101067E+01   0.100904E+01   0.100794E+01   0.100713E+01   0.100651E+01   0.100599E+01   0.100552E+01   0.100512E+01   0.100481E+01   0.100449E+01   0.100394E+01   0.100375E+01   0.100351E+01   0.100331E+01   0.100311E+01   0.100294E+01   0.100277E+01   0.100262E+01   0.100248E+01   0.100239E+01   0.100227E+01   0.100215E+01   0.100204E+01   0.100193E+01   0.100184E+01   0.100176E+01   0.100167E+01   0.100158E+01   0.100150E+01   0.100142E+01   0.100134E+01   0.100127E+01   0.100120E+01   0.100114E+01   0.100108E+01   0.100102E+01   0.100097E+01   0.100092E+01   0.100087E+01   0.100083E+01   0.100078E+01   0.100074E+01   0.100070E+01   0.100067E+01   0.100063E+01   0.100060E+01   0.100057E+01   0.100054E+01   0.100051E+01   0.100049E+01   0.100046E+01   0.100044E+01   0.100041E+01   0.100039E+01   0.100037E+01
 0.000000E+00   0.000000E+00   0.000000E+00   0.000000E+00   0.000000E+00   0.000000E+00   0.000000E+00   0.000000E+00   0.000000E+00   0.000000E+00   0.154567E+01   0.150426E+01   0.146634E+01   0.143159E+01   0.139972E+01   0.137718E+01   0.134400E+01   0.131419E+01   0.129054E+01   0.126996E+01   0.125078E+01   0.123282E+01   0.121700E+01   0.120202E+01   0.118827E+01   0.117523E+01   0.116386E+01   0.115369E+01   0.114182E+01   0.113542E+01   0.112914E+01   0.112178E+01   0.111338E+01   0.110504E+01   0.109696E+01   0.108965E+01   0.108274E+01   0.107672E+01   0.107098E+01   0.106563E+01   0.106093E+01   0.105420E+01   0.105112E+01   0.104772E+01   0.104451E+01   0.104152E+01   0.103875E+01   0.103619E+01   0.103386E+01   0.103206E+01   0.103045E+01   0.102839E+01   0.102650E+01   0.102476E+01   0.102315E+01   0.102167E+01   0.102030E+01   0.101904E+01   0.101786E+01   0.101677E+01   0.101574E+01   0.101477E+01   0.101389E+01   0.103142E+01   0.103047E+01   0.102887E+01   0.102726E+01   0.102575E+01   0.102432E+01   0.102302E+01   0.102185E+01   0.102109E+01   0.101370E+01   0.101067E+01   0.100904E+01   0.100794E+01   0.100713E+01   0.100651E+01   0.100599E+01   0.100552E+01   0.100512E+01   0.100481E+01   0.100449E+01   0.100394E+01   0.100375E+01   0.100351E+01   0.100331E+01   0.100311E+01   0.100294E+01   0.100277E+01   0.100262E+01   0.100248E+01   0.100239E+01   0.100227E+01   0.100215E+01   0.100204E+01   0.100193E+01   0.100184E+01   0.100176E+01   0.100167E+01   0.100158E+01   0.100150E+01   0.100142E+01   0.100134E+01   0.100127E+01   0.100120E+01   0.100114E+01   0.100108E+01   0.100102E+01   0.100097E+01   0.100092E+01   0.100087E+01   0.100083E+01   0.100078E+01   0.100074E+01   0.100070E+01   0.100067E+01   0.100063E+01   0.100060E+01   0.100057E+01   0.100054E+01   0.100051E+01   0.100049E+01   0.100046E+01   0.100044E+01   0.100041E+01   0.100039E+01   0.100037E+01
 0.000000E+00   0.000000E+00   0.000000E+00   0.000000E+00   0.000000E+00   0.000000E+00   0.000000E+00   0.000000E+00   0.000000E+00   0.000000E+00   0.154567E+01   0.150426E+01   0.146634E+01   0.143159E+01   0.139972E+01   0.137718E+01   0.134400E+01   0.131419E+01   0.129054E+01   0.126996E+01   0.125078E+01   0.123282E+01   0.121700E+01   0.120202E+01   0.118827E+01   0.117523E+01   0.116386E+01   0.115369E+01   0.114181E+01   0.113540E+01   0.112914E+01   0.112178E+01   0.111338E+01   0.110504E+01   0.109696E+01   0.108965E+01   0.108274E+01   0.107672E+01   0.106873E+01   0.106427E+01   0.105985E+01   0.105570E+01   0.105184E+01   0.104823E+01   0.104492E+01   0.104187E+01   0.103907E+01   0.103658E+01   0.103488E+01   0.103272E+01   0.103045E+01   0.102839E+01   0.102650E+01   0.102476E+01   0.102315E+01   0.102167E+01   0.102030E+01   0.101904E+01   0.101786E+01   0.101677E+01   0.101574E+01   0.101477E+01   0.101389E+01   0.103142E+01   0.103047E+01   0.102887E+01   0.102726E+01   0.102575E+01   0.102432E+01   0.102302E+01   0.102185E+01   0.102109E+01   0.101370E+01   0.101067E+01   0.100904E+01   0.100794E+01   0.100713E+01   0.100651E+01   0.100599E+01   0.100552E+01   0.100512E+01   0.100481E+01   0.100449E+01   0.100394E+01   0.100375E+01   0.100351E+01   0.100331E+01   0.100311E+01   0.100294E+01   0.100277E+01   0.100262E+01   0.100248E+01   0.100239E+01   0.100227E+01   0.100215E+01   0.100204E+01   0.100193E+01   0.100184E+01   0.100176E+01   0.100167E+01   0.100158E+01   0.100150E+01   0.100142E+01   0.100134E+01   0.100127E+01   0.100120E+01   0.100114E+01   0.100108E+01   0.100102E+01   0.100097E+01   0.100092E+01   0.100087E+01   0.100083E+01   0.100078E+01   0.100074E+01   0.100070E+01   0.100067E+01   0.100063E+01   0.100060E+01   0.100057E+01   0.100054E+01   0.100051E+01   0.100049E+01   0.100046E+01   0.100044E+01   0.100041E+01   0.100039E+01   0.100037E+01
 0.000000E+00   0.000000E+00   0.000000E+00   0.000000E+00   0.000000E+00   0.000000E+00   0.000000E+00   0.000000E+00   0.000000E+00   0.000000E+00   0.154567E+01   0.150426E+01   0.146634E+01   0.143159E+01   0.139972E+01   0.137718E+01   0.134400E+01   0.131419E+01   0.129054E+01   0.126996E+01   0.125078E+01   0.123282E+01   0.121700E+01   0.120202E+01   0.118827E+01   0.117523E+01   0.116386E+01   0.115369E+01   0.114181E+01   0.113539E+01   0.112914E+01   0.112178E+01   0.111338E+01   0.110504E+01   0.109379E+01   0.108757E+01   0.108151E+01   0.107578E+01   0.107041E+01   0.106540E+01   0.106074E+01   0.105643E+01   0.105243E+01   0.104877E+01   0.104541E+01   0.104237E+01   0.104003E+01   0.103794E+01   0.103521E+01   0.103272E+01   0.103045E+01   0.102839E+01   0.102650E+01   0.102476E+01   0.102315E+01   0.102167E+01   0.102030E+01   0.101904E+01   0.101786E+01   0.101677E+01   0.101574E+01   0.101477E+01   0.101389E+01   0.103142E+01   0.103047E+01   0.102887E+01   0.102726E+01   0.102575E+01   0.102433E+01   0.102302E+01   0.102185E+01   0.102109E+01   0.101370E+01   0.101067E+01   0.100904E+01   0.100794E+01   0.100713E+01   0.100651E+01   0.100599E+01   0.100552E+01   0.100512E+01   0.100481E+01   0.100449E+01   0.100394E+01   0.100375E+01   0.100351E+01   0.100331E+01   0.100311E+01   0.100294E+01   0.100277E+01   0.100262E+01   0.100248E+01   0.100239E+01   0.100227E+01   0.100215E+01   0.100204E+01   0.100193E+01   0.100184E+01   0.100176E+01   0.100167E+01   0.100158E+01   0.100150E+01   0.100142E+01   0.100134E+01   0.100127E+01   0.100120E+01   0.100114E+01   0.100108E+01   0.100102E+01   0.100097E+01   0.100092E+01   0.100087E+01   0.100083E+01   0.100078E+01   0.100074E+01   0.100070E+01   0.100067E+01   0.100063E+01   0.100060E+01   0.100057E+01   0.100054E+01   0.100051E+01   0.100048E+01   0.100046E+01   0.100044E+01   0.100041E+01   0.100039E+01   0.100037E+01
 0.000000E+00   0.000000E+00   0.000000E+00   0.000000E+00   0.000000E+00   0.000000E+00   0.000000E+00   0.000000E+00   0.000000E+00   0.000000E+00   0.154567E+01   0.150426E+01   0.146634E+01   0.143159E+01   0.139972E+01   0.137718E+01   0.134400E+01   0.131419E+01   0.129054E+01   0.126996E+01   0.125078E+01   0.123282E+01   0.121700E+01   0.120202E+01   0.118827E+01   0.117523E+01   0.116386E+01   0.115369E+01   0.114181E+01   0.113538E+01   0.112914E+01   0.112173E+01   0.110943E+01   0.110231E+01   0.109552E+01   0.108903E+01   0.108286E+01   0.107701E+01   0.107152E+01   0.106640E+01   0.106164E+01   0.105725E+01   0.105319E+01   0.104952E+01   0.104644E+01   0.104435E+01   0.104099E+01   0.103794E+01   0.103521E+01   0.103272E+01   0.103045E+01   0.102839E+01   0.102650E+01   0.102476E+01   0.102315E+01   0.102167E+01   0.102030E+01   0.101904E+01   0.101786E+01   0.101677E+01   0.101574E+01   0.101477E+01   0.101389E+01   0.103142E+01   0.103047E+01   0.102887E+01   0.102727E+01   0.102575E+01   0.102433E+01   0.102302E+01   0.102185E+01   0.102109E+01   0.101370E+01   0.101067E+01   0.100904E+01   0.100794E+01   0.100713E+01   0.100651E+01   0.100599E+01   0.100552E+01   0.100512E+01   0.100481E+01   0.100449E+01   0.100394E+01   0.100375E+01   0.100351E+01   0.100331E+01   0.100311E+01   0.100294E+01   0.100277E+01   0.100262E+01   0.100248E+01   0.100239E+01   0.100227E+01   0.100215E+01   0.100204E+01   0.100193E+01   0.100184E+01   0.100176E+01   0.100167E+01   0.100158E+01   0.100150E+01   0.100142E+01   0.100134E+01   0.100127E+01   0.100120E+01   0.100114E+01   0.100108E+01   0.100102E+01   0.100097E+01   0.100092E+01   0.100087E+01   0.100083E+01   0.100078E+01   0.100074E+01   0.100070E+01   0.100067E+01   0.100063E+01   0.100060E+01   0.100057E+01   0.100054E+01   0.100051E+01   0.100048E+01   0.100046E+01   0.100044E+01   0.100041E+01   0.100039E+01   0.100037E+01
 0.000000E+00   0.000000E+00   0.000000E+00   0.000000E+00   0.000000E+00   0.000000E+00   0.000000E+00   0.000000E+00   0.000000E+00   0.000000E+00   0.154567E+01   0.150426E+01   0.146634E+01   0.143159E+01   0.139972E+01   0.137718E+01   0.134401E+01   0.131424E+01   0.129062E+01   0.127007E+01   0.125088E+01   0.123290E+01   0.121707E+01   0.120211E+01   0.118833E+01   0.117531E+01   0.116394E+01   0.115378E+01   0.114185E+01   0.113548E+01   0.112922E+01   0.112172E+01   0.110929E+01   0.110214E+01   0.109550E+01   0.108934E+01   0.108351E+01   0.107790E+01   0.107251E+01   0.106743E+01   0.106268E+01   0.105829E+01   0.105443E+01   0.105182E+01   0.104811E+01   0.104435E+01   0.104099E+01   0.103794E+01   0.103521E+01   0.103272E+01   0.103045E+01   0.102839E+01   0.102650E+01   0.102476E+01   0.102315E+01   0.102167E+01   0.102030E+01   0.101904E+01   0.101786E+01   0.101677E+01   0.101574E+01   0.101477E+01   0.101389E+01   0.103142E+01   0.103047E+01   0.102887E+01   0.102727E+01   0.102576E+01   0.102433E+01   0.102303E+01   0.102185E+01   0.102109E+01   0.101370E+01   0.101067E+01   0.100904E+01   0.100794E+01   0.100713E+01   0.100651E+01   0.100599E+01   0.100552E+01   0.100512E+01   0.100481E+01   0.100449E+01   0.100394E+01   0.100375E+01   0.100351E+01   0.100331E+01   0.100311E+01   0.100294E+01   0.100277E+01   0.100262E+01   0.100248E+01   0.100239E+01   0.100227E+01   0.100215E+01   0.100204E+01   0.100193E+01   0.100184E+01   0.100176E+01   0.100167E+01   0.100158E+01   0.100150E+01   0.100142E+01   0.100134E+01   0.100127E+01   0.100120E+01   0.100114E+01   0.100108E+01   0.100102E+01   0.100097E+01   0.100092E+01   0.100087E+01   0.100083E+01   0.100078E+01   0.100074E+01   0.100070E+01   0.100067E+01   0.100063E+01   0.100060E+01   0.100057E+01   0.100054E+01   0.100051E+01   0.100048E+01   0.100046E+01   0.100044E+01   0.100041E+01   0.100039E+01   0.100037E+01
 0.000000E+00   0.000000E+00   0.000000E+00   0.000000E+00   0.000000E+00   0.000000E+00   0.000000E+00   0.000000E+00   0.000000E+00   0.000000E+00   0.154567E+01   0.150426E+01   0.146634E+01   0.143159E+01   0.139972E+01   0.137718E+01   0.134401E+01   0.131447E+01   0.129119E+01   0.127075E+01   0.125148E+01   0.123339E+01   0.121754E+01   0.120267E+01   0.118870E+01   0.117583E+01   0.116440E+01   0.115430E+01   0.114215E+01   0.113602E+01   0.112958E+01   0.112168E+01   0.110935E+01   0.110224E+01   0.109555E+01   0.108931E+01   0.108353E+01   0.107816E+01   0.107309E+01   0.106824E+01   0.106370E+01   0.105976E+01   0.105711E+01   0.105237E+01   0.104811E+01   0.104435E+01   0.104099E+01   0.103794E+01   0.103521E+01   0.103272E+01   0.103045E+01   0.102839E+01   0.102650E+01   0.102476E+01   0.102315E+01   0.102167E+01   0.102030E+01   0.101904E+01   0.101786E+01   0.101677E+01   0.101574E+01   0.101477E+01   0.101389E+01   0.103142E+01   0.103048E+01   0.102887E+01   0.102727E+01   0.102576E+01   0.102433E+01   0.102303E+01   0.102185E+01   0.102109E+01   0.101370E+01   0.101067E+01   0.100904E+01   0.100794E+01   0.100713E+01   0.100651E+01   0.100599E+01   0.100552E+01   0.100512E+01   0.100481E+01   0.100449E+01   0.100394E+01   0.100375E+01   0.100351E+01   0.100331E+01   0.100311E+01   0.100294E+01   0.100277E+01   0.100262E+01   0.100248E+01   0.100239E+01   0.100227E+01   0.100215E+01   0.100204E+01   0.100193E+01   0.100184E+01   0.100176E+01   0.100167E+01   0.100158E+01   0.100150E+01   0.100142E+01   0.100134E+01   0.100127E+01   0.100120E+01   0.100114E+01   0.100108E+01   0.100102E+01   0.100097E+01   0.100092E+01   0.100087E+01   0.100083E+01   0.100078E+01   0.100074E+01   0.100070E+01   0.100067E+01   0.100063E+01   0.100060E+01   0.100057E+01   0.100054E+01   0.100051E+01   0.100048E+01   0.100046E+01   0.100044E+01   0.100041E+01   0.100039E+01   0.100037E+01
 0.000000E+00   0.000000E+00   0.000000E+00   0.000000E+00   0.000000E+00   0.000000E+00   0.000000E+00   0.000000E+00   0.000000E+00   0.000000E+00   0.154567E+01   0.150426E+01   0.146634E+01   0.143159E+01   0.139972E+01   0.137718E+01   0.134401E+01   0.131471E+01   0.129178E+01   0.127145E+01   0.125210E+01   0.123389E+01   0.121801E+01   0.120322E+01   0.118906E+01   0.117634E+01   0.116484E+01   0.115478E+01   0.114245E+01   0.113644E+01   0.112981E+01   0.112164E+01   0.110942E+01   0.110235E+01   0.109566E+01   0.108942E+01   0.108362E+01   0.107821E+01   0.107318E+01   0.106849E+01   0.106418E+01   0.106094E+01   0.105715E+01   0.105237E+01   0.104811E+01   0.104435E+01   0.104099E+01   0.103794E+01   0.103521E+01   0.103272E+01   0.103045E+01   0.102839E+01   0.102650E+01   0.102476E+01   0.102315E+01   0.102167E+01   0.102030E+01   0.101904E+01   0.101786E+01   0.101677E+01   0.101574E+01   0.101477E+01   0.101389E+01   0.103143E+01   0.103048E+01   0.102887E+01   0.102727E+01   0.102576E+01   0.102434E+01   0.102303E+01   0.102185E+01   0.102109E+01   0.101370E+01   0.101067E+01   0.100904E+01   0.100794E+01   0.100713E+01   0.100651E+01   0.100599E+01   0.100552E+01   0.100512E+01   0.100481E+01   0.100449E+01   0.100394E+01   0.100375E+01   0.100351E+01   0.100331E+01   0.100311E+01   0.100294E+01   0.100277E+01   0.100262E+01   0.100249E+01   0.100240E+01   0.100227E+01   0.100215E+01   0.100204E+01   0.100193E+01   0.100184E+01   0.100176E+01   0.100167E+01   0.100158E+01   0.100150E+01   0.100142E+01   0.100134E+01   0.100127E+01   0.100120E+01   0.100114E+01   0.100108E+01   0.100102E+01   0.100097E+01   0.100092E+01   0.100087E+01   0.100083E+01   0.100078E+01   0.100074E+01   0.100070E+01   0.100067E+01   0.100063E+01   0.100060E+01   0.100057E+01   0.100054E+01   0.100051E+01   0.100048E+01   0.100046E+01   0.100044E+01   0.100041E+01   0.100039E+01   0.100037E+01
 0.000000E+00   0.000000E+00   0.000000E+00   0.000000E+00   0.000000E+00   0.000000E+00   0.000000E+00   0.000000E+00   0.000000E+00   0.000000E+00   0.154567E+01   0.150426E+01   0.146634E+01   0.143159E+01   0.139972E+01   0.137718E+01   0.134401E+01   0.131497E+01   0.129242E+01   0.127216E+01   0.125272E+01   0.123442E+01   0.121850E+01   0.120378E+01   0.118944E+01   0.117685E+01   0.116527E+01   0.115524E+01   0.114278E+01   0.113678E+01   0.112996E+01   0.112160E+01   0.110949E+01   0.110247E+01   0.109578E+01   0.108954E+01   0.108373E+01   0.107833E+01   0.107329E+01   0.106858E+01   0.106429E+01   0.106115E+01   0.105715E+01   0.105237E+01   0.104811E+01   0.104435E+01   0.104099E+01   0.103794E+01   0.103521E+01   0.103272E+01   0.103045E+01   0.102839E+01   0.102650E+01   0.102476E+01   0.102315E+01   0.102167E+01   0.102030E+01   0.101904E+01   0.101786E+01   0.101677E+01   0.101574E+01   0.101477E+01   0.101389E+01   0.103143E+01   0.103048E+01   0.102887E+01   0.102727E+01   0.102576E+01   0.102434E+01   0.102303E+01   0.102185E+01   0.102110E+01   0.101370E+01   0.101067E+01   0.100904E+01   0.100794E+01   0.100713E+01   0.100651E+01   0.100599E+01   0.100552E+01   0.100512E+01   0.100481E+01   0.100449E+01   0.100394E+01   0.100375E+01   0.100351E+01   0.100331E+01   0.100311E+01   0.100294E+01   0.100277E+01   0.100262E+01   0.100249E+01   0.100240E+01   0.100228E+01   0.100216E+01   0.100204E+01   0.100193E+01   0.100184E+01   0.100176E+01   0.100167E+01   0.100158E+01   0.100150E+01   0.100142E+01   0.100134E+01   0.100127E+01   0.100120E+01   0.100114E+01   0.100108E+01   0.100102E+01   0.100097E+01   0.100092E+01   0.100087E+01   0.100083E+01   0.100078E+01   0.100074E+01   0.100070E+01   0.100067E+01   0.100063E+01   0.100060E+01   0.100057E+01   0.100054E+01   0.100051E+01   0.100048E+01   0.100046E+01   0.100044E+01   0.100041E+01   0.100039E+01   0.100037E+01
 0.000000E+00   0.000000E+00   0.000000E+00   0.000000E+00   0.000000E+00   0.000000E+00   0.000000E+00   0.000000E+00   0.000000E+00   0.000000E+00   0.154567E+01   0.150426E+01   0.146634E+01   0.143159E+01   0.139972E+01   0.137718E+01   0.134401E+01   0.131524E+01   0.129310E+01   0.127288E+01   0.125337E+01   0.123496E+01   0.121899E+01   0.120435E+01   0.118984E+01   0.117737E+01   0.116570E+01   0.115568E+01   0.114312E+01   0.113707E+01   0.113009E+01   0.112156E+01   0.110957E+01   0.110260E+01   0.109591E+01   0.108967E+01   0.108386E+01   0.107844E+01   0.107340E+01   0.106868E+01   0.106438E+01   0.106122E+01   0.105715E+01   0.105237E+01   0.104811E+01   0.104435E+01   0.104099E+01   0.103794E+01   0.103521E+01   0.103272E+01   0.103045E+01   0.102839E+01   0.102650E+01   0.102476E+01   0.102315E+01   0.102167E+01   0.102030E+01   0.101904E+01   0.101786E+01   0.101677E+01   0.101574E+01   0.101477E+01   0.101389E+01   0.103143E+01   0.103048E+01   0.102887E+01   0.102727E+01   0.102577E+01   0.102434E+01   0.102303E+01   0.102186E+01   0.102110E+01   0.101370E+01   0.101067E+01   0.100904E+01   0.100794E+01   0.100713E+01   0.100651E+01   0.100599E+01   0.100552E+01   0.100512E+01   0.100481E+01   0.100449E+01   0.100394E+01   0.100375E+01   0.100351E+01   0.100331E+01   0.100311E+01   0.100294E+01   0.100277E+01   0.100262E+01   0.100249E+01   0.100240E+01   0.100228E+01   0.100216E+01   0.100204E+01   0.100193E+01   0.100184E+01   0.100176E+01   0.100167E+01   0.100158E+01   0.100150E+01   0.100142E+01   0.100134E+01   0.100127E+01   0.100120E+01   0.100114E+01   0.100108E+01   0.100102E+01   0.100097E+01   0.100092E+01   0.100087E+01   0.100083E+01   0.100078E+01   0.100074E+01   0.100070E+01   0.100067E+01   0.100063E+01   0.100060E+01   0.100057E+01   0.100054E+01   0.100051E+01   0.100048E+01   0.100046E+01   0.100044E+01   0.100041E+01   0.100039E+01   0.100037E+01
 0.000000E+00   0.000000E+00   0.000000E+00   0.000000E+00   0.000000E+00   0.000000E+00   0.000000E+00   0.000000E+00   0.000000E+00   0.000000E+00   0.154567E+01   0.150426E+01   0.146634E+01   0.143159E+01   0.139972E+01   0.137718E+01   0.134401E+01   0.131552E+01   0.129382E+01   0.127363E+01   0.125403E+01   0.123554E+01   0.121951E+01   0.120493E+01   0.119025E+01   0.117790E+01   0.116613E+01   0.115612E+01   0.114348E+01   0.113731E+01   0.113020E+01   0.112151E+01   0.110965E+01   0.110274E+01   0.109604E+01   0.108980E+01   0.108399E+01   0.107857E+01   0.107351E+01   0.106878E+01   0.106447E+01   0.106127E+01   0.105715E+01   0.105237E+01   0.104811E+01   0.104435E+01   0.104099E+01   0.103794E+01   0.103521E+01   0.103272E+01   0.103045E+01   0.102839E+01   0.102650E+01   0.102476E+01   0.102315E+01   0.102167E+01   0.102030E+01   0.101904E+01   0.101786E+01   0.101677E+01   0.101574E+01   0.101477E+01   0.101389E+01   0.103144E+01   0.103048E+01   0.102887E+01   0.102728E+01   0.102577E+01   0.102434E+01   0.102304E+01   0.102186E+01   0.102110E+01   0.101370E+01   0.101067E+01   0.100904E+01   0.100794E+01   0.100713E+01   0.100651E+01   0.100599E+01   0.100552E+01   0.100512E+01   0.100481E+01   0.100449E+01   0.100394E+01   0.100375E+01   0.100351E+01   0.100331E+01   0.100311E+01   0.100294E+01   0.100277E+01   0.100262E+01   0.100249E+01   0.100240E+01   0.100228E+01   0.100216E+01   0.100204E+01   0.100193E+01   0.100184E+01   0.100176E+01   0.100167E+01   0.100158E+01   0.100150E+01   0.100142E+01   0.100134E+01   0.100127E+01   0.100120E+01   0.100114E+01   0.100108E+01   0.100102E+01   0.100097E+01   0.100092E+01   0.100087E+01   0.100083E+01   0.100078E+01   0.100074E+01   0.100070E+01   0.100067E+01   0.100063E+01   0.100060E+01   0.100057E+01   0.100054E+01   0.100051E+01   0.100048E+01   0.100046E+01   0.100044E+01   0.100041E+01   0.100039E+01   0.100037E+01
 0.000000E+00   0.000000E+00   0.000000E+00   0.000000E+00   0.000000E+00   0.000000E+00   0.000000E+00   0.000000E+00   0.000000E+00   0.000000E+00   0.154567E+01   0.150426E+01   0.146634E+01   0.143159E+01   0.139972E+01   0.137718E+01   0.134401E+01   0.131583E+01   0.129459E+01   0.127439E+01   0.125473E+01   0.123613E+01   0.122004E+01   0.120551E+01   0.119068E+01   0.117842E+01   0.116657E+01   0.115654E+01   0.114386E+01   0.113753E+01   0.113031E+01   0.112145E+01   0.110975E+01   0.110288E+01   0.109619E+01   0.108995E+01   0.108412E+01   0.107869E+01   0.107363E+01   0.106888E+01   0.106455E+01   0.106131E+01   0.105715E+01   0.105237E+01   0.104811E+01   0.104435E+01   0.104099E+01   0.103794E+01   0.103521E+01   0.103272E+01   0.103045E+01   0.102839E+01   0.102650E+01   0.102476E+01   0.102315E+01   0.102167E+01   0.102030E+01   0.101904E+01   0.101786E+01   0.101677E+01   0.101574E+01   0.101477E+01   0.101389E+01   0.103144E+01   0.103048E+01   0.102887E+01   0.102728E+01   0.102577E+01   0.102435E+01   0.102304E+01   0.102186E+01   0.102110E+01   0.101370E+01   0.101067E+01   0.100904E+01   0.100794E+01   0.100713E+01   0.100651E+01   0.100599E+01   0.100552E+01   0.100512E+01   0.100481E+01   0.100449E+01   0.100394E+01   0.100375E+01   0.100351E+01   0.100331E+01   0.100311E+01   0.100294E+01   0.100277E+01   0.100262E+01   0.100249E+01   0.100240E+01   0.100228E+01   0.100216E+01   0.100204E+01   0.100193E+01   0.100184E+01   0.100176E+01   0.100167E+01   0.100158E+01   0.100150E+01   0.100142E+01   0.100134E+01   0.100127E+01   0.100120E+01   0.100114E+01   0.100108E+01   0.100102E+01   0.100097E+01   0.100092E+01   0.100087E+01   0.100083E+01   0.100078E+01   0.100074E+01   0.100070E+01   0.100067E+01   0.100063E+01   0.100060E+01   0.100057E+01   0.100054E+01   0.100051E+01   0.100048E+01   0.100046E+01   0.100044E+01   0.100041E+01   0.100039E+01   0.100037E+01
 0.000000E+00   0.000000E+00   0.000000E+00   0.000000E+00   0.000000E+00   0.000000E+00   0.000000E+00   0.000000E+00   0.000000E+00   0.000000E+00   0.154567E+01   0.150426E+01   0.146634E+01   0.143159E+01   0.139972E+01   0.137718E+01   0.134401E+01   0.131615E+01   0.129540E+01   0.127517E+01   0.125544E+01   0.123676E+01   0.122058E+01   0.120611E+01   0.119113E+01   0.117896E+01   0.116701E+01   0.115695E+01   0.114426E+01   0.113773E+01   0.113042E+01   0.112140E+01   0.110984E+01   0.110304E+01   0.109635E+01   0.109010E+01   0.108427E+01   0.107882E+01   0.107375E+01   0.106899E+01   0.106464E+01   0.106136E+01   0.105715E+01   0.105237E+01   0.104811E+01   0.104435E+01   0.104099E+01   0.103794E+01   0.103521E+01   0.103272E+01   0.103045E+01   0.102839E+01   0.102650E+01   0.102476E+01   0.102315E+01   0.102167E+01   0.102030E+01   0.101904E+01   0.101786E+01   0.101677E+01   0.101574E+01   0.101477E+01   0.101389E+01   0.103144E+01   0.103048E+01   0.102887E+01   0.102728E+01   0.102577E+01   0.102435E+01   0.102304E+01   0.102186E+01   0.102110E+01   0.101370E+01   0.101067E+01   0.100904E+01   0.100794E+01   0.100713E+01   0.100651E+01   0.100599E+01   0.100552E+01   0.100512E+01   0.100481E+01   0.100449E+01   0.100394E+01   0.100375E+01   0.100351E+01   0.100331E+01   0.100311E+01   0.100294E+01   0.100277E+01   0.100262E+01   0.100249E+01   0.100240E+01   0.100228E+01   0.100216E+01   0.100204E+01   0.100193E+01   0.100184E+01   0.100176E+01   0.100167E+01   0.100158E+01   0.100150E+01   0.100142E+01   0.100134E+01   0.100127E+01   0.100121E+01   0.100114E+01   0.100108E+01   0.100102E+01   0.100097E+01   0.100092E+01   0.100087E+01   0.100083E+01   0.100078E+01   0.100074E+01   0.100070E+01   0.100067E+01   0.100063E+01   0.100060E+01   0.100057E+01   0.100054E+01   0.100051E+01   0.100048E+01   0.100046E+01   0.100044E+01   0.100041E+01   0.100039E+01   0.100037E+01
 0.000000E+00   0.000000E+00   0.000000E+00   0.000000E+00   0.000000E+00   0.000000E+00   0.000000E+00   0.000000E+00   0.000000E+00   0.000000E+00   0.154567E+01   0.150426E+01   0.146634E+01   0.143159E+01   0.139972E+01   0.137718E+01   0.134401E+01   0.131648E+01   0.129624E+01   0.127596E+01   0.125618E+01   0.123742E+01   0.122115E+01   0.120671E+01   0.119161E+01   0.117949E+01   0.116747E+01   0.115734E+01   0.114468E+01   0.113791E+01   0.113055E+01   0.112134E+01   0.110995E+01   0.110321E+01   0.109651E+01   0.109025E+01   0.108441E+01   0.107896E+01   0.107387E+01   0.106910E+01   0.106473E+01   0.106141E+01   0.105715E+01   0.105237E+01   0.104811E+01   0.104435E+01   0.104099E+01   0.103794E+01   0.103521E+01   0.103272E+01   0.103045E+01   0.102839E+01   0.102650E+01   0.102476E+01   0.102315E+01   0.102167E+01   0.102030E+01   0.101904E+01   0.101786E+01   0.101677E+01   0.101574E+01   0.101477E+01   0.101389E+01   0.103145E+01   0.103048E+01   0.102887E+01   0.102728E+01   0.102577E+01   0.102435E+01   0.102304E+01   0.102186E+01   0.102110E+01   0.101370E+01   0.101067E+01   0.100904E+01   0.100794E+01   0.100713E+01   0.100651E+01   0.100599E+01   0.100552E+01   0.100512E+01   0.100481E+01   0.100449E+01   0.100394E+01   0.100375E+01   0.100351E+01   0.100331E+01   0.100311E+01   0.100294E+01   0.100277E+01   0.100262E+01   0.100249E+01   0.100240E+01   0.100228E+01   0.100216E+01   0.100204E+01   0.100193E+01   0.100184E+01   0.100176E+01   0.100167E+01   0.100158E+01   0.100150E+01   0.100142E+01   0.100134E+01   0.100127E+01   0.100121E+01   0.100114E+01   0.100108E+01   0.100102E+01   0.100097E+01   0.100092E+01   0.100087E+01   0.100083E+01   0.100078E+01   0.100074E+01   0.100070E+01   0.100067E+01   0.100063E+01   0.100060E+01   0.100057E+01   0.100054E+01   0.100051E+01   0.100048E+01   0.100046E+01   0.100044E+01   0.100041E+01   0.100039E+01   0.100037E+01
 0.000000E+00   0.000000E+00   0.000000E+00   0.000000E+00   0.000000E+00   0.000000E+00   0.000000E+00   0.000000E+00   0.000000E+00   0.000000E+00   0.154567E+01   0.150426E+01   0.146634E+01   0.143159E+01   0.139972E+01   0.137718E+01   0.134401E+01   0.131676E+01   0.129701E+01   0.127676E+01   0.125694E+01   0.123810E+01   0.122173E+01   0.120732E+01   0.119211E+01   0.118002E+01   0.116793E+01   0.115773E+01   0.114512E+01   0.113809E+01   0.113069E+01   0.112127E+01   0.111006E+01   0.110339E+01   0.109668E+01   0.109042E+01   0.108457E+01   0.107910E+01   0.107400E+01   0.106921E+01   0.106482E+01   0.106146E+01   0.105715E+01   0.105237E+01   0.104811E+01   0.104435E+01   0.104099E+01   0.103794E+01   0.103521E+01   0.103272E+01   0.103045E+01   0.102839E+01   0.102650E+01   0.102476E+01   0.102315E+01   0.102167E+01   0.102030E+01   0.101904E+01   0.101786E+01   0.101677E+01   0.101574E+01   0.101477E+01   0.101389E+01   0.103145E+01   0.103048E+01   0.102888E+01   0.102728E+01   0.102578E+01   0.102435E+01   0.102304E+01   0.102186E+01   0.102110E+01   0.101370E+01   0.101067E+01   0.100904E+01   0.100794E+01   0.100713E+01   0.100651E+01   0.100599E+01   0.100552E+01   0.100512E+01   0.100481E+01   0.100449E+01   0.100394E+01   0.100375E+01   0.100351E+01   0.100331E+01   0.100311E+01   0.100294E+01   0.100277E+01   0.100262E+01   0.100250E+01   0.100240E+01   0.100228E+01   0.100216E+01   0.100204E+01   0.100193E+01   0.100184E+01   0.100176E+01   0.100167E+01   0.100158E+01   0.100150E+01   0.100142E+01   0.100134E+01   0.100127E+01   0.100121E+01   0.100114E+01   0.100108E+01   0.100102E+01   0.100097E+01   0.100092E+01   0.100087E+01   0.100083E+01   0.100078E+01   0.100074E+01   0.100070E+01   0.100067E+01   0.100063E+01   0.100060E+01   0.100057E+01   0.100054E+01   0.100051E+01   0.100048E+01   0.100046E+01   0.100044E+01   0.100041E+01   0.100039E+01   0.100037E+01
 0.000000E+00   0.000000E+00   0.000000E+00   0.000000E+00   0.000000E+00   0.000000E+00   0.000000E+00   0.000000E+00   0.000000E+00   0.000000E+00   0.154567E+01   0.150426E+01   0.146634E+01   0.143159E+01   0.139972E+01   0.137718E+01   0.134401E+01   0.131676E+01   0.129737E+01   0.127759E+01   0.125772E+01   0.123881E+01   0.122233E+01   0.120794E+01   0.119263E+01   0.118056E+01   0.116839E+01   0.115811E+01   0.114559E+01   0.113828E+01   0.113086E+01   0.112121E+01   0.111017E+01   0.110358E+01   0.109686E+01   0.109059E+01   0.108473E+01   0.107925E+01   0.107413E+01   0.106932E+01   0.106492E+01   0.106151E+01   0.105715E+01   0.105237E+01   0.104811E+01   0.104435E+01   0.104099E+01   0.103794E+01   0.103521E+01   0.103272E+01   0.103045E+01   0.102839E+01   0.102650E+01   0.102476E+01   0.102315E+01   0.102167E+01   0.102030E+01   0.101904E+01   0.101786E+01   0.101677E+01   0.101574E+01   0.101477E+01   0.101389E+01   0.103145E+01   0.103048E+01   0.102888E+01   0.102728E+01   0.102578E+01   0.102435E+01   0.102304E+01   0.102186E+01   0.102110E+01   0.101370E+01   0.101067E+01   0.100904E+01   0.100794E+01   0.100713E+01   0.100651E+01   0.100599E+01   0.100552E+01   0.100512E+01   0.100481E+01   0.100449E+01   0.100394E+01   0.100375E+01   0.100351E+01   0.100331E+01   0.100311E+01   0.100294E+01   0.100277E+01   0.100262E+01   0.100250E+01   0.100240E+01   0.100228E+01   0.100216E+01   0.100204E+01   0.100193E+01   0.100184E+01   0.100176E+01   0.100167E+01   0.100158E+01   0.100150E+01   0.100142E+01   0.100134E+01   0.100127E+01   0.100121E+01   0.100114E+01   0.100108E+01   0.100102E+01   0.100097E+01   0.100092E+01   0.100087E+01   0.100083E+01   0.100078E+01   0.100074E+01   0.100070E+01   0.100067E+01   0.100063E+01   0.100060E+01   0.100057E+01   0.100054E+01   0.100051E+01   0.100048E+01   0.100046E+01   0.100044E+01   0.100041E+01   0.100039E+01   0.100037E+01
 0.000000E+00   0.000000E+00   0.000000E+00   0.000000E+00   0.000000E+00   0.000000E+00   0.000000E+00   0.000000E+00   0.000000E+00   0.000000E+00   0.154567E+01   0.150426E+01   0.146634E+01   0.143159E+01   0.139972E+01   0.137718E+01   0.134401E+01   0.131676E+01   0.129775E+01   0.127844E+01   0.125851E+01   0.123954E+01   0.122296E+01   0.120856E+01   0.119317E+01   0.118109E+01   0.116886E+01   0.115848E+01   0.114608E+01   0.113846E+01   0.113104E+01   0.112114E+01   0.111059E+01   0.110378E+01   0.109705E+01   0.109077E+01   0.108489E+01   0.107940E+01   0.107426E+01   0.106944E+01   0.106502E+01   0.106156E+01   0.105715E+01   0.105237E+01   0.104811E+01   0.104435E+01   0.104099E+01   0.103794E+01   0.103521E+01   0.103272E+01   0.103045E+01   0.102839E+01   0.102650E+01   0.102476E+01   0.102315E+01   0.102167E+01   0.102030E+01   0.101904E+01   0.101786E+01   0.101677E+01   0.101574E+01   0.101477E+01   0.101389E+01   0.103145E+01   0.103048E+01   0.102888E+01   0.102728E+01   0.102578E+01   0.102436E+01   0.102304E+01   0.102186E+01   0.102110E+01   0.101370E+01   0.101067E+01   0.100904E+01   0.100794E+01   0.100713E+01   0.100651E+01   0.100599E+01   0.100552E+01   0.100512E+01   0.100481E+01   0.100449E+01   0.100394E+01   0.100375E+01   0.100351E+01   0.100331E+01   0.100311E+01   0.100294E+01   0.100277E+01   0.100262E+01   0.100250E+01   0.100240E+01   0.100228E+01   0.100216E+01   0.100204E+01   0.100193E+01   0.100184E+01   0.100177E+01   0.100167E+01   0.100158E+01   0.100150E+01   0.100142E+01   0.100134E+01   0.100127E+01   0.100121E+01   0.100114E+01   0.100108E+01   0.100102E+01   0.100097E+01   0.100092E+01   0.100087E+01   0.100083E+01   0.100078E+01   0.100074E+01   0.100070E+01   0.100067E+01   0.100063E+01   0.100060E+01   0.100057E+01   0.100054E+01   0.100051E+01   0.100048E+01   0.100046E+01   0.100044E+01   0.100041E+01   0.100039E+01   0.100037E+01
 0.000000E+00   0.000000E+00   0.000000E+00   0.000000E+00   0.000000E+00   0.000000E+00   0.000000E+00   0.000000E+00   0.000000E+00   0.000000E+00   0.154567E+01   0.150426E+01   0.146634E+01   0.143159E+01   0.139972E+01   0.137718E+01   0.134401E+01   0.131676E+01   0.129815E+01   0.127931E+01   0.125933E+01   0.124030E+01   0.122360E+01   0.120918E+01   0.119374E+01   0.118162E+01   0.116934E+01   0.115885E+01   0.114660E+01   0.113866E+01   0.113124E+01   0.112112E+01   0.111195E+01   0.110398E+01   0.109725E+01   0.109095E+01   0.108506E+01   0.107955E+01   0.107440E+01   0.106957E+01   0.106512E+01   0.106161E+01   0.105715E+01   0.105237E+01   0.104811E+01   0.104435E+01   0.104099E+01   0.103794E+01   0.103521E+01   0.103272E+01   0.103045E+01   0.102839E+01   0.102650E+01   0.102476E+01   0.102315E+01   0.102167E+01   0.102030E+01   0.101904E+01   0.101786E+01   0.101677E+01   0.101574E+01   0.101477E+01   0.101389E+01   0.103146E+01   0.103048E+01   0.102888E+01   0.102728E+01   0.102578E+01   0.102436E+01   0.102305E+01   0.102186E+01   0.102111E+01   0.101370E+01   0.101067E+01   0.100904E+01   0.100794E+01   0.100713E+01   0.100651E+01   0.100599E+01   0.100552E+01   0.100512E+01   0.100481E+01   0.100449E+01   0.100394E+01   0.100375E+01   0.100351E+01   0.100331E+01   0.100311E+01   0.100294E+01   0.100277E+01   0.100262E+01   0.100250E+01   0.100240E+01   0.100228E+01   0.100216E+01   0.100204E+01   0.100194E+01   0.100184E+01   0.100177E+01   0.100167E+01   0.100158E+01   0.100150E+01   0.100142E+01   0.100134E+01   0.100127E+01   0.100121E+01   0.100114E+01   0.100108E+01   0.100102E+01   0.100097E+01   0.100092E+01   0.100087E+01   0.100083E+01   0.100078E+01   0.100074E+01   0.100070E+01   0.100067E+01   0.100063E+01   0.100060E+01   0.100057E+01   0.100054E+01   0.100051E+01   0.100048E+01   0.100046E+01   0.100044E+01   0.100041E+01   0.100039E+01   0.100037E+01
 0.000000E+00   0.000000E+00   0.000000E+00   0.000000E+00   0.000000E+00   0.000000E+00   0.000000E+00   0.000000E+00   0.000000E+00   0.000000E+00   0.154567E+01   0.150426E+01   0.146634E+01   0.143159E+01   0.139972E+01   0.137718E+01   0.134401E+01   0.131676E+01   0.129856E+01   0.128019E+01   0.126015E+01   0.124109E+01   0.122426E+01   0.120981E+01   0.119434E+01   0.118216E+01   0.116982E+01   0.115922E+01   0.114714E+01   0.113886E+01   0.113145E+01   0.112113E+01   0.111333E+01   0.110415E+01   0.109746E+01   0.109114E+01   0.108524E+01   0.107971E+01   0.107454E+01   0.106970E+01   0.106523E+01   0.106167E+01   0.105715E+01   0.105237E+01   0.104811E+01   0.104435E+01   0.104099E+01   0.103794E+01   0.103521E+01   0.103272E+01   0.103045E+01   0.102839E+01   0.102650E+01   0.102476E+01   0.102315E+01   0.102167E+01   0.102030E+01   0.101904E+01   0.101786E+01   0.101677E+01   0.101574E+01   0.101477E+01   0.101389E+01   0.103146E+01   0.103048E+01   0.102888E+01   0.102728E+01   0.102578E+01   0.102436E+01   0.102305E+01   0.102186E+01   0.102111E+01   0.101370E+01   0.101067E+01   0.100904E+01   0.100794E+01   0.100713E+01   0.100651E+01   0.100599E+01   0.100552E+01   0.100512E+01   0.100481E+01   0.100449E+01   0.100394E+01   0.100375E+01   0.100351E+01   0.100331E+01   0.100311E+01   0.100294E+01   0.100277E+01   0.100262E+01   0.100250E+01   0.100240E+01   0.100228E+01   0.100216E+01   0.100204E+01   0.100194E+01   0.100185E+01   0.100177E+01   0.100167E+01   0.100158E+01   0.100150E+01   0.100142E+01   0.100134E+01   0.100127E+01   0.100121E+01   0.100114E+01   0.100108E+01   0.100102E+01   0.100097E+01   0.100092E+01   0.100087E+01   0.100083E+01   0.100078E+01   0.100074E+01   0.100070E+01   0.100067E+01   0.100063E+01   0.100060E+01   0.100057E+01   0.100054E+01   0.100051E+01   0.100048E+01   0.100046E+01   0.100044E+01   0.100041E+01   0.100039E+01   0.100037E+01
 0.000000E+00   0.000000E+00   0.000000E+00   0.000000E+00   0.000000E+00   0.000000E+00   0.000000E+00   0.000000E+00   0.000000E+00   0.000000E+00   0.154567E+01   0.150426E+01   0.146634E+01   0.143159E+01   0.139972E+01   0.137718E+01   0.134401E+01   0.131676E+01   0.129898E+01   0.128107E+01   0.126100E+01   0.124191E+01   0.122494E+01   0.121044E+01   0.119496E+01   0.118268E+01   0.117031E+01   0.115959E+01   0.114770E+01   0.113908E+01   0.113166E+01   0.112117E+01   0.111429E+01   0.110429E+01   0.109767E+01   0.109134E+01   0.108542E+01   0.107988E+01   0.107469E+01   0.106983E+01   0.106535E+01   0.106173E+01   0.105715E+01   0.105237E+01   0.104811E+01   0.104435E+01   0.104099E+01   0.103794E+01   0.103521E+01   0.103272E+01   0.103045E+01   0.102839E+01   0.102650E+01   0.102476E+01   0.102315E+01   0.102167E+01   0.102030E+01   0.101904E+01   0.101786E+01   0.101677E+01   0.101574E+01   0.101477E+01   0.101389E+01   0.103146E+01   0.103048E+01   0.102888E+01   0.102728E+01   0.102578E+01   0.102436E+01   0.102305E+01   0.102186E+01   0.102111E+01   0.101370E+01   0.101067E+01   0.100904E+01   0.100794E+01   0.100713E+01   0.100651E+01   0.100599E+01   0.100552E+01   0.100512E+01   0.100481E+01   0.100449E+01   0.100394E+01   0.100375E+01   0.100351E+01   0.100331E+01   0.100311E+01   0.100294E+01   0.100277E+01   0.100262E+01   0.100250E+01   0.100240E+01   0.100228E+01   0.100216E+01   0.100204E+01   0.100194E+01   0.100185E+01   0.100177E+01   0.100167E+01   0.100158E+01   0.100150E+01   0.100142E+01   0.100134E+01   0.100127E+01   0.100121E+01   0.100114E+01   0.100108E+01   0.100102E+01   0.100097E+01   0.100092E+01   0.100087E+01   0.100083E+01   0.100078E+01   0.100074E+01   0.100070E+01   0.100067E+01   0.100063E+01   0.100060E+01   0.100057E+01   0.100054E+01   0.100051E+01   0.100048E+01   0.100046E+01   0.100044E+01   0.100041E+01   0.100039E+01   0.100037E+01
 0.000000E+00   0.000000E+00   0.000000E+00   0.000000E+00   0.000000E+00   0.000000E+00   0.000000E+00   0.000000E+00   0.000000E+00   0.000000E+00   0.154567E+01   0.150426E+01   0.146634E+01   0.143159E+01   0.139972E+01   0.137718E+01   0.134401E+01   0.131676E+01   0.129941E+01   0.128196E+01   0.126186E+01   0.124274E+01   0.122564E+01   0.121107E+01   0.119561E+01   0.118321E+01   0.117081E+01   0.115998E+01   0.114829E+01   0.113930E+01   0.113189E+01   0.112124E+01   0.111495E+01   0.110442E+01   0.109790E+01   0.109155E+01   0.108560E+01   0.108005E+01   0.107484E+01   0.106996E+01   0.106546E+01   0.106179E+01   0.105715E+01   0.105237E+01   0.104811E+01   0.104435E+01   0.104099E+01   0.103794E+01   0.103521E+01   0.103272E+01   0.103045E+01   0.102839E+01   0.102650E+01   0.102476E+01   0.102315E+01   0.102167E+01   0.102030E+01   0.101904E+01   0.101786E+01   0.101677E+01   0.101574E+01   0.101477E+01   0.101389E+01   0.103146E+01   0.103048E+01   0.102888E+01   0.102728E+01   0.102578E+01   0.102436E+01   0.102305E+01   0.102186E+01   0.102111E+01   0.101370E+01   0.101067E+01   0.100904E+01   0.100794E+01   0.100713E+01   0.100651E+01   0.100599E+01   0.100552E+01   0.100512E+01   0.100481E+01   0.100449E+01   0.100394E+01   0.100375E+01   0.100351E+01   0.100331E+01   0.100311E+01   0.100294E+01   0.100277E+01   0.100262E+01   0.100250E+01   0.100241E+01   0.100228E+01   0.100216E+01   0.100204E+01   0.100194E+01   0.100185E+01   0.100177E+01   0.100167E+01   0.100158E+01   0.100150E+01   0.100142E+01   0.100134E+01   0.100127E+01   0.100121E+01   0.100114E+01   0.100108E+01   0.100102E+01   0.100097E+01   0.100092E+01   0.100087E+01   0.100083E+01   0.100078E+01   0.100074E+01   0.100070E+01   0.100067E+01   0.100063E+01   0.100060E+01   0.100057E+01   0.100054E+01   0.100051E+01   0.100048E+01   0.100046E+01   0.100044E+01   0.100041E+01   0.100039E+01   0.100037E+01
 0.000000E+00   0.000000E+00   0.000000E+00   0.000000E+00   0.000000E+00   0.000000E+00   0.000000E+00   0.000000E+00   0.000000E+00   0.000000E+00   0.154567E+01   0.150426E+01   0.146634E+01   0.143159E+01   0.139972E+01   0.137718E+01   0.134401E+01   0.131676E+01   0.129986E+01   0.128285E+01   0.126273E+01   0.124360E+01   0.122636E+01   0.121171E+01   0.119628E+01   0.118374E+01   0.117132E+01   0.116036E+01   0.114888E+01   0.113955E+01   0.113211E+01   0.112134E+01   0.111543E+01   0.110457E+01   0.109813E+01   0.109176E+01   0.108580E+01   0.108022E+01   0.107500E+01   0.107011E+01   0.106559E+01   0.106186E+01   0.105715E+01   0.105237E+01   0.104811E+01   0.104435E+01   0.104099E+01   0.103794E+01   0.103521E+01   0.103272E+01   0.103045E+01   0.102839E+01   0.102650E+01   0.102476E+01   0.102315E+01   0.102167E+01   0.102030E+01   0.101904E+01   0.101786E+01   0.101677E+01   0.101574E+01   0.101477E+01   0.101389E+01   0.103147E+01   0.103048E+01   0.102888E+01   0.102729E+01   0.102579E+01   0.102436E+01   0.102305E+01   0.102187E+01   0.102111E+01   0.101370E+01   0.101067E+01   0.100904E+01   0.100794E+01   0.100713E+01   0.100651E+01   0.100599E+01   0.100552E+01   0.100512E+01   0.100481E+01   0.100449E+01   0.100394E+01   0.100375E+01   0.100351E+01   0.100331E+01   0.100311E+01   0.100294E+01   0.100277E+01   0.100262E+01   0.100250E+01   0.100241E+01   0.100228E+01   0.100216E+01   0.100204E+01   0.100194E+01   0.100185E+01   0.100177E+01   0.100168E+01   0.100159E+01   0.100150E+01   0.100142E+01   0.100135E+01   0.100127E+01   0.100121E+01   0.100114E+01   0.100108E+01   0.100103E+01   0.100097E+01   0.100092E+01   0.100087E+01   0.100083E+01   0.100078E+01   0.100074E+01   0.100070E+01   0.100067E+01   0.100063E+01   0.100060E+01   0.100057E+01   0.100054E+01   0.100051E+01   0.100048E+01   0.100046E+01   0.100044E+01   0.100041E+01   0.100039E+01   0.100037E+01
 0.000000E+00   0.000000E+00   0.000000E+00   0.000000E+00   0.000000E+00   0.000000E+00   0.000000E+00   0.000000E+00   0.000000E+00   0.000000E+00   0.154567E+01   0.150426E+01   0.146634E+01   0.143159E+01   0.139972E+01   0.137718E+01   0.134401E+01   0.131676E+01   0.130031E+01   0.128373E+01   0.126363E+01   0.124448E+01   0.122710E+01   0.121235E+01   0.119697E+01   0.118428E+01   0.117184E+01   0.116076E+01   0.114947E+01   0.113980E+01   0.113233E+01   0.112146E+01   0.111580E+01   0.110472E+01   0.109837E+01   0.109197E+01   0.108600E+01   0.108040E+01   0.107517E+01   0.107025E+01   0.106572E+01   0.106193E+01   0.105715E+01   0.105237E+01   0.104811E+01   0.104435E+01   0.104099E+01   0.103794E+01   0.103521E+01   0.103272E+01   0.103045E+01   0.102839E+01   0.102650E+01   0.102476E+01   0.102315E+01   0.102167E+01   0.102030E+01   0.101904E+01   0.101786E+01   0.101677E+01   0.101574E+01   0.101477E+01   0.101389E+01   0.103147E+01   0.103048E+01   0.102888E+01   0.102729E+01   0.102579E+01   0.102436E+01   0.102305E+01   0.102187E+01   0.102111E+01   0.101370E+01   0.101067E+01   0.100904E+01   0.100794E+01   0.100713E+01   0.100651E+01   0.100599E+01   0.100552E+01   0.100512E+01   0.100481E+01   0.100449E+01   0.100394E+01   0.100375E+01   0.100351E+01   0.100331E+01   0.100311E+01   0.100294E+01   0.100277E+01   0.100262E+01   0.100250E+01   0.100241E+01   0.100228E+01   0.100216E+01   0.100204E+01   0.100194E+01   0.100185E+01   0.100177E+01   0.100168E+01   0.100159E+01   0.100150E+01   0.100142E+01   0.100135E+01   0.100127E+01   0.100121E+01   0.100114E+01   0.100108E+01   0.100103E+01   0.100097E+01   0.100092E+01   0.100087E+01   0.100083E+01   0.100078E+01   0.100074E+01   0.100071E+01   0.100067E+01   0.100063E+01   0.100060E+01   0.100057E+01   0.100054E+01   0.100051E+01   0.100048E+01   0.100046E+01   0.100044E+01   0.100041E+01   0.100039E+01   0.100037E+01
 0.000000E+00   0.000000E+00   0.000000E+00   0.000000E+00   0.000000E+00   0.000000E+00   0.000000E+00   0.000000E+00   0.000000E+00   0.000000E+00   0.154567E+01   0.150426E+01   0.146634E+01   0.143159E+01   0.139972E+01   0.137718E+01   0.134401E+01   0.131676E+01   0.130078E+01   0.128461E+01   0.126454E+01   0.124537E+01   0.122786E+01   0.121300E+01   0.119769E+01   0.118482E+01   0.117237E+01   0.116118E+01   0.115007E+01   0.114008E+01   0.113255E+01   0.112160E+01   0.111610E+01   0.110488E+01   0.109862E+01   0.109220E+01   0.108620E+01   0.108059E+01   0.107534E+01   0.107041E+01   0.106585E+01   0.106200E+01   0.105715E+01   0.105237E+01   0.104811E+01   0.104435E+01   0.104099E+01   0.103794E+01   0.103521E+01   0.103272E+01   0.103045E+01   0.102839E+01   0.102650E+01   0.102476E+01   0.102315E+01   0.102167E+01   0.102030E+01   0.101904E+01   0.101786E+01   0.101677E+01   0.101574E+01   0.101477E+01   0.101389E+01   0.103147E+01   0.103048E+01   0.102888E+01   0.102729E+01   0.102579E+01   0.102436E+01   0.102305E+01   0.102187E+01   0.102111E+01   0.101370E+01   0.101067E+01   0.100904E+01   0.100794E+01   0.100713E+01   0.100651E+01   0.100599E+01   0.100552E+01   0.100512E+01   0.100481E+01   0.100449E+01   0.100394E+01   0.100375E+01   0.100351E+01   0.100331E+01   0.100311E+01   0.100294E+01   0.100277E+01   0.100262E+01   0.100251E+01   0.100241E+01   0.100228E+01   0.100216E+01   0.100205E+01   0.100194E+01   0.100185E+01   0.100177E+01   0.100168E+01   0.100159E+01   0.100150E+01   0.100142E+01   0.100135E+01   0.100127E+01   0.100121E+01   0.100114E+01   0.100108E+01   0.100103E+01   0.100097E+01   0.100092E+01   0.100087E+01   0.100083E+01   0.100078E+01   0.100074E+01   0.100071E+01   0.100067E+01   0.100063E+01   0.100060E+01   0.100057E+01   0.100054E+01   0.100051E+01   0.100048E+01   0.100046E+01   0.100044E+01   0.100041E+01   0.100039E+01   0.100037E+01
 0.000000E+00   0.000000E+00   0.000000E+00   0.000000E+00   0.000000E+00   0.000000E+00   0.000000E+00   0.000000E+00   0.000000E+00   0.000000E+00   0.154567E+01   0.150426E+01   0.146634E+01   0.143159E+01   0.139972E+01   0.137718E+01   0.134401E+01   0.131676E+01   0.130084E+01   0.128510E+01   0.126547E+01   0.124628E+01   0.122863E+01   0.121366E+01   0.119842E+01   0.118536E+01   0.117291E+01   0.116160E+01   0.115065E+01   0.114037E+01   0.113276E+01   0.112176E+01   0.111635E+01   0.110504E+01   0.109888E+01   0.109243E+01   0.108641E+01   0.108078E+01   0.107551E+01   0.107057E+01   0.106600E+01   0.106208E+01   0.105723E+01   0.105237E+01   0.104811E+01   0.104435E+01   0.104099E+01   0.103794E+01   0.103521E+01   0.103272E+01   0.103045E+01   0.102839E+01   0.102650E+01   0.102476E+01   0.102315E+01   0.102167E+01   0.102030E+01   0.101904E+01   0.101786E+01   0.101677E+01   0.101574E+01   0.101477E+01   0.101389E+01   0.103147E+01   0.103048E+01   0.102888E+01   0.102729E+01   0.102579E+01   0.102437E+01   0.102305E+01   0.102187E+01   0.102111E+01   0.101370E+01   0.101067E+01   0.100904E+01   0.100794E+01   0.100713E+01   0.100651E+01   0.100599E+01   0.100552E+01   0.100512E+01   0.100481E+01   0.100449E+01   0.100394E+01   0.100375E+01   0.100351E+01   0.100331E+01   0.100311E+01   0.100294E+01   0.100277E+01   0.100262E+01   0.100251E+01   0.100241E+01   0.100228E+01   0.100216E+01   0.100205E+01   0.100194E+01   0.100185E+01   0.100177E+01   0.100168E+01   0.100159E+01   0.100150E+01   0.100142E+01   0.100135E+01   0.100127E+01   0.100121E+01   0.100114E+01   0.100108E+01   0.100103E+01   0.100097E+01   0.100092E+01   0.100087E+01   0.100083E+01   0.100078E+01   0.100074E+01   0.100071E+01   0.100067E+01   0.100063E+01   0.100060E+01   0.100057E+01   0.100054E+01   0.100051E+01   0.100048E+01   0.100046E+01   0.100044E+01   0.100041E+01   0.100039E+01   0.100037E+01
 0.000000E+00   0.000000E+00   0.000000E+00   0.000000E+00   0.000000E+00   0.000000E+00   0.000000E+00   0.000000E+00   0.000000E+00   0.000000E+00   0.154567E+01   0.150426E+01   0.146634E+01   0.143159E+01   0.139972E+01   0.137718E+01   0.134401E+01   0.131676E+01   0.130084E+01   0.128556E+01   0.126644E+01   0.124721E+01   0.122942E+01   0.121432E+01   0.119917E+01   0.118591E+01   0.117346E+01   0.116204E+01   0.115123E+01   0.114068E+01   0.113297E+01   0.112209E+01   0.111657E+01   0.110521E+01   0.109914E+01   0.109267E+01   0.108663E+01   0.108098E+01   0.107569E+01   0.107073E+01   0.106614E+01   0.106216E+01   0.105829E+01   0.105237E+01   0.104811E+01   0.104435E+01   0.104099E+01   0.103794E+01   0.103521E+01   0.103272E+01   0.103045E+01   0.102839E+01   0.102650E+01   0.102476E+01   0.102315E+01   0.102167E+01   0.102030E+01   0.101904E+01   0.101786E+01   0.101677E+01   0.101574E+01   0.101477E+01   0.101389E+01   0.103147E+01   0.103048E+01   0.102888E+01   0.102729E+01   0.102579E+01   0.102437E+01   0.102305E+01   0.102187E+01   0.102111E+01   0.101370E+01   0.101067E+01   0.100904E+01   0.100794E+01   0.100713E+01   0.100651E+01   0.100599E+01   0.100552E+01   0.100512E+01   0.100481E+01   0.100449E+01   0.100394E+01   0.100375E+01   0.100351E+01   0.100331E+01   0.100311E+01   0.100294E+01   0.100277E+01   0.100262E+01   0.100251E+01   0.100241E+01   0.100228E+01   0.100216E+01   0.100205E+01   0.100194E+01   0.100185E+01   0.100177E+01   0.100168E+01   0.100159E+01   0.100150E+01   0.100142E+01   0.100135E+01   0.100127E+01   0.100121E+01   0.100114E+01   0.100108E+01   0.100103E+01   0.100097E+01   0.100092E+01   0.100087E+01   0.100083E+01   0.100078E+01   0.100074E+01   0.100071E+01   0.100067E+01   0.100063E+01   0.100060E+01   0.100057E+01   0.100054E+01   0.100051E+01   0.100048E+01   0.100046E+01   0.100044E+01   0.100041E+01   0.100039E+01   0.100037E+01
 0.000000E+00   0.000000E+00   0.000000E+00   0.000000E+00   0.000000E+00   0.000000E+00   0.000000E+00   0.000000E+00   0.000000E+00   0.000000E+00   0.154567E+01   0.150426E+01   0.146634E+01   0.143159E+01   0.139972E+01   0.137718E+01   0.134401E+01   0.131676E+01   0.130084E+01   0.128605E+01   0.126742E+01   0.124815E+01   0.123024E+01   0.121499E+01   0.119994E+01   0.118647E+01   0.117402E+01   0.116250E+01   0.115179E+01   0.114101E+01   0.113320E+01   0.112545E+01   0.111657E+01   0.110539E+01   0.109940E+01   0.109291E+01   0.108685E+01   0.108118E+01   0.107588E+01   0.107090E+01   0.106629E+01   0.106226E+01   0.105958E+01   0.105237E+01   0.104811E+01   0.104435E+01   0.104099E+01   0.103794E+01   0.103521E+01   0.103272E+01   0.103045E+01   0.102839E+01   0.102650E+01   0.102476E+01   0.102315E+01   0.102167E+01   0.102030E+01   0.101904E+01   0.101786E+01   0.101677E+01   0.101574E+01   0.101477E+01   0.101389E+01   0.103147E+01   0.103048E+01   0.102888E+01   0.102729E+01   0.102579E+01   0.102437E+01   0.102305E+01   0.102187E+01   0.102111E+01   0.101370E+01   0.101067E+01   0.100904E+01   0.100794E+01   0.100713E+01   0.100651E+01   0.100599E+01   0.100552E+01   0.100512E+01   0.100481E+01   0.100449E+01   0.100394E+01   0.100375E+01   0.100351E+01   0.100331E+01   0.100311E+01   0.100294E+01   0.100277E+01   0.100262E+01   0.100251E+01   0.100241E+01   0.100228E+01   0.100217E+01   0.100205E+01   0.100194E+01   0.100185E+01   0.100177E+01   0.100168E+01   0.100159E+01   0.100150E+01   0.100142E+01   0.100135E+01   0.100127E+01   0.100121E+01   0.100114E+01   0.100108E+01   0.100103E+01   0.100097E+01   0.100092E+01   0.100087E+01   0.100083E+01   0.100078E+01   0.100074E+01   0.100071E+01   0.100067E+01   0.100063E+01   0.100060E+01   0.100057E+01   0.100054E+01   0.100051E+01   0.100048E+01   0.100046E+01   0.100044E+01   0.100041E+01   0.100039E+01   0.100037E+01
 0.000000E+00   0.000000E+00   0.000000E+00   0.000000E+00   0.000000E+00   0.000000E+00   0.000000E+00   0.000000E+00   0.000000E+00   0.000000E+00   0.154567E+01   0.150426E+01   0.146634E+01   0.143159E+01   0.139972E+01   0.137718E+01   0.134401E+01   0.131676E+01   0.130084E+01   0.128656E+01   0.126841E+01   0.124910E+01   0.123107E+01   0.121568E+01   0.120071E+01   0.118705E+01   0.117460E+01   0.116297E+01   0.115234E+01   0.114137E+01   0.113345E+01   0.112682E+01   0.111646E+01   0.110556E+01   0.109968E+01   0.109316E+01   0.108708E+01   0.108139E+01   0.107607E+01   0.107108E+01   0.106645E+01   0.106237E+01   0.105965E+01   0.105237E+01   0.104811E+01   0.104435E+01   0.104099E+01   0.103794E+01   0.103521E+01   0.103272E+01   0.103045E+01   0.102839E+01   0.102650E+01   0.102476E+01   0.102315E+01   0.102167E+01   0.102030E+01   0.101904E+01   0.101786E+01   0.101677E+01   0.101574E+01   0.101477E+01   0.101389E+01   0.103147E+01   0.103048E+01   0.102888E+01   0.102729E+01   0.102579E+01   0.102437E+01   0.102305E+01   0.102187E+01   0.102111E+01   0.101370E+01   0.101067E+01   0.100904E+01   0.100794E+01   0.100713E+01   0.100651E+01   0.100599E+01   0.100552E+01   0.100512E+01   0.100481E+01   0.100449E+01   0.100394E+01   0.100375E+01   0.100351E+01   0.100331E+01   0.100311E+01   0.100294E+01   0.100277E+01   0.100262E+01   0.100251E+01   0.100241E+01   0.100228E+01   0.100217E+01   0.100205E+01   0.100194E+01   0.100185E+01   0.100177E+01   0.100168E+01   0.100159E+01   0.100150E+01   0.100142E+01   0.100135E+01   0.100127E+01   0.100121E+01   0.100114E+01   0.100108E+01   0.100103E+01   0.100097E+01   0.100092E+01   0.100087E+01   0.100083E+01   0.100078E+01   0.100074E+01   0.100071E+01   0.100067E+01   0.100063E+01   0.100060E+01   0.100057E+01   0.100054E+01   0.100051E+01   0.100048E+01   0.100046E+01   0.100044E+01   0.100041E+01   0.100039E+01   0.100037E+01
 0.000000E+00   0.000000E+00   0.000000E+00   0.000000E+00   0.000000E+00   0.000000E+00   0.000000E+00   0.000000E+00   0.000000E+00   0.000000E+00   0.154567E+01   0.150426E+01   0.146634E+01   0.143159E+01   0.139972E+01   0.137718E+01   0.134401E+01   0.131676E+01   0.130084E+01   0.128708E+01   0.126938E+01   0.125006E+01   0.123192E+01   0.121637E+01   0.120149E+01   0.118764E+01   0.117518E+01   0.116346E+01   0.115289E+01   0.114175E+01   0.113372E+01   0.112741E+01   0.111638E+01   0.110607E+01   0.109995E+01   0.109342E+01   0.108732E+01   0.108161E+01   0.107627E+01   0.107126E+01   0.106662E+01   0.106249E+01   0.105973E+01   0.105237E+01   0.104811E+01   0.104435E+01   0.104099E+01   0.103794E+01   0.103521E+01   0.103272E+01   0.103045E+01   0.102839E+01   0.102650E+01   0.102476E+01   0.102315E+01   0.102167E+01   0.102030E+01   0.101904E+01   0.101786E+01   0.101677E+01   0.101574E+01   0.101477E+01   0.101389E+01   0.103148E+01   0.103048E+01   0.102887E+01   0.102729E+01   0.102579E+01   0.102437E+01   0.102305E+01   0.102187E+01   0.102111E+01   0.101370E+01   0.101067E+01   0.100904E+01   0.100794E+01   0.100713E+01   0.100651E+01   0.100599E+01   0.100552E+01   0.100512E+01   0.100481E+01   0.100449E+01   0.100394E+01   0.100375E+01   0.100351E+01   0.100331E+01   0.100311E+01   0.100294E+01   0.100277E+01   0.100262E+01   0.100251E+01   0.100241E+01   0.100229E+01   0.100217E+01   0.100205E+01   0.100194E+01   0.100185E+01   0.100177E+01   0.100168E+01   0.100159E+01   0.100150E+01   0.100142E+01   0.100135E+01   0.100127E+01   0.100121E+01   0.100114E+01   0.100108E+01   0.100103E+01   0.100097E+01   0.100092E+01   0.100087E+01   0.100083E+01   0.100078E+01   0.100074E+01   0.100071E+01   0.100067E+01   0.100063E+01   0.100060E+01   0.100057E+01   0.100054E+01   0.100051E+01   0.100048E+01   0.100046E+01   0.100044E+01   0.100041E+01   0.100039E+01   0.100037E+01
 0.000000E+00   0.000000E+00   0.000000E+00   0.000000E+00   0.000000E+00   0.000000E+00   0.000000E+00   0.000000E+00   0.000000E+00   0.000000E+00   0.154567E+01   0.150426E+01   0.146634E+01   0.143159E+01   0.139972E+01   0.137718E+01   0.134401E+01   0.131676E+01   0.130084E+01   0.128760E+01   0.127035E+01   0.125104E+01   0.123280E+01   0.121708E+01   0.120227E+01   0.118824E+01   0.117577E+01   0.116397E+01   0.115342E+01   0.114215E+01   0.113402E+01   0.112779E+01   0.111638E+01   0.110728E+01   0.110021E+01   0.109369E+01   0.108756E+01   0.108183E+01   0.107647E+01   0.107145E+01   0.106679E+01   0.106262E+01   0.105982E+01   0.105237E+01   0.104811E+01   0.104435E+01   0.104099E+01   0.103794E+01   0.103521E+01   0.103272E+01   0.103045E+01   0.102839E+01   0.102650E+01   0.102476E+01   0.102315E+01   0.102167E+01   0.102030E+01   0.101904E+01   0.101786E+01   0.101677E+01   0.101574E+01   0.101477E+01   0.101389E+01   0.103148E+01   0.103048E+01   0.102887E+01   0.102729E+01   0.102579E+01   0.102437E+01   0.102306E+01   0.102187E+01   0.102111E+01   0.101370E+01   0.101067E+01   0.100904E+01   0.100794E+01   0.100713E+01   0.100651E+01   0.100599E+01   0.100552E+01   0.100512E+01   0.100481E+01   0.100449E+01   0.100394E+01   0.100375E+01   0.100351E+01   0.100331E+01   0.100311E+01   0.100294E+01   0.100277E+01   0.100262E+01   0.100251E+01   0.100241E+01   0.100229E+01   0.100217E+01   0.100205E+01   0.100194E+01   0.100185E+01   0.100177E+01   0.100168E+01   0.100159E+01   0.100150E+01   0.100142E+01   0.100135E+01   0.100127E+01   0.100121E+01   0.100114E+01   0.100108E+01   0.100103E+01   0.100097E+01   0.100092E+01   0.100087E+01   0.100083E+01   0.100078E+01   0.100074E+01   0.100071E+01   0.100067E+01   0.100063E+01   0.100060E+01   0.100057E+01   0.100054E+01   0.100051E+01   0.100048E+01   0.100046E+01   0.100044E+01   0.100041E+01   0.100039E+01   0.100037E+01
 0.000000E+00   0.000000E+00   0.000000E+00   0.000000E+00   0.000000E+00   0.000000E+00   0.000000E+00   0.000000E+00   0.000000E+00   0.000000E+00   0.154567E+01   0.150426E+01   0.146634E+01   0.143159E+01   0.139972E+01   0.137718E+01   0.134401E+01   0.131676E+01   0.130084E+01   0.128812E+01   0.127131E+01   0.125203E+01   0.123369E+01   0.121781E+01   0.120306E+01   0.118886E+01   0.117637E+01   0.116449E+01   0.115395E+01   0.114259E+01   0.113433E+01   0.112809E+01   0.111645E+01   0.110857E+01   0.110045E+01   0.109396E+01   0.108781E+01   0.108206E+01   0.107668E+01   0.107164E+01   0.106696E+01   0.106276E+01   0.105991E+01   0.105237E+01   0.104811E+01   0.104435E+01   0.104099E+01   0.103794E+01   0.103521E+01   0.103272E+01   0.103045E+01   0.102839E+01   0.102650E+01   0.102476E+01   0.102315E+01   0.102167E+01   0.102030E+01   0.101904E+01   0.101786E+01   0.101677E+01   0.101574E+01   0.101477E+01   0.101389E+01   0.103148E+01   0.103048E+01   0.102887E+01   0.102729E+01   0.102579E+01   0.102437E+01   0.102306E+01   0.102187E+01   0.102111E+01   0.101370E+01   0.101067E+01   0.100904E+01   0.100794E+01   0.100713E+01   0.100651E+01   0.100599E+01   0.100552E+01   0.100512E+01   0.100481E+01   0.100449E+01   0.100394E+01   0.100375E+01   0.100351E+01   0.100331E+01   0.100311E+01   0.100294E+01   0.100277E+01   0.100262E+01   0.100251E+01   0.100242E+01   0.100229E+01   0.100217E+01   0.100205E+01   0.100194E+01   0.100185E+01   0.100177E+01   0.100168E+01   0.100159E+01   0.100150E+01   0.100142E+01   0.100135E+01   0.100127E+01   0.100121E+01   0.100114E+01   0.100108E+01   0.100103E+01   0.100097E+01   0.100092E+01   0.100087E+01   0.100083E+01   0.100078E+01   0.100074E+01   0.100071E+01   0.100067E+01   0.100063E+01   0.100060E+01   0.100057E+01   0.100054E+01   0.100051E+01   0.100048E+01   0.100046E+01   0.100044E+01   0.100041E+01   0.100039E+01   0.100037E+01
 0.000000E+00   0.000000E+00   0.000000E+00   0.000000E+00   0.000000E+00   0.000000E+00   0.000000E+00   0.000000E+00   0.000000E+00   0.000000E+00   0.154567E+01   0.150426E+01   0.146634E+01   0.143159E+01   0.139972E+01   0.137718E+01   0.134401E+01   0.131676E+01   0.130084E+01   0.128865E+01   0.127226E+01   0.125304E+01   0.123460E+01   0.121854E+01   0.120385E+01   0.118950E+01   0.117698E+01   0.116503E+01   0.115447E+01   0.114305E+01   0.113465E+01   0.112837E+01   0.111655E+01   0.110956E+01   0.110067E+01   0.109424E+01   0.108807E+01   0.108230E+01   0.107690E+01   0.107184E+01   0.106714E+01   0.106291E+01   0.106000E+01   0.105237E+01   0.104811E+01   0.104435E+01   0.104099E+01   0.103794E+01   0.103521E+01   0.103272E+01   0.103045E+01   0.102839E+01   0.102650E+01   0.102476E+01   0.102315E+01   0.102167E+01   0.102030E+01   0.101904E+01   0.101786E+01   0.101677E+01   0.101574E+01   0.101477E+01   0.101389E+01   0.103148E+01   0.103048E+01   0.102887E+01   0.102729E+01   0.102579E+01   0.102437E+01   0.102306E+01   0.102187E+01   0.102111E+01   0.101370E+01   0.101067E+01   0.100904E+01   0.100794E+01   0.100713E+01   0.100651E+01   0.100599E+01   0.100552E+01   0.100512E+01   0.100481E+01   0.100449E+01   0.100394E+01   0.100375E+01   0.100351E+01   0.100331E+01   0.100311E+01   0.100294E+01   0.100277E+01   0.100262E+01   0.100252E+01   0.100242E+01   0.100229E+01   0.100217E+01   0.100205E+01   0.100194E+01   0.100185E+01   0.100177E+01   0.100168E+01   0.100159E+01   0.100150E+01   0.100142E+01   0.100135E+01   0.100128E+01   0.100121E+01   0.100114E+01   0.100108E+01   0.100103E+01   0.100097E+01   0.100092E+01   0.100087E+01   0.100083E+01   0.100078E+01   0.100074E+01   0.100071E+01   0.100067E+01   0.100063E+01   0.100060E+01   0.100057E+01   0.100054E+01   0.100051E+01   0.100048E+01   0.100046E+01   0.100044E+01   0.100041E+01   0.100039E+01   0.100037E+01
 0.000000E+00   0.000000E+00   0.000000E+00   0.000000E+00   0.000000E+00   0.000000E+00   0.000000E+00   0.000000E+00   0.000000E+00   0.000000E+00   0.154567E+01   0.150426E+01   0.146634E+01   0.143159E+01   0.139972E+01   0.137718E+01   0.134401E+01   0.131676E+01   0.130084E+01   0.128917E+01   0.127319E+01   0.125405E+01   0.123553E+01   0.121929E+01   0.120463E+01   0.119016E+01   0.117760E+01   0.116558E+01   0.115499E+01   0.114355E+01   0.113500E+01   0.112863E+01   0.111670E+01   0.111024E+01   0.110087E+01   0.109453E+01   0.108833E+01   0.108254E+01   0.107712E+01   0.107204E+01   0.106732E+01   0.106306E+01   0.106009E+01   0.105237E+01   0.104811E+01   0.104435E+01   0.104099E+01   0.103794E+01   0.103521E+01   0.103272E+01   0.103045E+01   0.102839E+01   0.102650E+01   0.102476E+01   0.102315E+01   0.102167E+01   0.102030E+01   0.101904E+01   0.101786E+01   0.101677E+01   0.101574E+01   0.101477E+01   0.101389E+01   0.103148E+01   0.103048E+01   0.102887E+01   0.102729E+01   0.102579E+01   0.102437E+01   0.102306E+01   0.102187E+01   0.102111E+01   0.101370E+01   0.101067E+01   0.100904E+01   0.100794E+01   0.100713E+01   0.100651E+01   0.100599E+01   0.100552E+01   0.100512E+01   0.100481E+01   0.100449E+01   0.100394E+01   0.100375E+01   0.100351E+01   0.100331E+01   0.100311E+01   0.100294E+01   0.100277E+01   0.100262E+01   0.100252E+01   0.100242E+01   0.100229E+01   0.100217E+01   0.100205E+01   0.100194E+01   0.100185E+01   0.100177E+01   0.100168E+01   0.100159E+01   0.100150E+01   0.100142E+01   0.100135E+01   0.100128E+01   0.100121E+01   0.100114E+01   0.100108E+01   0.100103E+01   0.100097E+01   0.100092E+01   0.100087E+01   0.100083E+01   0.100078E+01   0.100074E+01   0.100071E+01   0.100067E+01   0.100063E+01   0.100060E+01   0.100057E+01   0.100054E+01   0.100051E+01   0.100048E+01   0.100046E+01   0.100044E+01   0.100041E+01   0.100039E+01   0.100037E+01
