 0.970000E+00   0.970000E+00   0.970000E+00   0.970000E+00   0.970000E+00   0.970000E+00   0.970000E+00   0.970000E+00   0.970000E+00   0.970000E+00   0.627577E+00   0.644851E+00   0.661528E+00   0.677585E+00   0.693010E+00   0.707799E+00   0.721950E+00   0.735538E+00   0.748426E+00   0.760703E+00   0.772388E+00   0.783495E+00   0.794047E+00   0.804062E+00   0.813564E+00   0.822571E+00   0.831107E+00   0.839190E+00   0.846841E+00   0.854081E+00   0.860927E+00   0.867398E+00   0.873511E+00   0.879284E+00   0.884731E+00   0.889871E+00   0.894715E+00   0.899281E+00   0.903670E+00   0.907710E+00   0.911511E+00   0.915085E+00   0.918445E+00   0.921602E+00   0.924567E+00   0.927351E+00   0.929964E+00   0.932416E+00   0.934716E+00   0.936873E+00   0.938895E+00   0.940791E+00   0.942567E+00   0.944233E+00   0.945878E+00   0.947329E+00   0.948690E+00   0.970000E+00   0.970000E+00   0.970000E+00   0.970000E+00   0.970000E+00   0.970000E+00   0.970000E+00   0.970000E+00   0.970000E+00   0.970000E+00   0.970000E+00   0.970000E+00   0.970000E+00   0.970000E+00   0.961454E+00   0.961938E+00   0.962393E+00   0.962822E+00   0.963226E+00   0.963606E+00   0.963964E+00   0.964301E+00   0.964619E+00   0.964918E+00   0.965201E+00   0.965467E+00   0.965718E+00   0.965954E+00   0.966177E+00   0.966387E+00   0.966586E+00   0.966773E+00   0.966950E+00   0.967117E+00   0.967369E+00   0.967508E+00   0.967640E+00   0.967765E+00   0.967883E+00   0.967995E+00   0.968101E+00   0.968201E+00   0.968296E+00   0.968387E+00   0.968472E+00   0.968553E+00   0.968629E+00   0.968702E+00   0.968770E+00   0.968836E+00   0.968897E+00   0.968955E+00   0.969011E+00   0.969063E+00   0.969113E+00   0.969160E+00   0.969204E+00   0.969246E+00   0.969286E+00   0.969324E+00   0.969360E+00   0.969394E+00   0.969426E+00   0.969456E+00   0.969485E+00   0.969512E+00   0.969538E+00   0.969562E+00   0.969586E+00   0.969607E+00   0.969628E+00
 0.970000E+00   0.970000E+00   0.970000E+00   0.970000E+00   0.970000E+00   0.970000E+00   0.970000E+00   0.970000E+00   0.970000E+00   0.970000E+00   0.970000E+00   0.970000E+00   0.970000E+00   0.970000E+00   0.970000E+00   0.970000E+00   0.970000E+00   0.970000E+00   0.970000E+00   0.970000E+00   0.970000E+00   0.970000E+00   0.970000E+00   0.970000E+00   0.970000E+00   0.970000E+00   0.970000E+00   0.970000E+00   0.970000E+00   0.970000E+00   0.970000E+00   0.970000E+00   0.970000E+00   0.970000E+00   0.970000E+00   0.970000E+00   0.970000E+00   0.970000E+00   0.970000E+00   0.970000E+00   0.970000E+00   0.970000E+00   0.970000E+00   0.970000E+00   0.970000E+00   0.970000E+00   0.970000E+00   0.970000E+00   0.970000E+00   0.970000E+00   0.970000E+00   0.970000E+00   0.970000E+00   0.970000E+00   0.970000E+00   0.970000E+00   0.970000E+00   0.970000E+00   0.970000E+00   0.970000E+00   0.970000E+00   0.970000E+00   0.970000E+00   0.970000E+00   0.970000E+00   0.970000E+00   0.970000E+00   0.970000E+00   0.970000E+00   0.970000E+00   0.962191E+00   0.962538E+00   0.962933E+00   0.963310E+00   0.963669E+00   0.964008E+00   0.964330E+00   0.964634E+00   0.964921E+00   0.965192E+00   0.965448E+00   0.965672E+00   0.970000E+00   0.966194E+00   0.970000E+00   0.970000E+00   0.970000E+00   0.970000E+00   0.970000E+00   0.970000E+00   0.970000E+00   0.967627E+00   0.967741E+00   0.967853E+00   0.967961E+00   0.968063E+00   0.968161E+00   0.968254E+00   0.968342E+00   0.968425E+00   0.968505E+00   0.968580E+00   0.968652E+00   0.968720E+00   0.968784E+00   0.968845E+00   0.968903E+00   0.968959E+00   0.969011E+00   0.969061E+00   0.969108E+00   0.969153E+00   0.969196E+00   0.969236E+00   0.969275E+00   0.969312E+00   0.969347E+00   0.969380E+00   0.969411E+00   0.969441E+00   0.969470E+00   0.969497E+00   0.969523E+00   0.969547E+00   0.969570E+00   0.969592E+00   0.969613E+00   0.969637E+00
 0.970000E+00   0.970000E+00   0.970000E+00   0.970000E+00   0.970000E+00   0.970000E+00   0.970000E+00   0.970000E+00   0.970000E+00   0.970000E+00   0.970000E+00   0.970000E+00   0.970000E+00   0.970000E+00   0.970000E+00   0.970000E+00   0.970000E+00   0.970000E+00   0.970000E+00   0.970000E+00   0.970000E+00   0.970000E+00   0.970000E+00   0.970000E+00   0.970000E+00   0.970000E+00   0.970000E+00   0.970000E+00   0.970000E+00   0.970000E+00   0.970000E+00   0.970000E+00   0.970000E+00   0.970000E+00   0.970000E+00   0.970000E+00   0.970000E+00   0.970000E+00   0.970000E+00   0.970000E+00   0.970000E+00   0.970000E+00   0.970000E+00   0.970000E+00   0.970000E+00   0.970000E+00   0.970000E+00   0.970000E+00   0.970000E+00   0.970000E+00   0.970000E+00   0.970000E+00   0.970000E+00   0.970000E+00   0.970000E+00   0.970000E+00   0.970000E+00   0.970000E+00   0.970000E+00   0.970000E+00   0.970000E+00   0.970000E+00   0.970000E+00   0.970000E+00   0.970000E+00   0.970000E+00   0.970000E+00   0.970000E+00   0.970000E+00   0.970000E+00   0.970000E+00   0.970000E+00   0.970000E+00   0.963407E+00   0.963706E+00   0.964036E+00   0.964351E+00   0.964651E+00   0.964936E+00   0.965206E+00   0.965460E+00   0.965701E+00   0.965901E+00   0.970000E+00   0.970000E+00   0.970000E+00   0.970000E+00   0.970000E+00   0.970000E+00   0.970000E+00   0.970000E+00   0.970000E+00   0.967757E+00   0.967862E+00   0.967967E+00   0.968069E+00   0.968166E+00   0.968258E+00   0.968346E+00   0.968430E+00   0.968509E+00   0.968584E+00   0.968656E+00   0.968723E+00   0.968788E+00   0.968849E+00   0.968907E+00   0.968962E+00   0.969014E+00   0.969063E+00   0.969110E+00   0.969155E+00   0.969198E+00   0.969238E+00   0.969277E+00   0.969313E+00   0.969348E+00   0.969381E+00   0.969412E+00   0.969442E+00   0.969471E+00   0.969498E+00   0.969523E+00   0.969548E+00   0.969571E+00   0.969593E+00   0.969614E+00   0.969638E+00
 0.970000E+00   0.970000E+00   0.970000E+00   0.970000E+00   0.970000E+00   0.970000E+00   0.970000E+00   0.970000E+00   0.970000E+00   0.970000E+00   0.970000E+00   0.970000E+00   0.970000E+00   0.970000E+00   0.970000E+00   0.970000E+00   0.970000E+00   0.970000E+00   0.970000E+00   0.970000E+00   0.970000E+00   0.970000E+00   0.970000E+00   0.970000E+00   0.970000E+00   0.970000E+00   0.970000E+00   0.970000E+00   0.970000E+00   0.970000E+00   0.970000E+00   0.970000E+00   0.970000E+00   0.970000E+00   0.970000E+00   0.970000E+00   0.970000E+00   0.970000E+00   0.970000E+00   0.970000E+00   0.970000E+00   0.970000E+00   0.970000E+00   0.970000E+00   0.970000E+00   0.970000E+00   0.970000E+00   0.970000E+00   0.970000E+00   0.970000E+00   0.970000E+00   0.970000E+00   0.970000E+00   0.970000E+00   0.970000E+00   0.970000E+00   0.970000E+00   0.970000E+00   0.970000E+00   0.970000E+00   0.970000E+00   0.970000E+00   0.970000E+00   0.970000E+00   0.970000E+00   0.970000E+00   0.970000E+00   0.970000E+00   0.970000E+00   0.970000E+00   0.970000E+00   0.970000E+00   0.970000E+00   0.963392E+00   0.963698E+00   0.964031E+00   0.964347E+00   0.964648E+00   0.964933E+00   0.965203E+00   0.965458E+00   0.965698E+00   0.965900E+00   0.970000E+00   0.970000E+00   0.970000E+00   0.970000E+00   0.970000E+00   0.970000E+00   0.970000E+00   0.970000E+00   0.970000E+00   0.967757E+00   0.967861E+00   0.967967E+00   0.968069E+00   0.968166E+00   0.968258E+00   0.968346E+00   0.968430E+00   0.968509E+00   0.968584E+00   0.968656E+00   0.968723E+00   0.968788E+00   0.968849E+00   0.968907E+00   0.968962E+00   0.969014E+00   0.969063E+00   0.969111E+00   0.969155E+00   0.969198E+00   0.969238E+00   0.969277E+00   0.969313E+00   0.969348E+00   0.969381E+00   0.969413E+00   0.969442E+00   0.969471E+00   0.969498E+00   0.969523E+00   0.969548E+00   0.969571E+00   0.969593E+00   0.969614E+00   0.969638E+00
 0.970000E+00   0.970000E+00   0.970000E+00   0.970000E+00   0.970000E+00   0.970000E+00   0.970000E+00   0.970000E+00   0.970000E+00   0.970000E+00   0.970000E+00   0.970000E+00   0.970000E+00   0.970000E+00   0.970000E+00   0.970000E+00   0.970000E+00   0.970000E+00   0.970000E+00   0.970000E+00   0.970000E+00   0.970000E+00   0.970000E+00   0.970000E+00   0.970000E+00   0.970000E+00   0.970000E+00   0.970000E+00   0.970000E+00   0.970000E+00   0.970000E+00   0.970000E+00   0.970000E+00   0.970000E+00   0.970000E+00   0.970000E+00   0.970000E+00   0.970000E+00   0.970000E+00   0.970000E+00   0.970000E+00   0.970000E+00   0.970000E+00   0.970000E+00   0.970000E+00   0.970000E+00   0.970000E+00   0.970000E+00   0.970000E+00   0.970000E+00   0.970000E+00   0.970000E+00   0.970000E+00   0.970000E+00   0.970000E+00   0.970000E+00   0.970000E+00   0.970000E+00   0.970000E+00   0.970000E+00   0.970000E+00   0.970000E+00   0.970000E+00   0.970000E+00   0.970000E+00   0.970000E+00   0.970000E+00   0.970000E+00   0.970000E+00   0.970000E+00   0.970000E+00   0.970000E+00   0.970000E+00   0.963376E+00   0.963688E+00   0.964025E+00   0.964343E+00   0.964645E+00   0.964930E+00   0.965200E+00   0.965455E+00   0.965696E+00   0.965897E+00   0.970000E+00   0.970000E+00   0.970000E+00   0.970000E+00   0.970000E+00   0.970000E+00   0.970000E+00   0.970000E+00   0.970000E+00   0.967757E+00   0.967861E+00   0.967967E+00   0.968068E+00   0.968166E+00   0.968258E+00   0.968346E+00   0.968430E+00   0.968509E+00   0.968584E+00   0.968656E+00   0.968723E+00   0.968788E+00   0.968849E+00   0.968907E+00   0.968962E+00   0.969014E+00   0.969063E+00   0.969111E+00   0.969155E+00   0.969198E+00   0.969238E+00   0.969277E+00   0.969313E+00   0.969348E+00   0.969381E+00   0.969413E+00   0.969442E+00   0.969471E+00   0.969498E+00   0.969523E+00   0.969548E+00   0.969571E+00   0.969593E+00   0.969614E+00   0.969638E+00
 0.970000E+00   0.970000E+00   0.970000E+00   0.970000E+00   0.970000E+00   0.970000E+00   0.970000E+00   0.970000E+00   0.970000E+00   0.970000E+00   0.970000E+00   0.970000E+00   0.970000E+00   0.970000E+00   0.970000E+00   0.970000E+00   0.970000E+00   0.970000E+00   0.970000E+00   0.970000E+00   0.970000E+00   0.970000E+00   0.970000E+00   0.970000E+00   0.970000E+00   0.970000E+00   0.970000E+00   0.970000E+00   0.970000E+00   0.970000E+00   0.970000E+00   0.970000E+00   0.970000E+00   0.970000E+00   0.970000E+00   0.970000E+00   0.970000E+00   0.970000E+00   0.970000E+00   0.970000E+00   0.970000E+00   0.970000E+00   0.970000E+00   0.970000E+00   0.970000E+00   0.970000E+00   0.970000E+00   0.970000E+00   0.970000E+00   0.970000E+00   0.970000E+00   0.970000E+00   0.970000E+00   0.970000E+00   0.970000E+00   0.970000E+00   0.970000E+00   0.970000E+00   0.970000E+00   0.970000E+00   0.970000E+00   0.970000E+00   0.970000E+00   0.970000E+00   0.970000E+00   0.970000E+00   0.970000E+00   0.970000E+00   0.970000E+00   0.970000E+00   0.970000E+00   0.970000E+00   0.970000E+00   0.963363E+00   0.963680E+00   0.964020E+00   0.964339E+00   0.964641E+00   0.964926E+00   0.965196E+00   0.965452E+00   0.965693E+00   0.965894E+00   0.970000E+00   0.970000E+00   0.970000E+00   0.970000E+00   0.970000E+00   0.970000E+00   0.970000E+00   0.970000E+00   0.970000E+00   0.967756E+00   0.967861E+00   0.967966E+00   0.968068E+00   0.968165E+00   0.968258E+00   0.968346E+00   0.968429E+00   0.968509E+00   0.968584E+00   0.968655E+00   0.968723E+00   0.968788E+00   0.968849E+00   0.968907E+00   0.968962E+00   0.969014E+00   0.969064E+00   0.969111E+00   0.969155E+00   0.969198E+00   0.969238E+00   0.969277E+00   0.969313E+00   0.969348E+00   0.969381E+00   0.969413E+00   0.969443E+00   0.969471E+00   0.969498E+00   0.969523E+00   0.969548E+00   0.969571E+00   0.969593E+00   0.969614E+00   0.969638E+00
 0.970000E+00   0.970000E+00   0.970000E+00   0.970000E+00   0.970000E+00   0.970000E+00   0.970000E+00   0.970000E+00   0.970000E+00   0.970000E+00   0.970000E+00   0.970000E+00   0.970000E+00   0.970000E+00   0.970000E+00   0.970000E+00   0.970000E+00   0.970000E+00   0.970000E+00   0.970000E+00   0.970000E+00   0.970000E+00   0.970000E+00   0.970000E+00   0.970000E+00   0.970000E+00   0.970000E+00   0.970000E+00   0.970000E+00   0.970000E+00   0.970000E+00   0.970000E+00   0.970000E+00   0.970000E+00   0.970000E+00   0.970000E+00   0.970000E+00   0.970000E+00   0.970000E+00   0.970000E+00   0.970000E+00   0.970000E+00   0.970000E+00   0.970000E+00   0.970000E+00   0.970000E+00   0.970000E+00   0.970000E+00   0.970000E+00   0.970000E+00   0.970000E+00   0.970000E+00   0.970000E+00   0.970000E+00   0.970000E+00   0.970000E+00   0.970000E+00   0.970000E+00   0.970000E+00   0.970000E+00   0.970000E+00   0.970000E+00   0.970000E+00   0.970000E+00   0.970000E+00   0.970000E+00   0.970000E+00   0.970000E+00   0.970000E+00   0.970000E+00   0.970000E+00   0.970000E+00   0.970000E+00   0.963352E+00   0.963673E+00   0.964015E+00   0.964335E+00   0.964637E+00   0.964923E+00   0.965193E+00   0.965448E+00   0.965690E+00   0.965891E+00   0.970000E+00   0.970000E+00   0.970000E+00   0.970000E+00   0.970000E+00   0.970000E+00   0.970000E+00   0.970000E+00   0.970000E+00   0.967756E+00   0.967860E+00   0.967966E+00   0.968068E+00   0.968165E+00   0.968258E+00   0.968346E+00   0.968429E+00   0.968509E+00   0.968584E+00   0.968655E+00   0.968723E+00   0.968788E+00   0.968849E+00   0.968907E+00   0.968962E+00   0.969014E+00   0.969064E+00   0.969111E+00   0.969156E+00   0.969198E+00   0.969239E+00   0.969277E+00   0.969314E+00   0.969348E+00   0.969381E+00   0.969413E+00   0.969443E+00   0.969471E+00   0.969498E+00   0.969524E+00   0.969548E+00   0.969571E+00   0.969593E+00   0.969614E+00   0.969638E+00
 0.970000E+00   0.970000E+00   0.970000E+00   0.970000E+00   0.970000E+00   0.970000E+00   0.970000E+00   0.970000E+00   0.970000E+00   0.970000E+00   0.970000E+00   0.970000E+00   0.970000E+00   0.970000E+00   0.970000E+00   0.970000E+00   0.970000E+00   0.970000E+00   0.970000E+00   0.970000E+00   0.970000E+00   0.970000E+00   0.970000E+00   0.970000E+00   0.970000E+00   0.970000E+00   0.970000E+00   0.970000E+00   0.970000E+00   0.970000E+00   0.970000E+00   0.970000E+00   0.970000E+00   0.970000E+00   0.970000E+00   0.970000E+00   0.970000E+00   0.970000E+00   0.970000E+00   0.970000E+00   0.970000E+00   0.970000E+00   0.970000E+00   0.970000E+00   0.970000E+00   0.970000E+00   0.970000E+00   0.970000E+00   0.970000E+00   0.970000E+00   0.970000E+00   0.970000E+00   0.970000E+00   0.970000E+00   0.970000E+00   0.970000E+00   0.970000E+00   0.970000E+00   0.970000E+00   0.970000E+00   0.970000E+00   0.970000E+00   0.970000E+00   0.970000E+00   0.970000E+00   0.970000E+00   0.970000E+00   0.970000E+00   0.970000E+00   0.970000E+00   0.970000E+00   0.970000E+00   0.970000E+00   0.963342E+00   0.963666E+00   0.964010E+00   0.964331E+00   0.964634E+00   0.964919E+00   0.965190E+00   0.965445E+00   0.965687E+00   0.965889E+00   0.970000E+00   0.970000E+00   0.970000E+00   0.970000E+00   0.970000E+00   0.970000E+00   0.970000E+00   0.970000E+00   0.970000E+00   0.967756E+00   0.967860E+00   0.967966E+00   0.968068E+00   0.968165E+00   0.968258E+00   0.968346E+00   0.968429E+00   0.968509E+00   0.968584E+00   0.968655E+00   0.968723E+00   0.968788E+00   0.968849E+00   0.968907E+00   0.968962E+00   0.969014E+00   0.969064E+00   0.969111E+00   0.969156E+00   0.969198E+00   0.969239E+00   0.969277E+00   0.969314E+00   0.969348E+00   0.969381E+00   0.969413E+00   0.969443E+00   0.969471E+00   0.969498E+00   0.969524E+00   0.969548E+00   0.969571E+00   0.969593E+00   0.969614E+00   0.969638E+00
 0.970000E+00   0.970000E+00   0.970000E+00   0.970000E+00   0.970000E+00   0.970000E+00   0.970000E+00   0.970000E+00   0.970000E+00   0.970000E+00   0.970000E+00   0.970000E+00   0.970000E+00   0.970000E+00   0.970000E+00   0.970000E+00   0.970000E+00   0.970000E+00   0.970000E+00   0.970000E+00   0.970000E+00   0.970000E+00   0.970000E+00   0.970000E+00   0.970000E+00   0.970000E+00   0.970000E+00   0.970000E+00   0.970000E+00   0.970000E+00   0.970000E+00   0.970000E+00   0.970000E+00   0.970000E+00   0.970000E+00   0.970000E+00   0.970000E+00   0.970000E+00   0.970000E+00   0.970000E+00   0.970000E+00   0.970000E+00   0.970000E+00   0.970000E+00   0.970000E+00   0.970000E+00   0.970000E+00   0.970000E+00   0.970000E+00   0.970000E+00   0.970000E+00   0.970000E+00   0.970000E+00   0.970000E+00   0.970000E+00   0.970000E+00   0.970000E+00   0.970000E+00   0.970000E+00   0.970000E+00   0.970000E+00   0.970000E+00   0.970000E+00   0.970000E+00   0.970000E+00   0.970000E+00   0.970000E+00   0.970000E+00   0.970000E+00   0.970000E+00   0.970000E+00   0.970000E+00   0.970000E+00   0.963333E+00   0.963660E+00   0.964004E+00   0.964327E+00   0.964630E+00   0.964916E+00   0.965186E+00   0.965442E+00   0.965684E+00   0.965886E+00   0.970000E+00   0.970000E+00   0.970000E+00   0.970000E+00   0.970000E+00   0.970000E+00   0.970000E+00   0.970000E+00   0.970000E+00   0.967756E+00   0.967859E+00   0.967965E+00   0.968067E+00   0.968165E+00   0.968257E+00   0.968345E+00   0.968429E+00   0.968508E+00   0.968584E+00   0.968655E+00   0.968723E+00   0.968787E+00   0.968849E+00   0.968907E+00   0.968962E+00   0.969014E+00   0.969064E+00   0.969111E+00   0.969156E+00   0.969198E+00   0.969239E+00   0.969277E+00   0.969314E+00   0.969348E+00   0.969381E+00   0.969413E+00   0.969443E+00   0.969471E+00   0.969498E+00   0.969524E+00   0.969548E+00   0.969571E+00   0.969593E+00   0.969614E+00   0.969638E+00
 0.970000E+00   0.970000E+00   0.970000E+00   0.970000E+00   0.970000E+00   0.970000E+00   0.970000E+00   0.970000E+00   0.970000E+00   0.970000E+00   0.970000E+00   0.970000E+00   0.970000E+00   0.970000E+00   0.970000E+00   0.970000E+00   0.970000E+00   0.970000E+00   0.970000E+00   0.970000E+00   0.970000E+00   0.970000E+00   0.970000E+00   0.970000E+00   0.970000E+00   0.970000E+00   0.970000E+00   0.970000E+00   0.970000E+00   0.970000E+00   0.970000E+00   0.970000E+00   0.970000E+00   0.970000E+00   0.970000E+00   0.970000E+00   0.970000E+00   0.970000E+00   0.970000E+00   0.970000E+00   0.970000E+00   0.970000E+00   0.970000E+00   0.970000E+00   0.970000E+00   0.970000E+00   0.970000E+00   0.970000E+00   0.970000E+00   0.970000E+00   0.970000E+00   0.970000E+00   0.970000E+00   0.970000E+00   0.970000E+00   0.970000E+00   0.970000E+00   0.970000E+00   0.970000E+00   0.970000E+00   0.970000E+00   0.970000E+00   0.970000E+00   0.970000E+00   0.970000E+00   0.970000E+00   0.970000E+00   0.970000E+00   0.970000E+00   0.970000E+00   0.970000E+00   0.970000E+00   0.970000E+00   0.963323E+00   0.963654E+00   0.963999E+00   0.964322E+00   0.964626E+00   0.964912E+00   0.965183E+00   0.965439E+00   0.965681E+00   0.965883E+00   0.970000E+00   0.970000E+00   0.970000E+00   0.970000E+00   0.970000E+00   0.970000E+00   0.970000E+00   0.970000E+00   0.970000E+00   0.967755E+00   0.967859E+00   0.967965E+00   0.968067E+00   0.968164E+00   0.968257E+00   0.968345E+00   0.968429E+00   0.968508E+00   0.968584E+00   0.968655E+00   0.968723E+00   0.968787E+00   0.968849E+00   0.968907E+00   0.968962E+00   0.969014E+00   0.969064E+00   0.969111E+00   0.969156E+00   0.969198E+00   0.969239E+00   0.969277E+00   0.969314E+00   0.969348E+00   0.969381E+00   0.969413E+00   0.969443E+00   0.969471E+00   0.969498E+00   0.969524E+00   0.969548E+00   0.969571E+00   0.969593E+00   0.969614E+00   0.969638E+00
 0.970000E+00   0.970000E+00   0.970000E+00   0.970000E+00   0.970000E+00   0.970000E+00   0.970000E+00   0.970000E+00   0.970000E+00   0.970000E+00   0.970000E+00   0.970000E+00   0.970000E+00   0.970000E+00   0.970000E+00   0.970000E+00   0.970000E+00   0.970000E+00   0.970000E+00   0.970000E+00   0.970000E+00   0.970000E+00   0.970000E+00   0.970000E+00   0.970000E+00   0.970000E+00   0.970000E+00   0.970000E+00   0.970000E+00   0.970000E+00   0.970000E+00   0.970000E+00   0.970000E+00   0.970000E+00   0.970000E+00   0.970000E+00   0.970000E+00   0.970000E+00   0.970000E+00   0.970000E+00   0.970000E+00   0.970000E+00   0.970000E+00   0.970000E+00   0.970000E+00   0.970000E+00   0.970000E+00   0.970000E+00   0.970000E+00   0.970000E+00   0.970000E+00   0.970000E+00   0.970000E+00   0.970000E+00   0.970000E+00   0.970000E+00   0.970000E+00   0.970000E+00   0.970000E+00   0.970000E+00   0.970000E+00   0.970000E+00   0.970000E+00   0.970000E+00   0.970000E+00   0.970000E+00   0.970000E+00   0.970000E+00   0.970000E+00   0.970000E+00   0.970000E+00   0.970000E+00   0.970000E+00   0.963314E+00   0.963648E+00   0.963994E+00   0.964318E+00   0.964622E+00   0.964909E+00   0.965179E+00   0.965435E+00   0.965677E+00   0.965880E+00   0.970000E+00   0.970000E+00   0.970000E+00   0.970000E+00   0.970000E+00   0.970000E+00   0.970000E+00   0.970000E+00   0.970000E+00   0.967755E+00   0.967859E+00   0.967965E+00   0.968067E+00   0.968164E+00   0.968257E+00   0.968345E+00   0.968429E+00   0.968508E+00   0.968584E+00   0.968655E+00   0.968723E+00   0.968787E+00   0.968849E+00   0.968907E+00   0.968962E+00   0.969014E+00   0.969064E+00   0.969111E+00   0.969156E+00   0.969198E+00   0.969239E+00   0.969277E+00   0.969314E+00   0.969349E+00   0.969382E+00   0.969413E+00   0.969443E+00   0.969471E+00   0.969498E+00   0.969524E+00   0.969548E+00   0.969571E+00   0.969593E+00   0.969614E+00   0.969638E+00
 0.970000E+00   0.970000E+00   0.970000E+00   0.970000E+00   0.970000E+00   0.970000E+00   0.970000E+00   0.970000E+00   0.970000E+00   0.970000E+00   0.970000E+00   0.970000E+00   0.970000E+00   0.970000E+00   0.970000E+00   0.970000E+00   0.970000E+00   0.970000E+00   0.970000E+00   0.970000E+00   0.970000E+00   0.970000E+00   0.970000E+00   0.970000E+00   0.970000E+00   0.970000E+00   0.970000E+00   0.970000E+00   0.970000E+00   0.970000E+00   0.970000E+00   0.970000E+00   0.970000E+00   0.970000E+00   0.970000E+00   0.970000E+00   0.970000E+00   0.970000E+00   0.970000E+00   0.970000E+00   0.970000E+00   0.970000E+00   0.970000E+00   0.970000E+00   0.970000E+00   0.970000E+00   0.970000E+00   0.970000E+00   0.970000E+00   0.970000E+00   0.970000E+00   0.970000E+00   0.970000E+00   0.970000E+00   0.970000E+00   0.970000E+00   0.970000E+00   0.970000E+00   0.970000E+00   0.970000E+00   0.970000E+00   0.970000E+00   0.970000E+00   0.970000E+00   0.970000E+00   0.970000E+00   0.970000E+00   0.970000E+00   0.970000E+00   0.970000E+00   0.970000E+00   0.970000E+00   0.970000E+00   0.963303E+00   0.963643E+00   0.963988E+00   0.964313E+00   0.964618E+00   0.964905E+00   0.965176E+00   0.965432E+00   0.965674E+00   0.965877E+00   0.970000E+00   0.970000E+00   0.970000E+00   0.970000E+00   0.970000E+00   0.970000E+00   0.970000E+00   0.970000E+00   0.970000E+00   0.967755E+00   0.967858E+00   0.967964E+00   0.968066E+00   0.968164E+00   0.968257E+00   0.968345E+00   0.968428E+00   0.968508E+00   0.968583E+00   0.968655E+00   0.968723E+00   0.968787E+00   0.968849E+00   0.968907E+00   0.968962E+00   0.969014E+00   0.969064E+00   0.969111E+00   0.969156E+00   0.969198E+00   0.969239E+00   0.969277E+00   0.969314E+00   0.969349E+00   0.969382E+00   0.969413E+00   0.969443E+00   0.969471E+00   0.969498E+00   0.969524E+00   0.969548E+00   0.969571E+00   0.969593E+00   0.969614E+00   0.969638E+00
 0.970000E+00   0.970000E+00   0.970000E+00   0.970000E+00   0.970000E+00   0.970000E+00   0.970000E+00   0.970000E+00   0.970000E+00   0.970000E+00   0.970000E+00   0.970000E+00   0.970000E+00   0.970000E+00   0.970000E+00   0.970000E+00   0.970000E+00   0.970000E+00   0.970000E+00   0.970000E+00   0.970000E+00   0.970000E+00   0.970000E+00   0.970000E+00   0.970000E+00   0.970000E+00   0.970000E+00   0.970000E+00   0.970000E+00   0.970000E+00   0.970000E+00   0.970000E+00   0.970000E+00   0.970000E+00   0.970000E+00   0.970000E+00   0.970000E+00   0.970000E+00   0.970000E+00   0.970000E+00   0.970000E+00   0.970000E+00   0.970000E+00   0.970000E+00   0.970000E+00   0.970000E+00   0.970000E+00   0.970000E+00   0.970000E+00   0.970000E+00   0.970000E+00   0.970000E+00   0.970000E+00   0.970000E+00   0.970000E+00   0.970000E+00   0.970000E+00   0.970000E+00   0.970000E+00   0.970000E+00   0.970000E+00   0.970000E+00   0.970000E+00   0.970000E+00   0.970000E+00   0.970000E+00   0.970000E+00   0.970000E+00   0.970000E+00   0.970000E+00   0.970000E+00   0.970000E+00   0.970000E+00   0.963293E+00   0.963637E+00   0.963983E+00   0.964309E+00   0.964614E+00   0.964902E+00   0.965172E+00   0.965429E+00   0.965671E+00   0.965874E+00   0.970000E+00   0.970000E+00   0.970000E+00   0.970000E+00   0.970000E+00   0.970000E+00   0.970000E+00   0.970000E+00   0.970000E+00   0.967754E+00   0.967858E+00   0.967964E+00   0.968066E+00   0.968163E+00   0.968256E+00   0.968345E+00   0.968428E+00   0.968508E+00   0.968583E+00   0.968655E+00   0.968723E+00   0.968787E+00   0.968848E+00   0.968907E+00   0.968962E+00   0.969014E+00   0.969064E+00   0.969111E+00   0.969156E+00   0.969198E+00   0.969239E+00   0.969277E+00   0.969314E+00   0.969349E+00   0.969382E+00   0.969413E+00   0.969443E+00   0.969471E+00   0.969498E+00   0.969524E+00   0.969548E+00   0.969571E+00   0.969593E+00   0.969614E+00   0.969638E+00
 0.970000E+00   0.970000E+00   0.970000E+00   0.970000E+00   0.970000E+00   0.970000E+00   0.970000E+00   0.970000E+00   0.970000E+00   0.970000E+00   0.970000E+00   0.970000E+00   0.970000E+00   0.970000E+00   0.970000E+00   0.970000E+00   0.970000E+00   0.970000E+00   0.970000E+00   0.970000E+00   0.970000E+00   0.970000E+00   0.970000E+00   0.970000E+00   0.970000E+00   0.970000E+00   0.970000E+00   0.970000E+00   0.970000E+00   0.970000E+00   0.970000E+00   0.970000E+00   0.970000E+00   0.970000E+00   0.970000E+00   0.970000E+00   0.970000E+00   0.970000E+00   0.970000E+00   0.970000E+00   0.970000E+00   0.970000E+00   0.970000E+00   0.970000E+00   0.970000E+00   0.970000E+00   0.970000E+00   0.970000E+00   0.970000E+00   0.970000E+00   0.970000E+00   0.970000E+00   0.970000E+00   0.970000E+00   0.970000E+00   0.970000E+00   0.970000E+00   0.970000E+00   0.970000E+00   0.970000E+00   0.970000E+00   0.970000E+00   0.970000E+00   0.970000E+00   0.970000E+00   0.970000E+00   0.970000E+00   0.970000E+00   0.970000E+00   0.970000E+00   0.970000E+00   0.970000E+00   0.963013E+00   0.963282E+00   0.963631E+00   0.963978E+00   0.964304E+00   0.964610E+00   0.964898E+00   0.965169E+00   0.965425E+00   0.965668E+00   0.965871E+00   0.970000E+00   0.970000E+00   0.970000E+00   0.970000E+00   0.970000E+00   0.970000E+00   0.970000E+00   0.970000E+00   0.970000E+00   0.967754E+00   0.967857E+00   0.967964E+00   0.968066E+00   0.968163E+00   0.968256E+00   0.968344E+00   0.968428E+00   0.968508E+00   0.968583E+00   0.968655E+00   0.968723E+00   0.968787E+00   0.968848E+00   0.968907E+00   0.968962E+00   0.969014E+00   0.969064E+00   0.969111E+00   0.969156E+00   0.969198E+00   0.969239E+00   0.969277E+00   0.969314E+00   0.969349E+00   0.969382E+00   0.969413E+00   0.969443E+00   0.969471E+00   0.969498E+00   0.969524E+00   0.969548E+00   0.969571E+00   0.969593E+00   0.969614E+00   0.969638E+00
 0.970000E+00   0.970000E+00   0.970000E+00   0.970000E+00   0.970000E+00   0.970000E+00   0.970000E+00   0.970000E+00   0.970000E+00   0.970000E+00   0.970000E+00   0.970000E+00   0.970000E+00   0.970000E+00   0.970000E+00   0.970000E+00   0.970000E+00   0.970000E+00   0.970000E+00   0.970000E+00   0.970000E+00   0.970000E+00   0.970000E+00   0.970000E+00   0.970000E+00   0.970000E+00   0.970000E+00   0.970000E+00   0.970000E+00   0.970000E+00   0.970000E+00   0.970000E+00   0.970000E+00   0.970000E+00   0.970000E+00   0.970000E+00   0.970000E+00   0.970000E+00   0.970000E+00   0.970000E+00   0.970000E+00   0.970000E+00   0.970000E+00   0.970000E+00   0.970000E+00   0.970000E+00   0.970000E+00   0.970000E+00   0.970000E+00   0.970000E+00   0.970000E+00   0.970000E+00   0.970000E+00   0.970000E+00   0.970000E+00   0.970000E+00   0.970000E+00   0.970000E+00   0.970000E+00   0.970000E+00   0.970000E+00   0.970000E+00   0.970000E+00   0.970000E+00   0.970000E+00   0.970000E+00   0.970000E+00   0.970000E+00   0.970000E+00   0.970000E+00   0.970000E+00   0.970000E+00   0.962999E+00   0.963272E+00   0.963625E+00   0.963972E+00   0.964299E+00   0.964606E+00   0.964894E+00   0.965165E+00   0.965422E+00   0.965665E+00   0.965868E+00   0.970000E+00   0.970000E+00   0.970000E+00   0.970000E+00   0.970000E+00   0.970000E+00   0.970000E+00   0.970000E+00   0.970000E+00   0.967754E+00   0.967857E+00   0.967963E+00   0.968065E+00   0.968163E+00   0.968256E+00   0.968344E+00   0.968428E+00   0.968508E+00   0.968583E+00   0.968655E+00   0.968723E+00   0.968787E+00   0.968848E+00   0.968907E+00   0.968962E+00   0.969014E+00   0.969064E+00   0.969111E+00   0.969156E+00   0.969198E+00   0.969239E+00   0.969277E+00   0.969314E+00   0.969349E+00   0.969382E+00   0.969413E+00   0.969443E+00   0.969471E+00   0.969498E+00   0.969524E+00   0.969548E+00   0.969571E+00   0.969593E+00   0.969614E+00   0.969638E+00
 0.970000E+00   0.970000E+00   0.970000E+00   0.970000E+00   0.970000E+00   0.970000E+00   0.970000E+00   0.970000E+00   0.970000E+00   0.970000E+00   0.970000E+00   0.970000E+00   0.970000E+00   0.970000E+00   0.970000E+00   0.970000E+00   0.970000E+00   0.970000E+00   0.970000E+00   0.970000E+00   0.970000E+00   0.970000E+00   0.970000E+00   0.970000E+00   0.970000E+00   0.970000E+00   0.970000E+00   0.970000E+00   0.970000E+00   0.970000E+00   0.970000E+00   0.970000E+00   0.970000E+00   0.970000E+00   0.970000E+00   0.970000E+00   0.970000E+00   0.970000E+00   0.970000E+00   0.970000E+00   0.970000E+00   0.970000E+00   0.970000E+00   0.970000E+00   0.970000E+00   0.970000E+00   0.970000E+00   0.970000E+00   0.970000E+00   0.970000E+00   0.970000E+00   0.970000E+00   0.970000E+00   0.970000E+00   0.970000E+00   0.970000E+00   0.970000E+00   0.970000E+00   0.970000E+00   0.970000E+00   0.970000E+00   0.970000E+00   0.970000E+00   0.970000E+00   0.970000E+00   0.970000E+00   0.970000E+00   0.970000E+00   0.970000E+00   0.970000E+00   0.970000E+00   0.970000E+00   0.962985E+00   0.963262E+00   0.963619E+00   0.963967E+00   0.964295E+00   0.964602E+00   0.964890E+00   0.965162E+00   0.965418E+00   0.965662E+00   0.965865E+00   0.970000E+00   0.970000E+00   0.970000E+00   0.970000E+00   0.970000E+00   0.970000E+00   0.970000E+00   0.970000E+00   0.970000E+00   0.967754E+00   0.967856E+00   0.967963E+00   0.968065E+00   0.968163E+00   0.968256E+00   0.968344E+00   0.968428E+00   0.968507E+00   0.968583E+00   0.968655E+00   0.968723E+00   0.968787E+00   0.968848E+00   0.968907E+00   0.968962E+00   0.969014E+00   0.969064E+00   0.969111E+00   0.969156E+00   0.969198E+00   0.969239E+00   0.969277E+00   0.969314E+00   0.969349E+00   0.969382E+00   0.969413E+00   0.969443E+00   0.969471E+00   0.969498E+00   0.969524E+00   0.969548E+00   0.969571E+00   0.969593E+00   0.969614E+00   0.969638E+00
 0.970000E+00   0.970000E+00   0.970000E+00   0.970000E+00   0.970000E+00   0.970000E+00   0.970000E+00   0.970000E+00   0.970000E+00   0.970000E+00   0.970000E+00   0.970000E+00   0.970000E+00   0.970000E+00   0.970000E+00   0.970000E+00   0.970000E+00   0.970000E+00   0.970000E+00   0.970000E+00   0.970000E+00   0.970000E+00   0.970000E+00   0.970000E+00   0.970000E+00   0.970000E+00   0.970000E+00   0.970000E+00   0.970000E+00   0.970000E+00   0.970000E+00   0.970000E+00   0.970000E+00   0.970000E+00   0.970000E+00   0.970000E+00   0.970000E+00   0.970000E+00   0.970000E+00   0.970000E+00   0.970000E+00   0.970000E+00   0.970000E+00   0.970000E+00   0.970000E+00   0.970000E+00   0.970000E+00   0.970000E+00   0.970000E+00   0.970000E+00   0.970000E+00   0.970000E+00   0.970000E+00   0.970000E+00   0.970000E+00   0.970000E+00   0.970000E+00   0.970000E+00   0.970000E+00   0.970000E+00   0.970000E+00   0.970000E+00   0.970000E+00   0.970000E+00   0.970000E+00   0.970000E+00   0.970000E+00   0.970000E+00   0.970000E+00   0.970000E+00   0.970000E+00   0.970000E+00   0.962970E+00   0.963253E+00   0.963613E+00   0.963961E+00   0.964290E+00   0.964598E+00   0.964887E+00   0.965158E+00   0.965415E+00   0.965658E+00   0.965862E+00   0.970000E+00   0.970000E+00   0.970000E+00   0.970000E+00   0.970000E+00   0.970000E+00   0.970000E+00   0.970000E+00   0.970000E+00   0.967753E+00   0.967856E+00   0.967962E+00   0.968065E+00   0.968162E+00   0.968255E+00   0.968344E+00   0.968428E+00   0.968507E+00   0.968583E+00   0.968655E+00   0.968723E+00   0.968787E+00   0.968848E+00   0.968906E+00   0.968962E+00   0.969014E+00   0.969064E+00   0.969111E+00   0.969156E+00   0.969199E+00   0.969239E+00   0.969277E+00   0.969314E+00   0.969349E+00   0.969382E+00   0.969413E+00   0.969443E+00   0.969471E+00   0.969498E+00   0.969524E+00   0.969548E+00   0.969571E+00   0.969593E+00   0.969614E+00   0.969639E+00
 0.970000E+00   0.970000E+00   0.970000E+00   0.970000E+00   0.970000E+00   0.970000E+00   0.970000E+00   0.970000E+00   0.970000E+00   0.970000E+00   0.970000E+00   0.970000E+00   0.970000E+00   0.970000E+00   0.970000E+00   0.970000E+00   0.970000E+00   0.970000E+00   0.970000E+00   0.970000E+00   0.970000E+00   0.970000E+00   0.970000E+00   0.970000E+00   0.970000E+00   0.970000E+00   0.970000E+00   0.970000E+00   0.970000E+00   0.970000E+00   0.970000E+00   0.970000E+00   0.970000E+00   0.970000E+00   0.970000E+00   0.970000E+00   0.970000E+00   0.970000E+00   0.970000E+00   0.970000E+00   0.970000E+00   0.970000E+00   0.970000E+00   0.970000E+00   0.970000E+00   0.970000E+00   0.970000E+00   0.970000E+00   0.970000E+00   0.970000E+00   0.970000E+00   0.970000E+00   0.970000E+00   0.970000E+00   0.970000E+00   0.970000E+00   0.970000E+00   0.970000E+00   0.970000E+00   0.970000E+00   0.970000E+00   0.970000E+00   0.970000E+00   0.970000E+00   0.970000E+00   0.970000E+00   0.970000E+00   0.970000E+00   0.970000E+00   0.970000E+00   0.970000E+00   0.970000E+00   0.962955E+00   0.963244E+00   0.963607E+00   0.963956E+00   0.964285E+00   0.964593E+00   0.964883E+00   0.965155E+00   0.965411E+00   0.965655E+00   0.965859E+00   0.970000E+00   0.970000E+00   0.970000E+00   0.970000E+00   0.970000E+00   0.970000E+00   0.970000E+00   0.970000E+00   0.970000E+00   0.967753E+00   0.967856E+00   0.967962E+00   0.968064E+00   0.968162E+00   0.968255E+00   0.968343E+00   0.968427E+00   0.968507E+00   0.968583E+00   0.968654E+00   0.968722E+00   0.968787E+00   0.968848E+00   0.968906E+00   0.968962E+00   0.969014E+00   0.969064E+00   0.969111E+00   0.969156E+00   0.969199E+00   0.969239E+00   0.969278E+00   0.969314E+00   0.969349E+00   0.969382E+00   0.969413E+00   0.969443E+00   0.969471E+00   0.969498E+00   0.969524E+00   0.969548E+00   0.969571E+00   0.969593E+00   0.969614E+00   0.969639E+00
 0.970000E+00   0.970000E+00   0.970000E+00   0.970000E+00   0.970000E+00   0.970000E+00   0.970000E+00   0.970000E+00   0.970000E+00   0.970000E+00   0.970000E+00   0.970000E+00   0.970000E+00   0.970000E+00   0.970000E+00   0.970000E+00   0.970000E+00   0.970000E+00   0.970000E+00   0.970000E+00   0.970000E+00   0.970000E+00   0.970000E+00   0.970000E+00   0.970000E+00   0.970000E+00   0.970000E+00   0.970000E+00   0.970000E+00   0.970000E+00   0.970000E+00   0.970000E+00   0.970000E+00   0.970000E+00   0.970000E+00   0.970000E+00   0.970000E+00   0.970000E+00   0.970000E+00   0.970000E+00   0.970000E+00   0.970000E+00   0.970000E+00   0.970000E+00   0.970000E+00   0.970000E+00   0.970000E+00   0.970000E+00   0.970000E+00   0.970000E+00   0.970000E+00   0.970000E+00   0.970000E+00   0.970000E+00   0.970000E+00   0.970000E+00   0.970000E+00   0.970000E+00   0.970000E+00   0.970000E+00   0.970000E+00   0.970000E+00   0.970000E+00   0.970000E+00   0.970000E+00   0.970000E+00   0.970000E+00   0.970000E+00   0.970000E+00   0.970000E+00   0.970000E+00   0.970000E+00   0.962941E+00   0.963235E+00   0.963600E+00   0.963950E+00   0.964280E+00   0.964589E+00   0.964879E+00   0.965151E+00   0.965408E+00   0.965652E+00   0.965856E+00   0.970000E+00   0.970000E+00   0.970000E+00   0.970000E+00   0.970000E+00   0.970000E+00   0.970000E+00   0.970000E+00   0.970000E+00   0.967753E+00   0.967855E+00   0.967962E+00   0.968064E+00   0.968162E+00   0.968255E+00   0.968343E+00   0.968427E+00   0.968507E+00   0.968583E+00   0.968654E+00   0.968722E+00   0.968787E+00   0.968848E+00   0.968906E+00   0.968962E+00   0.969014E+00   0.969064E+00   0.969111E+00   0.969156E+00   0.969199E+00   0.969239E+00   0.969278E+00   0.969314E+00   0.969349E+00   0.969382E+00   0.969413E+00   0.969443E+00   0.969472E+00   0.969498E+00   0.969524E+00   0.969548E+00   0.969572E+00   0.969594E+00   0.969614E+00   0.969639E+00
 0.970000E+00   0.970000E+00   0.970000E+00   0.970000E+00   0.970000E+00   0.970000E+00   0.970000E+00   0.970000E+00   0.970000E+00   0.970000E+00   0.970000E+00   0.970000E+00   0.970000E+00   0.970000E+00   0.970000E+00   0.970000E+00   0.970000E+00   0.970000E+00   0.970000E+00   0.970000E+00   0.970000E+00   0.970000E+00   0.970000E+00   0.970000E+00   0.970000E+00   0.970000E+00   0.970000E+00   0.970000E+00   0.970000E+00   0.970000E+00   0.970000E+00   0.970000E+00   0.970000E+00   0.970000E+00   0.970000E+00   0.970000E+00   0.970000E+00   0.970000E+00   0.970000E+00   0.970000E+00   0.970000E+00   0.970000E+00   0.970000E+00   0.970000E+00   0.970000E+00   0.970000E+00   0.970000E+00   0.970000E+00   0.970000E+00   0.970000E+00   0.970000E+00   0.970000E+00   0.970000E+00   0.970000E+00   0.970000E+00   0.970000E+00   0.970000E+00   0.970000E+00   0.970000E+00   0.970000E+00   0.970000E+00   0.970000E+00   0.970000E+00   0.970000E+00   0.970000E+00   0.970000E+00   0.970000E+00   0.970000E+00   0.970000E+00   0.970000E+00   0.970000E+00   0.970000E+00   0.962926E+00   0.963227E+00   0.963594E+00   0.963945E+00   0.964275E+00   0.964585E+00   0.964875E+00   0.965147E+00   0.965404E+00   0.965648E+00   0.965853E+00   0.970000E+00   0.970000E+00   0.970000E+00   0.970000E+00   0.970000E+00   0.970000E+00   0.970000E+00   0.970000E+00   0.970000E+00   0.967752E+00   0.967855E+00   0.967961E+00   0.968064E+00   0.968161E+00   0.968254E+00   0.968343E+00   0.968427E+00   0.968507E+00   0.968582E+00   0.968654E+00   0.968722E+00   0.968787E+00   0.968848E+00   0.968906E+00   0.968962E+00   0.969014E+00   0.969064E+00   0.969111E+00   0.969156E+00   0.969199E+00   0.969239E+00   0.969278E+00   0.969314E+00   0.969349E+00   0.969382E+00   0.969413E+00   0.969443E+00   0.969472E+00   0.969499E+00   0.969524E+00   0.969548E+00   0.969572E+00   0.969594E+00   0.969614E+00   0.969639E+00
 0.970000E+00   0.970000E+00   0.970000E+00   0.970000E+00   0.970000E+00   0.970000E+00   0.970000E+00   0.970000E+00   0.970000E+00   0.970000E+00   0.970000E+00   0.970000E+00   0.970000E+00   0.970000E+00   0.970000E+00   0.970000E+00   0.970000E+00   0.970000E+00   0.970000E+00   0.970000E+00   0.970000E+00   0.970000E+00   0.970000E+00   0.970000E+00   0.970000E+00   0.970000E+00   0.970000E+00   0.970000E+00   0.970000E+00   0.970000E+00   0.970000E+00   0.970000E+00   0.970000E+00   0.970000E+00   0.970000E+00   0.970000E+00   0.970000E+00   0.970000E+00   0.970000E+00   0.970000E+00   0.970000E+00   0.970000E+00   0.970000E+00   0.970000E+00   0.970000E+00   0.970000E+00   0.970000E+00   0.970000E+00   0.970000E+00   0.970000E+00   0.970000E+00   0.970000E+00   0.970000E+00   0.970000E+00   0.970000E+00   0.970000E+00   0.970000E+00   0.970000E+00   0.970000E+00   0.970000E+00   0.970000E+00   0.970000E+00   0.970000E+00   0.970000E+00   0.970000E+00   0.970000E+00   0.970000E+00   0.970000E+00   0.970000E+00   0.970000E+00   0.970000E+00   0.970000E+00   0.962911E+00   0.963219E+00   0.963588E+00   0.963939E+00   0.964270E+00   0.964580E+00   0.964871E+00   0.965144E+00   0.965401E+00   0.965645E+00   0.965850E+00   0.970000E+00   0.970000E+00   0.970000E+00   0.970000E+00   0.970000E+00   0.970000E+00   0.970000E+00   0.970000E+00   0.970000E+00   0.967752E+00   0.967854E+00   0.967961E+00   0.968063E+00   0.968161E+00   0.968254E+00   0.968343E+00   0.968427E+00   0.968507E+00   0.968582E+00   0.968654E+00   0.968722E+00   0.968787E+00   0.968848E+00   0.968906E+00   0.968962E+00   0.969014E+00   0.969064E+00   0.969111E+00   0.969156E+00   0.969199E+00   0.969239E+00   0.969278E+00   0.969314E+00   0.969349E+00   0.969382E+00   0.969413E+00   0.969443E+00   0.969472E+00   0.969499E+00   0.969524E+00   0.969548E+00   0.969572E+00   0.969594E+00   0.969614E+00   0.969639E+00
 0.970000E+00   0.970000E+00   0.970000E+00   0.970000E+00   0.970000E+00   0.970000E+00   0.970000E+00   0.970000E+00   0.970000E+00   0.970000E+00   0.970000E+00   0.970000E+00   0.970000E+00   0.970000E+00   0.970000E+00   0.970000E+00   0.970000E+00   0.970000E+00   0.970000E+00   0.970000E+00   0.970000E+00   0.970000E+00   0.970000E+00   0.970000E+00   0.970000E+00   0.970000E+00   0.970000E+00   0.970000E+00   0.970000E+00   0.970000E+00   0.970000E+00   0.970000E+00   0.970000E+00   0.970000E+00   0.970000E+00   0.970000E+00   0.970000E+00   0.970000E+00   0.970000E+00   0.970000E+00   0.970000E+00   0.970000E+00   0.970000E+00   0.970000E+00   0.970000E+00   0.970000E+00   0.970000E+00   0.970000E+00   0.970000E+00   0.970000E+00   0.970000E+00   0.970000E+00   0.970000E+00   0.970000E+00   0.970000E+00   0.970000E+00   0.970000E+00   0.970000E+00   0.970000E+00   0.970000E+00   0.970000E+00   0.970000E+00   0.970000E+00   0.970000E+00   0.970000E+00   0.970000E+00   0.970000E+00   0.970000E+00   0.970000E+00   0.970000E+00   0.970000E+00   0.970000E+00   0.962896E+00   0.963210E+00   0.963581E+00   0.963933E+00   0.964264E+00   0.964576E+00   0.964867E+00   0.965140E+00   0.965397E+00   0.965642E+00   0.965847E+00   0.970000E+00   0.970000E+00   0.970000E+00   0.970000E+00   0.970000E+00   0.970000E+00   0.970000E+00   0.970000E+00   0.970000E+00   0.967752E+00   0.967854E+00   0.967960E+00   0.968063E+00   0.968161E+00   0.968254E+00   0.968342E+00   0.968427E+00   0.968506E+00   0.968582E+00   0.968654E+00   0.968722E+00   0.968787E+00   0.968848E+00   0.968906E+00   0.968962E+00   0.969014E+00   0.969064E+00   0.969111E+00   0.969156E+00   0.969199E+00   0.969239E+00   0.969278E+00   0.969314E+00   0.969349E+00   0.969382E+00   0.969413E+00   0.969443E+00   0.969472E+00   0.969499E+00   0.969524E+00   0.969549E+00   0.969572E+00   0.969594E+00   0.969614E+00   0.969639E+00
 0.970000E+00   0.970000E+00   0.970000E+00   0.970000E+00   0.970000E+00   0.970000E+00   0.970000E+00   0.970000E+00   0.970000E+00   0.970000E+00   0.970000E+00   0.970000E+00   0.970000E+00   0.970000E+00   0.970000E+00   0.970000E+00   0.970000E+00   0.970000E+00   0.970000E+00   0.970000E+00   0.970000E+00   0.970000E+00   0.970000E+00   0.970000E+00   0.970000E+00   0.970000E+00   0.970000E+00   0.970000E+00   0.970000E+00   0.970000E+00   0.970000E+00   0.970000E+00   0.970000E+00   0.970000E+00   0.970000E+00   0.970000E+00   0.970000E+00   0.970000E+00   0.970000E+00   0.970000E+00   0.970000E+00   0.970000E+00   0.970000E+00   0.970000E+00   0.970000E+00   0.970000E+00   0.970000E+00   0.970000E+00   0.970000E+00   0.970000E+00   0.970000E+00   0.970000E+00   0.970000E+00   0.970000E+00   0.970000E+00   0.970000E+00   0.970000E+00   0.970000E+00   0.970000E+00   0.970000E+00   0.970000E+00   0.970000E+00   0.970000E+00   0.970000E+00   0.970000E+00   0.970000E+00   0.970000E+00   0.970000E+00   0.970000E+00   0.970000E+00   0.970000E+00   0.970000E+00   0.962881E+00   0.963202E+00   0.963574E+00   0.963927E+00   0.964259E+00   0.964571E+00   0.964863E+00   0.965136E+00   0.965394E+00   0.965638E+00   0.965843E+00   0.970000E+00   0.970000E+00   0.970000E+00   0.970000E+00   0.970000E+00   0.970000E+00   0.970000E+00   0.970000E+00   0.970000E+00   0.967751E+00   0.967853E+00   0.967960E+00   0.968062E+00   0.968160E+00   0.968254E+00   0.968342E+00   0.968426E+00   0.968506E+00   0.968582E+00   0.968654E+00   0.968722E+00   0.968787E+00   0.968848E+00   0.968906E+00   0.968962E+00   0.969014E+00   0.969064E+00   0.969111E+00   0.969156E+00   0.969199E+00   0.969239E+00   0.969278E+00   0.969314E+00   0.969349E+00   0.969382E+00   0.969414E+00   0.969443E+00   0.969472E+00   0.969499E+00   0.969524E+00   0.969549E+00   0.969572E+00   0.969594E+00   0.969615E+00   0.969639E+00
 0.970000E+00   0.970000E+00   0.970000E+00   0.970000E+00   0.970000E+00   0.970000E+00   0.970000E+00   0.970000E+00   0.970000E+00   0.970000E+00   0.970000E+00   0.970000E+00   0.970000E+00   0.970000E+00   0.970000E+00   0.970000E+00   0.970000E+00   0.970000E+00   0.970000E+00   0.970000E+00   0.970000E+00   0.970000E+00   0.970000E+00   0.970000E+00   0.970000E+00   0.970000E+00   0.970000E+00   0.970000E+00   0.970000E+00   0.970000E+00   0.970000E+00   0.970000E+00   0.970000E+00   0.970000E+00   0.970000E+00   0.970000E+00   0.970000E+00   0.970000E+00   0.970000E+00   0.970000E+00   0.970000E+00   0.970000E+00   0.970000E+00   0.970000E+00   0.970000E+00   0.970000E+00   0.970000E+00   0.970000E+00   0.970000E+00   0.970000E+00   0.970000E+00   0.970000E+00   0.970000E+00   0.970000E+00   0.970000E+00   0.970000E+00   0.970000E+00   0.970000E+00   0.970000E+00   0.970000E+00   0.970000E+00   0.970000E+00   0.970000E+00   0.970000E+00   0.970000E+00   0.970000E+00   0.970000E+00   0.970000E+00   0.970000E+00   0.970000E+00   0.970000E+00   0.970000E+00   0.962866E+00   0.963194E+00   0.963568E+00   0.963921E+00   0.964254E+00   0.964566E+00   0.964859E+00   0.965132E+00   0.965390E+00   0.965635E+00   0.965840E+00   0.970000E+00   0.970000E+00   0.970000E+00   0.970000E+00   0.970000E+00   0.970000E+00   0.970000E+00   0.970000E+00   0.970000E+00   0.967751E+00   0.967853E+00   0.967960E+00   0.968062E+00   0.968160E+00   0.968253E+00   0.968342E+00   0.968426E+00   0.968506E+00   0.968582E+00   0.968654E+00   0.968722E+00   0.968787E+00   0.968848E+00   0.968906E+00   0.968962E+00   0.969014E+00   0.969064E+00   0.969111E+00   0.969156E+00   0.969199E+00   0.969239E+00   0.969278E+00   0.969314E+00   0.969349E+00   0.969382E+00   0.969414E+00   0.969443E+00   0.969472E+00   0.969499E+00   0.969524E+00   0.969549E+00   0.969572E+00   0.969594E+00   0.969615E+00   0.969639E+00
 0.970000E+00   0.970000E+00   0.970000E+00   0.970000E+00   0.970000E+00   0.970000E+00   0.970000E+00   0.970000E+00   0.970000E+00   0.970000E+00   0.970000E+00   0.970000E+00   0.970000E+00   0.970000E+00   0.970000E+00   0.970000E+00   0.970000E+00   0.970000E+00   0.970000E+00   0.970000E+00   0.970000E+00   0.970000E+00   0.970000E+00   0.970000E+00   0.970000E+00   0.970000E+00   0.970000E+00   0.970000E+00   0.970000E+00   0.970000E+00   0.970000E+00   0.970000E+00   0.970000E+00   0.970000E+00   0.970000E+00   0.970000E+00   0.970000E+00   0.970000E+00   0.970000E+00   0.970000E+00   0.970000E+00   0.970000E+00   0.970000E+00   0.970000E+00   0.970000E+00   0.970000E+00   0.970000E+00   0.970000E+00   0.970000E+00   0.970000E+00   0.970000E+00   0.970000E+00   0.970000E+00   0.970000E+00   0.970000E+00   0.970000E+00   0.970000E+00   0.970000E+00   0.970000E+00   0.970000E+00   0.970000E+00   0.970000E+00   0.970000E+00   0.970000E+00   0.970000E+00   0.970000E+00   0.970000E+00   0.970000E+00   0.970000E+00   0.970000E+00   0.970000E+00   0.970000E+00   0.962851E+00   0.963186E+00   0.963561E+00   0.963915E+00   0.964249E+00   0.964562E+00   0.964855E+00   0.965129E+00   0.965386E+00   0.965631E+00   0.965837E+00   0.970000E+00   0.970000E+00   0.970000E+00   0.970000E+00   0.970000E+00   0.970000E+00   0.970000E+00   0.970000E+00   0.970000E+00   0.967751E+00   0.967852E+00   0.967959E+00   0.968062E+00   0.968160E+00   0.968253E+00   0.968342E+00   0.968426E+00   0.968506E+00   0.968582E+00   0.968654E+00   0.968722E+00   0.968787E+00   0.968848E+00   0.968906E+00   0.968962E+00   0.969014E+00   0.969064E+00   0.969111E+00   0.969156E+00   0.969199E+00   0.969239E+00   0.969278E+00   0.969314E+00   0.969349E+00   0.969382E+00   0.969414E+00   0.969443E+00   0.969472E+00   0.969499E+00   0.969524E+00   0.969549E+00   0.969572E+00   0.969594E+00   0.969615E+00   0.969639E+00
 0.970000E+00   0.970000E+00   0.970000E+00   0.970000E+00   0.970000E+00   0.970000E+00   0.970000E+00   0.970000E+00   0.970000E+00   0.970000E+00   0.970000E+00   0.970000E+00   0.970000E+00   0.970000E+00   0.970000E+00   0.970000E+00   0.970000E+00   0.970000E+00   0.970000E+00   0.970000E+00   0.970000E+00   0.970000E+00   0.970000E+00   0.970000E+00   0.970000E+00   0.970000E+00   0.970000E+00   0.970000E+00   0.970000E+00   0.970000E+00   0.970000E+00   0.970000E+00   0.970000E+00   0.970000E+00   0.970000E+00   0.970000E+00   0.970000E+00   0.970000E+00   0.970000E+00   0.970000E+00   0.970000E+00   0.970000E+00   0.970000E+00   0.970000E+00   0.970000E+00   0.970000E+00   0.970000E+00   0.970000E+00   0.970000E+00   0.970000E+00   0.970000E+00   0.970000E+00   0.970000E+00   0.970000E+00   0.970000E+00   0.970000E+00   0.970000E+00   0.970000E+00   0.970000E+00   0.970000E+00   0.970000E+00   0.970000E+00   0.970000E+00   0.970000E+00   0.970000E+00   0.970000E+00   0.970000E+00   0.970000E+00   0.970000E+00   0.970000E+00   0.970000E+00   0.970000E+00   0.962836E+00   0.963178E+00   0.963554E+00   0.963909E+00   0.964243E+00   0.964557E+00   0.964850E+00   0.965125E+00   0.965383E+00   0.965628E+00   0.965834E+00   0.970000E+00   0.970000E+00   0.970000E+00   0.970000E+00   0.970000E+00   0.970000E+00   0.970000E+00   0.970000E+00   0.970000E+00   0.967750E+00   0.967852E+00   0.967959E+00   0.968061E+00   0.968159E+00   0.968253E+00   0.968341E+00   0.968426E+00   0.968506E+00   0.968581E+00   0.968653E+00   0.968722E+00   0.968786E+00   0.968848E+00   0.968906E+00   0.968962E+00   0.969014E+00   0.969064E+00   0.969111E+00   0.969156E+00   0.969199E+00   0.969239E+00   0.969278E+00   0.969314E+00   0.969349E+00   0.969382E+00   0.969414E+00   0.969443E+00   0.969472E+00   0.969499E+00   0.969524E+00   0.969549E+00   0.969572E+00   0.969594E+00   0.969615E+00   0.969639E+00
 0.970000E+00   0.970000E+00   0.970000E+00   0.970000E+00   0.970000E+00   0.970000E+00   0.970000E+00   0.970000E+00   0.970000E+00   0.970000E+00   0.970000E+00   0.970000E+00   0.970000E+00   0.970000E+00   0.970000E+00   0.970000E+00   0.970000E+00   0.970000E+00   0.970000E+00   0.970000E+00   0.970000E+00   0.970000E+00   0.970000E+00   0.970000E+00   0.970000E+00   0.970000E+00   0.970000E+00   0.970000E+00   0.970000E+00   0.970000E+00   0.970000E+00   0.970000E+00   0.970000E+00   0.970000E+00   0.970000E+00   0.970000E+00   0.970000E+00   0.970000E+00   0.970000E+00   0.970000E+00   0.970000E+00   0.970000E+00   0.970000E+00   0.970000E+00   0.970000E+00   0.970000E+00   0.970000E+00   0.970000E+00   0.970000E+00   0.970000E+00   0.970000E+00   0.970000E+00   0.970000E+00   0.970000E+00   0.970000E+00   0.970000E+00   0.970000E+00   0.970000E+00   0.970000E+00   0.970000E+00   0.970000E+00   0.970000E+00   0.970000E+00   0.970000E+00   0.970000E+00   0.970000E+00   0.970000E+00   0.970000E+00   0.970000E+00   0.970000E+00   0.970000E+00   0.970000E+00   0.962820E+00   0.963170E+00   0.963547E+00   0.963903E+00   0.964238E+00   0.964552E+00   0.964846E+00   0.965121E+00   0.965379E+00   0.965624E+00   0.965830E+00   0.970000E+00   0.970000E+00   0.970000E+00   0.970000E+00   0.970000E+00   0.970000E+00   0.970000E+00   0.970000E+00   0.970000E+00   0.967750E+00   0.967851E+00   0.967958E+00   0.968061E+00   0.968159E+00   0.968252E+00   0.968341E+00   0.968425E+00   0.968505E+00   0.968581E+00   0.968653E+00   0.968722E+00   0.968786E+00   0.968848E+00   0.968906E+00   0.968961E+00   0.969014E+00   0.969064E+00   0.969111E+00   0.969156E+00   0.969199E+00   0.969239E+00   0.969278E+00   0.969314E+00   0.969349E+00   0.969382E+00   0.969414E+00   0.969444E+00   0.969472E+00   0.969499E+00   0.969524E+00   0.969549E+00   0.969572E+00   0.969594E+00   0.969615E+00   0.969639E+00
 0.970000E+00   0.970000E+00   0.970000E+00   0.970000E+00   0.970000E+00   0.970000E+00   0.970000E+00   0.970000E+00   0.970000E+00   0.970000E+00   0.970000E+00   0.970000E+00   0.970000E+00   0.970000E+00   0.970000E+00   0.970000E+00   0.970000E+00   0.970000E+00   0.970000E+00   0.970000E+00   0.970000E+00   0.970000E+00   0.970000E+00   0.970000E+00   0.970000E+00   0.970000E+00   0.970000E+00   0.970000E+00   0.970000E+00   0.970000E+00   0.970000E+00   0.970000E+00   0.970000E+00   0.970000E+00   0.970000E+00   0.970000E+00   0.970000E+00   0.970000E+00   0.970000E+00   0.970000E+00   0.970000E+00   0.970000E+00   0.970000E+00   0.970000E+00   0.970000E+00   0.970000E+00   0.970000E+00   0.970000E+00   0.970000E+00   0.970000E+00   0.970000E+00   0.970000E+00   0.970000E+00   0.970000E+00   0.970000E+00   0.970000E+00   0.970000E+00   0.970000E+00   0.970000E+00   0.970000E+00   0.970000E+00   0.970000E+00   0.970000E+00   0.970000E+00   0.970000E+00   0.970000E+00   0.970000E+00   0.970000E+00   0.970000E+00   0.970000E+00   0.970000E+00   0.970000E+00   0.962805E+00   0.963162E+00   0.963540E+00   0.963897E+00   0.964232E+00   0.964547E+00   0.964842E+00   0.965117E+00   0.965375E+00   0.965621E+00   0.965827E+00   0.970000E+00   0.970000E+00   0.970000E+00   0.970000E+00   0.970000E+00   0.970000E+00   0.970000E+00   0.970000E+00   0.970000E+00   0.967750E+00   0.967851E+00   0.967958E+00   0.968060E+00   0.968159E+00   0.968252E+00   0.968341E+00   0.968425E+00   0.968505E+00   0.968581E+00   0.968653E+00   0.968722E+00   0.968786E+00   0.968848E+00   0.968906E+00   0.968961E+00   0.969014E+00   0.969064E+00   0.969111E+00   0.969156E+00   0.969199E+00   0.969239E+00   0.969278E+00   0.969315E+00   0.969349E+00   0.969382E+00   0.969414E+00   0.969444E+00   0.969472E+00   0.969499E+00   0.969524E+00   0.969549E+00   0.969572E+00   0.969594E+00   0.969615E+00   0.969639E+00
 0.970000E+00   0.970000E+00   0.970000E+00   0.970000E+00   0.970000E+00   0.970000E+00   0.970000E+00   0.970000E+00   0.970000E+00   0.970000E+00   0.970000E+00   0.970000E+00   0.970000E+00   0.970000E+00   0.970000E+00   0.970000E+00   0.970000E+00   0.970000E+00   0.970000E+00   0.970000E+00   0.970000E+00   0.970000E+00   0.970000E+00   0.970000E+00   0.970000E+00   0.970000E+00   0.970000E+00   0.970000E+00   0.970000E+00   0.970000E+00   0.970000E+00   0.970000E+00   0.970000E+00   0.970000E+00   0.970000E+00   0.970000E+00   0.970000E+00   0.970000E+00   0.970000E+00   0.970000E+00   0.970000E+00   0.970000E+00   0.970000E+00   0.970000E+00   0.970000E+00   0.970000E+00   0.970000E+00   0.970000E+00   0.970000E+00   0.970000E+00   0.970000E+00   0.970000E+00   0.970000E+00   0.970000E+00   0.970000E+00   0.970000E+00   0.970000E+00   0.970000E+00   0.970000E+00   0.970000E+00   0.970000E+00   0.970000E+00   0.970000E+00   0.970000E+00   0.970000E+00   0.970000E+00   0.970000E+00   0.970000E+00   0.970000E+00   0.970000E+00   0.970000E+00   0.970000E+00   0.962790E+00   0.963153E+00   0.963533E+00   0.963891E+00   0.964227E+00   0.964542E+00   0.964838E+00   0.965113E+00   0.965372E+00   0.965617E+00   0.965824E+00   0.970000E+00   0.970000E+00   0.970000E+00   0.970000E+00   0.970000E+00   0.970000E+00   0.970000E+00   0.970000E+00   0.970000E+00   0.967749E+00   0.967850E+00   0.967957E+00   0.968060E+00   0.968158E+00   0.968252E+00   0.968341E+00   0.968425E+00   0.968505E+00   0.968581E+00   0.968653E+00   0.968721E+00   0.968786E+00   0.968848E+00   0.968906E+00   0.968961E+00   0.969014E+00   0.969064E+00   0.969111E+00   0.969156E+00   0.969199E+00   0.969239E+00   0.969278E+00   0.969315E+00   0.969349E+00   0.969382E+00   0.969414E+00   0.969444E+00   0.969472E+00   0.969499E+00   0.969524E+00   0.969549E+00   0.969572E+00   0.969594E+00   0.969615E+00   0.969639E+00
 0.970000E+00   0.970000E+00   0.970000E+00   0.970000E+00   0.970000E+00   0.970000E+00   0.970000E+00   0.970000E+00   0.970000E+00   0.970000E+00   0.970000E+00   0.970000E+00   0.970000E+00   0.970000E+00   0.970000E+00   0.970000E+00   0.970000E+00   0.970000E+00   0.970000E+00   0.970000E+00   0.970000E+00   0.970000E+00   0.970000E+00   0.970000E+00   0.970000E+00   0.970000E+00   0.970000E+00   0.970000E+00   0.970000E+00   0.970000E+00   0.970000E+00   0.970000E+00   0.970000E+00   0.970000E+00   0.970000E+00   0.970000E+00   0.970000E+00   0.970000E+00   0.970000E+00   0.970000E+00   0.970000E+00   0.970000E+00   0.970000E+00   0.970000E+00   0.970000E+00   0.970000E+00   0.970000E+00   0.970000E+00   0.970000E+00   0.970000E+00   0.970000E+00   0.970000E+00   0.970000E+00   0.970000E+00   0.970000E+00   0.970000E+00   0.970000E+00   0.970000E+00   0.970000E+00   0.970000E+00   0.970000E+00   0.970000E+00   0.970000E+00   0.970000E+00   0.970000E+00   0.970000E+00   0.970000E+00   0.970000E+00   0.970000E+00   0.970000E+00   0.970000E+00   0.970000E+00   0.962774E+00   0.963145E+00   0.963526E+00   0.963884E+00   0.964221E+00   0.964538E+00   0.964833E+00   0.965109E+00   0.965368E+00   0.965614E+00   0.965820E+00   0.970000E+00   0.970000E+00   0.970000E+00   0.970000E+00   0.970000E+00   0.970000E+00   0.970000E+00   0.970000E+00   0.970000E+00   0.967749E+00   0.967850E+00   0.967957E+00   0.968060E+00   0.968158E+00   0.968251E+00   0.968340E+00   0.968425E+00   0.968505E+00   0.968581E+00   0.968653E+00   0.968721E+00   0.968786E+00   0.968848E+00   0.968906E+00   0.968961E+00   0.969014E+00   0.969064E+00   0.969111E+00   0.969156E+00   0.969199E+00   0.969239E+00   0.969278E+00   0.969315E+00   0.969349E+00   0.969382E+00   0.969414E+00   0.969444E+00   0.969472E+00   0.969499E+00   0.969525E+00   0.969549E+00   0.969572E+00   0.969594E+00   0.969615E+00   0.969639E+00
 0.970000E+00   0.970000E+00   0.970000E+00   0.970000E+00   0.970000E+00   0.970000E+00   0.970000E+00   0.970000E+00   0.970000E+00   0.970000E+00   0.970000E+00   0.970000E+00   0.970000E+00   0.970000E+00   0.970000E+00   0.970000E+00   0.970000E+00   0.970000E+00   0.970000E+00   0.970000E+00   0.970000E+00   0.970000E+00   0.970000E+00   0.970000E+00   0.970000E+00   0.970000E+00   0.970000E+00   0.970000E+00   0.970000E+00   0.970000E+00   0.970000E+00   0.970000E+00   0.970000E+00   0.970000E+00   0.970000E+00   0.970000E+00   0.970000E+00   0.970000E+00   0.970000E+00   0.970000E+00   0.970000E+00   0.970000E+00   0.970000E+00   0.970000E+00   0.970000E+00   0.970000E+00   0.970000E+00   0.970000E+00   0.970000E+00   0.970000E+00   0.970000E+00   0.970000E+00   0.970000E+00   0.970000E+00   0.970000E+00   0.970000E+00   0.970000E+00   0.970000E+00   0.970000E+00   0.970000E+00   0.970000E+00   0.970000E+00   0.970000E+00   0.970000E+00   0.970000E+00   0.970000E+00   0.970000E+00   0.970000E+00   0.970000E+00   0.970000E+00   0.970000E+00   0.970000E+00   0.962759E+00   0.963137E+00   0.963519E+00   0.963878E+00   0.964216E+00   0.964533E+00   0.964829E+00   0.965105E+00   0.965364E+00   0.965610E+00   0.965817E+00   0.970000E+00   0.970000E+00   0.970000E+00   0.970000E+00   0.970000E+00   0.970000E+00   0.970000E+00   0.970000E+00   0.970000E+00   0.967749E+00   0.967849E+00   0.967956E+00   0.968059E+00   0.968157E+00   0.968251E+00   0.968340E+00   0.968425E+00   0.968505E+00   0.968581E+00   0.968653E+00   0.968721E+00   0.968786E+00   0.968848E+00   0.968906E+00   0.968961E+00   0.969014E+00   0.969064E+00   0.969111E+00   0.969156E+00   0.969199E+00   0.969239E+00   0.969278E+00   0.969315E+00   0.969349E+00   0.969382E+00   0.969414E+00   0.969444E+00   0.969472E+00   0.969499E+00   0.969525E+00   0.969549E+00   0.969572E+00   0.969594E+00   0.969615E+00   0.969639E+00
 0.970000E+00   0.970000E+00   0.970000E+00   0.970000E+00   0.970000E+00   0.970000E+00   0.970000E+00   0.970000E+00   0.970000E+00   0.970000E+00   0.970000E+00   0.970000E+00   0.970000E+00   0.970000E+00   0.970000E+00   0.970000E+00   0.970000E+00   0.970000E+00   0.970000E+00   0.970000E+00   0.970000E+00   0.970000E+00   0.970000E+00   0.970000E+00   0.970000E+00   0.970000E+00   0.970000E+00   0.970000E+00   0.970000E+00   0.970000E+00   0.970000E+00   0.970000E+00   0.970000E+00   0.970000E+00   0.970000E+00   0.970000E+00   0.970000E+00   0.970000E+00   0.970000E+00   0.970000E+00   0.970000E+00   0.970000E+00   0.970000E+00   0.970000E+00   0.970000E+00   0.970000E+00   0.970000E+00   0.970000E+00   0.970000E+00   0.970000E+00   0.970000E+00   0.970000E+00   0.970000E+00   0.970000E+00   0.970000E+00   0.970000E+00   0.970000E+00   0.970000E+00   0.970000E+00   0.970000E+00   0.970000E+00   0.970000E+00   0.970000E+00   0.970000E+00   0.970000E+00   0.970000E+00   0.970000E+00   0.970000E+00   0.970000E+00   0.970000E+00   0.970000E+00   0.962449E+00   0.962744E+00   0.963129E+00   0.963511E+00   0.963871E+00   0.964210E+00   0.964528E+00   0.964825E+00   0.965102E+00   0.965360E+00   0.965607E+00   0.965814E+00   0.970000E+00   0.970000E+00   0.970000E+00   0.970000E+00   0.970000E+00   0.970000E+00   0.970000E+00   0.970000E+00   0.970000E+00   0.967748E+00   0.967849E+00   0.967956E+00   0.968059E+00   0.968157E+00   0.968251E+00   0.968340E+00   0.968424E+00   0.968504E+00   0.968581E+00   0.968653E+00   0.968721E+00   0.968786E+00   0.968848E+00   0.968906E+00   0.968961E+00   0.969014E+00   0.969064E+00   0.969111E+00   0.969156E+00   0.969199E+00   0.969240E+00   0.969278E+00   0.969315E+00   0.969349E+00   0.969382E+00   0.969414E+00   0.969444E+00   0.969472E+00   0.969499E+00   0.969525E+00   0.969549E+00   0.969572E+00   0.969594E+00   0.969615E+00   0.969639E+00
 0.970000E+00   0.970000E+00   0.970000E+00   0.970000E+00   0.970000E+00   0.970000E+00   0.970000E+00   0.970000E+00   0.970000E+00   0.970000E+00   0.970000E+00   0.970000E+00   0.970000E+00   0.970000E+00   0.970000E+00   0.970000E+00   0.970000E+00   0.970000E+00   0.970000E+00   0.970000E+00   0.970000E+00   0.970000E+00   0.970000E+00   0.970000E+00   0.970000E+00   0.970000E+00   0.970000E+00   0.970000E+00   0.970000E+00   0.970000E+00   0.970000E+00   0.970000E+00   0.970000E+00   0.970000E+00   0.970000E+00   0.970000E+00   0.970000E+00   0.970000E+00   0.970000E+00   0.970000E+00   0.970000E+00   0.970000E+00   0.970000E+00   0.970000E+00   0.970000E+00   0.970000E+00   0.970000E+00   0.970000E+00   0.970000E+00   0.970000E+00   0.970000E+00   0.970000E+00   0.970000E+00   0.970000E+00   0.970000E+00   0.970000E+00   0.970000E+00   0.970000E+00   0.970000E+00   0.970000E+00   0.970000E+00   0.970000E+00   0.970000E+00   0.970000E+00   0.970000E+00   0.970000E+00   0.970000E+00   0.970000E+00   0.970000E+00   0.970000E+00   0.970000E+00   0.962429E+00   0.962730E+00   0.963120E+00   0.963504E+00   0.963865E+00   0.964204E+00   0.964523E+00   0.964820E+00   0.965098E+00   0.965357E+00   0.965603E+00   0.965810E+00   0.970000E+00   0.970000E+00   0.970000E+00   0.970000E+00   0.970000E+00   0.970000E+00   0.970000E+00   0.970000E+00   0.970000E+00   0.967748E+00   0.967848E+00   0.967955E+00   0.968058E+00   0.968157E+00   0.968250E+00   0.968340E+00   0.968424E+00   0.968504E+00   0.968580E+00   0.968653E+00   0.968721E+00   0.968786E+00   0.968847E+00   0.968906E+00   0.968961E+00   0.969014E+00   0.969064E+00   0.969111E+00   0.969156E+00   0.969199E+00   0.969240E+00   0.969278E+00   0.969315E+00   0.969349E+00   0.969383E+00   0.969414E+00   0.969444E+00   0.969472E+00   0.969499E+00   0.969525E+00   0.969549E+00   0.969572E+00   0.969594E+00   0.969615E+00   0.969639E+00
 0.970000E+00   0.970000E+00   0.970000E+00   0.970000E+00   0.970000E+00   0.970000E+00   0.970000E+00   0.970000E+00   0.970000E+00   0.970000E+00   0.970000E+00   0.970000E+00   0.970000E+00   0.970000E+00   0.970000E+00   0.970000E+00   0.970000E+00   0.970000E+00   0.970000E+00   0.970000E+00   0.970000E+00   0.970000E+00   0.970000E+00   0.970000E+00   0.970000E+00   0.970000E+00   0.970000E+00   0.970000E+00   0.970000E+00   0.970000E+00   0.970000E+00   0.970000E+00   0.970000E+00   0.970000E+00   0.970000E+00   0.970000E+00   0.970000E+00   0.970000E+00   0.970000E+00   0.970000E+00   0.970000E+00   0.970000E+00   0.970000E+00   0.970000E+00   0.970000E+00   0.970000E+00   0.970000E+00   0.970000E+00   0.970000E+00   0.970000E+00   0.970000E+00   0.970000E+00   0.970000E+00   0.970000E+00   0.970000E+00   0.970000E+00   0.970000E+00   0.970000E+00   0.970000E+00   0.970000E+00   0.970000E+00   0.970000E+00   0.970000E+00   0.970000E+00   0.970000E+00   0.970000E+00   0.970000E+00   0.970000E+00   0.970000E+00   0.970000E+00   0.970000E+00   0.962410E+00   0.962717E+00   0.963112E+00   0.963497E+00   0.963859E+00   0.964199E+00   0.964518E+00   0.964816E+00   0.965094E+00   0.965353E+00   0.965599E+00   0.965807E+00   0.970000E+00   0.970000E+00   0.970000E+00   0.970000E+00   0.970000E+00   0.970000E+00   0.970000E+00   0.970000E+00   0.970000E+00   0.967748E+00   0.967848E+00   0.967955E+00   0.968058E+00   0.968156E+00   0.968250E+00   0.968339E+00   0.968424E+00   0.968504E+00   0.968580E+00   0.968652E+00   0.968721E+00   0.968786E+00   0.968847E+00   0.968906E+00   0.968961E+00   0.969014E+00   0.969064E+00   0.969111E+00   0.969156E+00   0.969199E+00   0.969240E+00   0.969278E+00   0.969315E+00   0.969350E+00   0.969383E+00   0.969414E+00   0.969444E+00   0.969472E+00   0.969499E+00   0.969525E+00   0.969549E+00   0.969572E+00   0.969594E+00   0.969615E+00   0.969639E+00
 0.970000E+00   0.970000E+00   0.970000E+00   0.970000E+00   0.970000E+00   0.970000E+00   0.970000E+00   0.970000E+00   0.970000E+00   0.970000E+00   0.970000E+00   0.970000E+00   0.970000E+00   0.970000E+00   0.970000E+00   0.970000E+00   0.970000E+00   0.970000E+00   0.970000E+00   0.970000E+00   0.970000E+00   0.970000E+00   0.970000E+00   0.970000E+00   0.970000E+00   0.970000E+00   0.970000E+00   0.970000E+00   0.970000E+00   0.970000E+00   0.970000E+00   0.970000E+00   0.970000E+00   0.970000E+00   0.970000E+00   0.970000E+00   0.970000E+00   0.970000E+00   0.970000E+00   0.970000E+00   0.970000E+00   0.970000E+00   0.970000E+00   0.970000E+00   0.970000E+00   0.970000E+00   0.970000E+00   0.970000E+00   0.970000E+00   0.970000E+00   0.970000E+00   0.970000E+00   0.970000E+00   0.970000E+00   0.970000E+00   0.970000E+00   0.970000E+00   0.970000E+00   0.970000E+00   0.970000E+00   0.970000E+00   0.970000E+00   0.970000E+00   0.970000E+00   0.970000E+00   0.970000E+00   0.970000E+00   0.970000E+00   0.970000E+00   0.970000E+00   0.970000E+00   0.962390E+00   0.962705E+00   0.963103E+00   0.963489E+00   0.963852E+00   0.964193E+00   0.964512E+00   0.964811E+00   0.965090E+00   0.965349E+00   0.965596E+00   0.965804E+00   0.970000E+00   0.970000E+00   0.970000E+00   0.970000E+00   0.970000E+00   0.970000E+00   0.970000E+00   0.970000E+00   0.970000E+00   0.967747E+00   0.967847E+00   0.967955E+00   0.968058E+00   0.968156E+00   0.968250E+00   0.968339E+00   0.968424E+00   0.968504E+00   0.968580E+00   0.968652E+00   0.968721E+00   0.968786E+00   0.968847E+00   0.968906E+00   0.968961E+00   0.969014E+00   0.969064E+00   0.969111E+00   0.969156E+00   0.969199E+00   0.969240E+00   0.969278E+00   0.969315E+00   0.969350E+00   0.969383E+00   0.969414E+00   0.969444E+00   0.969472E+00   0.969499E+00   0.969525E+00   0.969549E+00   0.969572E+00   0.969594E+00   0.969615E+00   0.969639E+00
 0.970000E+00   0.970000E+00   0.970000E+00   0.970000E+00   0.970000E+00   0.970000E+00   0.970000E+00   0.970000E+00   0.970000E+00   0.970000E+00   0.970000E+00   0.970000E+00   0.970000E+00   0.970000E+00   0.970000E+00   0.970000E+00   0.970000E+00   0.970000E+00   0.970000E+00   0.970000E+00   0.970000E+00   0.970000E+00   0.970000E+00   0.970000E+00   0.970000E+00   0.970000E+00   0.970000E+00   0.970000E+00   0.970000E+00   0.970000E+00   0.970000E+00   0.970000E+00   0.970000E+00   0.970000E+00   0.970000E+00   0.970000E+00   0.970000E+00   0.970000E+00   0.970000E+00   0.970000E+00   0.970000E+00   0.970000E+00   0.970000E+00   0.970000E+00   0.970000E+00   0.970000E+00   0.970000E+00   0.970000E+00   0.970000E+00   0.970000E+00   0.970000E+00   0.970000E+00   0.970000E+00   0.970000E+00   0.970000E+00   0.970000E+00   0.970000E+00   0.970000E+00   0.970000E+00   0.970000E+00   0.970000E+00   0.970000E+00   0.970000E+00   0.970000E+00   0.970000E+00   0.970000E+00   0.970000E+00   0.970000E+00   0.970000E+00   0.970000E+00   0.970000E+00   0.962370E+00   0.962693E+00   0.963095E+00   0.963482E+00   0.963845E+00   0.964187E+00   0.964507E+00   0.964807E+00   0.965086E+00   0.965345E+00   0.965592E+00   0.965800E+00   0.970000E+00   0.970000E+00   0.970000E+00   0.970000E+00   0.970000E+00   0.970000E+00   0.970000E+00   0.970000E+00   0.970000E+00   0.967747E+00   0.967847E+00   0.967954E+00   0.968057E+00   0.968156E+00   0.968250E+00   0.968339E+00   0.968423E+00   0.968504E+00   0.968580E+00   0.968652E+00   0.968721E+00   0.968786E+00   0.968847E+00   0.968906E+00   0.968961E+00   0.969014E+00   0.969064E+00   0.969111E+00   0.969156E+00   0.969199E+00   0.969240E+00   0.969278E+00   0.969315E+00   0.969350E+00   0.969383E+00   0.969414E+00   0.969444E+00   0.969472E+00   0.969499E+00   0.969525E+00   0.969549E+00   0.969572E+00   0.969594E+00   0.969615E+00   0.969639E+00
 0.970000E+00   0.970000E+00   0.970000E+00   0.970000E+00   0.970000E+00   0.970000E+00   0.970000E+00   0.970000E+00   0.970000E+00   0.970000E+00   0.970000E+00   0.970000E+00   0.970000E+00   0.970000E+00   0.970000E+00   0.970000E+00   0.970000E+00   0.970000E+00   0.970000E+00   0.970000E+00   0.970000E+00   0.970000E+00   0.970000E+00   0.970000E+00   0.970000E+00   0.970000E+00   0.970000E+00   0.970000E+00   0.970000E+00   0.970000E+00   0.970000E+00   0.970000E+00   0.970000E+00   0.970000E+00   0.970000E+00   0.970000E+00   0.970000E+00   0.970000E+00   0.970000E+00   0.970000E+00   0.970000E+00   0.970000E+00   0.970000E+00   0.970000E+00   0.970000E+00   0.970000E+00   0.970000E+00   0.970000E+00   0.970000E+00   0.970000E+00   0.970000E+00   0.970000E+00   0.970000E+00   0.970000E+00   0.970000E+00   0.970000E+00   0.970000E+00   0.970000E+00   0.970000E+00   0.970000E+00   0.970000E+00   0.970000E+00   0.970000E+00   0.970000E+00   0.970000E+00   0.970000E+00   0.970000E+00   0.970000E+00   0.970000E+00   0.970000E+00   0.970000E+00   0.962351E+00   0.962682E+00   0.963086E+00   0.963474E+00   0.963839E+00   0.964181E+00   0.964502E+00   0.964802E+00   0.965082E+00   0.965342E+00   0.965588E+00   0.965797E+00   0.970000E+00   0.970000E+00   0.970000E+00   0.970000E+00   0.970000E+00   0.970000E+00   0.970000E+00   0.970000E+00   0.970000E+00   0.967747E+00   0.967846E+00   0.967954E+00   0.968057E+00   0.968155E+00   0.968249E+00   0.968338E+00   0.968423E+00   0.968503E+00   0.968580E+00   0.968652E+00   0.968721E+00   0.968786E+00   0.968847E+00   0.968906E+00   0.968961E+00   0.969014E+00   0.969064E+00   0.969111E+00   0.969156E+00   0.969199E+00   0.969240E+00   0.969278E+00   0.969315E+00   0.969350E+00   0.969383E+00   0.969414E+00   0.969444E+00   0.969472E+00   0.969499E+00   0.969525E+00   0.969549E+00   0.969572E+00   0.969594E+00   0.969615E+00   0.969639E+00
 0.970000E+00   0.970000E+00   0.970000E+00   0.970000E+00   0.970000E+00   0.970000E+00   0.970000E+00   0.970000E+00   0.970000E+00   0.970000E+00   0.970000E+00   0.970000E+00   0.970000E+00   0.970000E+00   0.970000E+00   0.970000E+00   0.970000E+00   0.970000E+00   0.970000E+00   0.970000E+00   0.970000E+00   0.970000E+00   0.970000E+00   0.970000E+00   0.970000E+00   0.970000E+00   0.970000E+00   0.970000E+00   0.970000E+00   0.970000E+00   0.970000E+00   0.970000E+00   0.970000E+00   0.970000E+00   0.970000E+00   0.970000E+00   0.970000E+00   0.970000E+00   0.970000E+00   0.970000E+00   0.970000E+00   0.970000E+00   0.970000E+00   0.970000E+00   0.970000E+00   0.970000E+00   0.970000E+00   0.970000E+00   0.970000E+00   0.970000E+00   0.970000E+00   0.970000E+00   0.970000E+00   0.970000E+00   0.970000E+00   0.970000E+00   0.970000E+00   0.970000E+00   0.970000E+00   0.970000E+00   0.970000E+00   0.970000E+00   0.970000E+00   0.970000E+00   0.970000E+00   0.970000E+00   0.970000E+00   0.970000E+00   0.970000E+00   0.970000E+00   0.970000E+00   0.962331E+00   0.962670E+00   0.963078E+00   0.963467E+00   0.963832E+00   0.964175E+00   0.964497E+00   0.964798E+00   0.965078E+00   0.965338E+00   0.965585E+00   0.965793E+00   0.970000E+00   0.970000E+00   0.970000E+00   0.970000E+00   0.970000E+00   0.970000E+00   0.970000E+00   0.970000E+00   0.970000E+00   0.967746E+00   0.967846E+00   0.967953E+00   0.968056E+00   0.968155E+00   0.968249E+00   0.968338E+00   0.968423E+00   0.968503E+00   0.968580E+00   0.968652E+00   0.968720E+00   0.968785E+00   0.968847E+00   0.968906E+00   0.968961E+00   0.969014E+00   0.969064E+00   0.969111E+00   0.969156E+00   0.969199E+00   0.969240E+00   0.969278E+00   0.969315E+00   0.969350E+00   0.969383E+00   0.969414E+00   0.969444E+00   0.969472E+00   0.969499E+00   0.969525E+00   0.969549E+00   0.969572E+00   0.969594E+00   0.969615E+00   0.969639E+00
 0.970000E+00   0.970000E+00   0.970000E+00   0.970000E+00   0.970000E+00   0.970000E+00   0.970000E+00   0.970000E+00   0.970000E+00   0.970000E+00   0.970000E+00   0.970000E+00   0.970000E+00   0.970000E+00   0.970000E+00   0.970000E+00   0.970000E+00   0.970000E+00   0.970000E+00   0.970000E+00   0.970000E+00   0.970000E+00   0.970000E+00   0.970000E+00   0.970000E+00   0.970000E+00   0.970000E+00   0.970000E+00   0.970000E+00   0.970000E+00   0.970000E+00   0.970000E+00   0.970000E+00   0.970000E+00   0.970000E+00   0.970000E+00   0.970000E+00   0.970000E+00   0.970000E+00   0.970000E+00   0.970000E+00   0.970000E+00   0.970000E+00   0.970000E+00   0.970000E+00   0.970000E+00   0.970000E+00   0.970000E+00   0.970000E+00   0.970000E+00   0.970000E+00   0.970000E+00   0.970000E+00   0.970000E+00   0.970000E+00   0.970000E+00   0.970000E+00   0.970000E+00   0.970000E+00   0.970000E+00   0.970000E+00   0.970000E+00   0.970000E+00   0.970000E+00   0.970000E+00   0.970000E+00   0.970000E+00   0.970000E+00   0.970000E+00   0.970000E+00   0.970000E+00   0.962310E+00   0.962659E+00   0.963069E+00   0.963459E+00   0.963825E+00   0.964170E+00   0.964492E+00   0.964793E+00   0.965073E+00   0.965334E+00   0.965581E+00   0.965790E+00   0.970000E+00   0.970000E+00   0.970000E+00   0.970000E+00   0.970000E+00   0.970000E+00   0.970000E+00   0.970000E+00   0.970000E+00   0.967746E+00   0.967845E+00   0.967953E+00   0.968056E+00   0.968155E+00   0.968249E+00   0.968338E+00   0.968423E+00   0.968503E+00   0.968579E+00   0.968652E+00   0.968720E+00   0.968785E+00   0.968847E+00   0.968906E+00   0.968961E+00   0.969014E+00   0.969064E+00   0.969111E+00   0.969156E+00   0.969199E+00   0.969240E+00   0.969278E+00   0.969315E+00   0.969350E+00   0.969383E+00   0.969414E+00   0.969444E+00   0.969472E+00   0.969499E+00   0.969525E+00   0.969549E+00   0.969572E+00   0.969594E+00   0.969615E+00   0.969639E+00
 0.970000E+00   0.970000E+00   0.970000E+00   0.970000E+00   0.970000E+00   0.970000E+00   0.970000E+00   0.970000E+00   0.970000E+00   0.970000E+00   0.970000E+00   0.970000E+00   0.970000E+00   0.970000E+00   0.970000E+00   0.970000E+00   0.970000E+00   0.970000E+00   0.970000E+00   0.970000E+00   0.970000E+00   0.970000E+00   0.970000E+00   0.970000E+00   0.970000E+00   0.970000E+00   0.970000E+00   0.970000E+00   0.970000E+00   0.970000E+00   0.970000E+00   0.970000E+00   0.970000E+00   0.970000E+00   0.970000E+00   0.970000E+00   0.970000E+00   0.970000E+00   0.970000E+00   0.970000E+00   0.970000E+00   0.970000E+00   0.970000E+00   0.970000E+00   0.970000E+00   0.970000E+00   0.970000E+00   0.970000E+00   0.970000E+00   0.970000E+00   0.970000E+00   0.970000E+00   0.970000E+00   0.970000E+00   0.970000E+00   0.970000E+00   0.970000E+00   0.970000E+00   0.970000E+00   0.970000E+00   0.970000E+00   0.970000E+00   0.970000E+00   0.970000E+00   0.970000E+00   0.970000E+00   0.970000E+00   0.970000E+00   0.970000E+00   0.970000E+00   0.970000E+00   0.962290E+00   0.962648E+00   0.963060E+00   0.963451E+00   0.963819E+00   0.964164E+00   0.964487E+00   0.964789E+00   0.965069E+00   0.965330E+00   0.965577E+00   0.965786E+00   0.970000E+00   0.970000E+00   0.970000E+00   0.970000E+00   0.970000E+00   0.970000E+00   0.970000E+00   0.970000E+00   0.970000E+00   0.967746E+00   0.967845E+00   0.967952E+00   0.968055E+00   0.968154E+00   0.968248E+00   0.968338E+00   0.968422E+00   0.968503E+00   0.968579E+00   0.968652E+00   0.968720E+00   0.968785E+00   0.968847E+00   0.968906E+00   0.968961E+00   0.969014E+00   0.969064E+00   0.969111E+00   0.969156E+00   0.969199E+00   0.969240E+00   0.969278E+00   0.969315E+00   0.969350E+00   0.969383E+00   0.969414E+00   0.969444E+00   0.969472E+00   0.969499E+00   0.969525E+00   0.969549E+00   0.969572E+00   0.969594E+00   0.969615E+00   0.969639E+00
 0.970000E+00   0.970000E+00   0.970000E+00   0.970000E+00   0.970000E+00   0.970000E+00   0.970000E+00   0.970000E+00   0.970000E+00   0.970000E+00   0.970000E+00   0.970000E+00   0.970000E+00   0.970000E+00   0.970000E+00   0.970000E+00   0.970000E+00   0.970000E+00   0.970000E+00   0.970000E+00   0.970000E+00   0.970000E+00   0.970000E+00   0.970000E+00   0.970000E+00   0.970000E+00   0.970000E+00   0.970000E+00   0.970000E+00   0.970000E+00   0.970000E+00   0.970000E+00   0.970000E+00   0.970000E+00   0.970000E+00   0.970000E+00   0.970000E+00   0.970000E+00   0.970000E+00   0.970000E+00   0.970000E+00   0.970000E+00   0.970000E+00   0.970000E+00   0.970000E+00   0.970000E+00   0.970000E+00   0.970000E+00   0.970000E+00   0.970000E+00   0.970000E+00   0.970000E+00   0.970000E+00   0.970000E+00   0.970000E+00   0.970000E+00   0.970000E+00   0.970000E+00   0.970000E+00   0.970000E+00   0.970000E+00   0.970000E+00   0.970000E+00   0.970000E+00   0.970000E+00   0.970000E+00   0.970000E+00   0.970000E+00   0.970000E+00   0.970000E+00   0.970000E+00   0.962270E+00   0.962638E+00   0.963051E+00   0.963444E+00   0.963812E+00   0.964158E+00   0.964481E+00   0.964784E+00   0.965065E+00   0.965326E+00   0.965574E+00   0.965783E+00   0.970000E+00   0.970000E+00   0.970000E+00   0.970000E+00   0.970000E+00   0.970000E+00   0.970000E+00   0.970000E+00   0.970000E+00   0.967745E+00   0.967844E+00   0.967952E+00   0.968055E+00   0.968154E+00   0.968248E+00   0.968337E+00   0.968422E+00   0.968503E+00   0.968579E+00   0.968651E+00   0.968720E+00   0.968785E+00   0.968847E+00   0.968905E+00   0.968961E+00   0.969014E+00   0.969064E+00   0.969111E+00   0.969156E+00   0.969199E+00   0.969240E+00   0.969278E+00   0.969315E+00   0.969350E+00   0.969383E+00   0.969414E+00   0.969444E+00   0.969472E+00   0.969499E+00   0.969525E+00   0.969549E+00   0.969572E+00   0.969594E+00   0.969615E+00   0.969640E+00
 0.970000E+00   0.970000E+00   0.970000E+00   0.970000E+00   0.970000E+00   0.970000E+00   0.970000E+00   0.970000E+00   0.970000E+00   0.970000E+00   0.970000E+00   0.970000E+00   0.970000E+00   0.970000E+00   0.970000E+00   0.970000E+00   0.970000E+00   0.970000E+00   0.970000E+00   0.970000E+00   0.970000E+00   0.970000E+00   0.970000E+00   0.970000E+00   0.970000E+00   0.970000E+00   0.970000E+00   0.970000E+00   0.970000E+00   0.970000E+00   0.970000E+00   0.970000E+00   0.970000E+00   0.970000E+00   0.970000E+00   0.970000E+00   0.970000E+00   0.970000E+00   0.970000E+00   0.970000E+00   0.970000E+00   0.970000E+00   0.970000E+00   0.970000E+00   0.970000E+00   0.970000E+00   0.970000E+00   0.970000E+00   0.970000E+00   0.970000E+00   0.970000E+00   0.970000E+00   0.970000E+00   0.970000E+00   0.970000E+00   0.970000E+00   0.970000E+00   0.970000E+00   0.970000E+00   0.970000E+00   0.970000E+00   0.970000E+00   0.970000E+00   0.970000E+00   0.970000E+00   0.970000E+00   0.970000E+00   0.970000E+00   0.970000E+00   0.970000E+00   0.970000E+00   0.962250E+00   0.962627E+00   0.963043E+00   0.963436E+00   0.963805E+00   0.964152E+00   0.964476E+00   0.964780E+00   0.965061E+00   0.965323E+00   0.965570E+00   0.965779E+00   0.970000E+00   0.970000E+00   0.970000E+00   0.970000E+00   0.970000E+00   0.970000E+00   0.970000E+00   0.970000E+00   0.970000E+00   0.967745E+00   0.967844E+00   0.967951E+00   0.968055E+00   0.968153E+00   0.968248E+00   0.968337E+00   0.968422E+00   0.968502E+00   0.968579E+00   0.968651E+00   0.968720E+00   0.968785E+00   0.968847E+00   0.968905E+00   0.968961E+00   0.969014E+00   0.969064E+00   0.969111E+00   0.969156E+00   0.969199E+00   0.969240E+00   0.969278E+00   0.969315E+00   0.969350E+00   0.969383E+00   0.969414E+00   0.969444E+00   0.969472E+00   0.969499E+00   0.969525E+00   0.969549E+00   0.969572E+00   0.969594E+00   0.969615E+00   0.969640E+00
 0.970000E+00   0.970000E+00   0.970000E+00   0.970000E+00   0.970000E+00   0.970000E+00   0.970000E+00   0.970000E+00   0.970000E+00   0.970000E+00   0.970000E+00   0.970000E+00   0.970000E+00   0.970000E+00   0.970000E+00   0.970000E+00   0.970000E+00   0.970000E+00   0.970000E+00   0.970000E+00   0.970000E+00   0.970000E+00   0.970000E+00   0.970000E+00   0.970000E+00   0.970000E+00   0.970000E+00   0.970000E+00   0.970000E+00   0.970000E+00   0.970000E+00   0.970000E+00   0.970000E+00   0.970000E+00   0.970000E+00   0.970000E+00   0.970000E+00   0.970000E+00   0.970000E+00   0.970000E+00   0.970000E+00   0.970000E+00   0.970000E+00   0.970000E+00   0.970000E+00   0.970000E+00   0.970000E+00   0.970000E+00   0.970000E+00   0.970000E+00   0.970000E+00   0.970000E+00   0.970000E+00   0.970000E+00   0.970000E+00   0.970000E+00   0.970000E+00   0.970000E+00   0.970000E+00   0.970000E+00   0.970000E+00   0.970000E+00   0.970000E+00   0.970000E+00   0.970000E+00   0.970000E+00   0.970000E+00   0.970000E+00   0.970000E+00   0.970000E+00   0.970000E+00   0.962229E+00   0.962616E+00   0.963034E+00   0.963428E+00   0.963798E+00   0.964146E+00   0.964471E+00   0.964775E+00   0.965057E+00   0.965319E+00   0.965566E+00   0.965776E+00   0.970000E+00   0.970000E+00   0.970000E+00   0.970000E+00   0.970000E+00   0.970000E+00   0.970000E+00   0.970000E+00   0.970000E+00   0.967744E+00   0.967843E+00   0.967951E+00   0.968054E+00   0.968153E+00   0.968247E+00   0.968337E+00   0.968422E+00   0.968502E+00   0.968579E+00   0.968651E+00   0.968720E+00   0.968785E+00   0.968847E+00   0.968905E+00   0.968961E+00   0.969014E+00   0.969064E+00   0.969111E+00   0.969156E+00   0.969199E+00   0.969240E+00   0.969278E+00   0.969315E+00   0.969350E+00   0.969383E+00   0.969414E+00   0.969444E+00   0.969472E+00   0.969499E+00   0.969525E+00   0.969549E+00   0.969572E+00   0.969594E+00   0.969615E+00   0.969640E+00
 0.970000E+00   0.970000E+00   0.970000E+00   0.970000E+00   0.970000E+00   0.970000E+00   0.970000E+00   0.970000E+00   0.970000E+00   0.970000E+00   0.970000E+00   0.970000E+00   0.970000E+00   0.970000E+00   0.970000E+00   0.970000E+00   0.970000E+00   0.970000E+00   0.970000E+00   0.970000E+00   0.970000E+00   0.970000E+00   0.970000E+00   0.970000E+00   0.970000E+00   0.970000E+00   0.970000E+00   0.970000E+00   0.970000E+00   0.970000E+00   0.970000E+00   0.970000E+00   0.970000E+00   0.970000E+00   0.970000E+00   0.970000E+00   0.970000E+00   0.970000E+00   0.970000E+00   0.970000E+00   0.970000E+00   0.970000E+00   0.970000E+00   0.970000E+00   0.970000E+00   0.970000E+00   0.970000E+00   0.970000E+00   0.970000E+00   0.970000E+00   0.970000E+00   0.970000E+00   0.970000E+00   0.970000E+00   0.970000E+00   0.970000E+00   0.970000E+00   0.970000E+00   0.970000E+00   0.970000E+00   0.970000E+00   0.970000E+00   0.970000E+00   0.970000E+00   0.970000E+00   0.970000E+00   0.970000E+00   0.970000E+00   0.970000E+00   0.970000E+00   0.970000E+00   0.962209E+00   0.962606E+00   0.963025E+00   0.963420E+00   0.963792E+00   0.964140E+00   0.964466E+00   0.964770E+00   0.965053E+00   0.965315E+00   0.965563E+00   0.965772E+00   0.970000E+00   0.970000E+00   0.970000E+00   0.970000E+00   0.970000E+00   0.970000E+00   0.970000E+00   0.970000E+00   0.970000E+00   0.967744E+00   0.967843E+00   0.967950E+00   0.968054E+00   0.968153E+00   0.968247E+00   0.968336E+00   0.968421E+00   0.968502E+00   0.968579E+00   0.968651E+00   0.968720E+00   0.968785E+00   0.968847E+00   0.968905E+00   0.968961E+00   0.969014E+00   0.969064E+00   0.969111E+00   0.969156E+00   0.969199E+00   0.969240E+00   0.969278E+00   0.969315E+00   0.969350E+00   0.969383E+00   0.969414E+00   0.969444E+00   0.969472E+00   0.969499E+00   0.969525E+00   0.969549E+00   0.969572E+00   0.969594E+00   0.969615E+00   0.969640E+00
 0.970000E+00   0.970000E+00   0.970000E+00   0.970000E+00   0.970000E+00   0.970000E+00   0.970000E+00   0.970000E+00   0.970000E+00   0.970000E+00   0.970000E+00   0.970000E+00   0.970000E+00   0.970000E+00   0.970000E+00   0.970000E+00   0.970000E+00   0.970000E+00   0.970000E+00   0.970000E+00   0.970000E+00   0.970000E+00   0.970000E+00   0.970000E+00   0.970000E+00   0.970000E+00   0.970000E+00   0.970000E+00   0.970000E+00   0.970000E+00   0.970000E+00   0.970000E+00   0.970000E+00   0.970000E+00   0.970000E+00   0.970000E+00   0.970000E+00   0.970000E+00   0.970000E+00   0.970000E+00   0.970000E+00   0.970000E+00   0.970000E+00   0.970000E+00   0.970000E+00   0.970000E+00   0.970000E+00   0.970000E+00   0.970000E+00   0.970000E+00   0.970000E+00   0.970000E+00   0.970000E+00   0.970000E+00   0.970000E+00   0.970000E+00   0.970000E+00   0.970000E+00   0.970000E+00   0.970000E+00   0.970000E+00   0.970000E+00   0.970000E+00   0.970000E+00   0.970000E+00   0.970000E+00   0.970000E+00   0.970000E+00   0.970000E+00   0.970000E+00   0.970000E+00   0.962188E+00   0.962595E+00   0.963016E+00   0.963412E+00   0.963785E+00   0.964134E+00   0.964460E+00   0.964766E+00   0.965049E+00   0.965311E+00   0.965559E+00   0.965769E+00   0.970000E+00   0.970000E+00   0.970000E+00   0.970000E+00   0.970000E+00   0.970000E+00   0.970000E+00   0.970000E+00   0.970000E+00   0.967744E+00   0.967842E+00   0.967950E+00   0.968053E+00   0.968152E+00   0.968247E+00   0.968336E+00   0.968421E+00   0.968502E+00   0.968578E+00   0.968651E+00   0.968720E+00   0.968785E+00   0.968847E+00   0.968905E+00   0.968961E+00   0.969014E+00   0.969064E+00   0.969111E+00   0.969156E+00   0.969199E+00   0.969240E+00   0.969278E+00   0.969315E+00   0.969350E+00   0.969383E+00   0.969414E+00   0.969444E+00   0.969473E+00   0.969499E+00   0.969525E+00   0.969549E+00   0.969572E+00   0.969594E+00   0.969615E+00   0.969640E+00
 0.970000E+00   0.970000E+00   0.970000E+00   0.970000E+00   0.970000E+00   0.970000E+00   0.970000E+00   0.970000E+00   0.970000E+00   0.970000E+00   0.970000E+00   0.970000E+00   0.970000E+00   0.970000E+00   0.970000E+00   0.970000E+00   0.970000E+00   0.970000E+00   0.970000E+00   0.970000E+00   0.970000E+00   0.970000E+00   0.970000E+00   0.970000E+00   0.970000E+00   0.970000E+00   0.970000E+00   0.970000E+00   0.970000E+00   0.970000E+00   0.970000E+00   0.970000E+00   0.970000E+00   0.970000E+00   0.970000E+00   0.970000E+00   0.970000E+00   0.970000E+00   0.970000E+00   0.970000E+00   0.970000E+00   0.970000E+00   0.970000E+00   0.970000E+00   0.970000E+00   0.970000E+00   0.970000E+00   0.970000E+00   0.970000E+00   0.970000E+00   0.970000E+00   0.970000E+00   0.970000E+00   0.970000E+00   0.970000E+00   0.970000E+00   0.970000E+00   0.970000E+00   0.970000E+00   0.970000E+00   0.970000E+00   0.970000E+00   0.970000E+00   0.970000E+00   0.970000E+00   0.970000E+00   0.970000E+00   0.970000E+00   0.970000E+00   0.970000E+00   0.961851E+00   0.962168E+00   0.962585E+00   0.963007E+00   0.963405E+00   0.963778E+00   0.964128E+00   0.964455E+00   0.964761E+00   0.965045E+00   0.965308E+00   0.965555E+00   0.965765E+00   0.970000E+00   0.970000E+00   0.970000E+00   0.970000E+00   0.970000E+00   0.970000E+00   0.970000E+00   0.970000E+00   0.970000E+00   0.967743E+00   0.967842E+00   0.967949E+00   0.968053E+00   0.968152E+00   0.968246E+00   0.968336E+00   0.968421E+00   0.968502E+00   0.968578E+00   0.968651E+00   0.968720E+00   0.968785E+00   0.968847E+00   0.968905E+00   0.968961E+00   0.969014E+00   0.969064E+00   0.969111E+00   0.969156E+00   0.969199E+00   0.969240E+00   0.969278E+00   0.969315E+00   0.969350E+00   0.969383E+00   0.969414E+00   0.969444E+00   0.969473E+00   0.969499E+00   0.969525E+00   0.969549E+00   0.969572E+00   0.969594E+00   0.969615E+00   0.969640E+00
 0.970000E+00   0.970000E+00   0.970000E+00   0.970000E+00   0.970000E+00   0.970000E+00   0.970000E+00   0.970000E+00   0.970000E+00   0.970000E+00   0.970000E+00   0.970000E+00   0.970000E+00   0.970000E+00   0.970000E+00   0.970000E+00   0.970000E+00   0.970000E+00   0.970000E+00   0.970000E+00   0.970000E+00   0.970000E+00   0.970000E+00   0.970000E+00   0.970000E+00   0.970000E+00   0.970000E+00   0.970000E+00   0.970000E+00   0.970000E+00   0.970000E+00   0.970000E+00   0.970000E+00   0.970000E+00   0.970000E+00   0.970000E+00   0.970000E+00   0.970000E+00   0.970000E+00   0.970000E+00   0.970000E+00   0.970000E+00   0.970000E+00   0.970000E+00   0.970000E+00   0.970000E+00   0.970000E+00   0.970000E+00   0.970000E+00   0.970000E+00   0.970000E+00   0.970000E+00   0.970000E+00   0.970000E+00   0.970000E+00   0.970000E+00   0.970000E+00   0.970000E+00   0.970000E+00   0.970000E+00   0.970000E+00   0.970000E+00   0.970000E+00   0.970000E+00   0.970000E+00   0.970000E+00   0.970000E+00   0.970000E+00   0.970000E+00   0.970000E+00   0.961826E+00   0.962150E+00   0.962574E+00   0.962998E+00   0.963397E+00   0.963771E+00   0.964122E+00   0.964450E+00   0.964756E+00   0.965041E+00   0.965304E+00   0.965551E+00   0.965762E+00   0.970000E+00   0.970000E+00   0.970000E+00   0.970000E+00   0.970000E+00   0.970000E+00   0.970000E+00   0.970000E+00   0.970000E+00   0.967743E+00   0.967841E+00   0.967949E+00   0.968053E+00   0.968152E+00   0.968246E+00   0.968336E+00   0.968421E+00   0.968501E+00   0.968578E+00   0.968651E+00   0.968719E+00   0.968785E+00   0.968847E+00   0.968905E+00   0.968961E+00   0.969014E+00   0.969064E+00   0.969111E+00   0.969156E+00   0.969199E+00   0.969240E+00   0.969278E+00   0.969315E+00   0.969350E+00   0.969383E+00   0.969414E+00   0.969444E+00   0.969473E+00   0.969500E+00   0.969525E+00   0.969549E+00   0.969572E+00   0.969594E+00   0.969615E+00   0.969640E+00
 0.970000E+00   0.970000E+00   0.970000E+00   0.970000E+00   0.970000E+00   0.970000E+00   0.970000E+00   0.970000E+00   0.970000E+00   0.970000E+00   0.970000E+00   0.970000E+00   0.970000E+00   0.970000E+00   0.970000E+00   0.970000E+00   0.970000E+00   0.970000E+00   0.970000E+00   0.970000E+00   0.970000E+00   0.970000E+00   0.970000E+00   0.970000E+00   0.970000E+00   0.970000E+00   0.970000E+00   0.970000E+00   0.970000E+00   0.970000E+00   0.970000E+00   0.970000E+00   0.970000E+00   0.970000E+00   0.970000E+00   0.970000E+00   0.970000E+00   0.970000E+00   0.970000E+00   0.970000E+00   0.970000E+00   0.970000E+00   0.970000E+00   0.970000E+00   0.970000E+00   0.970000E+00   0.970000E+00   0.970000E+00   0.970000E+00   0.970000E+00   0.970000E+00   0.970000E+00   0.970000E+00   0.970000E+00   0.970000E+00   0.970000E+00   0.970000E+00   0.970000E+00   0.970000E+00   0.970000E+00   0.970000E+00   0.970000E+00   0.970000E+00   0.970000E+00   0.970000E+00   0.970000E+00   0.970000E+00   0.970000E+00   0.970000E+00   0.970000E+00   0.961800E+00   0.962133E+00   0.962564E+00   0.962989E+00   0.963389E+00   0.963764E+00   0.964116E+00   0.964445E+00   0.964752E+00   0.965037E+00   0.965300E+00   0.965548E+00   0.965758E+00   0.970000E+00   0.970000E+00   0.970000E+00   0.970000E+00   0.970000E+00   0.970000E+00   0.970000E+00   0.970000E+00   0.970000E+00   0.967743E+00   0.967841E+00   0.967949E+00   0.968052E+00   0.968151E+00   0.968246E+00   0.968335E+00   0.968421E+00   0.968501E+00   0.968578E+00   0.968650E+00   0.968719E+00   0.968785E+00   0.968846E+00   0.968905E+00   0.968961E+00   0.969014E+00   0.969064E+00   0.969111E+00   0.969156E+00   0.969199E+00   0.969240E+00   0.969278E+00   0.969315E+00   0.969350E+00   0.969383E+00   0.969414E+00   0.969444E+00   0.969473E+00   0.969500E+00   0.969525E+00   0.969549E+00   0.969572E+00   0.969594E+00   0.969615E+00   0.969640E+00
 0.970000E+00   0.970000E+00   0.970000E+00   0.970000E+00   0.970000E+00   0.970000E+00   0.970000E+00   0.970000E+00   0.970000E+00   0.970000E+00   0.970000E+00   0.970000E+00   0.970000E+00   0.970000E+00   0.970000E+00   0.970000E+00   0.970000E+00   0.970000E+00   0.970000E+00   0.970000E+00   0.970000E+00   0.970000E+00   0.970000E+00   0.970000E+00   0.970000E+00   0.970000E+00   0.970000E+00   0.970000E+00   0.970000E+00   0.970000E+00   0.970000E+00   0.970000E+00   0.970000E+00   0.970000E+00   0.970000E+00   0.970000E+00   0.970000E+00   0.970000E+00   0.970000E+00   0.970000E+00   0.970000E+00   0.970000E+00   0.970000E+00   0.970000E+00   0.970000E+00   0.970000E+00   0.970000E+00   0.970000E+00   0.970000E+00   0.970000E+00   0.970000E+00   0.970000E+00   0.970000E+00   0.970000E+00   0.970000E+00   0.970000E+00   0.970000E+00   0.970000E+00   0.970000E+00   0.970000E+00   0.970000E+00   0.970000E+00   0.970000E+00   0.970000E+00   0.970000E+00   0.970000E+00   0.970000E+00   0.970000E+00   0.970000E+00   0.970000E+00   0.961775E+00   0.962117E+00   0.962553E+00   0.962980E+00   0.963381E+00   0.963757E+00   0.964110E+00   0.964439E+00   0.964747E+00   0.965033E+00   0.965296E+00   0.965544E+00   0.965755E+00   0.970000E+00   0.970000E+00   0.970000E+00   0.970000E+00   0.970000E+00   0.970000E+00   0.970000E+00   0.970000E+00   0.970000E+00   0.967742E+00   0.967840E+00   0.967948E+00   0.968052E+00   0.968151E+00   0.968245E+00   0.968335E+00   0.968420E+00   0.968501E+00   0.968578E+00   0.968650E+00   0.968719E+00   0.968784E+00   0.968846E+00   0.968905E+00   0.968961E+00   0.969014E+00   0.969064E+00   0.969111E+00   0.969156E+00   0.969199E+00   0.969240E+00   0.969279E+00   0.969315E+00   0.969350E+00   0.969383E+00   0.969414E+00   0.969444E+00   0.969473E+00   0.969500E+00   0.969525E+00   0.969549E+00   0.969573E+00   0.969594E+00   0.969615E+00   0.969640E+00
 0.970000E+00   0.970000E+00   0.970000E+00   0.970000E+00   0.970000E+00   0.970000E+00   0.970000E+00   0.970000E+00   0.970000E+00   0.970000E+00   0.970000E+00   0.970000E+00   0.970000E+00   0.970000E+00   0.970000E+00   0.970000E+00   0.970000E+00   0.970000E+00   0.970000E+00   0.970000E+00   0.970000E+00   0.970000E+00   0.970000E+00   0.970000E+00   0.970000E+00   0.970000E+00   0.970000E+00   0.970000E+00   0.970000E+00   0.970000E+00   0.970000E+00   0.970000E+00   0.970000E+00   0.970000E+00   0.970000E+00   0.970000E+00   0.970000E+00   0.970000E+00   0.970000E+00   0.970000E+00   0.970000E+00   0.970000E+00   0.970000E+00   0.970000E+00   0.970000E+00   0.970000E+00   0.970000E+00   0.970000E+00   0.970000E+00   0.970000E+00   0.970000E+00   0.970000E+00   0.970000E+00   0.970000E+00   0.970000E+00   0.970000E+00   0.970000E+00   0.970000E+00   0.970000E+00   0.970000E+00   0.970000E+00   0.970000E+00   0.970000E+00   0.970000E+00   0.970000E+00   0.970000E+00   0.970000E+00   0.970000E+00   0.970000E+00   0.970000E+00   0.961749E+00   0.962101E+00   0.962543E+00   0.962971E+00   0.963373E+00   0.963750E+00   0.964104E+00   0.964434E+00   0.964743E+00   0.965029E+00   0.965293E+00   0.965540E+00   0.965751E+00   0.970000E+00   0.970000E+00   0.970000E+00   0.970000E+00   0.970000E+00   0.970000E+00   0.970000E+00   0.970000E+00   0.970000E+00   0.967742E+00   0.967840E+00   0.967948E+00   0.968051E+00   0.968151E+00   0.968245E+00   0.968335E+00   0.968420E+00   0.968501E+00   0.968578E+00   0.968650E+00   0.968719E+00   0.968784E+00   0.968846E+00   0.968905E+00   0.968961E+00   0.969014E+00   0.969064E+00   0.969111E+00   0.969156E+00   0.969199E+00   0.969240E+00   0.969279E+00   0.969315E+00   0.969350E+00   0.969383E+00   0.969415E+00   0.969444E+00   0.969473E+00   0.969500E+00   0.969525E+00   0.969549E+00   0.969573E+00   0.969594E+00   0.969615E+00   0.969640E+00
 0.970000E+00   0.970000E+00   0.970000E+00   0.970000E+00   0.970000E+00   0.970000E+00   0.970000E+00   0.970000E+00   0.970000E+00   0.970000E+00   0.970000E+00   0.970000E+00   0.970000E+00   0.970000E+00   0.970000E+00   0.970000E+00   0.970000E+00   0.970000E+00   0.970000E+00   0.970000E+00   0.970000E+00   0.970000E+00   0.970000E+00   0.970000E+00   0.970000E+00   0.970000E+00   0.970000E+00   0.970000E+00   0.970000E+00   0.970000E+00   0.970000E+00   0.970000E+00   0.970000E+00   0.970000E+00   0.970000E+00   0.970000E+00   0.970000E+00   0.970000E+00   0.970000E+00   0.970000E+00   0.970000E+00   0.970000E+00   0.970000E+00   0.970000E+00   0.970000E+00   0.970000E+00   0.970000E+00   0.970000E+00   0.970000E+00   0.970000E+00   0.970000E+00   0.970000E+00   0.970000E+00   0.970000E+00   0.970000E+00   0.970000E+00   0.970000E+00   0.970000E+00   0.970000E+00   0.970000E+00   0.970000E+00   0.970000E+00   0.970000E+00   0.970000E+00   0.970000E+00   0.970000E+00   0.970000E+00   0.970000E+00   0.970000E+00   0.970000E+00   0.961723E+00   0.962087E+00   0.962532E+00   0.962962E+00   0.963365E+00   0.963743E+00   0.964098E+00   0.964429E+00   0.964738E+00   0.965025E+00   0.965289E+00   0.965536E+00   0.965748E+00   0.970000E+00   0.970000E+00   0.970000E+00   0.970000E+00   0.970000E+00   0.970000E+00   0.970000E+00   0.970000E+00   0.970000E+00   0.967742E+00   0.967839E+00   0.967947E+00   0.968051E+00   0.968150E+00   0.968245E+00   0.968335E+00   0.968420E+00   0.968501E+00   0.968577E+00   0.968650E+00   0.968719E+00   0.968784E+00   0.968846E+00   0.968905E+00   0.968961E+00   0.969014E+00   0.969064E+00   0.969111E+00   0.969156E+00   0.969199E+00   0.969240E+00   0.969279E+00   0.969315E+00   0.969350E+00   0.969383E+00   0.969415E+00   0.969444E+00   0.969473E+00   0.969500E+00   0.969525E+00   0.969550E+00   0.969573E+00   0.969595E+00   0.969615E+00   0.969640E+00
 0.970000E+00   0.970000E+00   0.970000E+00   0.970000E+00   0.970000E+00   0.970000E+00   0.970000E+00   0.970000E+00   0.970000E+00   0.970000E+00   0.970000E+00   0.970000E+00   0.970000E+00   0.970000E+00   0.970000E+00   0.970000E+00   0.970000E+00   0.970000E+00   0.970000E+00   0.970000E+00   0.970000E+00   0.970000E+00   0.970000E+00   0.970000E+00   0.970000E+00   0.970000E+00   0.970000E+00   0.970000E+00   0.970000E+00   0.970000E+00   0.970000E+00   0.970000E+00   0.970000E+00   0.970000E+00   0.970000E+00   0.970000E+00   0.970000E+00   0.970000E+00   0.970000E+00   0.970000E+00   0.970000E+00   0.970000E+00   0.970000E+00   0.970000E+00   0.970000E+00   0.970000E+00   0.970000E+00   0.970000E+00   0.970000E+00   0.970000E+00   0.970000E+00   0.970000E+00   0.970000E+00   0.970000E+00   0.970000E+00   0.970000E+00   0.970000E+00   0.970000E+00   0.970000E+00   0.970000E+00   0.970000E+00   0.970000E+00   0.970000E+00   0.970000E+00   0.970000E+00   0.970000E+00   0.970000E+00   0.970000E+00   0.970000E+00   0.970000E+00   0.961697E+00   0.962072E+00   0.962522E+00   0.962953E+00   0.963357E+00   0.963736E+00   0.964092E+00   0.964424E+00   0.964733E+00   0.965021E+00   0.965285E+00   0.965533E+00   0.965744E+00   0.970000E+00   0.970000E+00   0.970000E+00   0.970000E+00   0.970000E+00   0.970000E+00   0.970000E+00   0.970000E+00   0.970000E+00   0.967741E+00   0.967839E+00   0.967947E+00   0.968051E+00   0.968150E+00   0.968244E+00   0.968334E+00   0.968420E+00   0.968500E+00   0.968577E+00   0.968650E+00   0.968719E+00   0.968784E+00   0.968846E+00   0.968905E+00   0.968961E+00   0.969014E+00   0.969064E+00   0.969111E+00   0.969156E+00   0.969199E+00   0.969240E+00   0.969279E+00   0.969315E+00   0.969350E+00   0.969383E+00   0.969415E+00   0.969444E+00   0.969473E+00   0.969500E+00   0.969525E+00   0.969550E+00   0.969573E+00   0.969595E+00   0.969615E+00   0.969640E+00
 0.970000E+00   0.970000E+00   0.970000E+00   0.970000E+00   0.970000E+00   0.970000E+00   0.970000E+00   0.970000E+00   0.970000E+00   0.970000E+00   0.970000E+00   0.970000E+00   0.970000E+00   0.970000E+00   0.970000E+00   0.970000E+00   0.970000E+00   0.970000E+00   0.970000E+00   0.970000E+00   0.970000E+00   0.970000E+00   0.970000E+00   0.970000E+00   0.970000E+00   0.970000E+00   0.970000E+00   0.970000E+00   0.970000E+00   0.970000E+00   0.970000E+00   0.970000E+00   0.970000E+00   0.970000E+00   0.970000E+00   0.970000E+00   0.970000E+00   0.970000E+00   0.970000E+00   0.970000E+00   0.970000E+00   0.970000E+00   0.970000E+00   0.970000E+00   0.970000E+00   0.970000E+00   0.970000E+00   0.970000E+00   0.970000E+00   0.970000E+00   0.970000E+00   0.970000E+00   0.970000E+00   0.970000E+00   0.970000E+00   0.970000E+00   0.970000E+00   0.970000E+00   0.970000E+00   0.970000E+00   0.970000E+00   0.970000E+00   0.970000E+00   0.970000E+00   0.970000E+00   0.970000E+00   0.970000E+00   0.970000E+00   0.970000E+00   0.970000E+00   0.961671E+00   0.962058E+00   0.962511E+00   0.962943E+00   0.963349E+00   0.963730E+00   0.964086E+00   0.964418E+00   0.964729E+00   0.965016E+00   0.965281E+00   0.965529E+00   0.965741E+00   0.970000E+00   0.970000E+00   0.970000E+00   0.970000E+00   0.970000E+00   0.970000E+00   0.970000E+00   0.970000E+00   0.970000E+00   0.967741E+00   0.967839E+00   0.967946E+00   0.968050E+00   0.968150E+00   0.968244E+00   0.968334E+00   0.968419E+00   0.968500E+00   0.968577E+00   0.968650E+00   0.968719E+00   0.968784E+00   0.968846E+00   0.968905E+00   0.968961E+00   0.969014E+00   0.969064E+00   0.969111E+00   0.969156E+00   0.969199E+00   0.969240E+00   0.969279E+00   0.969315E+00   0.969350E+00   0.969383E+00   0.969415E+00   0.969444E+00   0.969473E+00   0.969500E+00   0.969525E+00   0.969550E+00   0.969573E+00   0.969595E+00   0.969615E+00   0.969640E+00
 0.970000E+00   0.970000E+00   0.970000E+00   0.970000E+00   0.970000E+00   0.970000E+00   0.970000E+00   0.970000E+00   0.970000E+00   0.970000E+00   0.970000E+00   0.970000E+00   0.970000E+00   0.970000E+00   0.970000E+00   0.970000E+00   0.970000E+00   0.970000E+00   0.970000E+00   0.970000E+00   0.970000E+00   0.970000E+00   0.970000E+00   0.970000E+00   0.970000E+00   0.970000E+00   0.970000E+00   0.970000E+00   0.970000E+00   0.970000E+00   0.970000E+00   0.970000E+00   0.970000E+00   0.970000E+00   0.970000E+00   0.970000E+00   0.970000E+00   0.970000E+00   0.970000E+00   0.970000E+00   0.970000E+00   0.970000E+00   0.970000E+00   0.970000E+00   0.970000E+00   0.970000E+00   0.970000E+00   0.970000E+00   0.970000E+00   0.970000E+00   0.970000E+00   0.970000E+00   0.970000E+00   0.970000E+00   0.970000E+00   0.970000E+00   0.970000E+00   0.970000E+00   0.970000E+00   0.970000E+00   0.970000E+00   0.970000E+00   0.970000E+00   0.970000E+00   0.970000E+00   0.970000E+00   0.970000E+00   0.970000E+00   0.970000E+00   0.970000E+00   0.961645E+00   0.962045E+00   0.962500E+00   0.962934E+00   0.963341E+00   0.963723E+00   0.964080E+00   0.964413E+00   0.964724E+00   0.965012E+00   0.965278E+00   0.965525E+00   0.965737E+00   0.970000E+00   0.970000E+00   0.970000E+00   0.970000E+00   0.970000E+00   0.970000E+00   0.970000E+00   0.970000E+00   0.970000E+00   0.967741E+00   0.967838E+00   0.967946E+00   0.968050E+00   0.968149E+00   0.968244E+00   0.968334E+00   0.968419E+00   0.968500E+00   0.968577E+00   0.968650E+00   0.968719E+00   0.968784E+00   0.968846E+00   0.968905E+00   0.968961E+00   0.969014E+00   0.969064E+00   0.969111E+00   0.969156E+00   0.969199E+00   0.969240E+00   0.969279E+00   0.969315E+00   0.969350E+00   0.969383E+00   0.969415E+00   0.969445E+00   0.969473E+00   0.969500E+00   0.969525E+00   0.969550E+00   0.969573E+00   0.969595E+00   0.969615E+00   0.969640E+00
 0.970000E+00   0.970000E+00   0.970000E+00   0.970000E+00   0.970000E+00   0.970000E+00   0.970000E+00   0.970000E+00   0.970000E+00   0.970000E+00   0.970000E+00   0.970000E+00   0.970000E+00   0.970000E+00   0.970000E+00   0.970000E+00   0.970000E+00   0.970000E+00   0.970000E+00   0.970000E+00   0.970000E+00   0.970000E+00   0.970000E+00   0.970000E+00   0.970000E+00   0.970000E+00   0.970000E+00   0.970000E+00   0.970000E+00   0.970000E+00   0.970000E+00   0.970000E+00   0.970000E+00   0.970000E+00   0.970000E+00   0.970000E+00   0.970000E+00   0.970000E+00   0.970000E+00   0.970000E+00   0.970000E+00   0.970000E+00   0.970000E+00   0.970000E+00   0.970000E+00   0.970000E+00   0.970000E+00   0.970000E+00   0.970000E+00   0.970000E+00   0.970000E+00   0.970000E+00   0.970000E+00   0.970000E+00   0.970000E+00   0.970000E+00   0.970000E+00   0.970000E+00   0.970000E+00   0.970000E+00   0.970000E+00   0.970000E+00   0.970000E+00   0.970000E+00   0.970000E+00   0.970000E+00   0.970000E+00   0.970000E+00   0.970000E+00   0.970000E+00   0.961619E+00   0.962031E+00   0.962490E+00   0.962925E+00   0.963333E+00   0.963716E+00   0.964074E+00   0.964408E+00   0.964719E+00   0.965008E+00   0.965274E+00   0.965521E+00   0.965734E+00   0.970000E+00   0.970000E+00   0.970000E+00   0.970000E+00   0.970000E+00   0.970000E+00   0.970000E+00   0.970000E+00   0.970000E+00   0.967741E+00   0.967838E+00   0.967946E+00   0.968049E+00   0.968149E+00   0.968244E+00   0.968334E+00   0.968419E+00   0.968500E+00   0.968577E+00   0.968650E+00   0.968719E+00   0.968784E+00   0.968846E+00   0.968905E+00   0.968961E+00   0.969013E+00   0.969064E+00   0.969111E+00   0.969156E+00   0.969199E+00   0.969240E+00   0.969279E+00   0.969315E+00   0.969350E+00   0.969383E+00   0.969415E+00   0.969445E+00   0.969473E+00   0.969500E+00   0.969525E+00   0.969550E+00   0.969573E+00   0.969595E+00   0.969615E+00   0.969640E+00
 0.970000E+00   0.970000E+00   0.970000E+00   0.970000E+00   0.970000E+00   0.970000E+00   0.970000E+00   0.970000E+00   0.970000E+00   0.970000E+00   0.970000E+00   0.970000E+00   0.970000E+00   0.970000E+00   0.970000E+00   0.970000E+00   0.970000E+00   0.970000E+00   0.970000E+00   0.970000E+00   0.970000E+00   0.970000E+00   0.970000E+00   0.970000E+00   0.970000E+00   0.970000E+00   0.970000E+00   0.970000E+00   0.970000E+00   0.970000E+00   0.970000E+00   0.970000E+00   0.970000E+00   0.970000E+00   0.970000E+00   0.970000E+00   0.970000E+00   0.970000E+00   0.970000E+00   0.970000E+00   0.970000E+00   0.970000E+00   0.970000E+00   0.970000E+00   0.970000E+00   0.970000E+00   0.970000E+00   0.970000E+00   0.970000E+00   0.970000E+00   0.970000E+00   0.970000E+00   0.970000E+00   0.970000E+00   0.970000E+00   0.970000E+00   0.970000E+00   0.970000E+00   0.970000E+00   0.970000E+00   0.970000E+00   0.970000E+00   0.970000E+00   0.970000E+00   0.970000E+00   0.970000E+00   0.970000E+00   0.970000E+00   0.970000E+00   0.970000E+00   0.961592E+00   0.962018E+00   0.962479E+00   0.962916E+00   0.963325E+00   0.963709E+00   0.964068E+00   0.964403E+00   0.964715E+00   0.965004E+00   0.965270E+00   0.965518E+00   0.965730E+00   0.970000E+00   0.970000E+00   0.970000E+00   0.970000E+00   0.970000E+00   0.970000E+00   0.970000E+00   0.970000E+00   0.970000E+00   0.967740E+00   0.967837E+00   0.967945E+00   0.968049E+00   0.968149E+00   0.968243E+00   0.968333E+00   0.968419E+00   0.968500E+00   0.968577E+00   0.968649E+00   0.968718E+00   0.968784E+00   0.968846E+00   0.968905E+00   0.968961E+00   0.969013E+00   0.969064E+00   0.969111E+00   0.969156E+00   0.969199E+00   0.969240E+00   0.969279E+00   0.969315E+00   0.969350E+00   0.969383E+00   0.969415E+00   0.969445E+00   0.969473E+00   0.969500E+00   0.969525E+00   0.969550E+00   0.969573E+00   0.969595E+00   0.969615E+00   0.969640E+00
 0.970000E+00   0.970000E+00   0.970000E+00   0.970000E+00   0.970000E+00   0.970000E+00   0.970000E+00   0.970000E+00   0.970000E+00   0.970000E+00   0.970000E+00   0.970000E+00   0.970000E+00   0.970000E+00   0.970000E+00   0.970000E+00   0.970000E+00   0.970000E+00   0.970000E+00   0.970000E+00   0.970000E+00   0.970000E+00   0.970000E+00   0.970000E+00   0.970000E+00   0.970000E+00   0.970000E+00   0.970000E+00   0.970000E+00   0.970000E+00   0.970000E+00   0.970000E+00   0.970000E+00   0.970000E+00   0.970000E+00   0.970000E+00   0.970000E+00   0.970000E+00   0.970000E+00   0.970000E+00   0.970000E+00   0.970000E+00   0.970000E+00   0.970000E+00   0.970000E+00   0.970000E+00   0.970000E+00   0.970000E+00   0.970000E+00   0.970000E+00   0.970000E+00   0.970000E+00   0.970000E+00   0.970000E+00   0.970000E+00   0.970000E+00   0.970000E+00   0.970000E+00   0.970000E+00   0.970000E+00   0.970000E+00   0.970000E+00   0.970000E+00   0.970000E+00   0.970000E+00   0.970000E+00   0.970000E+00   0.970000E+00   0.970000E+00   0.970000E+00   0.961566E+00   0.962005E+00   0.962469E+00   0.962907E+00   0.963318E+00   0.963702E+00   0.964062E+00   0.964397E+00   0.964710E+00   0.965000E+00   0.965267E+00   0.965514E+00   0.965727E+00   0.970000E+00   0.970000E+00   0.970000E+00   0.970000E+00   0.970000E+00   0.970000E+00   0.970000E+00   0.970000E+00   0.970000E+00   0.967740E+00   0.967837E+00   0.967945E+00   0.968049E+00   0.968148E+00   0.968243E+00   0.968333E+00   0.968419E+00   0.968500E+00   0.968576E+00   0.968649E+00   0.968718E+00   0.968784E+00   0.968846E+00   0.968905E+00   0.968961E+00   0.969013E+00   0.969064E+00   0.969111E+00   0.969156E+00   0.969199E+00   0.969240E+00   0.969279E+00   0.969315E+00   0.969350E+00   0.969383E+00   0.969415E+00   0.969445E+00   0.969473E+00   0.969500E+00   0.969525E+00   0.969550E+00   0.969573E+00   0.969595E+00   0.969615E+00   0.969640E+00
 0.970000E+00   0.970000E+00   0.970000E+00   0.970000E+00   0.970000E+00   0.970000E+00   0.970000E+00   0.970000E+00   0.970000E+00   0.970000E+00   0.970000E+00   0.970000E+00   0.970000E+00   0.970000E+00   0.970000E+00   0.970000E+00   0.970000E+00   0.970000E+00   0.970000E+00   0.970000E+00   0.970000E+00   0.970000E+00   0.970000E+00   0.970000E+00   0.970000E+00   0.970000E+00   0.970000E+00   0.970000E+00   0.970000E+00   0.970000E+00   0.970000E+00   0.970000E+00   0.970000E+00   0.970000E+00   0.970000E+00   0.970000E+00   0.970000E+00   0.970000E+00   0.970000E+00   0.970000E+00   0.970000E+00   0.970000E+00   0.970000E+00   0.970000E+00   0.970000E+00   0.970000E+00   0.970000E+00   0.970000E+00   0.970000E+00   0.970000E+00   0.970000E+00   0.970000E+00   0.970000E+00   0.970000E+00   0.970000E+00   0.970000E+00   0.970000E+00   0.970000E+00   0.970000E+00   0.970000E+00   0.970000E+00   0.970000E+00   0.970000E+00   0.970000E+00   0.970000E+00   0.970000E+00   0.970000E+00   0.970000E+00   0.970000E+00   0.961196E+00   0.961540E+00   0.961992E+00   0.962458E+00   0.962898E+00   0.963310E+00   0.963695E+00   0.964056E+00   0.964392E+00   0.964706E+00   0.964996E+00   0.965263E+00   0.965510E+00   0.965723E+00   0.970000E+00   0.970000E+00   0.970000E+00   0.970000E+00   0.970000E+00   0.970000E+00   0.970000E+00   0.970000E+00   0.970000E+00   0.967740E+00   0.967836E+00   0.967944E+00   0.968048E+00   0.968148E+00   0.968243E+00   0.968333E+00   0.968418E+00   0.968499E+00   0.968576E+00   0.968649E+00   0.968718E+00   0.968784E+00   0.968846E+00   0.968905E+00   0.968961E+00   0.969013E+00   0.969064E+00   0.969111E+00   0.969156E+00   0.969199E+00   0.969240E+00   0.969279E+00   0.969315E+00   0.969350E+00   0.969383E+00   0.969415E+00   0.969445E+00   0.969473E+00   0.969500E+00   0.969525E+00   0.969550E+00   0.969573E+00   0.969595E+00   0.969616E+00   0.969640E+00
 0.970000E+00   0.970000E+00   0.970000E+00   0.970000E+00   0.970000E+00   0.970000E+00   0.970000E+00   0.970000E+00   0.970000E+00   0.970000E+00   0.970000E+00   0.970000E+00   0.970000E+00   0.970000E+00   0.970000E+00   0.970000E+00   0.970000E+00   0.970000E+00   0.970000E+00   0.970000E+00   0.970000E+00   0.970000E+00   0.970000E+00   0.970000E+00   0.970000E+00   0.970000E+00   0.970000E+00   0.970000E+00   0.970000E+00   0.970000E+00   0.970000E+00   0.970000E+00   0.970000E+00   0.970000E+00   0.970000E+00   0.970000E+00   0.970000E+00   0.970000E+00   0.970000E+00   0.970000E+00   0.970000E+00   0.970000E+00   0.970000E+00   0.970000E+00   0.970000E+00   0.970000E+00   0.970000E+00   0.970000E+00   0.970000E+00   0.970000E+00   0.970000E+00   0.970000E+00   0.970000E+00   0.970000E+00   0.970000E+00   0.970000E+00   0.970000E+00   0.970000E+00   0.970000E+00   0.970000E+00   0.970000E+00   0.970000E+00   0.970000E+00   0.970000E+00   0.970000E+00   0.970000E+00   0.970000E+00   0.970000E+00   0.970000E+00   0.961164E+00   0.961516E+00   0.961979E+00   0.962447E+00   0.962889E+00   0.963302E+00   0.963688E+00   0.964050E+00   0.964387E+00   0.964701E+00   0.964993E+00   0.965260E+00   0.965507E+00   0.965720E+00   0.970000E+00   0.970000E+00   0.970000E+00   0.970000E+00   0.970000E+00   0.970000E+00   0.970000E+00   0.970000E+00   0.970000E+00   0.967739E+00   0.967836E+00   0.967944E+00   0.968048E+00   0.968148E+00   0.968242E+00   0.968333E+00   0.968418E+00   0.968499E+00   0.968576E+00   0.968649E+00   0.968718E+00   0.968784E+00   0.968846E+00   0.968905E+00   0.968960E+00   0.969013E+00   0.969064E+00   0.969111E+00   0.969157E+00   0.969199E+00   0.969240E+00   0.969279E+00   0.969315E+00   0.969350E+00   0.969383E+00   0.969415E+00   0.969445E+00   0.969473E+00   0.969500E+00   0.969525E+00   0.969550E+00   0.969573E+00   0.969595E+00   0.969616E+00   0.969640E+00
 0.970000E+00   0.970000E+00   0.970000E+00   0.970000E+00   0.970000E+00   0.970000E+00   0.970000E+00   0.970000E+00   0.970000E+00   0.970000E+00   0.970000E+00   0.970000E+00   0.970000E+00   0.970000E+00   0.970000E+00   0.970000E+00   0.970000E+00   0.970000E+00   0.970000E+00   0.970000E+00   0.970000E+00   0.970000E+00   0.970000E+00   0.970000E+00   0.970000E+00   0.970000E+00   0.970000E+00   0.970000E+00   0.970000E+00   0.970000E+00   0.970000E+00   0.970000E+00   0.970000E+00   0.970000E+00   0.970000E+00   0.970000E+00   0.970000E+00   0.970000E+00   0.970000E+00   0.970000E+00   0.970000E+00   0.970000E+00   0.970000E+00   0.970000E+00   0.970000E+00   0.970000E+00   0.970000E+00   0.970000E+00   0.970000E+00   0.970000E+00   0.970000E+00   0.970000E+00   0.970000E+00   0.970000E+00   0.970000E+00   0.970000E+00   0.970000E+00   0.970000E+00   0.970000E+00   0.970000E+00   0.970000E+00   0.970000E+00   0.970000E+00   0.970000E+00   0.970000E+00   0.970000E+00   0.970000E+00   0.970000E+00   0.970000E+00   0.961132E+00   0.961494E+00   0.961967E+00   0.962437E+00   0.962879E+00   0.963294E+00   0.963681E+00   0.964044E+00   0.964382E+00   0.964697E+00   0.964989E+00   0.965256E+00   0.965503E+00   0.965716E+00   0.970000E+00   0.970000E+00   0.970000E+00   0.970000E+00   0.970000E+00   0.970000E+00   0.970000E+00   0.970000E+00   0.970000E+00   0.967739E+00   0.967836E+00   0.967944E+00   0.968048E+00   0.968147E+00   0.968242E+00   0.968332E+00   0.968418E+00   0.968499E+00   0.968576E+00   0.968649E+00   0.968718E+00   0.968784E+00   0.968846E+00   0.968905E+00   0.968960E+00   0.969013E+00   0.969064E+00   0.969111E+00   0.969157E+00   0.969199E+00   0.969240E+00   0.969279E+00   0.969316E+00   0.969350E+00   0.969383E+00   0.969415E+00   0.969445E+00   0.969473E+00   0.969500E+00   0.969526E+00   0.969550E+00   0.969573E+00   0.969595E+00   0.969616E+00   0.969640E+00
 0.970000E+00   0.970000E+00   0.970000E+00   0.970000E+00   0.970000E+00   0.970000E+00   0.970000E+00   0.970000E+00   0.970000E+00   0.970000E+00   0.970000E+00   0.970000E+00   0.970000E+00   0.970000E+00   0.970000E+00   0.970000E+00   0.970000E+00   0.970000E+00   0.970000E+00   0.970000E+00   0.970000E+00   0.970000E+00   0.970000E+00   0.970000E+00   0.970000E+00   0.970000E+00   0.970000E+00   0.970000E+00   0.970000E+00   0.970000E+00   0.970000E+00   0.970000E+00   0.970000E+00   0.970000E+00   0.970000E+00   0.970000E+00   0.970000E+00   0.970000E+00   0.970000E+00   0.970000E+00   0.970000E+00   0.970000E+00   0.970000E+00   0.970000E+00   0.970000E+00   0.970000E+00   0.970000E+00   0.970000E+00   0.970000E+00   0.970000E+00   0.970000E+00   0.970000E+00   0.970000E+00   0.970000E+00   0.970000E+00   0.970000E+00   0.970000E+00   0.970000E+00   0.970000E+00   0.970000E+00   0.970000E+00   0.970000E+00   0.970000E+00   0.970000E+00   0.970000E+00   0.970000E+00   0.970000E+00   0.970000E+00   0.970000E+00   0.961099E+00   0.961474E+00   0.961954E+00   0.962426E+00   0.962870E+00   0.963286E+00   0.963675E+00   0.964038E+00   0.964377E+00   0.964692E+00   0.964985E+00   0.965253E+00   0.965499E+00   0.965713E+00   0.970000E+00   0.970000E+00   0.970000E+00   0.970000E+00   0.970000E+00   0.970000E+00   0.970000E+00   0.970000E+00   0.970000E+00   0.967739E+00   0.967835E+00   0.967943E+00   0.968047E+00   0.968147E+00   0.968242E+00   0.968332E+00   0.968418E+00   0.968499E+00   0.968576E+00   0.968649E+00   0.968718E+00   0.968784E+00   0.968846E+00   0.968905E+00   0.968960E+00   0.969013E+00   0.969064E+00   0.969111E+00   0.969157E+00   0.969199E+00   0.969240E+00   0.969279E+00   0.969316E+00   0.969350E+00   0.969383E+00   0.969415E+00   0.969445E+00   0.969473E+00   0.969500E+00   0.969526E+00   0.969550E+00   0.969573E+00   0.969595E+00   0.969616E+00   0.969640E+00
 0.970000E+00   0.970000E+00   0.970000E+00   0.970000E+00   0.970000E+00   0.970000E+00   0.970000E+00   0.970000E+00   0.970000E+00   0.970000E+00   0.970000E+00   0.970000E+00   0.970000E+00   0.970000E+00   0.970000E+00   0.970000E+00   0.970000E+00   0.970000E+00   0.970000E+00   0.970000E+00   0.970000E+00   0.970000E+00   0.970000E+00   0.970000E+00   0.970000E+00   0.970000E+00   0.970000E+00   0.970000E+00   0.970000E+00   0.970000E+00   0.970000E+00   0.970000E+00   0.970000E+00   0.970000E+00   0.970000E+00   0.970000E+00   0.970000E+00   0.970000E+00   0.970000E+00   0.970000E+00   0.970000E+00   0.970000E+00   0.970000E+00   0.970000E+00   0.970000E+00   0.970000E+00   0.970000E+00   0.970000E+00   0.970000E+00   0.970000E+00   0.970000E+00   0.970000E+00   0.970000E+00   0.970000E+00   0.970000E+00   0.970000E+00   0.970000E+00   0.970000E+00   0.970000E+00   0.970000E+00   0.970000E+00   0.970000E+00   0.970000E+00   0.970000E+00   0.970000E+00   0.970000E+00   0.970000E+00   0.970000E+00   0.970000E+00   0.961066E+00   0.961455E+00   0.961941E+00   0.962416E+00   0.962861E+00   0.963278E+00   0.963668E+00   0.964032E+00   0.964372E+00   0.964688E+00   0.964981E+00   0.965249E+00   0.965495E+00   0.965709E+00   0.970000E+00   0.970000E+00   0.970000E+00   0.970000E+00   0.970000E+00   0.970000E+00   0.970000E+00   0.970000E+00   0.970000E+00   0.967738E+00   0.967835E+00   0.967943E+00   0.968047E+00   0.968147E+00   0.968242E+00   0.968332E+00   0.968417E+00   0.968499E+00   0.968576E+00   0.968649E+00   0.968718E+00   0.968783E+00   0.968846E+00   0.968905E+00   0.968960E+00   0.969013E+00   0.969064E+00   0.969111E+00   0.969157E+00   0.969199E+00   0.969240E+00   0.969279E+00   0.969316E+00   0.969350E+00   0.969384E+00   0.969415E+00   0.969445E+00   0.969473E+00   0.969500E+00   0.969526E+00   0.969550E+00   0.969573E+00   0.969595E+00   0.969616E+00   0.969640E+00
 0.970000E+00   0.970000E+00   0.970000E+00   0.970000E+00   0.970000E+00   0.970000E+00   0.970000E+00   0.970000E+00   0.970000E+00   0.970000E+00   0.970000E+00   0.970000E+00   0.970000E+00   0.970000E+00   0.970000E+00   0.970000E+00   0.970000E+00   0.970000E+00   0.970000E+00   0.970000E+00   0.970000E+00   0.970000E+00   0.970000E+00   0.970000E+00   0.970000E+00   0.970000E+00   0.970000E+00   0.970000E+00   0.970000E+00   0.970000E+00   0.970000E+00   0.970000E+00   0.970000E+00   0.970000E+00   0.970000E+00   0.970000E+00   0.970000E+00   0.970000E+00   0.970000E+00   0.970000E+00   0.970000E+00   0.970000E+00   0.970000E+00   0.970000E+00   0.970000E+00   0.970000E+00   0.970000E+00   0.970000E+00   0.970000E+00   0.970000E+00   0.970000E+00   0.970000E+00   0.970000E+00   0.970000E+00   0.970000E+00   0.970000E+00   0.970000E+00   0.970000E+00   0.970000E+00   0.970000E+00   0.970000E+00   0.970000E+00   0.970000E+00   0.970000E+00   0.970000E+00   0.970000E+00   0.970000E+00   0.970000E+00   0.970000E+00   0.961033E+00   0.961436E+00   0.961929E+00   0.962405E+00   0.962852E+00   0.963270E+00   0.963661E+00   0.964026E+00   0.964366E+00   0.964683E+00   0.964977E+00   0.965246E+00   0.965492E+00   0.965706E+00   0.970000E+00   0.970000E+00   0.970000E+00   0.970000E+00   0.970000E+00   0.970000E+00   0.970000E+00   0.970000E+00   0.970000E+00   0.967738E+00   0.967834E+00   0.967942E+00   0.968047E+00   0.968146E+00   0.968241E+00   0.968332E+00   0.968417E+00   0.968499E+00   0.968576E+00   0.968649E+00   0.968718E+00   0.968783E+00   0.968846E+00   0.968904E+00   0.968960E+00   0.969013E+00   0.969064E+00   0.969111E+00   0.969157E+00   0.969199E+00   0.969240E+00   0.969279E+00   0.969316E+00   0.969350E+00   0.969384E+00   0.969415E+00   0.969445E+00   0.969473E+00   0.969500E+00   0.969526E+00   0.969550E+00   0.969573E+00   0.969595E+00   0.969616E+00   0.969640E+00
 0.970000E+00   0.970000E+00   0.970000E+00   0.970000E+00   0.970000E+00   0.970000E+00   0.970000E+00   0.970000E+00   0.970000E+00   0.970000E+00   0.970000E+00   0.970000E+00   0.970000E+00   0.970000E+00   0.970000E+00   0.970000E+00   0.970000E+00   0.970000E+00   0.970000E+00   0.970000E+00   0.970000E+00   0.970000E+00   0.970000E+00   0.970000E+00   0.970000E+00   0.970000E+00   0.970000E+00   0.970000E+00   0.970000E+00   0.970000E+00   0.970000E+00   0.970000E+00   0.970000E+00   0.970000E+00   0.970000E+00   0.970000E+00   0.970000E+00   0.970000E+00   0.970000E+00   0.970000E+00   0.970000E+00   0.970000E+00   0.970000E+00   0.970000E+00   0.970000E+00   0.970000E+00   0.970000E+00   0.970000E+00   0.970000E+00   0.970000E+00   0.970000E+00   0.970000E+00   0.970000E+00   0.970000E+00   0.970000E+00   0.970000E+00   0.970000E+00   0.970000E+00   0.970000E+00   0.970000E+00   0.970000E+00   0.970000E+00   0.970000E+00   0.970000E+00   0.970000E+00   0.970000E+00   0.970000E+00   0.970000E+00   0.970000E+00   0.960999E+00   0.961419E+00   0.961916E+00   0.962395E+00   0.962843E+00   0.963262E+00   0.963654E+00   0.964020E+00   0.964361E+00   0.964679E+00   0.964973E+00   0.965243E+00   0.965488E+00   0.965702E+00   0.970000E+00   0.970000E+00   0.970000E+00   0.970000E+00   0.970000E+00   0.970000E+00   0.970000E+00   0.970000E+00   0.970000E+00   0.967738E+00   0.967834E+00   0.967942E+00   0.968046E+00   0.968146E+00   0.968241E+00   0.968331E+00   0.968417E+00   0.968498E+00   0.968575E+00   0.968648E+00   0.968718E+00   0.968783E+00   0.968846E+00   0.968904E+00   0.968960E+00   0.969013E+00   0.969064E+00   0.969111E+00   0.969157E+00   0.969200E+00   0.969240E+00   0.969279E+00   0.969316E+00   0.969350E+00   0.969384E+00   0.969415E+00   0.969445E+00   0.969473E+00   0.969500E+00   0.969526E+00   0.969550E+00   0.969573E+00   0.969595E+00   0.969616E+00   0.969640E+00
 0.970000E+00   0.970000E+00   0.970000E+00   0.970000E+00   0.970000E+00   0.970000E+00   0.970000E+00   0.970000E+00   0.970000E+00   0.970000E+00   0.970000E+00   0.970000E+00   0.970000E+00   0.970000E+00   0.970000E+00   0.970000E+00   0.970000E+00   0.970000E+00   0.970000E+00   0.970000E+00   0.970000E+00   0.970000E+00   0.970000E+00   0.970000E+00   0.970000E+00   0.970000E+00   0.970000E+00   0.970000E+00   0.970000E+00   0.970000E+00   0.970000E+00   0.970000E+00   0.970000E+00   0.970000E+00   0.970000E+00   0.970000E+00   0.970000E+00   0.970000E+00   0.970000E+00   0.970000E+00   0.970000E+00   0.970000E+00   0.970000E+00   0.970000E+00   0.970000E+00   0.970000E+00   0.970000E+00   0.970000E+00   0.970000E+00   0.970000E+00   0.970000E+00   0.970000E+00   0.970000E+00   0.970000E+00   0.970000E+00   0.970000E+00   0.970000E+00   0.970000E+00   0.970000E+00   0.970000E+00   0.970000E+00   0.970000E+00   0.970000E+00   0.970000E+00   0.970000E+00   0.970000E+00   0.970000E+00   0.970000E+00   0.970000E+00   0.960966E+00   0.961402E+00   0.961904E+00   0.962384E+00   0.962834E+00   0.963255E+00   0.963648E+00   0.964014E+00   0.964356E+00   0.964675E+00   0.964969E+00   0.965239E+00   0.965484E+00   0.965699E+00   0.970000E+00   0.970000E+00   0.970000E+00   0.970000E+00   0.970000E+00   0.970000E+00   0.970000E+00   0.970000E+00   0.970000E+00   0.967738E+00   0.967834E+00   0.967942E+00   0.968046E+00   0.968146E+00   0.968241E+00   0.968331E+00   0.968417E+00   0.968498E+00   0.968575E+00   0.968648E+00   0.968718E+00   0.968783E+00   0.968845E+00   0.968904E+00   0.968960E+00   0.969013E+00   0.969064E+00   0.969111E+00   0.969157E+00   0.969200E+00   0.969240E+00   0.969279E+00   0.969316E+00   0.969351E+00   0.969384E+00   0.969415E+00   0.969445E+00   0.969473E+00   0.969500E+00   0.969526E+00   0.969550E+00   0.969573E+00   0.969595E+00   0.969616E+00   0.969640E+00
 0.970000E+00   0.970000E+00   0.970000E+00   0.970000E+00   0.970000E+00   0.970000E+00   0.970000E+00   0.970000E+00   0.970000E+00   0.970000E+00   0.970000E+00   0.970000E+00   0.970000E+00   0.970000E+00   0.970000E+00   0.970000E+00   0.970000E+00   0.970000E+00   0.970000E+00   0.970000E+00   0.970000E+00   0.970000E+00   0.970000E+00   0.970000E+00   0.970000E+00   0.970000E+00   0.970000E+00   0.970000E+00   0.970000E+00   0.970000E+00   0.970000E+00   0.970000E+00   0.970000E+00   0.970000E+00   0.970000E+00   0.970000E+00   0.970000E+00   0.970000E+00   0.970000E+00   0.970000E+00   0.970000E+00   0.970000E+00   0.970000E+00   0.970000E+00   0.970000E+00   0.970000E+00   0.970000E+00   0.970000E+00   0.970000E+00   0.970000E+00   0.970000E+00   0.970000E+00   0.970000E+00   0.970000E+00   0.970000E+00   0.970000E+00   0.970000E+00   0.970000E+00   0.970000E+00   0.970000E+00   0.970000E+00   0.970000E+00   0.970000E+00   0.970000E+00   0.970000E+00   0.970000E+00   0.970000E+00   0.970000E+00   0.970000E+00   0.960932E+00   0.961385E+00   0.961891E+00   0.962374E+00   0.962825E+00   0.963247E+00   0.963641E+00   0.964009E+00   0.964351E+00   0.964670E+00   0.964966E+00   0.965236E+00   0.965480E+00   0.965695E+00   0.970000E+00   0.970000E+00   0.970000E+00   0.970000E+00   0.970000E+00   0.970000E+00   0.970000E+00   0.970000E+00   0.970000E+00   0.967737E+00   0.967833E+00   0.967941E+00   0.968046E+00   0.968145E+00   0.968241E+00   0.968331E+00   0.968417E+00   0.968498E+00   0.968575E+00   0.968648E+00   0.968718E+00   0.968783E+00   0.968845E+00   0.968904E+00   0.968960E+00   0.969013E+00   0.969064E+00   0.969111E+00   0.969157E+00   0.969200E+00   0.969240E+00   0.969279E+00   0.969316E+00   0.969351E+00   0.969384E+00   0.969415E+00   0.969445E+00   0.969473E+00   0.969500E+00   0.969526E+00   0.969550E+00   0.969573E+00   0.969595E+00   0.969616E+00   0.969640E+00
 0.970000E+00   0.970000E+00   0.970000E+00   0.970000E+00   0.970000E+00   0.970000E+00   0.970000E+00   0.970000E+00   0.970000E+00   0.970000E+00   0.970000E+00   0.970000E+00   0.970000E+00   0.970000E+00   0.970000E+00   0.970000E+00   0.970000E+00   0.970000E+00   0.970000E+00   0.970000E+00   0.970000E+00   0.970000E+00   0.970000E+00   0.970000E+00   0.970000E+00   0.970000E+00   0.970000E+00   0.970000E+00   0.970000E+00   0.970000E+00   0.970000E+00   0.970000E+00   0.970000E+00   0.970000E+00   0.970000E+00   0.970000E+00   0.970000E+00   0.970000E+00   0.970000E+00   0.970000E+00   0.970000E+00   0.970000E+00   0.970000E+00   0.970000E+00   0.970000E+00   0.970000E+00   0.970000E+00   0.970000E+00   0.970000E+00   0.970000E+00   0.970000E+00   0.970000E+00   0.970000E+00   0.970000E+00   0.970000E+00   0.970000E+00   0.970000E+00   0.970000E+00   0.970000E+00   0.970000E+00   0.970000E+00   0.970000E+00   0.970000E+00   0.970000E+00   0.970000E+00   0.970000E+00   0.970000E+00   0.970000E+00   0.970000E+00   0.960899E+00   0.961369E+00   0.961879E+00   0.962363E+00   0.962816E+00   0.963239E+00   0.963634E+00   0.964003E+00   0.964346E+00   0.964666E+00   0.964962E+00   0.965233E+00   0.965477E+00   0.965692E+00   0.970000E+00   0.970000E+00   0.970000E+00   0.970000E+00   0.970000E+00   0.970000E+00   0.970000E+00   0.970000E+00   0.970000E+00   0.967737E+00   0.967833E+00   0.967941E+00   0.968045E+00   0.968145E+00   0.968240E+00   0.968331E+00   0.968417E+00   0.968498E+00   0.968575E+00   0.968648E+00   0.968717E+00   0.968783E+00   0.968845E+00   0.968904E+00   0.968960E+00   0.969013E+00   0.969064E+00   0.969111E+00   0.969157E+00   0.969200E+00   0.969240E+00   0.969279E+00   0.969316E+00   0.969351E+00   0.969384E+00   0.969415E+00   0.969445E+00   0.969473E+00   0.969500E+00   0.969526E+00   0.969550E+00   0.969573E+00   0.969595E+00   0.969616E+00   0.969640E+00
 0.970000E+00   0.970000E+00   0.970000E+00   0.970000E+00   0.970000E+00   0.970000E+00   0.970000E+00   0.970000E+00   0.970000E+00   0.970000E+00   0.970000E+00   0.970000E+00   0.970000E+00   0.970000E+00   0.970000E+00   0.970000E+00   0.970000E+00   0.970000E+00   0.970000E+00   0.970000E+00   0.970000E+00   0.970000E+00   0.970000E+00   0.970000E+00   0.970000E+00   0.970000E+00   0.970000E+00   0.970000E+00   0.970000E+00   0.970000E+00   0.970000E+00   0.970000E+00   0.970000E+00   0.970000E+00   0.970000E+00   0.970000E+00   0.970000E+00   0.970000E+00   0.970000E+00   0.970000E+00   0.970000E+00   0.970000E+00   0.970000E+00   0.970000E+00   0.970000E+00   0.970000E+00   0.970000E+00   0.970000E+00   0.970000E+00   0.970000E+00   0.970000E+00   0.970000E+00   0.970000E+00   0.970000E+00   0.970000E+00   0.970000E+00   0.970000E+00   0.970000E+00   0.970000E+00   0.970000E+00   0.970000E+00   0.970000E+00   0.970000E+00   0.970000E+00   0.970000E+00   0.970000E+00   0.970000E+00   0.970000E+00   0.970000E+00   0.960865E+00   0.961353E+00   0.961867E+00   0.962353E+00   0.962807E+00   0.963232E+00   0.963628E+00   0.963997E+00   0.964342E+00   0.964662E+00   0.964958E+00   0.965229E+00   0.965473E+00   0.965688E+00   0.970000E+00   0.970000E+00   0.970000E+00   0.970000E+00   0.970000E+00   0.970000E+00   0.970000E+00   0.970000E+00   0.970000E+00   0.967737E+00   0.967833E+00   0.967941E+00   0.968045E+00   0.968145E+00   0.968240E+00   0.968331E+00   0.968416E+00   0.968498E+00   0.968575E+00   0.968648E+00   0.968717E+00   0.968783E+00   0.968845E+00   0.968904E+00   0.968960E+00   0.969013E+00   0.969064E+00   0.969111E+00   0.969157E+00   0.969200E+00   0.969240E+00   0.969279E+00   0.969316E+00   0.969351E+00   0.969384E+00   0.969415E+00   0.969445E+00   0.969473E+00   0.969500E+00   0.969526E+00   0.969550E+00   0.969573E+00   0.969595E+00   0.969616E+00   0.969640E+00
 0.970000E+00   0.970000E+00   0.970000E+00   0.970000E+00   0.970000E+00   0.970000E+00   0.970000E+00   0.970000E+00   0.970000E+00   0.970000E+00   0.970000E+00   0.970000E+00   0.970000E+00   0.970000E+00   0.970000E+00   0.970000E+00   0.970000E+00   0.970000E+00   0.970000E+00   0.970000E+00   0.970000E+00   0.970000E+00   0.970000E+00   0.970000E+00   0.970000E+00   0.970000E+00   0.970000E+00   0.970000E+00   0.970000E+00   0.970000E+00   0.970000E+00   0.970000E+00   0.970000E+00   0.970000E+00   0.970000E+00   0.970000E+00   0.970000E+00   0.970000E+00   0.970000E+00   0.970000E+00   0.970000E+00   0.970000E+00   0.970000E+00   0.970000E+00   0.970000E+00   0.970000E+00   0.970000E+00   0.970000E+00   0.970000E+00   0.970000E+00   0.970000E+00   0.970000E+00   0.970000E+00   0.970000E+00   0.970000E+00   0.970000E+00   0.970000E+00   0.970000E+00   0.970000E+00   0.970000E+00   0.970000E+00   0.970000E+00   0.970000E+00   0.970000E+00   0.970000E+00   0.970000E+00   0.970000E+00   0.970000E+00   0.960453E+00   0.960833E+00   0.961338E+00   0.961854E+00   0.962342E+00   0.962798E+00   0.963224E+00   0.963621E+00   0.963992E+00   0.964337E+00   0.964657E+00   0.964954E+00   0.965226E+00   0.965469E+00   0.965685E+00   0.970000E+00   0.970000E+00   0.970000E+00   0.970000E+00   0.970000E+00   0.970000E+00   0.970000E+00   0.970000E+00   0.970000E+00   0.967737E+00   0.967833E+00   0.967940E+00   0.968045E+00   0.968145E+00   0.968240E+00   0.968330E+00   0.968416E+00   0.968498E+00   0.968575E+00   0.968648E+00   0.968717E+00   0.968783E+00   0.968845E+00   0.968904E+00   0.968960E+00   0.969013E+00   0.969064E+00   0.969111E+00   0.969157E+00   0.969200E+00   0.969240E+00   0.969279E+00   0.969316E+00   0.969351E+00   0.969384E+00   0.969415E+00   0.969445E+00   0.969473E+00   0.969500E+00   0.969526E+00   0.969550E+00   0.969573E+00   0.969595E+00   0.969616E+00   0.969641E+00
 0.970000E+00   0.970000E+00   0.970000E+00   0.970000E+00   0.970000E+00   0.970000E+00   0.970000E+00   0.970000E+00   0.970000E+00   0.970000E+00   0.970000E+00   0.970000E+00   0.970000E+00   0.970000E+00   0.970000E+00   0.970000E+00   0.970000E+00   0.970000E+00   0.970000E+00   0.970000E+00   0.970000E+00   0.970000E+00   0.970000E+00   0.970000E+00   0.970000E+00   0.970000E+00   0.970000E+00   0.970000E+00   0.970000E+00   0.970000E+00   0.970000E+00   0.970000E+00   0.970000E+00   0.970000E+00   0.970000E+00   0.970000E+00   0.970000E+00   0.970000E+00   0.970000E+00   0.970000E+00   0.970000E+00   0.970000E+00   0.970000E+00   0.970000E+00   0.970000E+00   0.970000E+00   0.970000E+00   0.970000E+00   0.970000E+00   0.970000E+00   0.970000E+00   0.970000E+00   0.970000E+00   0.970000E+00   0.970000E+00   0.970000E+00   0.970000E+00   0.970000E+00   0.970000E+00   0.970000E+00   0.970000E+00   0.970000E+00   0.970000E+00   0.970000E+00   0.970000E+00   0.970000E+00   0.970000E+00   0.970000E+00   0.960412E+00   0.960805E+00   0.961322E+00   0.961842E+00   0.962332E+00   0.962789E+00   0.963216E+00   0.963615E+00   0.963986E+00   0.964332E+00   0.964653E+00   0.964951E+00   0.965223E+00   0.965465E+00   0.965681E+00   0.970000E+00   0.970000E+00   0.970000E+00   0.970000E+00   0.970000E+00   0.970000E+00   0.970000E+00   0.970000E+00   0.970000E+00   0.967737E+00   0.967832E+00   0.967940E+00   0.968044E+00   0.968144E+00   0.968240E+00   0.968330E+00   0.968416E+00   0.968498E+00   0.968575E+00   0.968648E+00   0.968717E+00   0.968783E+00   0.968845E+00   0.968904E+00   0.968960E+00   0.969013E+00   0.969064E+00   0.969111E+00   0.969157E+00   0.969200E+00   0.969240E+00   0.969279E+00   0.969316E+00   0.969351E+00   0.969384E+00   0.969415E+00   0.969445E+00   0.969473E+00   0.969500E+00   0.969526E+00   0.969550E+00   0.969573E+00   0.969595E+00   0.969616E+00   0.969641E+00
 0.970000E+00   0.970000E+00   0.970000E+00   0.970000E+00   0.970000E+00   0.970000E+00   0.970000E+00   0.970000E+00   0.970000E+00   0.970000E+00   0.970000E+00   0.970000E+00   0.970000E+00   0.970000E+00   0.970000E+00   0.970000E+00   0.970000E+00   0.970000E+00   0.970000E+00   0.970000E+00   0.970000E+00   0.970000E+00   0.970000E+00   0.970000E+00   0.970000E+00   0.970000E+00   0.970000E+00   0.970000E+00   0.970000E+00   0.970000E+00   0.970000E+00   0.970000E+00   0.970000E+00   0.970000E+00   0.970000E+00   0.970000E+00   0.970000E+00   0.970000E+00   0.970000E+00   0.970000E+00   0.970000E+00   0.970000E+00   0.970000E+00   0.970000E+00   0.970000E+00   0.970000E+00   0.970000E+00   0.970000E+00   0.970000E+00   0.970000E+00   0.970000E+00   0.970000E+00   0.970000E+00   0.970000E+00   0.970000E+00   0.970000E+00   0.970000E+00   0.970000E+00   0.970000E+00   0.970000E+00   0.970000E+00   0.970000E+00   0.970000E+00   0.970000E+00   0.970000E+00   0.970000E+00   0.970000E+00   0.970000E+00   0.960370E+00   0.960779E+00   0.961307E+00   0.961830E+00   0.962322E+00   0.962781E+00   0.963209E+00   0.963608E+00   0.963980E+00   0.964327E+00   0.964649E+00   0.964947E+00   0.965220E+00   0.965461E+00   0.965678E+00   0.970000E+00   0.970000E+00   0.970000E+00   0.970000E+00   0.970000E+00   0.970000E+00   0.970000E+00   0.970000E+00   0.970000E+00   0.967736E+00   0.967832E+00   0.967940E+00   0.968044E+00   0.968144E+00   0.968239E+00   0.968330E+00   0.968416E+00   0.968497E+00   0.968575E+00   0.968648E+00   0.968717E+00   0.968783E+00   0.968845E+00   0.968904E+00   0.968960E+00   0.969013E+00   0.969064E+00   0.969111E+00   0.969157E+00   0.969200E+00   0.969240E+00   0.969279E+00   0.969316E+00   0.969351E+00   0.969384E+00   0.969415E+00   0.969445E+00   0.969473E+00   0.969500E+00   0.969526E+00   0.969550E+00   0.969573E+00   0.969595E+00   0.969616E+00   0.969641E+00
 0.970000E+00   0.970000E+00   0.970000E+00   0.970000E+00   0.970000E+00   0.970000E+00   0.970000E+00   0.970000E+00   0.970000E+00   0.970000E+00   0.970000E+00   0.970000E+00   0.970000E+00   0.970000E+00   0.970000E+00   0.970000E+00   0.970000E+00   0.970000E+00   0.970000E+00   0.970000E+00   0.970000E+00   0.970000E+00   0.970000E+00   0.970000E+00   0.970000E+00   0.970000E+00   0.970000E+00   0.970000E+00   0.970000E+00   0.970000E+00   0.970000E+00   0.970000E+00   0.970000E+00   0.970000E+00   0.970000E+00   0.970000E+00   0.970000E+00   0.970000E+00   0.970000E+00   0.970000E+00   0.970000E+00   0.970000E+00   0.970000E+00   0.970000E+00   0.970000E+00   0.970000E+00   0.970000E+00   0.970000E+00   0.970000E+00   0.970000E+00   0.970000E+00   0.970000E+00   0.970000E+00   0.970000E+00   0.970000E+00   0.970000E+00   0.970000E+00   0.970000E+00   0.970000E+00   0.970000E+00   0.970000E+00   0.970000E+00   0.970000E+00   0.970000E+00   0.970000E+00   0.970000E+00   0.970000E+00   0.970000E+00   0.960327E+00   0.960755E+00   0.961292E+00   0.961818E+00   0.962311E+00   0.962772E+00   0.963201E+00   0.963602E+00   0.963975E+00   0.964322E+00   0.964645E+00   0.964944E+00   0.965217E+00   0.965458E+00   0.970000E+00   0.970000E+00   0.970000E+00   0.970000E+00   0.970000E+00   0.970000E+00   0.970000E+00   0.970000E+00   0.970000E+00   0.970000E+00   0.967736E+00   0.967832E+00   0.967939E+00   0.968044E+00   0.968144E+00   0.968239E+00   0.968330E+00   0.968416E+00   0.968497E+00   0.968575E+00   0.968648E+00   0.968717E+00   0.968783E+00   0.968845E+00   0.968904E+00   0.968960E+00   0.969013E+00   0.969064E+00   0.969111E+00   0.969157E+00   0.969200E+00   0.969240E+00   0.969279E+00   0.969316E+00   0.969351E+00   0.969384E+00   0.969415E+00   0.969445E+00   0.969473E+00   0.969500E+00   0.969526E+00   0.969550E+00   0.969573E+00   0.969595E+00   0.969616E+00   0.969641E+00
 0.970000E+00   0.970000E+00   0.970000E+00   0.970000E+00   0.970000E+00   0.970000E+00   0.970000E+00   0.970000E+00   0.970000E+00   0.970000E+00   0.970000E+00   0.970000E+00   0.970000E+00   0.970000E+00   0.970000E+00   0.970000E+00   0.970000E+00   0.970000E+00   0.970000E+00   0.970000E+00   0.970000E+00   0.970000E+00   0.970000E+00   0.970000E+00   0.970000E+00   0.970000E+00   0.970000E+00   0.970000E+00   0.970000E+00   0.970000E+00   0.970000E+00   0.970000E+00   0.970000E+00   0.970000E+00   0.970000E+00   0.970000E+00   0.970000E+00   0.970000E+00   0.970000E+00   0.970000E+00   0.970000E+00   0.970000E+00   0.970000E+00   0.970000E+00   0.970000E+00   0.970000E+00   0.970000E+00   0.970000E+00   0.970000E+00   0.970000E+00   0.970000E+00   0.970000E+00   0.970000E+00   0.970000E+00   0.970000E+00   0.970000E+00   0.970000E+00   0.970000E+00   0.970000E+00   0.970000E+00   0.970000E+00   0.970000E+00   0.970000E+00   0.970000E+00   0.970000E+00   0.970000E+00   0.970000E+00   0.970000E+00   0.960285E+00   0.960733E+00   0.961277E+00   0.961805E+00   0.962301E+00   0.962763E+00   0.963194E+00   0.963595E+00   0.963969E+00   0.964318E+00   0.964641E+00   0.964940E+00   0.965214E+00   0.965454E+00   0.970000E+00   0.970000E+00   0.970000E+00   0.970000E+00   0.970000E+00   0.970000E+00   0.970000E+00   0.970000E+00   0.970000E+00   0.970000E+00   0.967736E+00   0.967831E+00   0.967939E+00   0.968044E+00   0.968144E+00   0.968239E+00   0.968330E+00   0.968416E+00   0.968497E+00   0.968574E+00   0.968648E+00   0.968717E+00   0.968783E+00   0.968845E+00   0.968904E+00   0.968960E+00   0.969013E+00   0.969064E+00   0.969111E+00   0.969157E+00   0.969200E+00   0.969241E+00   0.969279E+00   0.969316E+00   0.969351E+00   0.969384E+00   0.969415E+00   0.969445E+00   0.969474E+00   0.969500E+00   0.969526E+00   0.969550E+00   0.969573E+00   0.969595E+00   0.969616E+00   0.969641E+00
 0.970000E+00   0.970000E+00   0.970000E+00   0.970000E+00   0.970000E+00   0.970000E+00   0.970000E+00   0.970000E+00   0.970000E+00   0.970000E+00   0.970000E+00   0.970000E+00   0.970000E+00   0.970000E+00   0.970000E+00   0.970000E+00   0.970000E+00   0.970000E+00   0.970000E+00   0.970000E+00   0.970000E+00   0.970000E+00   0.970000E+00   0.970000E+00   0.970000E+00   0.970000E+00   0.970000E+00   0.970000E+00   0.970000E+00   0.970000E+00   0.970000E+00   0.970000E+00   0.970000E+00   0.970000E+00   0.970000E+00   0.970000E+00   0.970000E+00   0.970000E+00   0.970000E+00   0.970000E+00   0.970000E+00   0.970000E+00   0.970000E+00   0.970000E+00   0.970000E+00   0.970000E+00   0.970000E+00   0.970000E+00   0.970000E+00   0.970000E+00   0.970000E+00   0.970000E+00   0.970000E+00   0.970000E+00   0.970000E+00   0.970000E+00   0.970000E+00   0.970000E+00   0.970000E+00   0.970000E+00   0.970000E+00   0.970000E+00   0.970000E+00   0.970000E+00   0.970000E+00   0.970000E+00   0.970000E+00   0.970000E+00   0.960242E+00   0.960711E+00   0.961262E+00   0.961793E+00   0.962291E+00   0.962755E+00   0.963187E+00   0.963589E+00   0.963964E+00   0.964313E+00   0.964637E+00   0.964937E+00   0.965211E+00   0.965449E+00   0.970000E+00   0.970000E+00   0.970000E+00   0.970000E+00   0.970000E+00   0.970000E+00   0.970000E+00   0.970000E+00   0.970000E+00   0.970000E+00   0.967736E+00   0.967831E+00   0.967939E+00   0.968043E+00   0.968143E+00   0.968239E+00   0.968329E+00   0.968415E+00   0.968497E+00   0.968574E+00   0.968648E+00   0.968717E+00   0.968783E+00   0.968845E+00   0.968904E+00   0.968960E+00   0.969013E+00   0.969064E+00   0.969111E+00   0.969157E+00   0.969200E+00   0.969241E+00   0.969279E+00   0.969316E+00   0.969351E+00   0.969384E+00   0.969415E+00   0.969445E+00   0.969474E+00   0.969500E+00   0.969526E+00   0.969550E+00   0.969573E+00   0.969595E+00   0.969616E+00   0.969641E+00
 0.970000E+00   0.970000E+00   0.970000E+00   0.970000E+00   0.970000E+00   0.970000E+00   0.970000E+00   0.970000E+00   0.970000E+00   0.970000E+00   0.970000E+00   0.970000E+00   0.970000E+00   0.970000E+00   0.970000E+00   0.970000E+00   0.970000E+00   0.970000E+00   0.970000E+00   0.970000E+00   0.970000E+00   0.970000E+00   0.970000E+00   0.970000E+00   0.970000E+00   0.970000E+00   0.970000E+00   0.970000E+00   0.970000E+00   0.970000E+00   0.970000E+00   0.970000E+00   0.970000E+00   0.970000E+00   0.970000E+00   0.970000E+00   0.970000E+00   0.970000E+00   0.970000E+00   0.970000E+00   0.970000E+00   0.970000E+00   0.970000E+00   0.970000E+00   0.970000E+00   0.970000E+00   0.970000E+00   0.970000E+00   0.970000E+00   0.970000E+00   0.970000E+00   0.970000E+00   0.970000E+00   0.970000E+00   0.970000E+00   0.970000E+00   0.970000E+00   0.970000E+00   0.970000E+00   0.970000E+00   0.970000E+00   0.970000E+00   0.970000E+00   0.970000E+00   0.970000E+00   0.970000E+00   0.970000E+00   0.970000E+00   0.960199E+00   0.960691E+00   0.961247E+00   0.961781E+00   0.962281E+00   0.962746E+00   0.963179E+00   0.963583E+00   0.963959E+00   0.964308E+00   0.964633E+00   0.964933E+00   0.965208E+00   0.965445E+00   0.970000E+00   0.970000E+00   0.970000E+00   0.970000E+00   0.970000E+00   0.970000E+00   0.970000E+00   0.970000E+00   0.970000E+00   0.970000E+00   0.967735E+00   0.967831E+00   0.967938E+00   0.968043E+00   0.968143E+00   0.968239E+00   0.968329E+00   0.968415E+00   0.968497E+00   0.968574E+00   0.968648E+00   0.968717E+00   0.968783E+00   0.968845E+00   0.968904E+00   0.968960E+00   0.969013E+00   0.969064E+00   0.969111E+00   0.969157E+00   0.969200E+00   0.969241E+00   0.969279E+00   0.969316E+00   0.969351E+00   0.969384E+00   0.969415E+00   0.969445E+00   0.969474E+00   0.969500E+00   0.969526E+00   0.969550E+00   0.969573E+00   0.969595E+00   0.969616E+00   0.969641E+00
 0.970000E+00   0.970000E+00   0.970000E+00   0.970000E+00   0.970000E+00   0.970000E+00   0.970000E+00   0.970000E+00   0.970000E+00   0.970000E+00   0.970000E+00   0.970000E+00   0.970000E+00   0.970000E+00   0.970000E+00   0.970000E+00   0.970000E+00   0.970000E+00   0.970000E+00   0.970000E+00   0.970000E+00   0.970000E+00   0.970000E+00   0.970000E+00   0.970000E+00   0.970000E+00   0.970000E+00   0.970000E+00   0.970000E+00   0.970000E+00   0.970000E+00   0.970000E+00   0.970000E+00   0.970000E+00   0.970000E+00   0.970000E+00   0.970000E+00   0.970000E+00   0.970000E+00   0.970000E+00   0.970000E+00   0.970000E+00   0.970000E+00   0.970000E+00   0.970000E+00   0.970000E+00   0.970000E+00   0.970000E+00   0.970000E+00   0.970000E+00   0.970000E+00   0.970000E+00   0.970000E+00   0.970000E+00   0.970000E+00   0.970000E+00   0.970000E+00   0.970000E+00   0.970000E+00   0.970000E+00   0.970000E+00   0.970000E+00   0.970000E+00   0.970000E+00   0.970000E+00   0.970000E+00   0.970000E+00   0.970000E+00   0.960155E+00   0.960670E+00   0.961233E+00   0.961769E+00   0.962271E+00   0.962737E+00   0.963172E+00   0.963577E+00   0.963953E+00   0.964304E+00   0.964629E+00   0.964930E+00   0.965205E+00   0.965441E+00   0.970000E+00   0.970000E+00   0.970000E+00   0.970000E+00   0.970000E+00   0.970000E+00   0.970000E+00   0.970000E+00   0.970000E+00   0.970000E+00   0.967735E+00   0.967831E+00   0.967938E+00   0.968043E+00   0.968143E+00   0.968238E+00   0.968329E+00   0.968415E+00   0.968497E+00   0.968574E+00   0.968647E+00   0.968717E+00   0.968783E+00   0.968845E+00   0.968904E+00   0.968960E+00   0.969013E+00   0.969064E+00   0.969112E+00   0.969157E+00   0.969200E+00   0.969241E+00   0.969279E+00   0.969316E+00   0.969351E+00   0.969384E+00   0.969415E+00   0.969445E+00   0.969474E+00   0.969501E+00   0.969526E+00   0.969550E+00   0.969573E+00   0.969595E+00   0.969616E+00   0.969641E+00
 0.970000E+00   0.970000E+00   0.970000E+00   0.970000E+00   0.970000E+00   0.970000E+00   0.970000E+00   0.970000E+00   0.970000E+00   0.970000E+00   0.970000E+00   0.970000E+00   0.970000E+00   0.970000E+00   0.970000E+00   0.970000E+00   0.970000E+00   0.970000E+00   0.970000E+00   0.970000E+00   0.970000E+00   0.970000E+00   0.970000E+00   0.970000E+00   0.970000E+00   0.970000E+00   0.970000E+00   0.970000E+00   0.970000E+00   0.970000E+00   0.970000E+00   0.970000E+00   0.970000E+00   0.970000E+00   0.970000E+00   0.970000E+00   0.970000E+00   0.970000E+00   0.970000E+00   0.970000E+00   0.970000E+00   0.970000E+00   0.970000E+00   0.970000E+00   0.970000E+00   0.970000E+00   0.970000E+00   0.970000E+00   0.970000E+00   0.970000E+00   0.970000E+00   0.970000E+00   0.970000E+00   0.970000E+00   0.970000E+00   0.970000E+00   0.970000E+00   0.970000E+00   0.970000E+00   0.970000E+00   0.970000E+00   0.970000E+00   0.970000E+00   0.970000E+00   0.970000E+00   0.970000E+00   0.970000E+00   0.959708E+00   0.960112E+00   0.960651E+00   0.961218E+00   0.961757E+00   0.962261E+00   0.962729E+00   0.963165E+00   0.963571E+00   0.963948E+00   0.964299E+00   0.964625E+00   0.964926E+00   0.965202E+00   0.965437E+00   0.970000E+00   0.970000E+00   0.970000E+00   0.970000E+00   0.970000E+00   0.970000E+00   0.970000E+00   0.970000E+00   0.970000E+00   0.970000E+00   0.967735E+00   0.967831E+00   0.967938E+00   0.968043E+00   0.968143E+00   0.968238E+00   0.968329E+00   0.968415E+00   0.968497E+00   0.968574E+00   0.968647E+00   0.968717E+00   0.968783E+00   0.968845E+00   0.968904E+00   0.968960E+00   0.969013E+00   0.969064E+00   0.969112E+00   0.969157E+00   0.969200E+00   0.969241E+00   0.969279E+00   0.969316E+00   0.969351E+00   0.969384E+00   0.969415E+00   0.969445E+00   0.969474E+00   0.969501E+00   0.969526E+00   0.969550E+00   0.969573E+00   0.969595E+00   0.969616E+00   0.969641E+00
 0.970000E+00   0.970000E+00   0.970000E+00   0.970000E+00   0.970000E+00   0.970000E+00   0.970000E+00   0.970000E+00   0.970000E+00   0.970000E+00   0.970000E+00   0.970000E+00   0.970000E+00   0.970000E+00   0.970000E+00   0.970000E+00   0.970000E+00   0.970000E+00   0.970000E+00   0.970000E+00   0.970000E+00   0.970000E+00   0.970000E+00   0.970000E+00   0.970000E+00   0.970000E+00   0.970000E+00   0.970000E+00   0.970000E+00   0.970000E+00   0.970000E+00   0.970000E+00   0.970000E+00   0.970000E+00   0.970000E+00   0.970000E+00   0.970000E+00   0.970000E+00   0.970000E+00   0.970000E+00   0.970000E+00   0.970000E+00   0.970000E+00   0.970000E+00   0.970000E+00   0.970000E+00   0.970000E+00   0.970000E+00   0.970000E+00   0.970000E+00   0.970000E+00   0.970000E+00   0.970000E+00   0.970000E+00   0.970000E+00   0.970000E+00   0.970000E+00   0.970000E+00   0.970000E+00   0.970000E+00   0.970000E+00   0.970000E+00   0.970000E+00   0.970000E+00   0.970000E+00   0.970000E+00   0.970000E+00   0.959655E+00   0.960073E+00   0.960631E+00   0.961204E+00   0.961746E+00   0.962251E+00   0.962721E+00   0.963158E+00   0.963565E+00   0.963943E+00   0.964295E+00   0.964621E+00   0.964923E+00   0.965200E+00   0.965433E+00   0.970000E+00   0.970000E+00   0.970000E+00   0.970000E+00   0.970000E+00   0.970000E+00   0.970000E+00   0.970000E+00   0.970000E+00   0.970000E+00   0.967735E+00   0.967830E+00   0.967938E+00   0.968042E+00   0.968143E+00   0.968238E+00   0.968329E+00   0.968415E+00   0.968497E+00   0.968574E+00   0.968647E+00   0.968717E+00   0.968783E+00   0.968845E+00   0.968904E+00   0.968960E+00   0.969013E+00   0.969064E+00   0.969112E+00   0.969157E+00   0.969200E+00   0.969241E+00   0.969279E+00   0.969316E+00   0.969351E+00   0.969384E+00   0.969416E+00   0.969445E+00   0.969474E+00   0.969501E+00   0.969526E+00   0.969550E+00   0.969573E+00   0.969595E+00   0.969616E+00   0.969641E+00
 0.970000E+00   0.970000E+00   0.970000E+00   0.970000E+00   0.970000E+00   0.970000E+00   0.970000E+00   0.970000E+00   0.970000E+00   0.970000E+00   0.970000E+00   0.970000E+00   0.970000E+00   0.970000E+00   0.970000E+00   0.970000E+00   0.970000E+00   0.970000E+00   0.970000E+00   0.970000E+00   0.970000E+00   0.970000E+00   0.970000E+00   0.970000E+00   0.970000E+00   0.970000E+00   0.970000E+00   0.970000E+00   0.970000E+00   0.970000E+00   0.970000E+00   0.970000E+00   0.970000E+00   0.970000E+00   0.970000E+00   0.970000E+00   0.970000E+00   0.970000E+00   0.970000E+00   0.970000E+00   0.970000E+00   0.970000E+00   0.970000E+00   0.970000E+00   0.970000E+00   0.970000E+00   0.970000E+00   0.970000E+00   0.970000E+00   0.970000E+00   0.970000E+00   0.970000E+00   0.970000E+00   0.970000E+00   0.970000E+00   0.970000E+00   0.970000E+00   0.970000E+00   0.970000E+00   0.970000E+00   0.970000E+00   0.970000E+00   0.970000E+00   0.970000E+00   0.970000E+00   0.970000E+00   0.970000E+00   0.959601E+00   0.960039E+00   0.960613E+00   0.961190E+00   0.961734E+00   0.962241E+00   0.962712E+00   0.963151E+00   0.963559E+00   0.963938E+00   0.964291E+00   0.964618E+00   0.964920E+00   0.965197E+00   0.965429E+00   0.970000E+00   0.970000E+00   0.970000E+00   0.970000E+00   0.970000E+00   0.970000E+00   0.970000E+00   0.970000E+00   0.970000E+00   0.970000E+00   0.967735E+00   0.967830E+00   0.967937E+00   0.968042E+00   0.968142E+00   0.968238E+00   0.968329E+00   0.968415E+00   0.968497E+00   0.968574E+00   0.968647E+00   0.968717E+00   0.968783E+00   0.968845E+00   0.968904E+00   0.968960E+00   0.969013E+00   0.969064E+00   0.969112E+00   0.969157E+00   0.969200E+00   0.969241E+00   0.969279E+00   0.969316E+00   0.969351E+00   0.969384E+00   0.969416E+00   0.969445E+00   0.969474E+00   0.969501E+00   0.969526E+00   0.969550E+00   0.969573E+00   0.969595E+00   0.969616E+00   0.969641E+00
 0.970000E+00   0.970000E+00   0.970000E+00   0.970000E+00   0.970000E+00   0.970000E+00   0.970000E+00   0.970000E+00   0.970000E+00   0.970000E+00   0.970000E+00   0.970000E+00   0.970000E+00   0.970000E+00   0.970000E+00   0.970000E+00   0.970000E+00   0.970000E+00   0.970000E+00   0.970000E+00   0.970000E+00   0.970000E+00   0.970000E+00   0.970000E+00   0.970000E+00   0.970000E+00   0.970000E+00   0.970000E+00   0.970000E+00   0.970000E+00   0.970000E+00   0.970000E+00   0.970000E+00   0.970000E+00   0.970000E+00   0.970000E+00   0.970000E+00   0.970000E+00   0.970000E+00   0.970000E+00   0.970000E+00   0.970000E+00   0.970000E+00   0.970000E+00   0.970000E+00   0.970000E+00   0.970000E+00   0.970000E+00   0.970000E+00   0.970000E+00   0.970000E+00   0.970000E+00   0.970000E+00   0.970000E+00   0.970000E+00   0.970000E+00   0.970000E+00   0.970000E+00   0.970000E+00   0.970000E+00   0.970000E+00   0.970000E+00   0.970000E+00   0.970000E+00   0.970000E+00   0.970000E+00   0.970000E+00   0.959547E+00   0.960007E+00   0.960594E+00   0.961175E+00   0.961722E+00   0.962231E+00   0.962704E+00   0.963144E+00   0.963553E+00   0.963933E+00   0.964286E+00   0.964614E+00   0.964917E+00   0.965194E+00   0.965426E+00   0.970000E+00   0.970000E+00   0.970000E+00   0.970000E+00   0.970000E+00   0.970000E+00   0.970000E+00   0.970000E+00   0.970000E+00   0.970000E+00   0.967735E+00   0.967830E+00   0.967937E+00   0.968042E+00   0.968142E+00   0.968238E+00   0.968329E+00   0.968415E+00   0.968496E+00   0.968574E+00   0.968647E+00   0.968717E+00   0.968783E+00   0.968845E+00   0.968904E+00   0.968960E+00   0.969013E+00   0.969064E+00   0.969112E+00   0.969157E+00   0.969200E+00   0.969241E+00   0.969279E+00   0.969316E+00   0.969351E+00   0.969384E+00   0.969416E+00   0.969445E+00   0.969474E+00   0.969501E+00   0.969526E+00   0.969550E+00   0.969573E+00   0.969595E+00   0.969616E+00   0.969641E+00
 0.970000E+00   0.970000E+00   0.970000E+00   0.970000E+00   0.970000E+00   0.970000E+00   0.970000E+00   0.970000E+00   0.970000E+00   0.970000E+00   0.970000E+00   0.970000E+00   0.970000E+00   0.970000E+00   0.970000E+00   0.970000E+00   0.970000E+00   0.970000E+00   0.970000E+00   0.970000E+00   0.970000E+00   0.970000E+00   0.970000E+00   0.970000E+00   0.970000E+00   0.970000E+00   0.970000E+00   0.970000E+00   0.970000E+00   0.970000E+00   0.970000E+00   0.970000E+00   0.970000E+00   0.970000E+00   0.970000E+00   0.970000E+00   0.970000E+00   0.970000E+00   0.970000E+00   0.970000E+00   0.970000E+00   0.970000E+00   0.970000E+00   0.970000E+00   0.970000E+00   0.970000E+00   0.970000E+00   0.970000E+00   0.970000E+00   0.970000E+00   0.970000E+00   0.970000E+00   0.970000E+00   0.970000E+00   0.970000E+00   0.970000E+00   0.970000E+00   0.970000E+00   0.970000E+00   0.970000E+00   0.970000E+00   0.970000E+00   0.970000E+00   0.970000E+00   0.970000E+00   0.970000E+00   0.970000E+00   0.959492E+00   0.959978E+00   0.960576E+00   0.961161E+00   0.961710E+00   0.962221E+00   0.962696E+00   0.963137E+00   0.963547E+00   0.963928E+00   0.964282E+00   0.964610E+00   0.964914E+00   0.965192E+00   0.965422E+00   0.970000E+00   0.970000E+00   0.970000E+00   0.970000E+00   0.970000E+00   0.970000E+00   0.970000E+00   0.970000E+00   0.970000E+00   0.970000E+00   0.967735E+00   0.967830E+00   0.967937E+00   0.968042E+00   0.968142E+00   0.968238E+00   0.968328E+00   0.968415E+00   0.968496E+00   0.968574E+00   0.968647E+00   0.968717E+00   0.968783E+00   0.968845E+00   0.968904E+00   0.968960E+00   0.969013E+00   0.969064E+00   0.969112E+00   0.969157E+00   0.969200E+00   0.969241E+00   0.969279E+00   0.969316E+00   0.969351E+00   0.969384E+00   0.969416E+00   0.969445E+00   0.969474E+00   0.969501E+00   0.969526E+00   0.969550E+00   0.969574E+00   0.969595E+00   0.969616E+00   0.969641E+00
 0.970000E+00   0.970000E+00   0.970000E+00   0.970000E+00   0.970000E+00   0.970000E+00   0.970000E+00   0.970000E+00   0.970000E+00   0.970000E+00   0.970000E+00   0.970000E+00   0.970000E+00   0.970000E+00   0.970000E+00   0.970000E+00   0.970000E+00   0.970000E+00   0.970000E+00   0.970000E+00   0.970000E+00   0.970000E+00   0.970000E+00   0.970000E+00   0.970000E+00   0.970000E+00   0.970000E+00   0.970000E+00   0.970000E+00   0.970000E+00   0.970000E+00   0.970000E+00   0.970000E+00   0.970000E+00   0.970000E+00   0.970000E+00   0.970000E+00   0.970000E+00   0.970000E+00   0.970000E+00   0.970000E+00   0.970000E+00   0.970000E+00   0.970000E+00   0.970000E+00   0.970000E+00   0.970000E+00   0.970000E+00   0.970000E+00   0.970000E+00   0.970000E+00   0.970000E+00   0.970000E+00   0.970000E+00   0.970000E+00   0.970000E+00   0.970000E+00   0.970000E+00   0.970000E+00   0.970000E+00   0.970000E+00   0.970000E+00   0.970000E+00   0.970000E+00   0.970000E+00   0.970000E+00   0.970000E+00   0.959437E+00   0.959950E+00   0.960558E+00   0.961147E+00   0.961699E+00   0.962212E+00   0.962688E+00   0.963130E+00   0.963541E+00   0.963923E+00   0.964278E+00   0.964607E+00   0.964910E+00   0.965189E+00   0.965418E+00   0.970000E+00   0.970000E+00   0.970000E+00   0.970000E+00   0.970000E+00   0.970000E+00   0.970000E+00   0.970000E+00   0.970000E+00   0.970000E+00   0.967734E+00   0.967830E+00   0.967937E+00   0.968042E+00   0.968142E+00   0.968238E+00   0.968328E+00   0.968415E+00   0.968496E+00   0.968574E+00   0.968647E+00   0.968717E+00   0.968783E+00   0.968845E+00   0.968904E+00   0.968960E+00   0.969013E+00   0.969064E+00   0.969112E+00   0.969157E+00   0.969200E+00   0.969241E+00   0.969280E+00   0.969316E+00   0.969351E+00   0.969384E+00   0.969416E+00   0.969446E+00   0.969474E+00   0.969501E+00   0.969526E+00   0.969551E+00   0.969574E+00   0.969595E+00   0.969616E+00   0.969641E+00
 0.970000E+00   0.970000E+00   0.970000E+00   0.970000E+00   0.970000E+00   0.970000E+00   0.970000E+00   0.970000E+00   0.970000E+00   0.970000E+00   0.970000E+00   0.970000E+00   0.970000E+00   0.970000E+00   0.970000E+00   0.970000E+00   0.970000E+00   0.970000E+00   0.970000E+00   0.970000E+00   0.970000E+00   0.970000E+00   0.970000E+00   0.970000E+00   0.970000E+00   0.970000E+00   0.970000E+00   0.970000E+00   0.970000E+00   0.970000E+00   0.970000E+00   0.970000E+00   0.970000E+00   0.970000E+00   0.970000E+00   0.970000E+00   0.970000E+00   0.970000E+00   0.970000E+00   0.970000E+00   0.970000E+00   0.970000E+00   0.970000E+00   0.970000E+00   0.970000E+00   0.970000E+00   0.970000E+00   0.970000E+00   0.970000E+00   0.970000E+00   0.970000E+00   0.970000E+00   0.970000E+00   0.970000E+00   0.970000E+00   0.970000E+00   0.970000E+00   0.970000E+00   0.970000E+00   0.970000E+00   0.970000E+00   0.970000E+00   0.970000E+00   0.970000E+00   0.970000E+00   0.970000E+00   0.970000E+00   0.959381E+00   0.959924E+00   0.960540E+00   0.961133E+00   0.961687E+00   0.962202E+00   0.962680E+00   0.963123E+00   0.963535E+00   0.963918E+00   0.964274E+00   0.964603E+00   0.964907E+00   0.965187E+00   0.965414E+00   0.970000E+00   0.970000E+00   0.970000E+00   0.970000E+00   0.970000E+00   0.970000E+00   0.970000E+00   0.970000E+00   0.970000E+00   0.970000E+00   0.967734E+00   0.967830E+00   0.967937E+00   0.968041E+00   0.968142E+00   0.968237E+00   0.968328E+00   0.968414E+00   0.968496E+00   0.968574E+00   0.968647E+00   0.968717E+00   0.968783E+00   0.968845E+00   0.968904E+00   0.968960E+00   0.969013E+00   0.969064E+00   0.969112E+00   0.969157E+00   0.969200E+00   0.969241E+00   0.969280E+00   0.969316E+00   0.969351E+00   0.969384E+00   0.969416E+00   0.969446E+00   0.969474E+00   0.969501E+00   0.969526E+00   0.969551E+00   0.969574E+00   0.969595E+00   0.969616E+00   0.969641E+00
 0.970000E+00   0.970000E+00   0.970000E+00   0.970000E+00   0.970000E+00   0.970000E+00   0.970000E+00   0.970000E+00   0.970000E+00   0.970000E+00   0.970000E+00   0.970000E+00   0.970000E+00   0.970000E+00   0.970000E+00   0.970000E+00   0.970000E+00   0.970000E+00   0.970000E+00   0.970000E+00   0.970000E+00   0.970000E+00   0.970000E+00   0.970000E+00   0.970000E+00   0.970000E+00   0.970000E+00   0.970000E+00   0.970000E+00   0.970000E+00   0.970000E+00   0.970000E+00   0.970000E+00   0.970000E+00   0.970000E+00   0.970000E+00   0.970000E+00   0.970000E+00   0.970000E+00   0.970000E+00   0.970000E+00   0.970000E+00   0.970000E+00   0.970000E+00   0.970000E+00   0.970000E+00   0.970000E+00   0.970000E+00   0.970000E+00   0.970000E+00   0.970000E+00   0.970000E+00   0.970000E+00   0.970000E+00   0.970000E+00   0.970000E+00   0.970000E+00   0.970000E+00   0.970000E+00   0.970000E+00   0.970000E+00   0.970000E+00   0.970000E+00   0.970000E+00   0.970000E+00   0.970000E+00   0.970000E+00   0.959325E+00   0.959898E+00   0.960522E+00   0.961119E+00   0.961676E+00   0.962193E+00   0.962672E+00   0.963117E+00   0.963530E+00   0.963913E+00   0.964270E+00   0.964600E+00   0.964904E+00   0.965184E+00   0.965410E+00   0.970000E+00   0.970000E+00   0.970000E+00   0.970000E+00   0.970000E+00   0.970000E+00   0.970000E+00   0.970000E+00   0.970000E+00   0.970000E+00   0.967734E+00   0.967829E+00   0.967936E+00   0.968041E+00   0.968142E+00   0.968237E+00   0.968328E+00   0.968414E+00   0.968496E+00   0.968574E+00   0.968647E+00   0.968717E+00   0.968783E+00   0.968845E+00   0.968904E+00   0.968960E+00   0.969013E+00   0.969064E+00   0.969112E+00   0.969157E+00   0.969200E+00   0.969241E+00   0.969280E+00   0.969316E+00   0.969351E+00   0.969384E+00   0.969416E+00   0.969446E+00   0.969474E+00   0.969501E+00   0.969526E+00   0.969551E+00   0.969574E+00   0.969595E+00   0.969616E+00   0.969641E+00
 0.970000E+00   0.970000E+00   0.970000E+00   0.970000E+00   0.970000E+00   0.970000E+00   0.970000E+00   0.970000E+00   0.970000E+00   0.970000E+00   0.970000E+00   0.970000E+00   0.970000E+00   0.970000E+00   0.970000E+00   0.970000E+00   0.970000E+00   0.970000E+00   0.970000E+00   0.970000E+00   0.970000E+00   0.970000E+00   0.970000E+00   0.970000E+00   0.970000E+00   0.970000E+00   0.970000E+00   0.970000E+00   0.970000E+00   0.970000E+00   0.970000E+00   0.970000E+00   0.970000E+00   0.970000E+00   0.970000E+00   0.970000E+00   0.970000E+00   0.970000E+00   0.970000E+00   0.970000E+00   0.970000E+00   0.970000E+00   0.970000E+00   0.970000E+00   0.970000E+00   0.970000E+00   0.970000E+00   0.970000E+00   0.970000E+00   0.970000E+00   0.970000E+00   0.970000E+00   0.970000E+00   0.970000E+00   0.970000E+00   0.970000E+00   0.970000E+00   0.970000E+00   0.970000E+00   0.970000E+00   0.970000E+00   0.970000E+00   0.970000E+00   0.970000E+00   0.970000E+00   0.970000E+00   0.958825E+00   0.959271E+00   0.959873E+00   0.960505E+00   0.961105E+00   0.961665E+00   0.962183E+00   0.962664E+00   0.963110E+00   0.963524E+00   0.963909E+00   0.964266E+00   0.964596E+00   0.964901E+00   0.965181E+00   0.965406E+00   0.970000E+00   0.970000E+00   0.970000E+00   0.970000E+00   0.970000E+00   0.970000E+00   0.970000E+00   0.970000E+00   0.970000E+00   0.970000E+00   0.967734E+00   0.967829E+00   0.967936E+00   0.968041E+00   0.968142E+00   0.968237E+00   0.968328E+00   0.968414E+00   0.968496E+00   0.968574E+00   0.968647E+00   0.968717E+00   0.968783E+00   0.968845E+00   0.968904E+00   0.968960E+00   0.969013E+00   0.969064E+00   0.969112E+00   0.969157E+00   0.969200E+00   0.969241E+00   0.969280E+00   0.969316E+00   0.969351E+00   0.969384E+00   0.969416E+00   0.969446E+00   0.969474E+00   0.969501E+00   0.969526E+00   0.969551E+00   0.969574E+00   0.969596E+00   0.969616E+00   0.969641E+00
 0.970000E+00   0.970000E+00   0.970000E+00   0.970000E+00   0.970000E+00   0.970000E+00   0.970000E+00   0.970000E+00   0.970000E+00   0.970000E+00   0.970000E+00   0.970000E+00   0.970000E+00   0.970000E+00   0.970000E+00   0.970000E+00   0.970000E+00   0.970000E+00   0.970000E+00   0.970000E+00   0.970000E+00   0.970000E+00   0.970000E+00   0.970000E+00   0.970000E+00   0.970000E+00   0.970000E+00   0.970000E+00   0.970000E+00   0.970000E+00   0.970000E+00   0.970000E+00   0.970000E+00   0.970000E+00   0.970000E+00   0.970000E+00   0.970000E+00   0.970000E+00   0.970000E+00   0.970000E+00   0.970000E+00   0.970000E+00   0.970000E+00   0.970000E+00   0.970000E+00   0.970000E+00   0.970000E+00   0.970000E+00   0.970000E+00   0.970000E+00   0.970000E+00   0.970000E+00   0.970000E+00   0.970000E+00   0.970000E+00   0.970000E+00   0.970000E+00   0.970000E+00   0.970000E+00   0.970000E+00   0.970000E+00   0.970000E+00   0.970000E+00   0.970000E+00   0.970000E+00   0.970000E+00   0.958755E+00   0.959224E+00   0.959849E+00   0.960488E+00   0.961092E+00   0.961653E+00   0.962174E+00   0.962656E+00   0.963103E+00   0.963519E+00   0.963904E+00   0.964262E+00   0.964593E+00   0.964899E+00   0.965179E+00   0.965402E+00   0.970000E+00   0.970000E+00   0.970000E+00   0.970000E+00   0.970000E+00   0.970000E+00   0.970000E+00   0.970000E+00   0.970000E+00   0.970000E+00   0.967734E+00   0.967829E+00   0.967936E+00   0.968041E+00   0.968141E+00   0.968237E+00   0.968328E+00   0.968414E+00   0.968496E+00   0.968574E+00   0.968647E+00   0.968717E+00   0.968783E+00   0.968845E+00   0.968904E+00   0.968960E+00   0.969014E+00   0.969064E+00   0.969112E+00   0.969157E+00   0.969200E+00   0.969241E+00   0.969280E+00   0.969316E+00   0.969351E+00   0.969384E+00   0.969416E+00   0.969446E+00   0.969474E+00   0.969501E+00   0.969526E+00   0.969551E+00   0.969574E+00   0.969596E+00   0.969616E+00   0.969641E+00
 0.970000E+00   0.970000E+00   0.970000E+00   0.970000E+00   0.970000E+00   0.970000E+00   0.970000E+00   0.970000E+00   0.970000E+00   0.970000E+00   0.970000E+00   0.970000E+00   0.970000E+00   0.970000E+00   0.970000E+00   0.970000E+00   0.970000E+00   0.970000E+00   0.970000E+00   0.970000E+00   0.970000E+00   0.970000E+00   0.970000E+00   0.970000E+00   0.970000E+00   0.970000E+00   0.970000E+00   0.970000E+00   0.970000E+00   0.970000E+00   0.970000E+00   0.970000E+00   0.970000E+00   0.970000E+00   0.970000E+00   0.970000E+00   0.970000E+00   0.970000E+00   0.970000E+00   0.970000E+00   0.970000E+00   0.970000E+00   0.970000E+00   0.970000E+00   0.970000E+00   0.970000E+00   0.970000E+00   0.970000E+00   0.970000E+00   0.970000E+00   0.970000E+00   0.970000E+00   0.970000E+00   0.970000E+00   0.970000E+00   0.970000E+00   0.970000E+00   0.970000E+00   0.970000E+00   0.970000E+00   0.970000E+00   0.970000E+00   0.970000E+00   0.970000E+00   0.970000E+00   0.970000E+00   0.958685E+00   0.959182E+00   0.959826E+00   0.960470E+00   0.961078E+00   0.961642E+00   0.962165E+00   0.962648E+00   0.963097E+00   0.963513E+00   0.963900E+00   0.964258E+00   0.964590E+00   0.964896E+00   0.965176E+00   0.965398E+00   0.970000E+00   0.970000E+00   0.970000E+00   0.970000E+00   0.970000E+00   0.970000E+00   0.970000E+00   0.970000E+00   0.970000E+00   0.970000E+00   0.967734E+00   0.967829E+00   0.967936E+00   0.968041E+00   0.968141E+00   0.968237E+00   0.968328E+00   0.968414E+00   0.968496E+00   0.968574E+00   0.968647E+00   0.968717E+00   0.968783E+00   0.968845E+00   0.968904E+00   0.968960E+00   0.969014E+00   0.969064E+00   0.969112E+00   0.969157E+00   0.969200E+00   0.969241E+00   0.969280E+00   0.969316E+00   0.969351E+00   0.969384E+00   0.969416E+00   0.969446E+00   0.969474E+00   0.969501E+00   0.969526E+00   0.969551E+00   0.969574E+00   0.969596E+00   0.969616E+00   0.969641E+00
 0.970000E+00   0.970000E+00   0.970000E+00   0.970000E+00   0.970000E+00   0.970000E+00   0.970000E+00   0.970000E+00   0.970000E+00   0.970000E+00   0.970000E+00   0.970000E+00   0.970000E+00   0.970000E+00   0.970000E+00   0.970000E+00   0.970000E+00   0.970000E+00   0.970000E+00   0.970000E+00   0.970000E+00   0.970000E+00   0.970000E+00   0.970000E+00   0.970000E+00   0.970000E+00   0.970000E+00   0.970000E+00   0.970000E+00   0.970000E+00   0.970000E+00   0.970000E+00   0.970000E+00   0.970000E+00   0.970000E+00   0.970000E+00   0.970000E+00   0.970000E+00   0.970000E+00   0.970000E+00   0.970000E+00   0.970000E+00   0.970000E+00   0.970000E+00   0.970000E+00   0.970000E+00   0.970000E+00   0.970000E+00   0.970000E+00   0.970000E+00   0.970000E+00   0.970000E+00   0.970000E+00   0.970000E+00   0.970000E+00   0.970000E+00   0.970000E+00   0.970000E+00   0.970000E+00   0.970000E+00   0.970000E+00   0.970000E+00   0.970000E+00   0.970000E+00   0.970000E+00   0.970000E+00   0.958613E+00   0.959143E+00   0.959803E+00   0.960453E+00   0.961064E+00   0.961631E+00   0.962155E+00   0.962641E+00   0.963091E+00   0.963508E+00   0.963895E+00   0.964254E+00   0.964587E+00   0.964893E+00   0.965174E+00   0.965395E+00   0.970000E+00   0.970000E+00   0.970000E+00   0.970000E+00   0.970000E+00   0.970000E+00   0.970000E+00   0.970000E+00   0.970000E+00   0.970000E+00   0.967734E+00   0.967829E+00   0.967936E+00   0.968041E+00   0.968141E+00   0.968237E+00   0.968328E+00   0.968414E+00   0.968496E+00   0.968573E+00   0.968647E+00   0.968717E+00   0.968783E+00   0.968845E+00   0.968904E+00   0.968960E+00   0.969014E+00   0.969064E+00   0.969112E+00   0.969157E+00   0.969200E+00   0.969241E+00   0.969280E+00   0.969317E+00   0.969351E+00   0.969385E+00   0.969416E+00   0.969446E+00   0.969474E+00   0.969501E+00   0.969526E+00   0.969551E+00   0.969574E+00   0.969596E+00   0.969616E+00   0.969641E+00
 0.970000E+00   0.970000E+00   0.970000E+00   0.970000E+00   0.970000E+00   0.970000E+00   0.970000E+00   0.970000E+00   0.970000E+00   0.970000E+00   0.970000E+00   0.970000E+00   0.970000E+00   0.970000E+00   0.970000E+00   0.970000E+00   0.970000E+00   0.970000E+00   0.970000E+00   0.970000E+00   0.970000E+00   0.970000E+00   0.970000E+00   0.970000E+00   0.970000E+00   0.970000E+00   0.970000E+00   0.970000E+00   0.970000E+00   0.970000E+00   0.970000E+00   0.970000E+00   0.970000E+00   0.970000E+00   0.970000E+00   0.970000E+00   0.970000E+00   0.970000E+00   0.970000E+00   0.970000E+00   0.970000E+00   0.970000E+00   0.970000E+00   0.970000E+00   0.970000E+00   0.970000E+00   0.970000E+00   0.970000E+00   0.970000E+00   0.970000E+00   0.970000E+00   0.970000E+00   0.970000E+00   0.970000E+00   0.970000E+00   0.970000E+00   0.970000E+00   0.970000E+00   0.970000E+00   0.970000E+00   0.970000E+00   0.970000E+00   0.970000E+00   0.970000E+00   0.970000E+00   0.970000E+00   0.958541E+00   0.959107E+00   0.959780E+00   0.960436E+00   0.961051E+00   0.961620E+00   0.962146E+00   0.962633E+00   0.963084E+00   0.963503E+00   0.963891E+00   0.964251E+00   0.964583E+00   0.964890E+00   0.965171E+00   0.965391E+00   0.970000E+00   0.970000E+00   0.970000E+00   0.970000E+00   0.970000E+00   0.970000E+00   0.970000E+00   0.970000E+00   0.970000E+00   0.970000E+00   0.967734E+00   0.967829E+00   0.967936E+00   0.968041E+00   0.968141E+00   0.968237E+00   0.968328E+00   0.968414E+00   0.968496E+00   0.968573E+00   0.968647E+00   0.968717E+00   0.968783E+00   0.968845E+00   0.968904E+00   0.968960E+00   0.969014E+00   0.969064E+00   0.969112E+00   0.969157E+00   0.969200E+00   0.969241E+00   0.969280E+00   0.969317E+00   0.969351E+00   0.969385E+00   0.969416E+00   0.969446E+00   0.969474E+00   0.969501E+00   0.969527E+00   0.969551E+00   0.969574E+00   0.969596E+00   0.969616E+00   0.969641E+00
 0.970000E+00   0.970000E+00   0.970000E+00   0.970000E+00   0.970000E+00   0.970000E+00   0.970000E+00   0.970000E+00   0.970000E+00   0.970000E+00   0.970000E+00   0.970000E+00   0.970000E+00   0.970000E+00   0.970000E+00   0.970000E+00   0.970000E+00   0.970000E+00   0.970000E+00   0.970000E+00   0.970000E+00   0.970000E+00   0.970000E+00   0.970000E+00   0.970000E+00   0.970000E+00   0.970000E+00   0.970000E+00   0.970000E+00   0.970000E+00   0.970000E+00   0.970000E+00   0.970000E+00   0.970000E+00   0.970000E+00   0.970000E+00   0.970000E+00   0.970000E+00   0.970000E+00   0.970000E+00   0.970000E+00   0.970000E+00   0.970000E+00   0.970000E+00   0.970000E+00   0.970000E+00   0.970000E+00   0.970000E+00   0.970000E+00   0.970000E+00   0.970000E+00   0.970000E+00   0.970000E+00   0.970000E+00   0.970000E+00   0.970000E+00   0.970000E+00   0.970000E+00   0.970000E+00   0.970000E+00   0.970000E+00   0.970000E+00   0.970000E+00   0.970000E+00   0.970000E+00   0.970000E+00   0.958468E+00   0.959072E+00   0.959757E+00   0.960420E+00   0.961038E+00   0.961609E+00   0.962137E+00   0.962626E+00   0.963078E+00   0.963498E+00   0.963886E+00   0.964247E+00   0.964580E+00   0.964888E+00   0.965169E+00   0.965387E+00   0.970000E+00   0.970000E+00   0.970000E+00   0.970000E+00   0.970000E+00   0.970000E+00   0.970000E+00   0.970000E+00   0.970000E+00   0.970000E+00   0.967734E+00   0.967829E+00   0.967936E+00   0.968040E+00   0.968141E+00   0.968237E+00   0.968328E+00   0.968414E+00   0.968496E+00   0.968573E+00   0.968647E+00   0.968717E+00   0.968783E+00   0.968845E+00   0.968904E+00   0.968960E+00   0.969014E+00   0.969064E+00   0.969112E+00   0.969157E+00   0.969200E+00   0.969241E+00   0.969280E+00   0.969317E+00   0.969351E+00   0.969385E+00   0.969416E+00   0.969446E+00   0.969474E+00   0.969501E+00   0.969527E+00   0.969551E+00   0.969574E+00   0.969596E+00   0.969616E+00   0.969641E+00
 0.970000E+00   0.970000E+00   0.970000E+00   0.970000E+00   0.970000E+00   0.970000E+00   0.970000E+00   0.970000E+00   0.970000E+00   0.970000E+00   0.970000E+00   0.970000E+00   0.970000E+00   0.970000E+00   0.970000E+00   0.970000E+00   0.970000E+00   0.970000E+00   0.970000E+00   0.970000E+00   0.970000E+00   0.970000E+00   0.970000E+00   0.970000E+00   0.970000E+00   0.970000E+00   0.970000E+00   0.970000E+00   0.970000E+00   0.970000E+00   0.970000E+00   0.970000E+00   0.970000E+00   0.970000E+00   0.970000E+00   0.970000E+00   0.970000E+00   0.970000E+00   0.970000E+00   0.970000E+00   0.970000E+00   0.970000E+00   0.970000E+00   0.970000E+00   0.970000E+00   0.970000E+00   0.970000E+00   0.970000E+00   0.970000E+00   0.970000E+00   0.970000E+00   0.970000E+00   0.970000E+00   0.970000E+00   0.970000E+00   0.970000E+00   0.970000E+00   0.970000E+00   0.970000E+00   0.970000E+00   0.970000E+00   0.970000E+00   0.970000E+00   0.970000E+00   0.970000E+00   0.970000E+00   0.958299E+00   0.959039E+00   0.959735E+00   0.960403E+00   0.961024E+00   0.961598E+00   0.962128E+00   0.962618E+00   0.963072E+00   0.963492E+00   0.963882E+00   0.964243E+00   0.964577E+00   0.964885E+00   0.965166E+00   0.965383E+00   0.970000E+00   0.970000E+00   0.970000E+00   0.970000E+00   0.970000E+00   0.970000E+00   0.970000E+00   0.970000E+00   0.970000E+00   0.970000E+00   0.967734E+00   0.967829E+00   0.967935E+00   0.968040E+00   0.968141E+00   0.968237E+00   0.968328E+00   0.968414E+00   0.968496E+00   0.968573E+00   0.968647E+00   0.968717E+00   0.968783E+00   0.968845E+00   0.968904E+00   0.968960E+00   0.969014E+00   0.969064E+00   0.969112E+00   0.969157E+00   0.969200E+00   0.969241E+00   0.969280E+00   0.969317E+00   0.969352E+00   0.969385E+00   0.969416E+00   0.969446E+00   0.969474E+00   0.969501E+00   0.969527E+00   0.969551E+00   0.969574E+00   0.969596E+00   0.969616E+00   0.969641E+00
 0.970000E+00   0.970000E+00   0.970000E+00   0.970000E+00   0.970000E+00   0.970000E+00   0.970000E+00   0.970000E+00   0.970000E+00   0.970000E+00   0.970000E+00   0.970000E+00   0.970000E+00   0.970000E+00   0.970000E+00   0.970000E+00   0.970000E+00   0.970000E+00   0.970000E+00   0.970000E+00   0.970000E+00   0.970000E+00   0.970000E+00   0.970000E+00   0.970000E+00   0.970000E+00   0.970000E+00   0.970000E+00   0.970000E+00   0.970000E+00   0.970000E+00   0.970000E+00   0.970000E+00   0.970000E+00   0.970000E+00   0.970000E+00   0.970000E+00   0.970000E+00   0.970000E+00   0.970000E+00   0.970000E+00   0.970000E+00   0.970000E+00   0.970000E+00   0.970000E+00   0.970000E+00   0.970000E+00   0.970000E+00   0.970000E+00   0.970000E+00   0.970000E+00   0.970000E+00   0.970000E+00   0.970000E+00   0.970000E+00   0.970000E+00   0.970000E+00   0.970000E+00   0.970000E+00   0.970000E+00   0.970000E+00   0.970000E+00   0.970000E+00   0.970000E+00   0.970000E+00   0.957719E+00   0.958229E+00   0.959007E+00   0.959713E+00   0.960386E+00   0.961011E+00   0.961587E+00   0.962120E+00   0.962611E+00   0.963066E+00   0.963487E+00   0.963878E+00   0.964240E+00   0.964574E+00   0.964882E+00   0.965163E+00   0.965380E+00   0.970000E+00   0.970000E+00   0.970000E+00   0.970000E+00   0.970000E+00   0.970000E+00   0.970000E+00   0.970000E+00   0.970000E+00   0.970000E+00   0.967734E+00   0.967829E+00   0.967935E+00   0.968040E+00   0.968141E+00   0.968237E+00   0.968328E+00   0.968414E+00   0.968496E+00   0.968573E+00   0.968647E+00   0.968717E+00   0.968783E+00   0.968845E+00   0.968904E+00   0.968960E+00   0.969014E+00   0.969064E+00   0.969112E+00   0.969157E+00   0.969200E+00   0.969241E+00   0.969280E+00   0.969317E+00   0.969352E+00   0.969385E+00   0.969416E+00   0.969446E+00   0.969474E+00   0.969501E+00   0.969527E+00   0.969551E+00   0.969574E+00   0.969596E+00   0.969616E+00   0.969641E+00
 0.970000E+00   0.970000E+00   0.970000E+00   0.970000E+00   0.970000E+00   0.970000E+00   0.970000E+00   0.970000E+00   0.970000E+00   0.970000E+00   0.970000E+00   0.970000E+00   0.970000E+00   0.970000E+00   0.970000E+00   0.970000E+00   0.970000E+00   0.970000E+00   0.970000E+00   0.970000E+00   0.970000E+00   0.970000E+00   0.970000E+00   0.970000E+00   0.970000E+00   0.970000E+00   0.970000E+00   0.970000E+00   0.970000E+00   0.970000E+00   0.970000E+00   0.970000E+00   0.970000E+00   0.970000E+00   0.970000E+00   0.970000E+00   0.970000E+00   0.970000E+00   0.970000E+00   0.970000E+00   0.970000E+00   0.970000E+00   0.970000E+00   0.970000E+00   0.970000E+00   0.970000E+00   0.970000E+00   0.970000E+00   0.970000E+00   0.970000E+00   0.970000E+00   0.970000E+00   0.970000E+00   0.970000E+00   0.970000E+00   0.970000E+00   0.970000E+00   0.970000E+00   0.970000E+00   0.970000E+00   0.970000E+00   0.970000E+00   0.970000E+00   0.970000E+00   0.970000E+00   0.957624E+00   0.958169E+00   0.958975E+00   0.959692E+00   0.960370E+00   0.960998E+00   0.961577E+00   0.962111E+00   0.962604E+00   0.963060E+00   0.963483E+00   0.963874E+00   0.964236E+00   0.964571E+00   0.964880E+00   0.965161E+00   0.965376E+00   0.970000E+00   0.970000E+00   0.970000E+00   0.970000E+00   0.970000E+00   0.970000E+00   0.970000E+00   0.970000E+00   0.970000E+00   0.970000E+00   0.967734E+00   0.967829E+00   0.967935E+00   0.968040E+00   0.968141E+00   0.968237E+00   0.968328E+00   0.968414E+00   0.968496E+00   0.968573E+00   0.968647E+00   0.968717E+00   0.968783E+00   0.968845E+00   0.968904E+00   0.968961E+00   0.969014E+00   0.969064E+00   0.969112E+00   0.969157E+00   0.969200E+00   0.969241E+00   0.969280E+00   0.969317E+00   0.969352E+00   0.969385E+00   0.969416E+00   0.969446E+00   0.969474E+00   0.969501E+00   0.969527E+00   0.969551E+00   0.969574E+00   0.969596E+00   0.969616E+00   0.969641E+00
 0.970000E+00   0.970000E+00   0.970000E+00   0.970000E+00   0.970000E+00   0.970000E+00   0.970000E+00   0.970000E+00   0.970000E+00   0.970000E+00   0.970000E+00   0.970000E+00   0.970000E+00   0.970000E+00   0.970000E+00   0.970000E+00   0.970000E+00   0.970000E+00   0.970000E+00   0.970000E+00   0.970000E+00   0.970000E+00   0.970000E+00   0.970000E+00   0.970000E+00   0.970000E+00   0.970000E+00   0.970000E+00   0.970000E+00   0.970000E+00   0.970000E+00   0.970000E+00   0.970000E+00   0.970000E+00   0.970000E+00   0.970000E+00   0.970000E+00   0.970000E+00   0.970000E+00   0.970000E+00   0.970000E+00   0.970000E+00   0.970000E+00   0.970000E+00   0.970000E+00   0.970000E+00   0.970000E+00   0.970000E+00   0.970000E+00   0.970000E+00   0.970000E+00   0.970000E+00   0.970000E+00   0.970000E+00   0.970000E+00   0.970000E+00   0.970000E+00   0.970000E+00   0.970000E+00   0.970000E+00   0.970000E+00   0.970000E+00   0.970000E+00   0.970000E+00   0.970000E+00   0.957527E+00   0.958115E+00   0.958944E+00   0.959670E+00   0.960353E+00   0.960985E+00   0.961566E+00   0.962102E+00   0.962597E+00   0.963054E+00   0.963478E+00   0.963870E+00   0.964233E+00   0.964568E+00   0.964877E+00   0.965158E+00   0.965372E+00   0.970000E+00   0.970000E+00   0.970000E+00   0.970000E+00   0.970000E+00   0.970000E+00   0.970000E+00   0.970000E+00   0.970000E+00   0.970000E+00   0.967734E+00   0.967829E+00   0.967935E+00   0.968040E+00   0.968141E+00   0.968237E+00   0.968328E+00   0.968414E+00   0.968496E+00   0.968573E+00   0.968647E+00   0.968717E+00   0.968783E+00   0.968845E+00   0.968904E+00   0.968961E+00   0.969014E+00   0.969064E+00   0.969112E+00   0.969157E+00   0.969200E+00   0.969241E+00   0.969280E+00   0.969317E+00   0.969352E+00   0.969385E+00   0.969416E+00   0.969446E+00   0.969474E+00   0.969501E+00   0.969527E+00   0.969551E+00   0.969574E+00   0.969596E+00   0.969617E+00   0.969641E+00
 0.970000E+00   0.970000E+00   0.970000E+00   0.970000E+00   0.970000E+00   0.970000E+00   0.970000E+00   0.970000E+00   0.970000E+00   0.970000E+00   0.970000E+00   0.970000E+00   0.970000E+00   0.970000E+00   0.970000E+00   0.970000E+00   0.970000E+00   0.970000E+00   0.970000E+00   0.970000E+00   0.970000E+00   0.970000E+00   0.970000E+00   0.970000E+00   0.970000E+00   0.970000E+00   0.970000E+00   0.970000E+00   0.970000E+00   0.970000E+00   0.970000E+00   0.970000E+00   0.970000E+00   0.970000E+00   0.970000E+00   0.970000E+00   0.970000E+00   0.970000E+00   0.970000E+00   0.970000E+00   0.970000E+00   0.970000E+00   0.970000E+00   0.970000E+00   0.970000E+00   0.970000E+00   0.970000E+00   0.970000E+00   0.970000E+00   0.970000E+00   0.970000E+00   0.970000E+00   0.970000E+00   0.970000E+00   0.970000E+00   0.970000E+00   0.970000E+00   0.970000E+00   0.970000E+00   0.970000E+00   0.970000E+00   0.970000E+00   0.970000E+00   0.970000E+00   0.970000E+00   0.957429E+00   0.958064E+00   0.958914E+00   0.959649E+00   0.960337E+00   0.960971E+00   0.961556E+00   0.962093E+00   0.962590E+00   0.963048E+00   0.963473E+00   0.963866E+00   0.964230E+00   0.964566E+00   0.964875E+00   0.965155E+00   0.965369E+00   0.970000E+00   0.970000E+00   0.970000E+00   0.970000E+00   0.970000E+00   0.970000E+00   0.970000E+00   0.970000E+00   0.970000E+00   0.970000E+00   0.967734E+00   0.967829E+00   0.967935E+00   0.968040E+00   0.968141E+00   0.968237E+00   0.968328E+00   0.968414E+00   0.968496E+00   0.968573E+00   0.968647E+00   0.968717E+00   0.968783E+00   0.968845E+00   0.968904E+00   0.968961E+00   0.969014E+00   0.969064E+00   0.969112E+00   0.969158E+00   0.969201E+00   0.969241E+00   0.969280E+00   0.969317E+00   0.969352E+00   0.969385E+00   0.969416E+00   0.969446E+00   0.969474E+00   0.969501E+00   0.969527E+00   0.969551E+00   0.969574E+00   0.969596E+00   0.969617E+00   0.969641E+00
 0.970000E+00   0.970000E+00   0.970000E+00   0.970000E+00   0.970000E+00   0.970000E+00   0.970000E+00   0.970000E+00   0.970000E+00   0.970000E+00   0.970000E+00   0.970000E+00   0.970000E+00   0.970000E+00   0.970000E+00   0.970000E+00   0.970000E+00   0.970000E+00   0.970000E+00   0.970000E+00   0.970000E+00   0.970000E+00   0.970000E+00   0.970000E+00   0.970000E+00   0.970000E+00   0.970000E+00   0.970000E+00   0.970000E+00   0.970000E+00   0.970000E+00   0.970000E+00   0.970000E+00   0.970000E+00   0.970000E+00   0.970000E+00   0.970000E+00   0.970000E+00   0.970000E+00   0.970000E+00   0.970000E+00   0.970000E+00   0.970000E+00   0.970000E+00   0.970000E+00   0.970000E+00   0.970000E+00   0.970000E+00   0.970000E+00   0.970000E+00   0.970000E+00   0.970000E+00   0.970000E+00   0.970000E+00   0.970000E+00   0.970000E+00   0.970000E+00   0.970000E+00   0.970000E+00   0.970000E+00   0.970000E+00   0.970000E+00   0.970000E+00   0.970000E+00   0.970000E+00   0.957329E+00   0.958016E+00   0.958885E+00   0.959628E+00   0.960321E+00   0.960958E+00   0.961545E+00   0.962085E+00   0.962583E+00   0.963043E+00   0.963468E+00   0.963862E+00   0.964226E+00   0.964563E+00   0.964873E+00   0.965151E+00   0.965365E+00   0.970000E+00   0.970000E+00   0.970000E+00   0.970000E+00   0.970000E+00   0.970000E+00   0.970000E+00   0.970000E+00   0.970000E+00   0.970000E+00   0.967734E+00   0.967829E+00   0.967935E+00   0.968040E+00   0.968141E+00   0.968236E+00   0.968328E+00   0.968414E+00   0.968496E+00   0.968573E+00   0.968647E+00   0.968717E+00   0.968783E+00   0.968845E+00   0.968904E+00   0.968961E+00   0.969014E+00   0.969064E+00   0.969112E+00   0.969158E+00   0.969201E+00   0.969241E+00   0.969280E+00   0.969317E+00   0.969352E+00   0.969385E+00   0.969416E+00   0.969446E+00   0.969474E+00   0.969501E+00   0.969527E+00   0.969551E+00   0.969574E+00   0.969596E+00   0.969617E+00   0.969641E+00
 0.970000E+00   0.970000E+00   0.970000E+00   0.970000E+00   0.970000E+00   0.970000E+00   0.970000E+00   0.970000E+00   0.970000E+00   0.970000E+00   0.970000E+00   0.970000E+00   0.970000E+00   0.970000E+00   0.970000E+00   0.970000E+00   0.970000E+00   0.970000E+00   0.970000E+00   0.970000E+00   0.970000E+00   0.970000E+00   0.970000E+00   0.970000E+00   0.970000E+00   0.970000E+00   0.970000E+00   0.970000E+00   0.970000E+00   0.970000E+00   0.970000E+00   0.970000E+00   0.970000E+00   0.970000E+00   0.970000E+00   0.970000E+00   0.970000E+00   0.970000E+00   0.970000E+00   0.970000E+00   0.970000E+00   0.970000E+00   0.970000E+00   0.970000E+00   0.970000E+00   0.970000E+00   0.970000E+00   0.970000E+00   0.970000E+00   0.970000E+00   0.970000E+00   0.970000E+00   0.970000E+00   0.970000E+00   0.970000E+00   0.970000E+00   0.970000E+00   0.970000E+00   0.970000E+00   0.970000E+00   0.970000E+00   0.956475E+00   0.970000E+00   0.970000E+00   0.956702E+00   0.957229E+00   0.957970E+00   0.958856E+00   0.959607E+00   0.960304E+00   0.960945E+00   0.961535E+00   0.962076E+00   0.962576E+00   0.963037E+00   0.963463E+00   0.963858E+00   0.964223E+00   0.964560E+00   0.964871E+00   0.965148E+00   0.970000E+00   0.970000E+00   0.970000E+00   0.970000E+00   0.970000E+00   0.970000E+00   0.970000E+00   0.970000E+00   0.970000E+00   0.970000E+00   0.970000E+00   0.967778E+00   0.967854E+00   0.967939E+00   0.968040E+00   0.968141E+00   0.968236E+00   0.968328E+00   0.968414E+00   0.968496E+00   0.968573E+00   0.968647E+00   0.968717E+00   0.968783E+00   0.968845E+00   0.968904E+00   0.968961E+00   0.969014E+00   0.969064E+00   0.969112E+00   0.969158E+00   0.969201E+00   0.969241E+00   0.969280E+00   0.969317E+00   0.969352E+00   0.969385E+00   0.969416E+00   0.969447E+00   0.969476E+00   0.969502E+00   0.969528E+00   0.969552E+00   0.969575E+00   0.969597E+00   0.969617E+00   0.969641E+00
 0.970000E+00   0.970000E+00   0.970000E+00   0.970000E+00   0.970000E+00   0.970000E+00   0.970000E+00   0.970000E+00   0.970000E+00   0.970000E+00   0.970000E+00   0.970000E+00   0.970000E+00   0.970000E+00   0.970000E+00   0.970000E+00   0.970000E+00   0.970000E+00   0.970000E+00   0.970000E+00   0.970000E+00   0.970000E+00   0.970000E+00   0.970000E+00   0.970000E+00   0.970000E+00   0.970000E+00   0.970000E+00   0.970000E+00   0.970000E+00   0.970000E+00   0.970000E+00   0.970000E+00   0.970000E+00   0.970000E+00   0.970000E+00   0.970000E+00   0.970000E+00   0.970000E+00   0.970000E+00   0.970000E+00   0.970000E+00   0.970000E+00   0.970000E+00   0.970000E+00   0.970000E+00   0.970000E+00   0.970000E+00   0.970000E+00   0.970000E+00   0.970000E+00   0.970000E+00   0.970000E+00   0.970000E+00   0.970000E+00   0.970000E+00   0.970000E+00   0.970000E+00   0.970000E+00   0.970000E+00   0.955723E+00   0.956585E+00   0.957047E+00   0.970000E+00   0.970000E+00   0.957503E+00   0.957925E+00   0.958827E+00   0.959585E+00   0.960288E+00   0.960932E+00   0.961524E+00   0.962068E+00   0.962569E+00   0.963031E+00   0.963459E+00   0.963854E+00   0.964220E+00   0.964557E+00   0.964869E+00   0.965143E+00   0.970000E+00   0.970000E+00   0.970000E+00   0.970000E+00   0.970000E+00   0.970000E+00   0.970000E+00   0.970000E+00   0.970000E+00   0.970000E+00   0.970000E+00   0.967778E+00   0.967854E+00   0.967964E+00   0.968047E+00   0.968141E+00   0.968236E+00   0.968328E+00   0.968414E+00   0.968496E+00   0.968573E+00   0.968647E+00   0.968717E+00   0.968783E+00   0.968845E+00   0.968905E+00   0.968961E+00   0.969014E+00   0.969064E+00   0.969112E+00   0.969158E+00   0.969201E+00   0.969242E+00   0.969280E+00   0.969317E+00   0.969352E+00   0.969385E+00   0.969417E+00   0.969448E+00   0.969476E+00   0.969502E+00   0.969528E+00   0.969552E+00   0.969575E+00   0.969597E+00   0.969617E+00   0.969642E+00
 0.970000E+00   0.970000E+00   0.970000E+00   0.970000E+00   0.970000E+00   0.970000E+00   0.970000E+00   0.970000E+00   0.970000E+00   0.970000E+00   0.970000E+00   0.970000E+00   0.970000E+00   0.970000E+00   0.970000E+00   0.970000E+00   0.970000E+00   0.970000E+00   0.970000E+00   0.970000E+00   0.970000E+00   0.970000E+00   0.970000E+00   0.970000E+00   0.970000E+00   0.970000E+00   0.970000E+00   0.970000E+00   0.970000E+00   0.970000E+00   0.970000E+00   0.970000E+00   0.970000E+00   0.970000E+00   0.970000E+00   0.970000E+00   0.970000E+00   0.970000E+00   0.970000E+00   0.970000E+00   0.970000E+00   0.970000E+00   0.970000E+00   0.970000E+00   0.970000E+00   0.970000E+00   0.970000E+00   0.970000E+00   0.970000E+00   0.970000E+00   0.970000E+00   0.970000E+00   0.970000E+00   0.970000E+00   0.970000E+00   0.970000E+00   0.970000E+00   0.970000E+00   0.970000E+00   0.954953E+00   0.955762E+00   0.956467E+00   0.957065E+00   0.970000E+00   0.970000E+00   0.957461E+00   0.957881E+00   0.958798E+00   0.959564E+00   0.960271E+00   0.960919E+00   0.961514E+00   0.962059E+00   0.962562E+00   0.963026E+00   0.963454E+00   0.963850E+00   0.964217E+00   0.964555E+00   0.964867E+00   0.965139E+00   0.970000E+00   0.970000E+00   0.970000E+00   0.970000E+00   0.970000E+00   0.970000E+00   0.970000E+00   0.970000E+00   0.970000E+00   0.970000E+00   0.970000E+00   0.967778E+00   0.967855E+00   0.967964E+00   0.968047E+00   0.968141E+00   0.968236E+00   0.968328E+00   0.968414E+00   0.968496E+00   0.968573E+00   0.968647E+00   0.968717E+00   0.968783E+00   0.968845E+00   0.968905E+00   0.968961E+00   0.969014E+00   0.969064E+00   0.969112E+00   0.969158E+00   0.969201E+00   0.969242E+00   0.969280E+00   0.969317E+00   0.969352E+00   0.969386E+00   0.969418E+00   0.969448E+00   0.969476E+00   0.969502E+00   0.969528E+00   0.969552E+00   0.969575E+00   0.969597E+00   0.969617E+00   0.969642E+00
 0.970000E+00   0.970000E+00   0.970000E+00   0.970000E+00   0.970000E+00   0.970000E+00   0.970000E+00   0.970000E+00   0.970000E+00   0.970000E+00   0.970000E+00   0.970000E+00   0.970000E+00   0.970000E+00   0.970000E+00   0.970000E+00   0.970000E+00   0.970000E+00   0.970000E+00   0.970000E+00   0.970000E+00   0.970000E+00   0.970000E+00   0.970000E+00   0.970000E+00   0.970000E+00   0.970000E+00   0.970000E+00   0.970000E+00   0.970000E+00   0.970000E+00   0.970000E+00   0.970000E+00   0.970000E+00   0.970000E+00   0.970000E+00   0.970000E+00   0.970000E+00   0.970000E+00   0.970000E+00   0.970000E+00   0.970000E+00   0.970000E+00   0.970000E+00   0.970000E+00   0.970000E+00   0.970000E+00   0.970000E+00   0.970000E+00   0.970000E+00   0.970000E+00   0.970000E+00   0.970000E+00   0.970000E+00   0.970000E+00   0.970000E+00   0.970000E+00   0.970000E+00   0.970000E+00   0.954612E+00   0.955795E+00   0.956394E+00   0.957061E+00   0.970000E+00   0.970000E+00   0.957419E+00   0.957838E+00   0.958769E+00   0.959543E+00   0.960255E+00   0.960906E+00   0.961503E+00   0.962051E+00   0.962555E+00   0.963020E+00   0.963449E+00   0.963846E+00   0.964213E+00   0.964552E+00   0.964865E+00   0.965134E+00   0.970000E+00   0.970000E+00   0.970000E+00   0.970000E+00   0.970000E+00   0.970000E+00   0.970000E+00   0.970000E+00   0.970000E+00   0.970000E+00   0.970000E+00   0.967778E+00   0.967855E+00   0.967964E+00   0.968068E+00   0.968148E+00   0.968236E+00   0.968327E+00   0.968414E+00   0.968496E+00   0.968573E+00   0.968647E+00   0.968717E+00   0.968783E+00   0.968845E+00   0.968905E+00   0.968961E+00   0.969014E+00   0.969065E+00   0.969112E+00   0.969158E+00   0.969201E+00   0.969242E+00   0.969280E+00   0.969317E+00   0.969352E+00   0.969386E+00   0.969418E+00   0.969448E+00   0.969476E+00   0.969503E+00   0.969528E+00   0.969552E+00   0.969575E+00   0.969597E+00   0.969617E+00   0.969642E+00
 0.970000E+00   0.970000E+00   0.970000E+00   0.970000E+00   0.970000E+00   0.970000E+00   0.970000E+00   0.970000E+00   0.970000E+00   0.970000E+00   0.970000E+00   0.970000E+00   0.970000E+00   0.970000E+00   0.970000E+00   0.970000E+00   0.970000E+00   0.970000E+00   0.970000E+00   0.970000E+00   0.970000E+00   0.970000E+00   0.970000E+00   0.970000E+00   0.970000E+00   0.970000E+00   0.970000E+00   0.970000E+00   0.970000E+00   0.970000E+00   0.970000E+00   0.970000E+00   0.970000E+00   0.970000E+00   0.970000E+00   0.970000E+00   0.970000E+00   0.970000E+00   0.970000E+00   0.970000E+00   0.970000E+00   0.970000E+00   0.970000E+00   0.970000E+00   0.970000E+00   0.970000E+00   0.970000E+00   0.970000E+00   0.970000E+00   0.970000E+00   0.970000E+00   0.970000E+00   0.970000E+00   0.970000E+00   0.970000E+00   0.970000E+00   0.970000E+00   0.970000E+00   0.970000E+00   0.954434E+00   0.955681E+00   0.956368E+00   0.957045E+00   0.970000E+00   0.970000E+00   0.957378E+00   0.957797E+00   0.958741E+00   0.959522E+00   0.960238E+00   0.960893E+00   0.961493E+00   0.962043E+00   0.962548E+00   0.963015E+00   0.963445E+00   0.963843E+00   0.964210E+00   0.964549E+00   0.964863E+00   0.965130E+00   0.970000E+00   0.970000E+00   0.970000E+00   0.970000E+00   0.970000E+00   0.970000E+00   0.970000E+00   0.970000E+00   0.970000E+00   0.970000E+00   0.970000E+00   0.967778E+00   0.967855E+00   0.967964E+00   0.968068E+00   0.968149E+00   0.968237E+00   0.968328E+00   0.968414E+00   0.968496E+00   0.968574E+00   0.968647E+00   0.968717E+00   0.968783E+00   0.968845E+00   0.968905E+00   0.968961E+00   0.969014E+00   0.969065E+00   0.969112E+00   0.969158E+00   0.969201E+00   0.969242E+00   0.969280E+00   0.969317E+00   0.969352E+00   0.969386E+00   0.969418E+00   0.969448E+00   0.969476E+00   0.969503E+00   0.969528E+00   0.969552E+00   0.969575E+00   0.969597E+00   0.969617E+00   0.969642E+00
 0.970000E+00   0.970000E+00   0.970000E+00   0.970000E+00   0.970000E+00   0.970000E+00   0.970000E+00   0.970000E+00   0.970000E+00   0.970000E+00   0.970000E+00   0.970000E+00   0.970000E+00   0.970000E+00   0.970000E+00   0.970000E+00   0.970000E+00   0.970000E+00   0.970000E+00   0.970000E+00   0.970000E+00   0.970000E+00   0.970000E+00   0.970000E+00   0.970000E+00   0.970000E+00   0.970000E+00   0.970000E+00   0.970000E+00   0.970000E+00   0.970000E+00   0.970000E+00   0.970000E+00   0.970000E+00   0.970000E+00   0.970000E+00   0.970000E+00   0.970000E+00   0.970000E+00   0.970000E+00   0.970000E+00   0.970000E+00   0.970000E+00   0.970000E+00   0.970000E+00   0.970000E+00   0.970000E+00   0.970000E+00   0.970000E+00   0.970000E+00   0.970000E+00   0.970000E+00   0.970000E+00   0.970000E+00   0.970000E+00   0.970000E+00   0.970000E+00   0.970000E+00   0.970000E+00   0.954953E+00   0.955579E+00   0.956361E+00   0.957020E+00   0.970000E+00   0.970000E+00   0.957337E+00   0.957755E+00   0.958713E+00   0.959501E+00   0.960222E+00   0.960880E+00   0.961482E+00   0.962034E+00   0.962542E+00   0.963009E+00   0.963440E+00   0.963839E+00   0.964207E+00   0.964547E+00   0.964861E+00   0.965125E+00   0.970000E+00   0.970000E+00   0.970000E+00   0.970000E+00   0.970000E+00   0.970000E+00   0.970000E+00   0.970000E+00   0.970000E+00   0.970000E+00   0.970000E+00   0.967778E+00   0.967855E+00   0.967964E+00   0.968069E+00   0.968149E+00   0.968237E+00   0.968328E+00   0.968414E+00   0.968496E+00   0.968574E+00   0.968647E+00   0.968717E+00   0.968783E+00   0.968845E+00   0.968905E+00   0.968961E+00   0.969014E+00   0.969065E+00   0.969112E+00   0.969158E+00   0.969201E+00   0.969242E+00   0.969280E+00   0.969317E+00   0.969353E+00   0.969387E+00   0.969418E+00   0.969448E+00   0.969476E+00   0.969503E+00   0.969528E+00   0.969552E+00   0.969575E+00   0.969597E+00   0.969617E+00   0.969642E+00
 0.970000E+00   0.970000E+00   0.970000E+00   0.970000E+00   0.970000E+00   0.970000E+00   0.970000E+00   0.970000E+00   0.970000E+00   0.970000E+00   0.970000E+00   0.970000E+00   0.970000E+00   0.970000E+00   0.970000E+00   0.970000E+00   0.970000E+00   0.970000E+00   0.970000E+00   0.970000E+00   0.970000E+00   0.970000E+00   0.970000E+00   0.970000E+00   0.970000E+00   0.970000E+00   0.970000E+00   0.970000E+00   0.970000E+00   0.970000E+00   0.970000E+00   0.970000E+00   0.970000E+00   0.970000E+00   0.970000E+00   0.970000E+00   0.970000E+00   0.970000E+00   0.970000E+00   0.970000E+00   0.970000E+00   0.970000E+00   0.970000E+00   0.970000E+00   0.970000E+00   0.970000E+00   0.970000E+00   0.970000E+00   0.970000E+00   0.970000E+00   0.970000E+00   0.970000E+00   0.970000E+00   0.970000E+00   0.970000E+00   0.970000E+00   0.970000E+00   0.970000E+00   0.970000E+00   0.954828E+00   0.955536E+00   0.956361E+00   0.956989E+00   0.970000E+00   0.970000E+00   0.957296E+00   0.957714E+00   0.958684E+00   0.959480E+00   0.960205E+00   0.960867E+00   0.961472E+00   0.962026E+00   0.962535E+00   0.963004E+00   0.963436E+00   0.963835E+00   0.964204E+00   0.964544E+00   0.964859E+00   0.965121E+00   0.970000E+00   0.970000E+00   0.970000E+00   0.970000E+00   0.970000E+00   0.970000E+00   0.970000E+00   0.970000E+00   0.970000E+00   0.970000E+00   0.970000E+00   0.967778E+00   0.967855E+00   0.967964E+00   0.968069E+00   0.968149E+00   0.968237E+00   0.968328E+00   0.968414E+00   0.968496E+00   0.968574E+00   0.968647E+00   0.968717E+00   0.968783E+00   0.968845E+00   0.968905E+00   0.968961E+00   0.969014E+00   0.969065E+00   0.969113E+00   0.969158E+00   0.969201E+00   0.969242E+00   0.969280E+00   0.969317E+00   0.969353E+00   0.969387E+00   0.969418E+00   0.969448E+00   0.969476E+00   0.969503E+00   0.969528E+00   0.969552E+00   0.969575E+00   0.969597E+00   0.969617E+00   0.969642E+00
 0.970000E+00   0.970000E+00   0.970000E+00   0.970000E+00   0.970000E+00   0.970000E+00   0.970000E+00   0.970000E+00   0.970000E+00   0.970000E+00   0.970000E+00   0.970000E+00   0.970000E+00   0.970000E+00   0.970000E+00   0.970000E+00   0.970000E+00   0.970000E+00   0.970000E+00   0.970000E+00   0.970000E+00   0.970000E+00   0.970000E+00   0.970000E+00   0.970000E+00   0.970000E+00   0.970000E+00   0.970000E+00   0.970000E+00   0.970000E+00   0.970000E+00   0.970000E+00   0.970000E+00   0.970000E+00   0.970000E+00   0.970000E+00   0.970000E+00   0.970000E+00   0.970000E+00   0.970000E+00   0.970000E+00   0.970000E+00   0.970000E+00   0.970000E+00   0.970000E+00   0.970000E+00   0.970000E+00   0.970000E+00   0.970000E+00   0.970000E+00   0.970000E+00   0.970000E+00   0.970000E+00   0.970000E+00   0.970000E+00   0.970000E+00   0.970000E+00   0.970000E+00   0.954043E+00   0.954701E+00   0.955517E+00   0.956362E+00   0.956954E+00   0.970000E+00   0.970000E+00   0.957256E+00   0.957674E+00   0.958656E+00   0.959459E+00   0.960189E+00   0.960854E+00   0.961462E+00   0.962018E+00   0.962528E+00   0.962998E+00   0.963432E+00   0.963832E+00   0.964201E+00   0.964542E+00   0.964857E+00   0.965117E+00   0.970000E+00   0.970000E+00   0.970000E+00   0.970000E+00   0.970000E+00   0.970000E+00   0.970000E+00   0.970000E+00   0.970000E+00   0.970000E+00   0.970000E+00   0.967779E+00   0.967855E+00   0.967964E+00   0.968069E+00   0.968149E+00   0.968237E+00   0.968328E+00   0.968414E+00   0.968496E+00   0.968574E+00   0.968647E+00   0.968717E+00   0.968783E+00   0.968845E+00   0.968905E+00   0.968961E+00   0.969014E+00   0.969065E+00   0.969113E+00   0.969158E+00   0.969201E+00   0.969242E+00   0.969281E+00   0.969317E+00   0.969353E+00   0.969387E+00   0.969418E+00   0.969448E+00   0.969476E+00   0.969503E+00   0.969528E+00   0.969552E+00   0.969575E+00   0.969597E+00   0.969617E+00   0.969642E+00
 0.970000E+00   0.970000E+00   0.970000E+00   0.970000E+00   0.970000E+00   0.970000E+00   0.970000E+00   0.970000E+00   0.970000E+00   0.970000E+00   0.970000E+00   0.970000E+00   0.970000E+00   0.970000E+00   0.970000E+00   0.970000E+00   0.970000E+00   0.970000E+00   0.970000E+00   0.970000E+00   0.970000E+00   0.970000E+00   0.970000E+00   0.970000E+00   0.970000E+00   0.970000E+00   0.970000E+00   0.970000E+00   0.970000E+00   0.970000E+00   0.970000E+00   0.970000E+00   0.970000E+00   0.970000E+00   0.970000E+00   0.970000E+00   0.970000E+00   0.970000E+00   0.970000E+00   0.970000E+00   0.970000E+00   0.970000E+00   0.970000E+00   0.970000E+00   0.970000E+00   0.970000E+00   0.970000E+00   0.970000E+00   0.970000E+00   0.970000E+00   0.970000E+00   0.970000E+00   0.970000E+00   0.970000E+00   0.970000E+00   0.970000E+00   0.970000E+00   0.970000E+00   0.953897E+00   0.954642E+00   0.955510E+00   0.956362E+00   0.956918E+00   0.970000E+00   0.970000E+00   0.957215E+00   0.957634E+00   0.958628E+00   0.959437E+00   0.960173E+00   0.960841E+00   0.961451E+00   0.962010E+00   0.962522E+00   0.962993E+00   0.963427E+00   0.963828E+00   0.964198E+00   0.964539E+00   0.964855E+00   0.965112E+00   0.970000E+00   0.970000E+00   0.970000E+00   0.970000E+00   0.970000E+00   0.970000E+00   0.970000E+00   0.970000E+00   0.970000E+00   0.970000E+00   0.970000E+00   0.967779E+00   0.967855E+00   0.967964E+00   0.968069E+00   0.968150E+00   0.968237E+00   0.968328E+00   0.968414E+00   0.968496E+00   0.968574E+00   0.968647E+00   0.968717E+00   0.968783E+00   0.968846E+00   0.968905E+00   0.968961E+00   0.969014E+00   0.969065E+00   0.969113E+00   0.969158E+00   0.969201E+00   0.969242E+00   0.969281E+00   0.969317E+00   0.969353E+00   0.969387E+00   0.969418E+00   0.969448E+00   0.969476E+00   0.969503E+00   0.969528E+00   0.969552E+00   0.969575E+00   0.969597E+00   0.969617E+00   0.969642E+00
 0.970000E+00   0.970000E+00   0.970000E+00   0.970000E+00   0.970000E+00   0.970000E+00   0.970000E+00   0.970000E+00   0.970000E+00   0.970000E+00   0.970000E+00   0.970000E+00   0.970000E+00   0.970000E+00   0.970000E+00   0.970000E+00   0.970000E+00   0.970000E+00   0.970000E+00   0.970000E+00   0.970000E+00   0.970000E+00   0.970000E+00   0.970000E+00   0.970000E+00   0.970000E+00   0.970000E+00   0.970000E+00   0.970000E+00   0.970000E+00   0.970000E+00   0.970000E+00   0.970000E+00   0.970000E+00   0.970000E+00   0.970000E+00   0.970000E+00   0.970000E+00   0.970000E+00   0.970000E+00   0.970000E+00   0.970000E+00   0.970000E+00   0.970000E+00   0.970000E+00   0.970000E+00   0.970000E+00   0.970000E+00   0.970000E+00   0.970000E+00   0.970000E+00   0.970000E+00   0.970000E+00   0.970000E+00   0.970000E+00   0.970000E+00   0.970000E+00   0.953046E+00   0.953747E+00   0.954615E+00   0.955508E+00   0.956362E+00   0.956882E+00   0.970000E+00   0.970000E+00   0.957175E+00   0.957594E+00   0.958600E+00   0.959416E+00   0.960156E+00   0.960828E+00   0.961441E+00   0.962001E+00   0.962515E+00   0.962987E+00   0.963423E+00   0.963824E+00   0.964195E+00   0.964537E+00   0.964853E+00   0.965108E+00   0.970000E+00   0.970000E+00   0.970000E+00   0.970000E+00   0.970000E+00   0.970000E+00   0.970000E+00   0.970000E+00   0.970000E+00   0.970000E+00   0.970000E+00   0.967779E+00   0.967855E+00   0.967964E+00   0.968069E+00   0.968167E+00   0.968245E+00   0.968328E+00   0.968414E+00   0.968496E+00   0.968574E+00   0.968647E+00   0.968717E+00   0.968783E+00   0.968846E+00   0.968905E+00   0.968961E+00   0.969014E+00   0.969065E+00   0.969113E+00   0.969158E+00   0.969201E+00   0.969242E+00   0.969281E+00   0.969317E+00   0.969353E+00   0.969387E+00   0.969418E+00   0.969448E+00   0.969476E+00   0.969503E+00   0.969528E+00   0.969552E+00   0.969575E+00   0.969597E+00   0.969617E+00   0.969642E+00
 0.970000E+00   0.970000E+00   0.970000E+00   0.970000E+00   0.970000E+00   0.970000E+00   0.970000E+00   0.970000E+00   0.970000E+00   0.970000E+00   0.970000E+00   0.970000E+00   0.970000E+00   0.970000E+00   0.970000E+00   0.970000E+00   0.970000E+00   0.970000E+00   0.970000E+00   0.970000E+00   0.970000E+00   0.970000E+00   0.970000E+00   0.970000E+00   0.970000E+00   0.970000E+00   0.970000E+00   0.970000E+00   0.970000E+00   0.970000E+00   0.970000E+00   0.970000E+00   0.970000E+00   0.970000E+00   0.970000E+00   0.970000E+00   0.970000E+00   0.970000E+00   0.970000E+00   0.970000E+00   0.970000E+00   0.970000E+00   0.970000E+00   0.970000E+00   0.970000E+00   0.970000E+00   0.970000E+00   0.970000E+00   0.970000E+00   0.970000E+00   0.970000E+00   0.970000E+00   0.970000E+00   0.970000E+00   0.970000E+00   0.970000E+00   0.970000E+00   0.952872E+00   0.953677E+00   0.954603E+00   0.955509E+00   0.956360E+00   0.956846E+00   0.970000E+00   0.970000E+00   0.957134E+00   0.957553E+00   0.958571E+00   0.959394E+00   0.960139E+00   0.960815E+00   0.961430E+00   0.961993E+00   0.962508E+00   0.962982E+00   0.963418E+00   0.963821E+00   0.964192E+00   0.964534E+00   0.964851E+00   0.965103E+00   0.970000E+00   0.970000E+00   0.970000E+00   0.970000E+00   0.970000E+00   0.970000E+00   0.970000E+00   0.970000E+00   0.970000E+00   0.970000E+00   0.970000E+00   0.967779E+00   0.967855E+00   0.967964E+00   0.968069E+00   0.968167E+00   0.968245E+00   0.968328E+00   0.968414E+00   0.968496E+00   0.968574E+00   0.968647E+00   0.968717E+00   0.968783E+00   0.968846E+00   0.968905E+00   0.968961E+00   0.969014E+00   0.969065E+00   0.969113E+00   0.969158E+00   0.969201E+00   0.969242E+00   0.969281E+00   0.969317E+00   0.969353E+00   0.969387E+00   0.969418E+00   0.969448E+00   0.969476E+00   0.969503E+00   0.969528E+00   0.969552E+00   0.969575E+00   0.969597E+00   0.969617E+00   0.969642E+00
 0.970000E+00   0.970000E+00   0.970000E+00   0.970000E+00   0.970000E+00   0.970000E+00   0.970000E+00   0.970000E+00   0.970000E+00   0.970000E+00   0.970000E+00   0.970000E+00   0.970000E+00   0.970000E+00   0.970000E+00   0.970000E+00   0.970000E+00   0.970000E+00   0.970000E+00   0.970000E+00   0.970000E+00   0.970000E+00   0.970000E+00   0.970000E+00   0.970000E+00   0.970000E+00   0.970000E+00   0.970000E+00   0.970000E+00   0.970000E+00   0.970000E+00   0.970000E+00   0.970000E+00   0.970000E+00   0.970000E+00   0.970000E+00   0.970000E+00   0.970000E+00   0.970000E+00   0.970000E+00   0.970000E+00   0.970000E+00   0.970000E+00   0.970000E+00   0.970000E+00   0.970000E+00   0.970000E+00   0.970000E+00   0.970000E+00   0.970000E+00   0.970000E+00   0.970000E+00   0.970000E+00   0.970000E+00   0.970000E+00   0.970000E+00   0.951942E+00   0.952704E+00   0.953647E+00   0.954599E+00   0.955509E+00   0.956357E+00   0.956811E+00   0.970000E+00   0.970000E+00   0.957094E+00   0.957514E+00   0.958543E+00   0.959373E+00   0.960123E+00   0.960802E+00   0.961420E+00   0.961985E+00   0.962502E+00   0.962977E+00   0.963414E+00   0.963817E+00   0.964189E+00   0.964532E+00   0.964849E+00   0.965099E+00   0.970000E+00   0.970000E+00   0.970000E+00   0.970000E+00   0.970000E+00   0.970000E+00   0.970000E+00   0.970000E+00   0.970000E+00   0.970000E+00   0.970000E+00   0.967779E+00   0.967855E+00   0.967964E+00   0.968069E+00   0.968168E+00   0.968245E+00   0.968328E+00   0.968414E+00   0.968496E+00   0.968574E+00   0.968647E+00   0.968717E+00   0.968783E+00   0.968846E+00   0.968905E+00   0.968961E+00   0.969014E+00   0.969065E+00   0.969113E+00   0.969158E+00   0.969201E+00   0.969242E+00   0.969281E+00   0.969317E+00   0.969353E+00   0.969387E+00   0.969419E+00   0.969448E+00   0.969476E+00   0.969503E+00   0.969528E+00   0.969552E+00   0.969575E+00   0.969597E+00   0.969617E+00   0.969642E+00
 0.970000E+00   0.970000E+00   0.970000E+00   0.970000E+00   0.970000E+00   0.970000E+00   0.970000E+00   0.970000E+00   0.970000E+00   0.970000E+00   0.970000E+00   0.970000E+00   0.970000E+00   0.970000E+00   0.970000E+00   0.970000E+00   0.970000E+00   0.970000E+00   0.970000E+00   0.970000E+00   0.970000E+00   0.970000E+00   0.970000E+00   0.970000E+00   0.970000E+00   0.970000E+00   0.970000E+00   0.970000E+00   0.970000E+00   0.970000E+00   0.970000E+00   0.970000E+00   0.970000E+00   0.970000E+00   0.970000E+00   0.970000E+00   0.970000E+00   0.970000E+00   0.970000E+00   0.970000E+00   0.970000E+00   0.970000E+00   0.970000E+00   0.970000E+00   0.970000E+00   0.970000E+00   0.970000E+00   0.970000E+00   0.970000E+00   0.970000E+00   0.970000E+00   0.970000E+00   0.970000E+00   0.970000E+00   0.970000E+00   0.970000E+00   0.951732E+00   0.952637E+00   0.953633E+00   0.954598E+00   0.955508E+00   0.956355E+00   0.956777E+00   0.970000E+00   0.970000E+00   0.957054E+00   0.957474E+00   0.958515E+00   0.959351E+00   0.960106E+00   0.960789E+00   0.961410E+00   0.961976E+00   0.962495E+00   0.962972E+00   0.963410E+00   0.963814E+00   0.964186E+00   0.964529E+00   0.964847E+00   0.965094E+00   0.970000E+00   0.970000E+00   0.970000E+00   0.970000E+00   0.970000E+00   0.970000E+00   0.970000E+00   0.970000E+00   0.970000E+00   0.970000E+00   0.970000E+00   0.967779E+00   0.967855E+00   0.967965E+00   0.968069E+00   0.968168E+00   0.968246E+00   0.968328E+00   0.968414E+00   0.968496E+00   0.968574E+00   0.968647E+00   0.968717E+00   0.968783E+00   0.968846E+00   0.968905E+00   0.968961E+00   0.969014E+00   0.969065E+00   0.969113E+00   0.969158E+00   0.969201E+00   0.969242E+00   0.969281E+00   0.969318E+00   0.969353E+00   0.969387E+00   0.969419E+00   0.969448E+00   0.969476E+00   0.969503E+00   0.969528E+00   0.969552E+00   0.969575E+00   0.969597E+00   0.969617E+00   0.969642E+00
 0.970000E+00   0.970000E+00   0.970000E+00   0.970000E+00   0.970000E+00   0.970000E+00   0.970000E+00   0.970000E+00   0.970000E+00   0.970000E+00   0.970000E+00   0.970000E+00   0.970000E+00   0.970000E+00   0.970000E+00   0.970000E+00   0.970000E+00   0.970000E+00   0.970000E+00   0.970000E+00   0.970000E+00   0.970000E+00   0.970000E+00   0.970000E+00   0.970000E+00   0.970000E+00   0.970000E+00   0.970000E+00   0.970000E+00   0.970000E+00   0.970000E+00   0.970000E+00   0.970000E+00   0.970000E+00   0.970000E+00   0.970000E+00   0.970000E+00   0.970000E+00   0.970000E+00   0.970000E+00   0.970000E+00   0.970000E+00   0.970000E+00   0.970000E+00   0.970000E+00   0.970000E+00   0.970000E+00   0.970000E+00   0.970000E+00   0.970000E+00   0.970000E+00   0.970000E+00   0.970000E+00   0.970000E+00   0.970000E+00   0.950704E+00   0.951570E+00   0.952608E+00   0.953627E+00   0.954599E+00   0.955506E+00   0.956353E+00   0.956742E+00   0.970000E+00   0.970000E+00   0.957013E+00   0.957434E+00   0.958486E+00   0.959330E+00   0.960089E+00   0.960776E+00   0.961400E+00   0.961968E+00   0.962489E+00   0.962966E+00   0.963406E+00   0.963810E+00   0.964184E+00   0.964527E+00   0.964846E+00   0.965090E+00   0.970000E+00   0.970000E+00   0.970000E+00   0.970000E+00   0.970000E+00   0.970000E+00   0.970000E+00   0.970000E+00   0.970000E+00   0.970000E+00   0.970000E+00   0.967779E+00   0.967855E+00   0.967965E+00   0.968069E+00   0.968168E+00   0.968246E+00   0.968328E+00   0.968414E+00   0.968496E+00   0.968574E+00   0.968647E+00   0.968717E+00   0.968783E+00   0.968846E+00   0.968905E+00   0.968961E+00   0.969015E+00   0.969065E+00   0.969113E+00   0.969158E+00   0.969201E+00   0.969242E+00   0.969281E+00   0.969318E+00   0.969353E+00   0.969387E+00   0.969419E+00   0.969448E+00   0.969476E+00   0.969503E+00   0.969528E+00   0.969552E+00   0.969575E+00   0.969597E+00   0.969618E+00   0.969642E+00
 0.970000E+00   0.970000E+00   0.970000E+00   0.970000E+00   0.970000E+00   0.970000E+00   0.970000E+00   0.970000E+00   0.970000E+00   0.970000E+00   0.970000E+00   0.970000E+00   0.970000E+00   0.970000E+00   0.970000E+00   0.970000E+00   0.970000E+00   0.970000E+00   0.970000E+00   0.970000E+00   0.970000E+00   0.970000E+00   0.970000E+00   0.970000E+00   0.970000E+00   0.970000E+00   0.970000E+00   0.970000E+00   0.970000E+00   0.970000E+00   0.970000E+00   0.970000E+00   0.970000E+00   0.970000E+00   0.970000E+00   0.970000E+00   0.970000E+00   0.970000E+00   0.970000E+00   0.970000E+00   0.970000E+00   0.970000E+00   0.970000E+00   0.970000E+00   0.970000E+00   0.970000E+00   0.970000E+00   0.970000E+00   0.970000E+00   0.970000E+00   0.970000E+00   0.970000E+00   0.970000E+00   0.970000E+00   0.949597E+00   0.950454E+00   0.951518E+00   0.952594E+00   0.953626E+00   0.954598E+00   0.955507E+00   0.956337E+00   0.970000E+00   0.970000E+00   0.970000E+00   0.956973E+00   0.957394E+00   0.958457E+00   0.959308E+00   0.960073E+00   0.960763E+00   0.961389E+00   0.961960E+00   0.962482E+00   0.962961E+00   0.963401E+00   0.963807E+00   0.964181E+00   0.964525E+00   0.964844E+00   0.965086E+00   0.970000E+00   0.970000E+00   0.970000E+00   0.970000E+00   0.970000E+00   0.970000E+00   0.970000E+00   0.970000E+00   0.970000E+00   0.970000E+00   0.970000E+00   0.967779E+00   0.967855E+00   0.967965E+00   0.968069E+00   0.968168E+00   0.968246E+00   0.968328E+00   0.968414E+00   0.968496E+00   0.968574E+00   0.968647E+00   0.968717E+00   0.968783E+00   0.968846E+00   0.968905E+00   0.968961E+00   0.969015E+00   0.969065E+00   0.969113E+00   0.969158E+00   0.969201E+00   0.969242E+00   0.969281E+00   0.969318E+00   0.969353E+00   0.969387E+00   0.969419E+00   0.969448E+00   0.969476E+00   0.969503E+00   0.969528E+00   0.969553E+00   0.969575E+00   0.969597E+00   0.969618E+00   0.969642E+00
 0.970000E+00   0.970000E+00   0.970000E+00   0.970000E+00   0.970000E+00   0.970000E+00   0.970000E+00   0.970000E+00   0.970000E+00   0.970000E+00   0.970000E+00   0.970000E+00   0.970000E+00   0.970000E+00   0.970000E+00   0.970000E+00   0.970000E+00   0.970000E+00   0.970000E+00   0.970000E+00   0.970000E+00   0.970000E+00   0.970000E+00   0.970000E+00   0.970000E+00   0.970000E+00   0.970000E+00   0.970000E+00   0.970000E+00   0.970000E+00   0.970000E+00   0.970000E+00   0.970000E+00   0.970000E+00   0.970000E+00   0.970000E+00   0.970000E+00   0.970000E+00   0.970000E+00   0.970000E+00   0.970000E+00   0.970000E+00   0.970000E+00   0.970000E+00   0.970000E+00   0.970000E+00   0.970000E+00   0.970000E+00   0.970000E+00   0.970000E+00   0.970000E+00   0.970000E+00   0.970000E+00   0.970000E+00   0.949297E+00   0.950355E+00   0.951494E+00   0.952589E+00   0.953626E+00   0.954596E+00   0.955508E+00   0.956319E+00   0.970000E+00   0.970000E+00   0.970000E+00   0.956932E+00   0.957354E+00   0.958428E+00   0.959286E+00   0.960056E+00   0.960750E+00   0.961379E+00   0.961952E+00   0.962476E+00   0.962956E+00   0.963397E+00   0.963804E+00   0.964178E+00   0.964522E+00   0.964842E+00   0.965081E+00   0.970000E+00   0.970000E+00   0.970000E+00   0.970000E+00   0.970000E+00   0.970000E+00   0.970000E+00   0.970000E+00   0.970000E+00   0.970000E+00   0.970000E+00   0.967779E+00   0.967855E+00   0.967965E+00   0.968069E+00   0.968168E+00   0.968246E+00   0.968329E+00   0.968414E+00   0.968496E+00   0.968574E+00   0.968648E+00   0.968717E+00   0.968783E+00   0.968846E+00   0.968905E+00   0.968961E+00   0.969015E+00   0.969065E+00   0.969113E+00   0.969158E+00   0.969201E+00   0.969242E+00   0.969281E+00   0.969318E+00   0.969353E+00   0.969387E+00   0.969419E+00   0.969448E+00   0.969476E+00   0.969503E+00   0.969528E+00   0.969553E+00   0.969575E+00   0.969597E+00   0.969618E+00   0.969642E+00
 0.970000E+00   0.970000E+00   0.970000E+00   0.970000E+00   0.970000E+00   0.970000E+00   0.970000E+00   0.970000E+00   0.970000E+00   0.970000E+00   0.970000E+00   0.970000E+00   0.970000E+00   0.970000E+00   0.970000E+00   0.970000E+00   0.970000E+00   0.970000E+00   0.970000E+00   0.970000E+00   0.970000E+00   0.970000E+00   0.970000E+00   0.970000E+00   0.970000E+00   0.970000E+00   0.970000E+00   0.970000E+00   0.970000E+00   0.970000E+00   0.970000E+00   0.970000E+00   0.970000E+00   0.970000E+00   0.970000E+00   0.970000E+00   0.970000E+00   0.970000E+00   0.970000E+00   0.970000E+00   0.970000E+00   0.970000E+00   0.970000E+00   0.970000E+00   0.970000E+00   0.970000E+00   0.970000E+00   0.970000E+00   0.970000E+00   0.970000E+00   0.970000E+00   0.970000E+00   0.970000E+00   0.948044E+00   0.949110E+00   0.950318E+00   0.951483E+00   0.952588E+00   0.953625E+00   0.954598E+00   0.955502E+00   0.956307E+00   0.970000E+00   0.970000E+00   0.970000E+00   0.956891E+00   0.957314E+00   0.958399E+00   0.959264E+00   0.960039E+00   0.960737E+00   0.961369E+00   0.961944E+00   0.962469E+00   0.962951E+00   0.963393E+00   0.963800E+00   0.964175E+00   0.964520E+00   0.964840E+00   0.965077E+00   0.970000E+00   0.970000E+00   0.970000E+00   0.970000E+00   0.970000E+00   0.970000E+00   0.970000E+00   0.970000E+00   0.970000E+00   0.970000E+00   0.970000E+00   0.967779E+00   0.967856E+00   0.967965E+00   0.968069E+00   0.968168E+00   0.968247E+00   0.968329E+00   0.968414E+00   0.968496E+00   0.968574E+00   0.968648E+00   0.968717E+00   0.968783E+00   0.968846E+00   0.968905E+00   0.968961E+00   0.969015E+00   0.969065E+00   0.969113E+00   0.969158E+00   0.969201E+00   0.969242E+00   0.969281E+00   0.969318E+00   0.969353E+00   0.969387E+00   0.969419E+00   0.969448E+00   0.969477E+00   0.969503E+00   0.969529E+00   0.969553E+00   0.969575E+00   0.969597E+00   0.969618E+00   0.969642E+00
 0.970000E+00   0.970000E+00   0.970000E+00   0.970000E+00   0.970000E+00   0.970000E+00   0.970000E+00   0.970000E+00   0.970000E+00   0.970000E+00   0.970000E+00   0.970000E+00   0.970000E+00   0.970000E+00   0.970000E+00   0.970000E+00   0.970000E+00   0.970000E+00   0.970000E+00   0.970000E+00   0.970000E+00   0.970000E+00   0.970000E+00   0.970000E+00   0.970000E+00   0.970000E+00   0.970000E+00   0.970000E+00   0.970000E+00   0.970000E+00   0.970000E+00   0.970000E+00   0.970000E+00   0.970000E+00   0.970000E+00   0.970000E+00   0.970000E+00   0.970000E+00   0.970000E+00   0.970000E+00   0.970000E+00   0.970000E+00   0.970000E+00   0.970000E+00   0.970000E+00   0.970000E+00   0.970000E+00   0.970000E+00   0.970000E+00   0.970000E+00   0.970000E+00   0.970000E+00   0.946672E+00   0.947775E+00   0.949060E+00   0.950301E+00   0.951479E+00   0.952587E+00   0.953625E+00   0.954597E+00   0.955496E+00   0.956294E+00   0.970000E+00   0.970000E+00   0.970000E+00   0.956849E+00   0.957273E+00   0.958369E+00   0.959241E+00   0.960021E+00   0.960723E+00   0.961358E+00   0.961935E+00   0.962463E+00   0.962945E+00   0.963389E+00   0.963797E+00   0.964172E+00   0.964517E+00   0.964838E+00   0.965072E+00   0.970000E+00   0.970000E+00   0.970000E+00   0.970000E+00   0.970000E+00   0.970000E+00   0.970000E+00   0.970000E+00   0.970000E+00   0.970000E+00   0.970000E+00   0.967779E+00   0.967856E+00   0.967965E+00   0.968069E+00   0.968168E+00   0.968247E+00   0.968329E+00   0.968414E+00   0.968496E+00   0.968574E+00   0.968648E+00   0.968717E+00   0.968783E+00   0.968846E+00   0.968905E+00   0.968962E+00   0.969015E+00   0.969065E+00   0.969113E+00   0.969158E+00   0.969202E+00   0.969242E+00   0.969281E+00   0.969318E+00   0.969353E+00   0.969387E+00   0.969419E+00   0.969449E+00   0.969477E+00   0.969503E+00   0.969529E+00   0.969553E+00   0.969575E+00   0.969597E+00   0.969618E+00   0.969642E+00
 0.970000E+00   0.970000E+00   0.970000E+00   0.970000E+00   0.970000E+00   0.970000E+00   0.970000E+00   0.970000E+00   0.970000E+00   0.970000E+00   0.970000E+00   0.970000E+00   0.970000E+00   0.970000E+00   0.970000E+00   0.970000E+00   0.970000E+00   0.970000E+00   0.970000E+00   0.970000E+00   0.970000E+00   0.970000E+00   0.970000E+00   0.970000E+00   0.970000E+00   0.970000E+00   0.970000E+00   0.970000E+00   0.970000E+00   0.970000E+00   0.970000E+00   0.970000E+00   0.970000E+00   0.970000E+00   0.970000E+00   0.970000E+00   0.970000E+00   0.970000E+00   0.970000E+00   0.970000E+00   0.970000E+00   0.970000E+00   0.970000E+00   0.970000E+00   0.970000E+00   0.970000E+00   0.970000E+00   0.970000E+00   0.970000E+00   0.970000E+00   0.970000E+00   0.945059E+00   0.946335E+00   0.947710E+00   0.949037E+00   0.950294E+00   0.951478E+00   0.952586E+00   0.953626E+00   0.954593E+00   0.955493E+00   0.956280E+00   0.970000E+00   0.970000E+00   0.970000E+00   0.956807E+00   0.957231E+00   0.958339E+00   0.959219E+00   0.960004E+00   0.960710E+00   0.961348E+00   0.961927E+00   0.962456E+00   0.962940E+00   0.963384E+00   0.963793E+00   0.964169E+00   0.964515E+00   0.964835E+00   0.965068E+00   0.970000E+00   0.970000E+00   0.970000E+00   0.970000E+00   0.970000E+00   0.970000E+00   0.970000E+00   0.970000E+00   0.970000E+00   0.970000E+00   0.970000E+00   0.967779E+00   0.967856E+00   0.967965E+00   0.968070E+00   0.968168E+00   0.968247E+00   0.968329E+00   0.968414E+00   0.968496E+00   0.968574E+00   0.968648E+00   0.968717E+00   0.968783E+00   0.968846E+00   0.968905E+00   0.968962E+00   0.969015E+00   0.969065E+00   0.969113E+00   0.969159E+00   0.969202E+00   0.969242E+00   0.969281E+00   0.969318E+00   0.969353E+00   0.969387E+00   0.969419E+00   0.969449E+00   0.969477E+00   0.969503E+00   0.969529E+00   0.969553E+00   0.969575E+00   0.969597E+00   0.969618E+00   0.969642E+00
 0.970000E+00   0.970000E+00   0.970000E+00   0.970000E+00   0.970000E+00   0.970000E+00   0.970000E+00   0.970000E+00   0.970000E+00   0.970000E+00   0.970000E+00   0.970000E+00   0.970000E+00   0.970000E+00   0.970000E+00   0.970000E+00   0.970000E+00   0.970000E+00   0.970000E+00   0.970000E+00   0.970000E+00   0.970000E+00   0.970000E+00   0.970000E+00   0.970000E+00   0.970000E+00   0.970000E+00   0.970000E+00   0.970000E+00   0.970000E+00   0.970000E+00   0.970000E+00   0.970000E+00   0.970000E+00   0.970000E+00   0.970000E+00   0.970000E+00   0.970000E+00   0.970000E+00   0.970000E+00   0.970000E+00   0.970000E+00   0.970000E+00   0.970000E+00   0.970000E+00   0.970000E+00   0.970000E+00   0.970000E+00   0.970000E+00   0.970000E+00   0.943352E+00   0.944672E+00   0.946259E+00   0.947682E+00   0.949026E+00   0.950292E+00   0.951477E+00   0.952587E+00   0.953625E+00   0.954588E+00   0.955492E+00   0.956262E+00   0.970000E+00   0.970000E+00   0.970000E+00   0.956763E+00   0.957188E+00   0.958308E+00   0.959195E+00   0.959985E+00   0.960695E+00   0.961336E+00   0.961918E+00   0.962449E+00   0.962934E+00   0.963380E+00   0.963789E+00   0.964166E+00   0.964531E+00   0.964832E+00   0.970000E+00   0.970000E+00   0.970000E+00   0.970000E+00   0.970000E+00   0.970000E+00   0.970000E+00   0.970000E+00   0.970000E+00   0.970000E+00   0.970000E+00   0.970000E+00   0.967779E+00   0.967856E+00   0.967965E+00   0.968070E+00   0.968168E+00   0.968247E+00   0.968329E+00   0.968414E+00   0.968496E+00   0.968574E+00   0.968648E+00   0.968717E+00   0.968784E+00   0.968846E+00   0.968905E+00   0.968962E+00   0.969015E+00   0.969065E+00   0.969113E+00   0.969159E+00   0.969202E+00   0.969242E+00   0.969281E+00   0.969318E+00   0.969353E+00   0.969387E+00   0.969419E+00   0.969449E+00   0.969477E+00   0.969503E+00   0.969529E+00   0.969553E+00   0.969576E+00   0.969597E+00   0.969618E+00   0.969642E+00
 0.970000E+00   0.970000E+00   0.970000E+00   0.970000E+00   0.970000E+00   0.970000E+00   0.970000E+00   0.970000E+00   0.970000E+00   0.970000E+00   0.970000E+00   0.970000E+00   0.970000E+00   0.970000E+00   0.970000E+00   0.970000E+00   0.970000E+00   0.970000E+00   0.970000E+00   0.970000E+00   0.970000E+00   0.970000E+00   0.970000E+00   0.970000E+00   0.970000E+00   0.970000E+00   0.970000E+00   0.970000E+00   0.970000E+00   0.970000E+00   0.970000E+00   0.970000E+00   0.970000E+00   0.970000E+00   0.970000E+00   0.970000E+00   0.970000E+00   0.970000E+00   0.970000E+00   0.970000E+00   0.970000E+00   0.970000E+00   0.970000E+00   0.970000E+00   0.970000E+00   0.970000E+00   0.970000E+00   0.970000E+00   0.970000E+00   0.941428E+00   0.942968E+00   0.944596E+00   0.946230E+00   0.947670E+00   0.949023E+00   0.950290E+00   0.951476E+00   0.952588E+00   0.953622E+00   0.954584E+00   0.955492E+00   0.956242E+00   0.970000E+00   0.970000E+00   0.970000E+00   0.956719E+00   0.957145E+00   0.958277E+00   0.959171E+00   0.959967E+00   0.960681E+00   0.961325E+00   0.961909E+00   0.962442E+00   0.962929E+00   0.963375E+00   0.963786E+00   0.964164E+00   0.964528E+00   0.964826E+00   0.970000E+00   0.970000E+00   0.970000E+00   0.970000E+00   0.970000E+00   0.970000E+00   0.970000E+00   0.970000E+00   0.970000E+00   0.970000E+00   0.970000E+00   0.970000E+00   0.967780E+00   0.967856E+00   0.967965E+00   0.968070E+00   0.968168E+00   0.968247E+00   0.968329E+00   0.968414E+00   0.968496E+00   0.968574E+00   0.968648E+00   0.968717E+00   0.968784E+00   0.968846E+00   0.968905E+00   0.968962E+00   0.969015E+00   0.969065E+00   0.969113E+00   0.969159E+00   0.969202E+00   0.969242E+00   0.969281E+00   0.969318E+00   0.969353E+00   0.969387E+00   0.969419E+00   0.969449E+00   0.969477E+00   0.969503E+00   0.969529E+00   0.969553E+00   0.969576E+00   0.969597E+00   0.969618E+00   0.969642E+00
 0.970000E+00   0.970000E+00   0.970000E+00   0.970000E+00   0.970000E+00   0.970000E+00   0.970000E+00   0.970000E+00   0.970000E+00   0.970000E+00   0.970000E+00   0.970000E+00   0.970000E+00   0.970000E+00   0.970000E+00   0.970000E+00   0.970000E+00   0.970000E+00   0.970000E+00   0.970000E+00   0.970000E+00   0.970000E+00   0.970000E+00   0.970000E+00   0.970000E+00   0.970000E+00   0.970000E+00   0.970000E+00   0.970000E+00   0.970000E+00   0.970000E+00   0.970000E+00   0.970000E+00   0.970000E+00   0.970000E+00   0.970000E+00   0.970000E+00   0.970000E+00   0.970000E+00   0.970000E+00   0.970000E+00   0.970000E+00   0.970000E+00   0.970000E+00   0.970000E+00   0.970000E+00   0.970000E+00   0.937808E+00   0.939312E+00   0.941133E+00   0.942901E+00   0.944567E+00   0.946216E+00   0.947665E+00   0.949021E+00   0.950290E+00   0.951477E+00   0.952586E+00   0.953617E+00   0.954583E+00   0.955493E+00   0.956217E+00   0.970000E+00   0.970000E+00   0.970000E+00   0.956676E+00   0.957103E+00   0.958149E+00   0.959148E+00   0.959949E+00   0.960667E+00   0.961314E+00   0.961901E+00   0.962435E+00   0.962923E+00   0.963371E+00   0.963782E+00   0.964161E+00   0.964525E+00   0.964820E+00   0.970000E+00   0.970000E+00   0.970000E+00   0.970000E+00   0.970000E+00   0.970000E+00   0.970000E+00   0.970000E+00   0.970000E+00   0.970000E+00   0.970000E+00   0.970000E+00   0.967780E+00   0.967856E+00   0.967965E+00   0.968070E+00   0.968168E+00   0.968248E+00   0.968330E+00   0.968414E+00   0.968497E+00   0.968574E+00   0.968648E+00   0.968718E+00   0.968784E+00   0.968846E+00   0.968906E+00   0.968962E+00   0.969015E+00   0.969065E+00   0.969113E+00   0.969159E+00   0.969202E+00   0.969243E+00   0.969281E+00   0.969318E+00   0.969353E+00   0.969387E+00   0.969419E+00   0.969449E+00   0.969477E+00   0.969503E+00   0.969529E+00   0.969553E+00   0.969576E+00   0.969597E+00   0.969618E+00   0.969643E+00
 0.970000E+00   0.970000E+00   0.970000E+00   0.970000E+00   0.970000E+00   0.970000E+00   0.970000E+00   0.970000E+00   0.970000E+00   0.970000E+00   0.970000E+00   0.970000E+00   0.970000E+00   0.970000E+00   0.970000E+00   0.970000E+00   0.970000E+00   0.970000E+00   0.970000E+00   0.970000E+00   0.970000E+00   0.970000E+00   0.970000E+00   0.970000E+00   0.970000E+00   0.970000E+00   0.970000E+00   0.970000E+00   0.970000E+00   0.970000E+00   0.970000E+00   0.970000E+00   0.970000E+00   0.970000E+00   0.970000E+00   0.970000E+00   0.970000E+00   0.970000E+00   0.970000E+00   0.970000E+00   0.970000E+00   0.970000E+00   0.970000E+00   0.970000E+00   0.970000E+00   0.933526E+00   0.935100E+00   0.937134E+00   0.939164E+00   0.941080E+00   0.942874E+00   0.944553E+00   0.946210E+00   0.947663E+00   0.949020E+00   0.950290E+00   0.951478E+00   0.952583E+00   0.953613E+00   0.954582E+00   0.955493E+00   0.956187E+00   0.970000E+00   0.970000E+00   0.970000E+00   0.956632E+00   0.957060E+00   0.958116E+00   0.959124E+00   0.959931E+00   0.960653E+00   0.961303E+00   0.961892E+00   0.962428E+00   0.962918E+00   0.963366E+00   0.963779E+00   0.964159E+00   0.964523E+00   0.964814E+00   0.970000E+00   0.970000E+00   0.970000E+00   0.970000E+00   0.970000E+00   0.970000E+00   0.970000E+00   0.970000E+00   0.970000E+00   0.970000E+00   0.970000E+00   0.970000E+00   0.967780E+00   0.967856E+00   0.967965E+00   0.968070E+00   0.968168E+00   0.968248E+00   0.968330E+00   0.968415E+00   0.968497E+00   0.968574E+00   0.968648E+00   0.968718E+00   0.968784E+00   0.968846E+00   0.968906E+00   0.968962E+00   0.969015E+00   0.969066E+00   0.969113E+00   0.969159E+00   0.969202E+00   0.969243E+00   0.969281E+00   0.969318E+00   0.969353E+00   0.969387E+00   0.969420E+00   0.969449E+00   0.969477E+00   0.969503E+00   0.969529E+00   0.969553E+00   0.969576E+00   0.969597E+00   0.969618E+00   0.969643E+00
 0.970000E+00   0.970000E+00   0.970000E+00   0.970000E+00   0.970000E+00   0.970000E+00   0.970000E+00   0.970000E+00   0.970000E+00   0.970000E+00   0.970000E+00   0.970000E+00   0.970000E+00   0.970000E+00   0.970000E+00   0.970000E+00   0.970000E+00   0.970000E+00   0.970000E+00   0.970000E+00   0.970000E+00   0.970000E+00   0.970000E+00   0.970000E+00   0.970000E+00   0.970000E+00   0.970000E+00   0.970000E+00   0.970000E+00   0.970000E+00   0.970000E+00   0.970000E+00   0.970000E+00   0.970000E+00   0.970000E+00   0.970000E+00   0.970000E+00   0.970000E+00   0.970000E+00   0.970000E+00   0.970000E+00   0.970000E+00   0.970000E+00   0.928123E+00   0.930070E+00   0.932485E+00   0.934838E+00   0.937053E+00   0.939123E+00   0.941057E+00   0.942861E+00   0.944547E+00   0.946208E+00   0.947661E+00   0.949020E+00   0.950291E+00   0.951476E+00   0.952578E+00   0.953611E+00   0.954582E+00   0.955493E+00   0.956153E+00   0.970000E+00   0.970000E+00   0.970000E+00   0.956587E+00   0.957016E+00   0.958083E+00   0.959100E+00   0.959913E+00   0.960639E+00   0.961292E+00   0.961883E+00   0.962421E+00   0.962912E+00   0.963362E+00   0.963775E+00   0.964156E+00   0.964520E+00   0.964809E+00   0.970000E+00   0.970000E+00   0.970000E+00   0.970000E+00   0.970000E+00   0.970000E+00   0.970000E+00   0.970000E+00   0.970000E+00   0.970000E+00   0.970000E+00   0.970000E+00   0.967780E+00   0.967856E+00   0.967965E+00   0.968070E+00   0.968168E+00   0.968248E+00   0.968330E+00   0.968415E+00   0.968497E+00   0.968574E+00   0.968648E+00   0.968718E+00   0.968784E+00   0.968846E+00   0.968906E+00   0.968962E+00   0.969015E+00   0.969066E+00   0.969113E+00   0.969159E+00   0.969202E+00   0.969243E+00   0.969281E+00   0.969318E+00   0.969353E+00   0.969387E+00   0.969420E+00   0.969449E+00   0.969477E+00   0.969504E+00   0.969529E+00   0.969553E+00   0.969576E+00   0.969597E+00   0.969618E+00   0.969643E+00
 0.970000E+00   0.970000E+00   0.970000E+00   0.970000E+00   0.970000E+00   0.970000E+00   0.970000E+00   0.970000E+00   0.970000E+00   0.970000E+00   0.970000E+00   0.970000E+00   0.970000E+00   0.970000E+00   0.970000E+00   0.970000E+00   0.970000E+00   0.970000E+00   0.970000E+00   0.970000E+00   0.970000E+00   0.970000E+00   0.970000E+00   0.970000E+00   0.970000E+00   0.970000E+00   0.970000E+00   0.970000E+00   0.970000E+00   0.970000E+00   0.970000E+00   0.970000E+00   0.970000E+00   0.970000E+00   0.970000E+00   0.970000E+00   0.970000E+00   0.970000E+00   0.970000E+00   0.970000E+00   0.970000E+00   0.921055E+00   0.924050E+00   0.927071E+00   0.929821E+00   0.932391E+00   0.934788E+00   0.937022E+00   0.939104E+00   0.941045E+00   0.942856E+00   0.944545E+00   0.946207E+00   0.947661E+00   0.949021E+00   0.950290E+00   0.951472E+00   0.952575E+00   0.953610E+00   0.954582E+00   0.955494E+00   0.956115E+00   0.970000E+00   0.970000E+00   0.970000E+00   0.956541E+00   0.956971E+00   0.958050E+00   0.959075E+00   0.959894E+00   0.960624E+00   0.961281E+00   0.961874E+00   0.962414E+00   0.962906E+00   0.963357E+00   0.963771E+00   0.964153E+00   0.964517E+00   0.964803E+00   0.970000E+00   0.970000E+00   0.970000E+00   0.970000E+00   0.970000E+00   0.970000E+00   0.970000E+00   0.970000E+00   0.970000E+00   0.970000E+00   0.970000E+00   0.970000E+00   0.967780E+00   0.967856E+00   0.967965E+00   0.968070E+00   0.968168E+00   0.968248E+00   0.968330E+00   0.968415E+00   0.968497E+00   0.968574E+00   0.968648E+00   0.968718E+00   0.968784E+00   0.968846E+00   0.968906E+00   0.968962E+00   0.969015E+00   0.969066E+00   0.969113E+00   0.969159E+00   0.969202E+00   0.969243E+00   0.969281E+00   0.969318E+00   0.969353E+00   0.969387E+00   0.969420E+00   0.969449E+00   0.969477E+00   0.969504E+00   0.969529E+00   0.969553E+00   0.969576E+00   0.969597E+00   0.969618E+00   0.969643E+00
 0.970000E+00   0.970000E+00   0.970000E+00   0.970000E+00   0.970000E+00   0.970000E+00   0.970000E+00   0.970000E+00   0.970000E+00   0.970000E+00   0.970000E+00   0.970000E+00   0.970000E+00   0.970000E+00   0.970000E+00   0.970000E+00   0.970000E+00   0.970000E+00   0.970000E+00   0.970000E+00   0.970000E+00   0.970000E+00   0.970000E+00   0.970000E+00   0.970000E+00   0.970000E+00   0.970000E+00   0.970000E+00   0.970000E+00   0.970000E+00   0.970000E+00   0.970000E+00   0.970000E+00   0.970000E+00   0.970000E+00   0.970000E+00   0.970000E+00   0.905485E+00   0.909549E+00   0.913502E+00   0.917210E+00   0.920673E+00   0.923900E+00   0.926990E+00   0.929769E+00   0.932356E+00   0.934764E+00   0.937006E+00   0.939095E+00   0.941040E+00   0.942853E+00   0.944543E+00   0.946206E+00   0.947661E+00   0.949021E+00   0.950287E+00   0.951467E+00   0.952573E+00   0.953610E+00   0.954583E+00   0.955495E+00   0.956075E+00   0.970000E+00   0.970000E+00   0.970000E+00   0.956494E+00   0.956925E+00   0.958016E+00   0.959050E+00   0.959875E+00   0.960610E+00   0.961269E+00   0.961865E+00   0.962407E+00   0.962901E+00   0.963353E+00   0.963768E+00   0.964151E+00   0.964515E+00   0.964797E+00   0.970000E+00   0.970000E+00   0.970000E+00   0.970000E+00   0.970000E+00   0.970000E+00   0.970000E+00   0.970000E+00   0.970000E+00   0.970000E+00   0.970000E+00   0.970000E+00   0.967780E+00   0.967856E+00   0.967966E+00   0.968070E+00   0.968169E+00   0.968248E+00   0.968330E+00   0.968415E+00   0.968497E+00   0.968574E+00   0.968648E+00   0.968718E+00   0.968784E+00   0.968846E+00   0.968906E+00   0.968962E+00   0.969015E+00   0.969066E+00   0.969114E+00   0.969159E+00   0.969202E+00   0.969243E+00   0.969281E+00   0.969318E+00   0.969354E+00   0.969387E+00   0.969420E+00   0.969449E+00   0.969477E+00   0.969504E+00   0.969529E+00   0.969553E+00   0.969576E+00   0.969597E+00   0.969618E+00   0.969643E+00
 0.970000E+00   0.970000E+00   0.970000E+00   0.970000E+00   0.970000E+00   0.970000E+00   0.970000E+00   0.970000E+00   0.970000E+00   0.970000E+00   0.970000E+00   0.970000E+00   0.970000E+00   0.970000E+00   0.970000E+00   0.970000E+00   0.970000E+00   0.970000E+00   0.970000E+00   0.970000E+00   0.970000E+00   0.970000E+00   0.970000E+00   0.970000E+00   0.970000E+00   0.970000E+00   0.970000E+00   0.970000E+00   0.970000E+00   0.970000E+00   0.867251E+00   0.871431E+00   0.878057E+00   0.884195E+00   0.890013E+00   0.895355E+00   0.900343E+00   0.904995E+00   0.909328E+00   0.913363E+00   0.917116E+00   0.920606E+00   0.923851E+00   0.926953E+00   0.929743E+00   0.932337E+00   0.934751E+00   0.936998E+00   0.939090E+00   0.941038E+00   0.942851E+00   0.944542E+00   0.946206E+00   0.947662E+00   0.949018E+00   0.950283E+00   0.951464E+00   0.952572E+00   0.953610E+00   0.954584E+00   0.955495E+00   0.956034E+00   0.970000E+00   0.970000E+00   0.970000E+00   0.956446E+00   0.956878E+00   0.957981E+00   0.959025E+00   0.959856E+00   0.960595E+00   0.961258E+00   0.961856E+00   0.962400E+00   0.962895E+00   0.963348E+00   0.963764E+00   0.964148E+00   0.964512E+00   0.964791E+00   0.970000E+00   0.970000E+00   0.970000E+00   0.970000E+00   0.970000E+00   0.970000E+00   0.970000E+00   0.970000E+00   0.970000E+00   0.970000E+00   0.970000E+00   0.970000E+00   0.967780E+00   0.967856E+00   0.967966E+00   0.968070E+00   0.968169E+00   0.968249E+00   0.968330E+00   0.968415E+00   0.968497E+00   0.968574E+00   0.968648E+00   0.968718E+00   0.968784E+00   0.968846E+00   0.968906E+00   0.968962E+00   0.969015E+00   0.969066E+00   0.969114E+00   0.969159E+00   0.969202E+00   0.969243E+00   0.969282E+00   0.969318E+00   0.969354E+00   0.969387E+00   0.969420E+00   0.969449E+00   0.969477E+00   0.969504E+00   0.969529E+00   0.969553E+00   0.969576E+00   0.969597E+00   0.969618E+00   0.969643E+00
 0.970000E+00   0.970000E+00   0.970000E+00   0.970000E+00   0.970000E+00   0.970000E+00   0.970000E+00   0.970000E+00   0.970000E+00   0.970000E+00   0.970000E+00   0.970000E+00   0.970000E+00   0.970000E+00   0.970000E+00   0.970000E+00   0.970000E+00   0.970000E+00   0.970000E+00   0.970000E+00   0.970000E+00   0.970000E+00   0.970000E+00   0.802407E+00   0.812400E+00   0.822469E+00   0.831713E+00   0.840507E+00   0.848850E+00   0.856743E+00   0.864191E+00   0.871202E+00   0.877786E+00   0.883957E+00   0.889817E+00   0.895199E+00   0.900219E+00   0.904896E+00   0.909250E+00   0.913301E+00   0.917068E+00   0.920569E+00   0.923822E+00   0.926932E+00   0.929727E+00   0.932327E+00   0.934745E+00   0.936994E+00   0.939087E+00   0.941035E+00   0.942850E+00   0.944542E+00   0.946206E+00   0.947660E+00   0.949014E+00   0.950279E+00   0.951463E+00   0.952572E+00   0.953611E+00   0.954584E+00   0.955494E+00   0.955992E+00   0.970000E+00   0.970000E+00   0.970000E+00   0.956397E+00   0.956830E+00   0.957947E+00   0.958999E+00   0.959836E+00   0.960580E+00   0.961246E+00   0.961847E+00   0.962392E+00   0.962889E+00   0.963343E+00   0.963760E+00   0.964145E+00   0.964509E+00   0.964785E+00   0.970000E+00   0.970000E+00   0.970000E+00   0.970000E+00   0.970000E+00   0.970000E+00   0.970000E+00   0.970000E+00   0.970000E+00   0.970000E+00   0.970000E+00   0.970000E+00   0.967780E+00   0.967856E+00   0.967966E+00   0.968070E+00   0.968169E+00   0.968249E+00   0.968330E+00   0.968415E+00   0.968497E+00   0.968574E+00   0.968648E+00   0.968718E+00   0.968784E+00   0.968847E+00   0.968906E+00   0.968962E+00   0.969015E+00   0.969066E+00   0.969114E+00   0.969159E+00   0.969202E+00   0.969243E+00   0.969282E+00   0.969318E+00   0.969354E+00   0.969387E+00   0.969420E+00   0.969449E+00   0.969477E+00   0.969504E+00   0.969529E+00   0.969553E+00   0.969576E+00   0.969597E+00   0.969618E+00   0.969643E+00
 0.970000E+00   0.970000E+00   0.970000E+00   0.970000E+00   0.970000E+00   0.970000E+00   0.970000E+00   0.970000E+00   0.970000E+00   0.970000E+00   0.970000E+00   0.970000E+00   0.970000E+00   0.970000E+00   0.970000E+00   0.970000E+00   0.721752E+00   0.738025E+00   0.749594E+00   0.759928E+00   0.770970E+00   0.781920E+00   0.792575E+00   0.802896E+00   0.812854E+00   0.822426E+00   0.831594E+00   0.840345E+00   0.848667E+00   0.856556E+00   0.864011E+00   0.871036E+00   0.877638E+00   0.883828E+00   0.889705E+00   0.895105E+00   0.900141E+00   0.904832E+00   0.909199E+00   0.913260E+00   0.917036E+00   0.920544E+00   0.923804E+00   0.926919E+00   0.929718E+00   0.932320E+00   0.934740E+00   0.936991E+00   0.939085E+00   0.941034E+00   0.942850E+00   0.944542E+00   0.946204E+00   0.947656E+00   0.949010E+00   0.950276E+00   0.951462E+00   0.952572E+00   0.953611E+00   0.954585E+00   0.955493E+00   0.955949E+00   0.970000E+00   0.970000E+00   0.970000E+00   0.956347E+00   0.956781E+00   0.957911E+00   0.958973E+00   0.959816E+00   0.960564E+00   0.961234E+00   0.961838E+00   0.962385E+00   0.962883E+00   0.963339E+00   0.963757E+00   0.964143E+00   0.964506E+00   0.964779E+00   0.970000E+00   0.970000E+00   0.970000E+00   0.970000E+00   0.970000E+00   0.970000E+00   0.970000E+00   0.970000E+00   0.970000E+00   0.970000E+00   0.970000E+00   0.970000E+00   0.967780E+00   0.967856E+00   0.967966E+00   0.968070E+00   0.968169E+00   0.968249E+00   0.968331E+00   0.968415E+00   0.968497E+00   0.968575E+00   0.968648E+00   0.968718E+00   0.968784E+00   0.968847E+00   0.968906E+00   0.968962E+00   0.969015E+00   0.969066E+00   0.969114E+00   0.969159E+00   0.969202E+00   0.969243E+00   0.969282E+00   0.969318E+00   0.969354E+00   0.969388E+00   0.969420E+00   0.969449E+00   0.969477E+00   0.969504E+00   0.969529E+00   0.969553E+00   0.969576E+00   0.969598E+00   0.969618E+00   0.969643E+00
 0.970000E+00   0.970000E+00   0.970000E+00   0.970000E+00   0.970000E+00   0.970000E+00   0.970000E+00   0.970000E+00   0.970000E+00   0.970000E+00   0.970000E+00   0.970000E+00   0.970000E+00   0.970000E+00   0.970000E+00   0.970000E+00   0.721752E+00   0.738208E+00   0.751735E+00   0.762738E+00   0.772186E+00   0.782595E+00   0.792939E+00   0.803089E+00   0.812924E+00   0.822410E+00   0.831521E+00   0.840237E+00   0.848541E+00   0.856425E+00   0.863883E+00   0.870916E+00   0.877530E+00   0.883733E+00   0.889623E+00   0.895036E+00   0.900084E+00   0.904787E+00   0.909163E+00   0.913232E+00   0.917014E+00   0.920528E+00   0.923792E+00   0.926910E+00   0.929711E+00   0.932315E+00   0.934736E+00   0.936988E+00   0.939083E+00   0.941034E+00   0.942850E+00   0.944540E+00   0.946201E+00   0.947652E+00   0.949007E+00   0.950275E+00   0.951462E+00   0.952572E+00   0.953612E+00   0.954584E+00   0.955492E+00   0.955904E+00   0.970000E+00   0.970000E+00   0.970000E+00   0.956296E+00   0.956731E+00   0.957875E+00   0.958947E+00   0.959796E+00   0.960549E+00   0.961222E+00   0.961828E+00   0.962378E+00   0.962877E+00   0.963334E+00   0.963753E+00   0.964140E+00   0.964504E+00   0.964773E+00   0.970000E+00   0.970000E+00   0.970000E+00   0.970000E+00   0.970000E+00   0.970000E+00   0.970000E+00   0.970000E+00   0.970000E+00   0.970000E+00   0.970000E+00   0.970000E+00   0.967780E+00   0.967856E+00   0.967966E+00   0.968070E+00   0.968169E+00   0.968249E+00   0.968331E+00   0.968415E+00   0.968497E+00   0.968575E+00   0.968648E+00   0.968718E+00   0.968784E+00   0.968847E+00   0.968906E+00   0.968962E+00   0.969015E+00   0.969066E+00   0.969114E+00   0.969159E+00   0.969202E+00   0.969243E+00   0.969282E+00   0.969318E+00   0.969354E+00   0.969388E+00   0.969420E+00   0.969449E+00   0.969477E+00   0.969504E+00   0.969529E+00   0.969553E+00   0.969576E+00   0.969598E+00   0.969618E+00   0.969643E+00
 0.970000E+00   0.970000E+00   0.970000E+00   0.970000E+00   0.970000E+00   0.970000E+00   0.970000E+00   0.970000E+00   0.970000E+00   0.970000E+00   0.970000E+00   0.970000E+00   0.970000E+00   0.970000E+00   0.970000E+00   0.970000E+00   0.721752E+00   0.738208E+00   0.751736E+00   0.763908E+00   0.774106E+00   0.783211E+00   0.793304E+00   0.803326E+00   0.812984E+00   0.822402E+00   0.831469E+00   0.840156E+00   0.848447E+00   0.856326E+00   0.863786E+00   0.870826E+00   0.877449E+00   0.883663E+00   0.889563E+00   0.894986E+00   0.900044E+00   0.904754E+00   0.909137E+00   0.913212E+00   0.916998E+00   0.920516E+00   0.923783E+00   0.926902E+00   0.929706E+00   0.932311E+00   0.934734E+00   0.936987E+00   0.939083E+00   0.941033E+00   0.942847E+00   0.944536E+00   0.946196E+00   0.947648E+00   0.949005E+00   0.950274E+00   0.951462E+00   0.952573E+00   0.953611E+00   0.954589E+00   0.955463E+00   0.970000E+00   0.970000E+00   0.970000E+00   0.970000E+00   0.956245E+00   0.956681E+00   0.957839E+00   0.958920E+00   0.959776E+00   0.960533E+00   0.961210E+00   0.961819E+00   0.962370E+00   0.962871E+00   0.963329E+00   0.963749E+00   0.964137E+00   0.964501E+00   0.964767E+00   0.970000E+00   0.970000E+00   0.970000E+00   0.970000E+00   0.970000E+00   0.970000E+00   0.970000E+00   0.970000E+00   0.970000E+00   0.970000E+00   0.970000E+00   0.970000E+00   0.967780E+00   0.967856E+00   0.967966E+00   0.968070E+00   0.968169E+00   0.968249E+00   0.968331E+00   0.968415E+00   0.968497E+00   0.968575E+00   0.968648E+00   0.968718E+00   0.968784E+00   0.968847E+00   0.968906E+00   0.968962E+00   0.969015E+00   0.969066E+00   0.969114E+00   0.969159E+00   0.969202E+00   0.969243E+00   0.969282E+00   0.969318E+00   0.969354E+00   0.969388E+00   0.969420E+00   0.969449E+00   0.969477E+00   0.969504E+00   0.969529E+00   0.969553E+00   0.969576E+00   0.969598E+00   0.969618E+00   0.969643E+00
 0.970000E+00   0.970000E+00   0.970000E+00   0.970000E+00   0.970000E+00   0.970000E+00   0.970000E+00   0.970000E+00   0.970000E+00   0.970000E+00   0.970000E+00   0.970000E+00   0.970000E+00   0.970000E+00   0.970000E+00   0.970000E+00   0.721752E+00   0.738208E+00   0.751736E+00   0.763917E+00   0.775383E+00   0.784251E+00   0.793559E+00   0.803442E+00   0.813032E+00   0.822399E+00   0.831430E+00   0.840097E+00   0.848376E+00   0.856252E+00   0.863714E+00   0.870759E+00   0.877389E+00   0.883610E+00   0.889517E+00   0.894948E+00   0.900012E+00   0.904728E+00   0.909116E+00   0.913195E+00   0.916985E+00   0.920505E+00   0.923775E+00   0.926896E+00   0.929701E+00   0.932308E+00   0.934732E+00   0.936985E+00   0.939080E+00   0.941029E+00   0.942843E+00   0.944532E+00   0.946193E+00   0.947646E+00   0.949004E+00   0.950274E+00   0.951462E+00   0.952573E+00   0.953614E+00   0.954586E+00   0.955445E+00   0.970000E+00   0.970000E+00   0.970000E+00   0.970000E+00   0.956193E+00   0.956630E+00   0.957802E+00   0.958893E+00   0.959755E+00   0.960517E+00   0.961198E+00   0.961809E+00   0.962362E+00   0.962865E+00   0.963324E+00   0.963745E+00   0.964134E+00   0.964498E+00   0.964761E+00   0.970000E+00   0.970000E+00   0.970000E+00   0.970000E+00   0.970000E+00   0.970000E+00   0.970000E+00   0.970000E+00   0.970000E+00   0.970000E+00   0.970000E+00   0.970000E+00   0.967780E+00   0.967857E+00   0.967966E+00   0.968070E+00   0.968169E+00   0.968249E+00   0.968331E+00   0.968415E+00   0.968497E+00   0.968575E+00   0.968648E+00   0.968718E+00   0.968784E+00   0.968847E+00   0.968906E+00   0.968962E+00   0.969015E+00   0.969066E+00   0.969114E+00   0.969159E+00   0.969202E+00   0.969243E+00   0.969282E+00   0.969318E+00   0.969354E+00   0.969388E+00   0.969420E+00   0.969449E+00   0.969477E+00   0.969504E+00   0.969529E+00   0.969553E+00   0.969576E+00   0.969598E+00   0.969618E+00   0.969643E+00
 0.970000E+00   0.970000E+00   0.970000E+00   0.970000E+00   0.970000E+00   0.970000E+00   0.970000E+00   0.970000E+00   0.970000E+00   0.970000E+00   0.970000E+00   0.970000E+00   0.970000E+00   0.970000E+00   0.970000E+00   0.970000E+00   0.721752E+00   0.738208E+00   0.751736E+00   0.763917E+00   0.775627E+00   0.785326E+00   0.793849E+00   0.803537E+00   0.813148E+00   0.822397E+00   0.831402E+00   0.840052E+00   0.848322E+00   0.856194E+00   0.863657E+00   0.870706E+00   0.877340E+00   0.883567E+00   0.889479E+00   0.894916E+00   0.899985E+00   0.904706E+00   0.909098E+00   0.913181E+00   0.916974E+00   0.920497E+00   0.923768E+00   0.926892E+00   0.929698E+00   0.932306E+00   0.934729E+00   0.936982E+00   0.939076E+00   0.941025E+00   0.942838E+00   0.944528E+00   0.946190E+00   0.947645E+00   0.949004E+00   0.950275E+00   0.951463E+00   0.952573E+00   0.953616E+00   0.954578E+00   0.955429E+00   0.970000E+00   0.970000E+00   0.970000E+00   0.970000E+00   0.956139E+00   0.956578E+00   0.957764E+00   0.958865E+00   0.959734E+00   0.960501E+00   0.961185E+00   0.961799E+00   0.962355E+00   0.962859E+00   0.963319E+00   0.963741E+00   0.964131E+00   0.964495E+00   0.964755E+00   0.970000E+00   0.970000E+00   0.970000E+00   0.970000E+00   0.970000E+00   0.970000E+00   0.970000E+00   0.970000E+00   0.970000E+00   0.970000E+00   0.970000E+00   0.970000E+00   0.967780E+00   0.967857E+00   0.967966E+00   0.968070E+00   0.968169E+00   0.968250E+00   0.968331E+00   0.968415E+00   0.968497E+00   0.968575E+00   0.968648E+00   0.968718E+00   0.968784E+00   0.968847E+00   0.968906E+00   0.968962E+00   0.969016E+00   0.969066E+00   0.969114E+00   0.969159E+00   0.969202E+00   0.969243E+00   0.969282E+00   0.969319E+00   0.969354E+00   0.969388E+00   0.969420E+00   0.969449E+00   0.969477E+00   0.969504E+00   0.969529E+00   0.969553E+00   0.969576E+00   0.969598E+00   0.969618E+00   0.969643E+00
 0.970000E+00   0.970000E+00   0.970000E+00   0.970000E+00   0.970000E+00   0.970000E+00   0.970000E+00   0.970000E+00   0.970000E+00   0.970000E+00   0.970000E+00   0.970000E+00   0.970000E+00   0.970000E+00   0.970000E+00   0.970000E+00   0.721752E+00   0.738208E+00   0.751736E+00   0.763917E+00   0.775629E+00   0.786210E+00   0.794293E+00   0.803621E+00   0.813176E+00   0.822396E+00   0.831378E+00   0.840014E+00   0.848277E+00   0.856146E+00   0.863610E+00   0.870661E+00   0.877299E+00   0.883531E+00   0.889447E+00   0.894889E+00   0.899963E+00   0.904688E+00   0.909084E+00   0.913169E+00   0.916965E+00   0.920490E+00   0.923762E+00   0.926887E+00   0.929693E+00   0.932301E+00   0.934724E+00   0.936977E+00   0.939071E+00   0.941020E+00   0.942834E+00   0.944525E+00   0.946189E+00   0.947644E+00   0.949004E+00   0.950275E+00   0.951462E+00   0.952576E+00   0.953613E+00   0.954574E+00   0.955411E+00   0.970000E+00   0.970000E+00   0.970000E+00   0.970000E+00   0.956085E+00   0.956524E+00   0.957726E+00   0.958837E+00   0.959713E+00   0.960485E+00   0.961172E+00   0.961789E+00   0.962347E+00   0.962853E+00   0.963314E+00   0.963737E+00   0.964128E+00   0.964492E+00   0.964749E+00   0.970000E+00   0.970000E+00   0.970000E+00   0.970000E+00   0.970000E+00   0.970000E+00   0.970000E+00   0.970000E+00   0.970000E+00   0.970000E+00   0.970000E+00   0.970000E+00   0.967780E+00   0.967857E+00   0.967966E+00   0.968071E+00   0.968169E+00   0.968250E+00   0.968331E+00   0.968415E+00   0.968497E+00   0.968575E+00   0.968648E+00   0.968718E+00   0.968784E+00   0.968847E+00   0.968906E+00   0.968962E+00   0.969016E+00   0.969066E+00   0.969114E+00   0.969159E+00   0.969202E+00   0.969243E+00   0.969282E+00   0.969319E+00   0.969354E+00   0.969388E+00   0.969420E+00   0.969449E+00   0.969477E+00   0.969504E+00   0.969529E+00   0.969553E+00   0.969576E+00   0.969598E+00   0.969618E+00   0.969643E+00
 0.970000E+00   0.970000E+00   0.970000E+00   0.970000E+00   0.970000E+00   0.970000E+00   0.970000E+00   0.970000E+00   0.970000E+00   0.970000E+00   0.970000E+00   0.970000E+00   0.970000E+00   0.970000E+00   0.970000E+00   0.970000E+00   0.721752E+00   0.738207E+00   0.751735E+00   0.763917E+00   0.775628E+00   0.786685E+00   0.794814E+00   0.803702E+00   0.813200E+00   0.822475E+00   0.831358E+00   0.839983E+00   0.848239E+00   0.856106E+00   0.863569E+00   0.870622E+00   0.877264E+00   0.883500E+00   0.889420E+00   0.894866E+00   0.899944E+00   0.904672E+00   0.909070E+00   0.913158E+00   0.916955E+00   0.920481E+00   0.923755E+00   0.926880E+00   0.929687E+00   0.932295E+00   0.934718E+00   0.936971E+00   0.939066E+00   0.941016E+00   0.942832E+00   0.944523E+00   0.946188E+00   0.947644E+00   0.949005E+00   0.950275E+00   0.951464E+00   0.952577E+00   0.953607E+00   0.954573E+00   0.955388E+00   0.970000E+00   0.970000E+00   0.970000E+00   0.970000E+00   0.956029E+00   0.956470E+00   0.957686E+00   0.958808E+00   0.959691E+00   0.960468E+00   0.961160E+00   0.961779E+00   0.962339E+00   0.962846E+00   0.963309E+00   0.963733E+00   0.964125E+00   0.964489E+00   0.964743E+00   0.970000E+00   0.970000E+00   0.970000E+00   0.970000E+00   0.970000E+00   0.970000E+00   0.970000E+00   0.970000E+00   0.970000E+00   0.970000E+00   0.970000E+00   0.970000E+00   0.967780E+00   0.967857E+00   0.967966E+00   0.968071E+00   0.968169E+00   0.968250E+00   0.968331E+00   0.968415E+00   0.968497E+00   0.968575E+00   0.968648E+00   0.968718E+00   0.968784E+00   0.968847E+00   0.968906E+00   0.968962E+00   0.969016E+00   0.969066E+00   0.969114E+00   0.969159E+00   0.969202E+00   0.969243E+00   0.969282E+00   0.969319E+00   0.969354E+00   0.969388E+00   0.969420E+00   0.969449E+00   0.969477E+00   0.969504E+00   0.969529E+00   0.969553E+00   0.969576E+00   0.969598E+00   0.969618E+00   0.969643E+00
 0.970000E+00   0.970000E+00   0.970000E+00   0.970000E+00   0.970000E+00   0.970000E+00   0.970000E+00   0.970000E+00   0.970000E+00   0.970000E+00   0.970000E+00   0.970000E+00   0.970000E+00   0.970000E+00   0.970000E+00   0.970000E+00   0.721752E+00   0.738207E+00   0.751735E+00   0.763917E+00   0.775628E+00   0.786876E+00   0.795327E+00   0.803787E+00   0.813223E+00   0.822472E+00   0.831342E+00   0.839956E+00   0.848206E+00   0.856070E+00   0.863534E+00   0.870588E+00   0.877233E+00   0.883471E+00   0.889394E+00   0.894843E+00   0.899924E+00   0.904655E+00   0.909055E+00   0.913145E+00   0.916943E+00   0.920471E+00   0.923745E+00   0.926871E+00   0.929679E+00   0.932287E+00   0.934711E+00   0.936965E+00   0.939062E+00   0.941013E+00   0.942830E+00   0.944522E+00   0.946188E+00   0.947645E+00   0.949004E+00   0.950275E+00   0.951466E+00   0.952573E+00   0.953603E+00   0.954574E+00   0.955358E+00   0.970000E+00   0.970000E+00   0.970000E+00   0.970000E+00   0.955973E+00   0.956415E+00   0.957647E+00   0.958779E+00   0.959669E+00   0.960452E+00   0.961147E+00   0.961769E+00   0.962331E+00   0.962840E+00   0.963304E+00   0.963729E+00   0.964122E+00   0.964485E+00   0.964737E+00   0.970000E+00   0.970000E+00   0.970000E+00   0.970000E+00   0.970000E+00   0.970000E+00   0.970000E+00   0.970000E+00   0.970000E+00   0.970000E+00   0.970000E+00   0.970000E+00   0.967780E+00   0.967857E+00   0.967966E+00   0.968071E+00   0.968169E+00   0.968250E+00   0.968331E+00   0.968415E+00   0.968497E+00   0.968575E+00   0.968648E+00   0.968718E+00   0.968784E+00   0.968847E+00   0.968906E+00   0.968962E+00   0.969016E+00   0.969066E+00   0.969114E+00   0.969159E+00   0.969202E+00   0.969243E+00   0.969282E+00   0.969319E+00   0.969354E+00   0.969388E+00   0.969420E+00   0.969449E+00   0.969477E+00   0.969504E+00   0.969529E+00   0.969553E+00   0.969576E+00   0.969598E+00   0.969618E+00   0.969643E+00
 0.970000E+00   0.970000E+00   0.970000E+00   0.970000E+00   0.970000E+00   0.970000E+00   0.970000E+00   0.970000E+00   0.970000E+00   0.970000E+00   0.970000E+00   0.970000E+00   0.970000E+00   0.970000E+00   0.970000E+00   0.970000E+00   0.721752E+00   0.738207E+00   0.751735E+00   0.763916E+00   0.775628E+00   0.786927E+00   0.795836E+00   0.803901E+00   0.813246E+00   0.822470E+00   0.831327E+00   0.839929E+00   0.848173E+00   0.856034E+00   0.863496E+00   0.870551E+00   0.877198E+00   0.883439E+00   0.889364E+00   0.894816E+00   0.899900E+00   0.904633E+00   0.909036E+00   0.913128E+00   0.916929E+00   0.920458E+00   0.923734E+00   0.926861E+00   0.929670E+00   0.932280E+00   0.934706E+00   0.936961E+00   0.939059E+00   0.941011E+00   0.942829E+00   0.944522E+00   0.946188E+00   0.947644E+00   0.949004E+00   0.950277E+00   0.951465E+00   0.952568E+00   0.953601E+00   0.954575E+00   0.955321E+00   0.970000E+00   0.970000E+00   0.970000E+00   0.970000E+00   0.955915E+00   0.956359E+00   0.957606E+00   0.958750E+00   0.959647E+00   0.960435E+00   0.961133E+00   0.961759E+00   0.962322E+00   0.962833E+00   0.963299E+00   0.963725E+00   0.964119E+00   0.964482E+00   0.964730E+00   0.970000E+00   0.970000E+00   0.970000E+00   0.970000E+00   0.970000E+00   0.970000E+00   0.970000E+00   0.970000E+00   0.970000E+00   0.970000E+00   0.970000E+00   0.970000E+00   0.967780E+00   0.967857E+00   0.967966E+00   0.968071E+00   0.968169E+00   0.968250E+00   0.968332E+00   0.968415E+00   0.968497E+00   0.968575E+00   0.968648E+00   0.968718E+00   0.968784E+00   0.968847E+00   0.968906E+00   0.968962E+00   0.969016E+00   0.969066E+00   0.969114E+00   0.969159E+00   0.969202E+00   0.969243E+00   0.969282E+00   0.969319E+00   0.969354E+00   0.969388E+00   0.969420E+00   0.969449E+00   0.969477E+00   0.969504E+00   0.969529E+00   0.969553E+00   0.969576E+00   0.969598E+00   0.969618E+00   0.969643E+00
 0.970000E+00   0.970000E+00   0.970000E+00   0.970000E+00   0.970000E+00   0.970000E+00   0.970000E+00   0.970000E+00   0.970000E+00   0.970000E+00   0.970000E+00   0.970000E+00   0.970000E+00   0.970000E+00   0.970000E+00   0.970000E+00   0.721752E+00   0.738207E+00   0.751735E+00   0.763916E+00   0.775628E+00   0.786928E+00   0.796358E+00   0.804098E+00   0.813274E+00   0.822468E+00   0.831390E+00   0.839898E+00   0.848134E+00   0.855990E+00   0.863451E+00   0.870507E+00   0.877155E+00   0.883487E+00   0.889328E+00   0.894783E+00   0.899871E+00   0.904608E+00   0.909014E+00   0.913109E+00   0.916913E+00   0.920444E+00   0.923723E+00   0.926852E+00   0.929663E+00   0.932275E+00   0.934702E+00   0.936958E+00   0.939057E+00   0.941010E+00   0.942828E+00   0.944522E+00   0.946187E+00   0.947644E+00   0.949006E+00   0.950278E+00   0.951461E+00   0.952564E+00   0.953601E+00   0.954576E+00   0.955275E+00   0.970000E+00   0.970000E+00   0.970000E+00   0.970000E+00   0.955856E+00   0.956302E+00   0.957565E+00   0.958720E+00   0.959624E+00   0.960417E+00   0.961120E+00   0.961748E+00   0.962314E+00   0.962827E+00   0.963294E+00   0.963721E+00   0.964116E+00   0.964478E+00   0.964724E+00   0.970000E+00   0.970000E+00   0.970000E+00   0.970000E+00   0.970000E+00   0.970000E+00   0.970000E+00   0.970000E+00   0.970000E+00   0.970000E+00   0.970000E+00   0.970000E+00   0.967780E+00   0.967857E+00   0.967966E+00   0.968071E+00   0.968169E+00   0.968250E+00   0.968332E+00   0.968415E+00   0.968497E+00   0.968575E+00   0.968648E+00   0.968718E+00   0.968784E+00   0.968847E+00   0.968906E+00   0.968962E+00   0.969016E+00   0.969066E+00   0.969114E+00   0.969160E+00   0.969203E+00   0.969243E+00   0.969282E+00   0.969319E+00   0.969354E+00   0.969388E+00   0.969421E+00   0.969449E+00   0.969478E+00   0.969504E+00   0.969529E+00   0.969553E+00   0.969576E+00   0.969598E+00   0.969618E+00   0.969643E+00
 0.970000E+00   0.970000E+00   0.970000E+00   0.970000E+00   0.970000E+00   0.970000E+00   0.970000E+00   0.970000E+00   0.970000E+00   0.970000E+00   0.970000E+00   0.970000E+00   0.970000E+00   0.970000E+00   0.970000E+00   0.970000E+00   0.721752E+00   0.738207E+00   0.751735E+00   0.763916E+00   0.775628E+00   0.786927E+00   0.796795E+00   0.804434E+00   0.813312E+00   0.822465E+00   0.831365E+00   0.839861E+00   0.848087E+00   0.855939E+00   0.863398E+00   0.870456E+00   0.877107E+00   0.883442E+00   0.889287E+00   0.894748E+00   0.899840E+00   0.904582E+00   0.908992E+00   0.913091E+00   0.916897E+00   0.920432E+00   0.923713E+00   0.926844E+00   0.929657E+00   0.932270E+00   0.934698E+00   0.936956E+00   0.939055E+00   0.941009E+00   0.942828E+00   0.944521E+00   0.946187E+00   0.947645E+00   0.949007E+00   0.950276E+00   0.951457E+00   0.952563E+00   0.953602E+00   0.954578E+00   0.955224E+00   0.970000E+00   0.970000E+00   0.970000E+00   0.970000E+00   0.955796E+00   0.956243E+00   0.957522E+00   0.958689E+00   0.959601E+00   0.960400E+00   0.961106E+00   0.961738E+00   0.962306E+00   0.962820E+00   0.963288E+00   0.963717E+00   0.964113E+00   0.964475E+00   0.964718E+00   0.970000E+00   0.970000E+00   0.970000E+00   0.970000E+00   0.970000E+00   0.970000E+00   0.970000E+00   0.970000E+00   0.970000E+00   0.970000E+00   0.970000E+00   0.970000E+00   0.967781E+00   0.967857E+00   0.967966E+00   0.968071E+00   0.968169E+00   0.968250E+00   0.968332E+00   0.968415E+00   0.968497E+00   0.968575E+00   0.968648E+00   0.968718E+00   0.968784E+00   0.968847E+00   0.968906E+00   0.968963E+00   0.969016E+00   0.969066E+00   0.969114E+00   0.969160E+00   0.969203E+00   0.969243E+00   0.969282E+00   0.969319E+00   0.969354E+00   0.969388E+00   0.969421E+00   0.969449E+00   0.969478E+00   0.969504E+00   0.969529E+00   0.969553E+00   0.969576E+00   0.969598E+00   0.969618E+00   0.969643E+00
 0.970000E+00   0.970000E+00   0.970000E+00   0.970000E+00   0.970000E+00   0.970000E+00   0.970000E+00   0.970000E+00   0.970000E+00   0.970000E+00   0.970000E+00   0.970000E+00   0.970000E+00   0.970000E+00   0.970000E+00   0.970000E+00   0.721752E+00   0.738207E+00   0.751735E+00   0.763916E+00   0.775627E+00   0.786927E+00   0.797046E+00   0.804887E+00   0.813364E+00   0.822462E+00   0.831336E+00   0.839820E+00   0.848036E+00   0.855883E+00   0.863342E+00   0.870402E+00   0.877057E+00   0.883396E+00   0.889246E+00   0.894713E+00   0.899810E+00   0.904557E+00   0.908971E+00   0.913074E+00   0.916884E+00   0.920421E+00   0.923704E+00   0.926837E+00   0.929652E+00   0.932266E+00   0.934696E+00   0.936954E+00   0.939054E+00   0.941008E+00   0.942827E+00   0.944520E+00   0.946188E+00   0.947647E+00   0.949006E+00   0.950271E+00   0.951453E+00   0.952562E+00   0.953604E+00   0.954579E+00   0.955169E+00   0.970000E+00   0.970000E+00   0.970000E+00   0.970000E+00   0.955735E+00   0.956183E+00   0.957479E+00   0.958658E+00   0.959578E+00   0.960382E+00   0.961093E+00   0.961727E+00   0.962297E+00   0.962813E+00   0.963283E+00   0.963713E+00   0.964109E+00   0.964471E+00   0.964711E+00   0.970000E+00   0.970000E+00   0.970000E+00   0.970000E+00   0.970000E+00   0.970000E+00   0.970000E+00   0.970000E+00   0.970000E+00   0.970000E+00   0.970000E+00   0.970000E+00   0.967781E+00   0.967857E+00   0.967966E+00   0.968071E+00   0.968169E+00   0.968251E+00   0.968332E+00   0.968415E+00   0.968497E+00   0.968575E+00   0.968649E+00   0.968718E+00   0.968784E+00   0.968847E+00   0.968906E+00   0.968963E+00   0.969016E+00   0.969066E+00   0.969114E+00   0.969160E+00   0.969203E+00   0.969243E+00   0.969282E+00   0.969319E+00   0.969354E+00   0.969388E+00   0.969421E+00   0.969449E+00   0.969478E+00   0.969504E+00   0.969529E+00   0.969553E+00   0.969576E+00   0.969598E+00   0.969618E+00   0.969643E+00
 0.970000E+00   0.970000E+00   0.970000E+00   0.970000E+00   0.970000E+00   0.970000E+00   0.970000E+00   0.970000E+00   0.970000E+00   0.970000E+00   0.970000E+00   0.970000E+00   0.970000E+00   0.970000E+00   0.970000E+00   0.970000E+00   0.721752E+00   0.738207E+00   0.751734E+00   0.763916E+00   0.775627E+00   0.786927E+00   0.797144E+00   0.805409E+00   0.813447E+00   0.822460E+00   0.831307E+00   0.839860E+00   0.847986E+00   0.855830E+00   0.863288E+00   0.870350E+00   0.877009E+00   0.883353E+00   0.889209E+00   0.894680E+00   0.899783E+00   0.904535E+00   0.908953E+00   0.913059E+00   0.916872E+00   0.920412E+00   0.923697E+00   0.926832E+00   0.929648E+00   0.932263E+00   0.934694E+00   0.936953E+00   0.939053E+00   0.941007E+00   0.942826E+00   0.944521E+00   0.946189E+00   0.947646E+00   0.949002E+00   0.950267E+00   0.951452E+00   0.952563E+00   0.953606E+00   0.954578E+00   0.955113E+00   0.970000E+00   0.970000E+00   0.970000E+00   0.970000E+00   0.955672E+00   0.956122E+00   0.957436E+00   0.958626E+00   0.959554E+00   0.960364E+00   0.961079E+00   0.961716E+00   0.962289E+00   0.962807E+00   0.963278E+00   0.963708E+00   0.964106E+00   0.964467E+00   0.964705E+00   0.970000E+00   0.970000E+00   0.970000E+00   0.970000E+00   0.970000E+00   0.970000E+00   0.970000E+00   0.970000E+00   0.970000E+00   0.970000E+00   0.970000E+00   0.970000E+00   0.967781E+00   0.967857E+00   0.967966E+00   0.968071E+00   0.968169E+00   0.968251E+00   0.968332E+00   0.968415E+00   0.968497E+00   0.968575E+00   0.968649E+00   0.968718E+00   0.968784E+00   0.968847E+00   0.968906E+00   0.968963E+00   0.969016E+00   0.969066E+00   0.969114E+00   0.969160E+00   0.969203E+00   0.969243E+00   0.969282E+00   0.969319E+00   0.969354E+00   0.969388E+00   0.969421E+00   0.969449E+00   0.969478E+00   0.969504E+00   0.969529E+00   0.969553E+00   0.969576E+00   0.969598E+00   0.969618E+00   0.969643E+00
 0.970000E+00   0.970000E+00   0.970000E+00   0.970000E+00   0.970000E+00   0.970000E+00   0.970000E+00   0.970000E+00   0.970000E+00   0.970000E+00   0.970000E+00   0.970000E+00   0.970000E+00   0.970000E+00   0.970000E+00   0.970000E+00   0.721752E+00   0.738206E+00   0.751734E+00   0.763915E+00   0.775627E+00   0.786927E+00   0.797158E+00   0.805945E+00   0.813595E+00   0.822460E+00   0.831281E+00   0.839819E+00   0.847941E+00   0.855781E+00   0.863240E+00   0.870304E+00   0.876967E+00   0.883314E+00   0.889176E+00   0.894652E+00   0.899760E+00   0.904515E+00   0.908937E+00   0.913046E+00   0.916862E+00   0.920404E+00   0.923691E+00   0.926827E+00   0.929645E+00   0.932261E+00   0.934692E+00   0.936951E+00   0.939052E+00   0.941006E+00   0.942827E+00   0.944523E+00   0.946189E+00   0.947643E+00   0.948998E+00   0.950265E+00   0.951452E+00   0.952565E+00   0.953606E+00   0.954577E+00   0.955055E+00   0.970000E+00   0.970000E+00   0.970000E+00   0.970000E+00   0.955608E+00   0.956060E+00   0.957391E+00   0.958594E+00   0.959530E+00   0.960345E+00   0.961064E+00   0.961705E+00   0.962280E+00   0.962800E+00   0.963272E+00   0.963704E+00   0.964103E+00   0.964462E+00   0.964698E+00   0.970000E+00   0.970000E+00   0.970000E+00   0.970000E+00   0.970000E+00   0.970000E+00   0.970000E+00   0.970000E+00   0.970000E+00   0.970000E+00   0.970000E+00   0.970000E+00   0.967781E+00   0.967857E+00   0.967967E+00   0.968071E+00   0.968169E+00   0.968251E+00   0.968332E+00   0.968415E+00   0.968497E+00   0.968575E+00   0.968649E+00   0.968718E+00   0.968784E+00   0.968847E+00   0.968906E+00   0.968963E+00   0.969016E+00   0.969066E+00   0.969114E+00   0.969160E+00   0.969203E+00   0.969244E+00   0.969282E+00   0.969319E+00   0.969354E+00   0.969388E+00   0.969421E+00   0.969449E+00   0.969478E+00   0.969504E+00   0.969529E+00   0.969553E+00   0.969576E+00   0.969598E+00   0.969618E+00   0.969643E+00
 0.970000E+00   0.970000E+00   0.970000E+00   0.970000E+00   0.970000E+00   0.970000E+00   0.970000E+00   0.970000E+00   0.970000E+00   0.970000E+00   0.970000E+00   0.970000E+00   0.970000E+00   0.970000E+00   0.970000E+00   0.970000E+00   0.721751E+00   0.738206E+00   0.751734E+00   0.763915E+00   0.775627E+00   0.786926E+00   0.797158E+00   0.806413E+00   0.813827E+00   0.822461E+00   0.831258E+00   0.839784E+00   0.847985E+00   0.855738E+00   0.863198E+00   0.870264E+00   0.876930E+00   0.883281E+00   0.889147E+00   0.894628E+00   0.899739E+00   0.904498E+00   0.908924E+00   0.913036E+00   0.916854E+00   0.920397E+00   0.923686E+00   0.926824E+00   0.929641E+00   0.932258E+00   0.934689E+00   0.936949E+00   0.939051E+00   0.941007E+00   0.942828E+00   0.944522E+00   0.946185E+00   0.947638E+00   0.948995E+00   0.950264E+00   0.951453E+00   0.952566E+00   0.953609E+00   0.954557E+00   0.970000E+00   0.970000E+00   0.970000E+00   0.970000E+00   0.970000E+00   0.955542E+00   0.955996E+00   0.957345E+00   0.958561E+00   0.959505E+00   0.960327E+00   0.961050E+00   0.961694E+00   0.962271E+00   0.962793E+00   0.963267E+00   0.963699E+00   0.964099E+00   0.964458E+00   0.964691E+00   0.970000E+00   0.970000E+00   0.970000E+00   0.970000E+00   0.970000E+00   0.970000E+00   0.970000E+00   0.970000E+00   0.970000E+00   0.970000E+00   0.970000E+00   0.970000E+00   0.967781E+00   0.967857E+00   0.967967E+00   0.968071E+00   0.968169E+00   0.968251E+00   0.968332E+00   0.968415E+00   0.968497E+00   0.968575E+00   0.968649E+00   0.968718E+00   0.968784E+00   0.968847E+00   0.968906E+00   0.968963E+00   0.969016E+00   0.969066E+00   0.969114E+00   0.969160E+00   0.969203E+00   0.969244E+00   0.969282E+00   0.969319E+00   0.969354E+00   0.969388E+00   0.969421E+00   0.969449E+00   0.969478E+00   0.969504E+00   0.969530E+00   0.969554E+00   0.969576E+00   0.969598E+00   0.969618E+00   0.969643E+00
 0.970000E+00   0.970000E+00   0.970000E+00   0.970000E+00   0.970000E+00   0.970000E+00   0.970000E+00   0.970000E+00   0.970000E+00   0.970000E+00   0.970000E+00   0.970000E+00   0.970000E+00   0.970000E+00   0.970000E+00   0.970000E+00   0.721751E+00   0.738206E+00   0.751734E+00   0.763915E+00   0.775626E+00   0.786926E+00   0.797158E+00   0.806728E+00   0.814100E+00   0.822465E+00   0.831239E+00   0.839754E+00   0.847949E+00   0.855702E+00   0.863161E+00   0.870229E+00   0.876899E+00   0.883252E+00   0.889122E+00   0.894607E+00   0.899722E+00   0.904484E+00   0.908912E+00   0.913026E+00   0.916846E+00   0.920391E+00   0.923681E+00   0.926819E+00   0.929638E+00   0.932255E+00   0.934688E+00   0.936949E+00   0.939052E+00   0.941008E+00   0.942827E+00   0.944518E+00   0.946181E+00   0.947634E+00   0.948993E+00   0.950265E+00   0.951455E+00   0.952567E+00   0.953610E+00   0.954528E+00   0.970000E+00   0.970000E+00   0.970000E+00   0.970000E+00   0.970000E+00   0.955475E+00   0.955930E+00   0.957299E+00   0.958527E+00   0.959480E+00   0.960308E+00   0.961035E+00   0.961682E+00   0.962262E+00   0.962786E+00   0.963261E+00   0.963695E+00   0.964096E+00   0.964453E+00   0.964685E+00   0.970000E+00   0.970000E+00   0.970000E+00   0.970000E+00   0.970000E+00   0.970000E+00   0.970000E+00   0.970000E+00   0.970000E+00   0.970000E+00   0.970000E+00   0.970000E+00   0.967781E+00   0.967857E+00   0.967967E+00   0.968071E+00   0.968170E+00   0.968251E+00   0.968332E+00   0.968415E+00   0.968497E+00   0.968575E+00   0.968649E+00   0.968718E+00   0.968785E+00   0.968847E+00   0.968906E+00   0.968963E+00   0.969016E+00   0.969067E+00   0.969114E+00   0.969160E+00   0.969203E+00   0.969244E+00   0.969282E+00   0.969319E+00   0.969354E+00   0.969388E+00   0.969421E+00   0.969449E+00   0.969478E+00   0.969504E+00   0.969530E+00   0.969554E+00   0.969576E+00   0.969598E+00   0.969618E+00   0.969643E+00
 0.970000E+00   0.970000E+00   0.970000E+00   0.970000E+00   0.970000E+00   0.970000E+00   0.970000E+00   0.970000E+00   0.970000E+00   0.970000E+00   0.970000E+00   0.970000E+00   0.970000E+00   0.970000E+00   0.970000E+00   0.970000E+00   0.721751E+00   0.738206E+00   0.751734E+00   0.763915E+00   0.775626E+00   0.786926E+00   0.797157E+00   0.806914E+00   0.814374E+00   0.822472E+00   0.831222E+00   0.839728E+00   0.847918E+00   0.855670E+00   0.863130E+00   0.870199E+00   0.876871E+00   0.883227E+00   0.889100E+00   0.894588E+00   0.899706E+00   0.904471E+00   0.908901E+00   0.913017E+00   0.916838E+00   0.920385E+00   0.923676E+00   0.926815E+00   0.929635E+00   0.932254E+00   0.934687E+00   0.936949E+00   0.939051E+00   0.941005E+00   0.942822E+00   0.944514E+00   0.946177E+00   0.947632E+00   0.948993E+00   0.950266E+00   0.951455E+00   0.952572E+00   0.953601E+00   0.954506E+00   0.970000E+00   0.970000E+00   0.970000E+00   0.970000E+00   0.970000E+00   0.955405E+00   0.955862E+00   0.957250E+00   0.958493E+00   0.959454E+00   0.960288E+00   0.961020E+00   0.961670E+00   0.962253E+00   0.962778E+00   0.963255E+00   0.963691E+00   0.964104E+00   0.964445E+00   0.970000E+00   0.970000E+00   0.970000E+00   0.970000E+00   0.970000E+00   0.970000E+00   0.970000E+00   0.970000E+00   0.970000E+00   0.970000E+00   0.970000E+00   0.970000E+00   0.970000E+00   0.967781E+00   0.967857E+00   0.967967E+00   0.968071E+00   0.968170E+00   0.968251E+00   0.968332E+00   0.968415E+00   0.968497E+00   0.968575E+00   0.968649E+00   0.968718E+00   0.968785E+00   0.968847E+00   0.968907E+00   0.968963E+00   0.969016E+00   0.969067E+00   0.969114E+00   0.969160E+00   0.969203E+00   0.969244E+00   0.969282E+00   0.969319E+00   0.969354E+00   0.969388E+00   0.969421E+00   0.969450E+00   0.969478E+00   0.969504E+00   0.969530E+00   0.969554E+00   0.969576E+00   0.969598E+00   0.969618E+00   0.969643E+00
 0.970000E+00   0.970000E+00   0.970000E+00   0.970000E+00   0.970000E+00   0.970000E+00   0.970000E+00   0.970000E+00   0.970000E+00   0.970000E+00   0.970000E+00   0.970000E+00   0.970000E+00   0.970000E+00   0.970000E+00   0.970000E+00   0.721751E+00   0.738206E+00   0.751734E+00   0.763915E+00   0.775626E+00   0.786926E+00   0.797157E+00   0.807019E+00   0.814638E+00   0.822483E+00   0.831209E+00   0.839705E+00   0.847891E+00   0.855642E+00   0.863101E+00   0.870172E+00   0.876933E+00   0.883204E+00   0.889079E+00   0.894570E+00   0.899690E+00   0.904457E+00   0.908890E+00   0.913008E+00   0.916831E+00   0.920379E+00   0.923671E+00   0.926812E+00   0.929633E+00   0.932253E+00   0.934686E+00   0.936947E+00   0.939048E+00   0.941001E+00   0.942817E+00   0.944509E+00   0.946175E+00   0.947632E+00   0.948994E+00   0.950266E+00   0.951459E+00   0.952569E+00   0.953595E+00   0.954481E+00   0.970000E+00   0.970000E+00   0.970000E+00   0.970000E+00   0.970000E+00   0.955334E+00   0.955793E+00   0.957202E+00   0.958458E+00   0.959428E+00   0.960268E+00   0.961005E+00   0.961658E+00   0.962243E+00   0.962771E+00   0.963249E+00   0.963686E+00   0.964100E+00   0.964437E+00   0.970000E+00   0.970000E+00   0.970000E+00   0.970000E+00   0.970000E+00   0.970000E+00   0.970000E+00   0.970000E+00   0.970000E+00   0.970000E+00   0.970000E+00   0.970000E+00   0.970000E+00   0.967781E+00   0.967857E+00   0.967967E+00   0.968071E+00   0.968170E+00   0.968251E+00   0.968332E+00   0.968415E+00   0.968497E+00   0.968575E+00   0.968649E+00   0.968718E+00   0.968785E+00   0.968847E+00   0.968907E+00   0.968963E+00   0.969016E+00   0.969067E+00   0.969114E+00   0.969160E+00   0.969203E+00   0.969244E+00   0.969282E+00   0.969319E+00   0.969354E+00   0.969388E+00   0.969421E+00   0.969450E+00   0.969478E+00   0.969504E+00   0.969530E+00   0.969554E+00   0.969576E+00   0.969598E+00   0.969619E+00   0.969643E+00
 0.970000E+00   0.970000E+00   0.970000E+00   0.970000E+00   0.970000E+00   0.970000E+00   0.970000E+00   0.970000E+00   0.970000E+00   0.970000E+00   0.970000E+00   0.970000E+00   0.970000E+00   0.970000E+00   0.970000E+00   0.970000E+00   0.721751E+00   0.738206E+00   0.751733E+00   0.763914E+00   0.775626E+00   0.786925E+00   0.797157E+00   0.807073E+00   0.814897E+00   0.822503E+00   0.831196E+00   0.839683E+00   0.847864E+00   0.855698E+00   0.863072E+00   0.870144E+00   0.876906E+00   0.883180E+00   0.889058E+00   0.894552E+00   0.899675E+00   0.904445E+00   0.908880E+00   0.913000E+00   0.916825E+00   0.920375E+00   0.923669E+00   0.926810E+00   0.929631E+00   0.932250E+00   0.934682E+00   0.936942E+00   0.939042E+00   0.940995E+00   0.942813E+00   0.944507E+00   0.946174E+00   0.947633E+00   0.948994E+00   0.950269E+00   0.951460E+00   0.952561E+00   0.953594E+00   0.954448E+00   0.970000E+00   0.970000E+00   0.970000E+00   0.970000E+00   0.970000E+00   0.955262E+00   0.955723E+00   0.957152E+00   0.958422E+00   0.959402E+00   0.960248E+00   0.960990E+00   0.961646E+00   0.962234E+00   0.962763E+00   0.963243E+00   0.963682E+00   0.964096E+00   0.964429E+00   0.970000E+00   0.970000E+00   0.970000E+00   0.970000E+00   0.970000E+00   0.970000E+00   0.970000E+00   0.970000E+00   0.970000E+00   0.970000E+00   0.970000E+00   0.970000E+00   0.970000E+00   0.967781E+00   0.967857E+00   0.967967E+00   0.968071E+00   0.968170E+00   0.968252E+00   0.968332E+00   0.968415E+00   0.968497E+00   0.968575E+00   0.968649E+00   0.968718E+00   0.968785E+00   0.968847E+00   0.968907E+00   0.968963E+00   0.969016E+00   0.969067E+00   0.969114E+00   0.969160E+00   0.969203E+00   0.969244E+00   0.969282E+00   0.969319E+00   0.969354E+00   0.969388E+00   0.969421E+00   0.969450E+00   0.969478E+00   0.969504E+00   0.969530E+00   0.969554E+00   0.969576E+00   0.969598E+00   0.969619E+00   0.969643E+00
 0.970000E+00   0.970000E+00   0.970000E+00   0.970000E+00   0.970000E+00   0.970000E+00   0.970000E+00   0.970000E+00   0.970000E+00   0.970000E+00   0.970000E+00   0.970000E+00   0.970000E+00   0.970000E+00   0.970000E+00   0.970000E+00   0.721751E+00   0.738205E+00   0.751733E+00   0.763914E+00   0.775625E+00   0.786925E+00   0.797156E+00   0.807092E+00   0.815163E+00   0.822535E+00   0.831183E+00   0.839661E+00   0.847837E+00   0.855670E+00   0.863045E+00   0.870119E+00   0.876882E+00   0.883159E+00   0.889040E+00   0.894537E+00   0.899663E+00   0.904435E+00   0.908872E+00   0.912993E+00   0.916820E+00   0.920370E+00   0.923664E+00   0.926805E+00   0.929625E+00   0.932244E+00   0.934676E+00   0.936936E+00   0.939037E+00   0.940991E+00   0.942811E+00   0.944506E+00   0.946174E+00   0.947633E+00   0.948996E+00   0.950272E+00   0.951455E+00   0.952556E+00   0.953596E+00   0.954402E+00   0.970000E+00   0.970000E+00   0.970000E+00   0.970000E+00   0.970000E+00   0.955188E+00   0.955651E+00   0.957101E+00   0.958386E+00   0.959375E+00   0.960228E+00   0.960974E+00   0.961634E+00   0.962224E+00   0.962756E+00   0.963237E+00   0.963678E+00   0.964092E+00   0.964420E+00   0.970000E+00   0.970000E+00   0.970000E+00   0.970000E+00   0.970000E+00   0.970000E+00   0.970000E+00   0.970000E+00   0.970000E+00   0.970000E+00   0.970000E+00   0.970000E+00   0.970000E+00   0.967781E+00   0.967857E+00   0.967967E+00   0.968071E+00   0.968170E+00   0.968252E+00   0.968333E+00   0.968415E+00   0.968497E+00   0.968575E+00   0.968649E+00   0.968718E+00   0.968785E+00   0.968847E+00   0.968907E+00   0.968963E+00   0.969016E+00   0.969067E+00   0.969115E+00   0.969160E+00   0.969203E+00   0.969244E+00   0.969282E+00   0.969319E+00   0.969354E+00   0.969388E+00   0.969421E+00   0.969450E+00   0.969478E+00   0.969504E+00   0.969530E+00   0.969554E+00   0.969576E+00   0.969598E+00   0.969619E+00   0.969644E+00
 0.970000E+00   0.970000E+00   0.970000E+00   0.970000E+00   0.970000E+00   0.970000E+00   0.970000E+00   0.970000E+00   0.970000E+00   0.970000E+00   0.970000E+00   0.970000E+00   0.970000E+00   0.970000E+00   0.970000E+00   0.970000E+00   0.721751E+00   0.738205E+00   0.751733E+00   0.763914E+00   0.775625E+00   0.786925E+00   0.797156E+00   0.807093E+00   0.815438E+00   0.822580E+00   0.831172E+00   0.839643E+00   0.847816E+00   0.855647E+00   0.863024E+00   0.870098E+00   0.876863E+00   0.883141E+00   0.889024E+00   0.894523E+00   0.899650E+00   0.904424E+00   0.908861E+00   0.912984E+00   0.916810E+00   0.920361E+00   0.923655E+00   0.926796E+00   0.929617E+00   0.932236E+00   0.934669E+00   0.936930E+00   0.939032E+00   0.940988E+00   0.942810E+00   0.944506E+00   0.946175E+00   0.947634E+00   0.948999E+00   0.950270E+00   0.951449E+00   0.952555E+00   0.953599E+00   0.954343E+00   0.970000E+00   0.970000E+00   0.970000E+00   0.970000E+00   0.970000E+00   0.955112E+00   0.955577E+00   0.957049E+00   0.958349E+00   0.959348E+00   0.960207E+00   0.960958E+00   0.961622E+00   0.962215E+00   0.962748E+00   0.963231E+00   0.963674E+00   0.964088E+00   0.964412E+00   0.970000E+00   0.970000E+00   0.970000E+00   0.970000E+00   0.970000E+00   0.970000E+00   0.970000E+00   0.970000E+00   0.970000E+00   0.970000E+00   0.970000E+00   0.970000E+00   0.970000E+00   0.967781E+00   0.967857E+00   0.967967E+00   0.968071E+00   0.968170E+00   0.968252E+00   0.968333E+00   0.968415E+00   0.968497E+00   0.968575E+00   0.968649E+00   0.968719E+00   0.968785E+00   0.968847E+00   0.968907E+00   0.968963E+00   0.969016E+00   0.969067E+00   0.969115E+00   0.969160E+00   0.969203E+00   0.969244E+00   0.969282E+00   0.969319E+00   0.969354E+00   0.969388E+00   0.969421E+00   0.969450E+00   0.969478E+00   0.969504E+00   0.969530E+00   0.969554E+00   0.969576E+00   0.969598E+00   0.969619E+00   0.969644E+00
 0.970000E+00   0.970000E+00   0.970000E+00   0.970000E+00   0.970000E+00   0.970000E+00   0.970000E+00   0.970000E+00   0.970000E+00   0.970000E+00   0.970000E+00   0.970000E+00   0.970000E+00   0.970000E+00   0.970000E+00   0.970000E+00   0.721751E+00   0.738205E+00   0.751733E+00   0.763914E+00   0.775625E+00   0.786924E+00   0.797156E+00   0.807093E+00   0.815717E+00   0.822638E+00   0.831165E+00   0.839627E+00   0.847795E+00   0.855624E+00   0.863086E+00   0.870160E+00   0.876838E+00   0.883117E+00   0.889002E+00   0.894501E+00   0.899630E+00   0.904405E+00   0.908844E+00   0.912968E+00   0.916795E+00   0.920347E+00   0.923642E+00   0.926785E+00   0.929608E+00   0.932228E+00   0.934663E+00   0.936926E+00   0.939030E+00   0.940987E+00   0.942810E+00   0.944506E+00   0.946175E+00   0.947637E+00   0.948999E+00   0.950264E+00   0.951445E+00   0.952556E+00   0.953602E+00   0.954274E+00   0.970000E+00   0.970000E+00   0.970000E+00   0.970000E+00   0.970000E+00   0.955034E+00   0.955501E+00   0.956997E+00   0.958311E+00   0.959320E+00   0.960186E+00   0.960942E+00   0.961609E+00   0.962205E+00   0.962740E+00   0.963225E+00   0.963669E+00   0.964083E+00   0.964403E+00   0.970000E+00   0.970000E+00   0.970000E+00   0.970000E+00   0.970000E+00   0.970000E+00   0.970000E+00   0.970000E+00   0.970000E+00   0.970000E+00   0.970000E+00   0.970000E+00   0.970000E+00   0.967781E+00   0.967857E+00   0.967967E+00   0.968071E+00   0.968170E+00   0.968252E+00   0.968333E+00   0.968415E+00   0.968497E+00   0.968575E+00   0.968649E+00   0.968719E+00   0.968785E+00   0.968847E+00   0.968907E+00   0.968963E+00   0.969016E+00   0.969067E+00   0.969115E+00   0.969160E+00   0.969203E+00   0.969244E+00   0.969283E+00   0.969319E+00   0.969354E+00   0.969388E+00   0.969421E+00   0.969450E+00   0.969478E+00   0.969505E+00   0.969530E+00   0.969554E+00   0.969577E+00   0.969598E+00   0.969619E+00   0.969644E+00
 0.970000E+00   0.970000E+00   0.970000E+00   0.970000E+00   0.970000E+00   0.970000E+00   0.970000E+00   0.970000E+00   0.970000E+00   0.970000E+00   0.970000E+00   0.970000E+00   0.970000E+00   0.970000E+00   0.970000E+00   0.970000E+00   0.721751E+00   0.738205E+00   0.751732E+00   0.763913E+00   0.775625E+00   0.786924E+00   0.797155E+00   0.807092E+00   0.815970E+00   0.822736E+00   0.831157E+00   0.839605E+00   0.847765E+00   0.855588E+00   0.863047E+00   0.870121E+00   0.876799E+00   0.883080E+00   0.888967E+00   0.894469E+00   0.899601E+00   0.904379E+00   0.908821E+00   0.912947E+00   0.916778E+00   0.920332E+00   0.923630E+00   0.926775E+00   0.929599E+00   0.932222E+00   0.934659E+00   0.936923E+00   0.939029E+00   0.940987E+00   0.942809E+00   0.944507E+00   0.946178E+00   0.947638E+00   0.948994E+00   0.950258E+00   0.951444E+00   0.952560E+00   0.953604E+00   0.954199E+00   0.970000E+00   0.970000E+00   0.970000E+00   0.970000E+00   0.970000E+00   0.954954E+00   0.955423E+00   0.956942E+00   0.958273E+00   0.959291E+00   0.960165E+00   0.960925E+00   0.961597E+00   0.962195E+00   0.962732E+00   0.963219E+00   0.963665E+00   0.964079E+00   0.964394E+00   0.970000E+00   0.970000E+00   0.970000E+00   0.970000E+00   0.970000E+00   0.970000E+00   0.970000E+00   0.970000E+00   0.970000E+00   0.970000E+00   0.970000E+00   0.970000E+00   0.970000E+00   0.967781E+00   0.967857E+00   0.967967E+00   0.968071E+00   0.968170E+00   0.968252E+00   0.968333E+00   0.968415E+00   0.968497E+00   0.968575E+00   0.968649E+00   0.968719E+00   0.968785E+00   0.968847E+00   0.968907E+00   0.968963E+00   0.969016E+00   0.969067E+00   0.969115E+00   0.969160E+00   0.969203E+00   0.969244E+00   0.969283E+00   0.969319E+00   0.969354E+00   0.969389E+00   0.969421E+00   0.969450E+00   0.969478E+00   0.969505E+00   0.969530E+00   0.969554E+00   0.969577E+00   0.969598E+00   0.969619E+00   0.969644E+00
 0.970000E+00   0.970000E+00   0.970000E+00   0.970000E+00   0.970000E+00   0.970000E+00   0.970000E+00   0.970000E+00   0.970000E+00   0.970000E+00   0.970000E+00   0.970000E+00   0.970000E+00   0.970000E+00   0.970000E+00   0.970000E+00   0.721751E+00   0.738204E+00   0.751732E+00   0.763913E+00   0.775624E+00   0.786924E+00   0.797155E+00   0.807092E+00   0.816177E+00   0.822918E+00   0.831146E+00   0.839570E+00   0.847718E+00   0.855536E+00   0.862992E+00   0.870066E+00   0.876747E+00   0.883031E+00   0.888922E+00   0.894430E+00   0.899566E+00   0.904349E+00   0.908796E+00   0.912926E+00   0.916760E+00   0.920318E+00   0.923619E+00   0.926767E+00   0.929593E+00   0.932218E+00   0.934657E+00   0.936922E+00   0.939028E+00   0.940987E+00   0.942810E+00   0.944509E+00   0.946179E+00   0.947634E+00   0.948988E+00   0.950256E+00   0.951446E+00   0.952563E+00   0.953603E+00   0.954121E+00   0.970000E+00   0.970000E+00   0.970000E+00   0.970000E+00   0.970000E+00   0.954872E+00   0.955343E+00   0.956887E+00   0.958234E+00   0.959263E+00   0.960143E+00   0.960909E+00   0.961584E+00   0.962185E+00   0.962724E+00   0.963213E+00   0.963660E+00   0.964075E+00   0.964385E+00   0.970000E+00   0.970000E+00   0.970000E+00   0.970000E+00   0.970000E+00   0.970000E+00   0.970000E+00   0.970000E+00   0.970000E+00   0.970000E+00   0.970000E+00   0.970000E+00   0.970000E+00   0.967781E+00   0.967857E+00   0.967967E+00   0.968071E+00   0.968170E+00   0.968252E+00   0.968333E+00   0.968415E+00   0.968497E+00   0.968575E+00   0.968649E+00   0.968719E+00   0.968785E+00   0.968847E+00   0.968907E+00   0.968963E+00   0.969016E+00   0.969067E+00   0.969115E+00   0.969160E+00   0.969203E+00   0.969244E+00   0.969283E+00   0.969319E+00   0.969354E+00   0.969389E+00   0.969421E+00   0.969450E+00   0.969478E+00   0.969505E+00   0.969530E+00   0.969554E+00   0.969577E+00   0.969598E+00   0.969619E+00   0.969644E+00
 0.970000E+00   0.970000E+00   0.970000E+00   0.970000E+00   0.970000E+00   0.970000E+00   0.970000E+00   0.970000E+00   0.970000E+00   0.970000E+00   0.970000E+00   0.970000E+00   0.970000E+00   0.970000E+00   0.970000E+00   0.970000E+00   0.721751E+00   0.738204E+00   0.751732E+00   0.763913E+00   0.775624E+00   0.786923E+00   0.797155E+00   0.807091E+00   0.816320E+00   0.823195E+00   0.831135E+00   0.839526E+00   0.847660E+00   0.855472E+00   0.862927E+00   0.870003E+00   0.876689E+00   0.882978E+00   0.888876E+00   0.894389E+00   0.899532E+00   0.904320E+00   0.908772E+00   0.912907E+00   0.916745E+00   0.920307E+00   0.923610E+00   0.926761E+00   0.929590E+00   0.932216E+00   0.934655E+00   0.936921E+00   0.939027E+00   0.940988E+00   0.942812E+00   0.944510E+00   0.946175E+00   0.947628E+00   0.948984E+00   0.950256E+00   0.951449E+00   0.952569E+00   0.953573E+00   0.970000E+00   0.970000E+00   0.970000E+00   0.970000E+00   0.970000E+00   0.970000E+00   0.954788E+00   0.955261E+00   0.956830E+00   0.958194E+00   0.959233E+00   0.960121E+00   0.960892E+00   0.961571E+00   0.962174E+00   0.962716E+00   0.963206E+00   0.963655E+00   0.964070E+00   0.964376E+00   0.970000E+00   0.970000E+00   0.970000E+00   0.970000E+00   0.970000E+00   0.970000E+00   0.970000E+00   0.970000E+00   0.970000E+00   0.970000E+00   0.970000E+00   0.970000E+00   0.970000E+00   0.967781E+00   0.967857E+00   0.967967E+00   0.968072E+00   0.968170E+00   0.968252E+00   0.968333E+00   0.968415E+00   0.968497E+00   0.968575E+00   0.968649E+00   0.968719E+00   0.968785E+00   0.968847E+00   0.968907E+00   0.968963E+00   0.969016E+00   0.969067E+00   0.969115E+00   0.969160E+00   0.969203E+00   0.969244E+00   0.969283E+00   0.969319E+00   0.969354E+00   0.969389E+00   0.969421E+00   0.969450E+00   0.969478E+00   0.969505E+00   0.969530E+00   0.969554E+00   0.969577E+00   0.969598E+00   0.969619E+00   0.969644E+00
 0.970000E+00   0.970000E+00   0.970000E+00   0.970000E+00   0.970000E+00   0.970000E+00   0.970000E+00   0.970000E+00   0.970000E+00   0.970000E+00   0.970000E+00   0.970000E+00   0.970000E+00   0.970000E+00   0.970000E+00   0.970000E+00   0.721751E+00   0.738204E+00   0.751732E+00   0.763913E+00   0.775624E+00   0.786923E+00   0.797154E+00   0.807091E+00   0.816396E+00   0.823541E+00   0.831136E+00   0.839479E+00   0.847602E+00   0.855409E+00   0.862864E+00   0.869943E+00   0.876633E+00   0.882930E+00   0.888834E+00   0.894354E+00   0.899503E+00   0.904296E+00   0.908753E+00   0.912893E+00   0.916734E+00   0.920299E+00   0.923605E+00   0.926757E+00   0.929586E+00   0.932213E+00   0.934653E+00   0.936920E+00   0.939029E+00   0.940989E+00   0.942812E+00   0.944506E+00   0.946169E+00   0.947623E+00   0.948984E+00   0.950259E+00   0.951454E+00   0.952567E+00   0.953536E+00   0.970000E+00   0.970000E+00   0.970000E+00   0.970000E+00   0.970000E+00   0.970000E+00   0.954701E+00   0.955177E+00   0.956772E+00   0.958153E+00   0.959203E+00   0.960098E+00   0.960875E+00   0.961557E+00   0.962164E+00   0.962708E+00   0.963200E+00   0.963650E+00   0.964065E+00   0.964367E+00   0.970000E+00   0.970000E+00   0.970000E+00   0.970000E+00   0.970000E+00   0.970000E+00   0.970000E+00   0.970000E+00   0.970000E+00   0.970000E+00   0.970000E+00   0.970000E+00   0.970000E+00   0.967781E+00   0.967857E+00   0.967967E+00   0.968072E+00   0.968170E+00   0.968252E+00   0.968333E+00   0.968415E+00   0.968497E+00   0.968575E+00   0.968649E+00   0.968719E+00   0.968785E+00   0.968847E+00   0.968907E+00   0.968963E+00   0.969016E+00   0.969067E+00   0.969115E+00   0.969160E+00   0.969203E+00   0.969244E+00   0.969283E+00   0.969319E+00   0.969354E+00   0.969389E+00   0.969421E+00   0.969450E+00   0.969478E+00   0.969505E+00   0.969530E+00   0.969554E+00   0.969577E+00   0.969598E+00   0.969619E+00   0.969644E+00
 0.970000E+00   0.970000E+00   0.970000E+00   0.970000E+00   0.970000E+00   0.970000E+00   0.970000E+00   0.970000E+00   0.970000E+00   0.970000E+00   0.970000E+00   0.970000E+00   0.970000E+00   0.970000E+00   0.970000E+00   0.970000E+00   0.721751E+00   0.738204E+00   0.751731E+00   0.763912E+00   0.775623E+00   0.786923E+00   0.797154E+00   0.807091E+00   0.816424E+00   0.823915E+00   0.831164E+00   0.839436E+00   0.847549E+00   0.855353E+00   0.862809E+00   0.869892E+00   0.876588E+00   0.882890E+00   0.888800E+00   0.894326E+00   0.899480E+00   0.904279E+00   0.908739E+00   0.912882E+00   0.916726E+00   0.920292E+00   0.923600E+00   0.926753E+00   0.929584E+00   0.932212E+00   0.934653E+00   0.936922E+00   0.939029E+00   0.940988E+00   0.942807E+00   0.944500E+00   0.946164E+00   0.947622E+00   0.948985E+00   0.950262E+00   0.951458E+00   0.952554E+00   0.953506E+00   0.970000E+00   0.970000E+00   0.970000E+00   0.970000E+00   0.970000E+00   0.970000E+00   0.954612E+00   0.955090E+00   0.956713E+00   0.958111E+00   0.959172E+00   0.960075E+00   0.960857E+00   0.961544E+00   0.962153E+00   0.962699E+00   0.963193E+00   0.963645E+00   0.964061E+00   0.964358E+00   0.970000E+00   0.970000E+00   0.970000E+00   0.970000E+00   0.970000E+00   0.970000E+00   0.970000E+00   0.970000E+00   0.970000E+00   0.970000E+00   0.970000E+00   0.970000E+00   0.970000E+00   0.967781E+00   0.967857E+00   0.967967E+00   0.968072E+00   0.968170E+00   0.968252E+00   0.968333E+00   0.968415E+00   0.968497E+00   0.968575E+00   0.968649E+00   0.968719E+00   0.968785E+00   0.968847E+00   0.968907E+00   0.968963E+00   0.969016E+00   0.969067E+00   0.969115E+00   0.969160E+00   0.969203E+00   0.969244E+00   0.969283E+00   0.969319E+00   0.969355E+00   0.969389E+00   0.969421E+00   0.969450E+00   0.969478E+00   0.969505E+00   0.969530E+00   0.969554E+00   0.969577E+00   0.969598E+00   0.969619E+00   0.969644E+00
 0.970000E+00   0.970000E+00   0.970000E+00   0.970000E+00   0.970000E+00   0.970000E+00   0.970000E+00   0.970000E+00   0.970000E+00   0.970000E+00   0.970000E+00   0.970000E+00   0.970000E+00   0.970000E+00   0.970000E+00   0.970000E+00   0.721751E+00   0.738204E+00   0.751731E+00   0.763912E+00   0.775623E+00   0.786922E+00   0.797154E+00   0.807090E+00   0.816427E+00   0.824272E+00   0.831228E+00   0.839402E+00   0.847508E+00   0.855310E+00   0.862767E+00   0.869854E+00   0.876553E+00   0.882860E+00   0.888774E+00   0.894305E+00   0.899463E+00   0.904264E+00   0.908728E+00   0.912873E+00   0.916719E+00   0.920286E+00   0.923595E+00   0.926750E+00   0.929583E+00   0.932212E+00   0.934654E+00   0.936920E+00   0.939026E+00   0.940982E+00   0.942801E+00   0.944494E+00   0.946162E+00   0.947622E+00   0.948988E+00   0.950268E+00   0.951450E+00   0.952548E+00   0.953467E+00   0.970000E+00   0.970000E+00   0.970000E+00   0.970000E+00   0.970000E+00   0.970000E+00   0.954520E+00   0.955001E+00   0.956652E+00   0.958069E+00   0.959141E+00   0.960052E+00   0.960839E+00   0.961530E+00   0.962142E+00   0.962691E+00   0.963187E+00   0.963640E+00   0.964056E+00   0.964349E+00   0.970000E+00   0.970000E+00   0.970000E+00   0.970000E+00   0.970000E+00   0.970000E+00   0.970000E+00   0.970000E+00   0.970000E+00   0.970000E+00   0.970000E+00   0.970000E+00   0.970000E+00   0.967781E+00   0.967857E+00   0.967967E+00   0.968072E+00   0.968170E+00   0.968253E+00   0.968333E+00   0.968415E+00   0.968497E+00   0.968575E+00   0.968649E+00   0.968719E+00   0.968785E+00   0.968847E+00   0.968907E+00   0.968963E+00   0.969016E+00   0.969067E+00   0.969115E+00   0.969160E+00   0.969203E+00   0.969244E+00   0.969283E+00   0.969319E+00   0.969355E+00   0.969389E+00   0.969421E+00   0.969450E+00   0.969478E+00   0.969505E+00   0.969530E+00   0.969554E+00   0.969577E+00   0.969598E+00   0.969619E+00   0.969644E+00
 0.970000E+00   0.970000E+00   0.970000E+00   0.970000E+00   0.970000E+00   0.970000E+00   0.970000E+00   0.970000E+00   0.970000E+00   0.970000E+00   0.970000E+00   0.970000E+00   0.970000E+00   0.970000E+00   0.970000E+00   0.970000E+00   0.721750E+00   0.738203E+00   0.751731E+00   0.763912E+00   0.775623E+00   0.786922E+00   0.797153E+00   0.807090E+00   0.816427E+00   0.824592E+00   0.831318E+00   0.839377E+00   0.847477E+00   0.855278E+00   0.862736E+00   0.869823E+00   0.876526E+00   0.882835E+00   0.888753E+00   0.894286E+00   0.899447E+00   0.904252E+00   0.908718E+00   0.912865E+00   0.916713E+00   0.920283E+00   0.923593E+00   0.926749E+00   0.929582E+00   0.932210E+00   0.934650E+00   0.936915E+00   0.939019E+00   0.940975E+00   0.942796E+00   0.944492E+00   0.946163E+00   0.947625E+00   0.948994E+00   0.950265E+00   0.951441E+00   0.952550E+00   0.953408E+00   0.970000E+00   0.970000E+00   0.970000E+00   0.970000E+00   0.970000E+00   0.970000E+00   0.954426E+00   0.954909E+00   0.956589E+00   0.958025E+00   0.959109E+00   0.960028E+00   0.960821E+00   0.961516E+00   0.962131E+00   0.962682E+00   0.963180E+00   0.963635E+00   0.964050E+00   0.964340E+00   0.970000E+00   0.970000E+00   0.970000E+00   0.970000E+00   0.970000E+00   0.970000E+00   0.970000E+00   0.970000E+00   0.970000E+00   0.970000E+00   0.970000E+00   0.970000E+00   0.970000E+00   0.967781E+00   0.967857E+00   0.967967E+00   0.968072E+00   0.968170E+00   0.968253E+00   0.968333E+00   0.968415E+00   0.968497E+00   0.968575E+00   0.968649E+00   0.968719E+00   0.968785E+00   0.968847E+00   0.968907E+00   0.968963E+00   0.969016E+00   0.969067E+00   0.969115E+00   0.969160E+00   0.969203E+00   0.969244E+00   0.969283E+00   0.969319E+00   0.969355E+00   0.969389E+00   0.969421E+00   0.969450E+00   0.969478E+00   0.969505E+00   0.969530E+00   0.969554E+00   0.969577E+00   0.969598E+00   0.969619E+00   0.969644E+00
 0.970000E+00   0.970000E+00   0.970000E+00   0.970000E+00   0.970000E+00   0.970000E+00   0.970000E+00   0.970000E+00   0.970000E+00   0.970000E+00   0.970000E+00   0.970000E+00   0.970000E+00   0.970000E+00   0.970000E+00   0.970000E+00   0.721750E+00   0.738203E+00   0.751731E+00   0.763911E+00   0.775622E+00   0.786922E+00   0.797153E+00   0.807089E+00   0.816426E+00   0.824848E+00   0.831420E+00   0.839357E+00   0.847451E+00   0.855250E+00   0.862708E+00   0.869797E+00   0.876502E+00   0.882815E+00   0.888736E+00   0.894272E+00   0.899436E+00   0.904243E+00   0.908711E+00   0.912860E+00   0.916709E+00   0.920280E+00   0.923590E+00   0.926745E+00   0.929576E+00   0.932203E+00   0.934642E+00   0.936907E+00   0.939012E+00   0.940970E+00   0.942794E+00   0.944492E+00   0.946164E+00   0.947630E+00   0.948994E+00   0.950256E+00   0.951437E+00   0.952556E+00   0.953327E+00   0.970000E+00   0.970000E+00   0.970000E+00   0.970000E+00   0.970000E+00   0.970000E+00   0.954329E+00   0.954815E+00   0.956526E+00   0.957883E+00   0.959077E+00   0.960004E+00   0.960802E+00   0.961501E+00   0.962120E+00   0.962674E+00   0.963173E+00   0.963630E+00   0.964045E+00   0.964330E+00   0.970000E+00   0.970000E+00   0.970000E+00   0.970000E+00   0.970000E+00   0.970000E+00   0.970000E+00   0.970000E+00   0.970000E+00   0.970000E+00   0.970000E+00   0.970000E+00   0.970000E+00   0.967781E+00   0.967857E+00   0.967967E+00   0.968072E+00   0.968170E+00   0.968253E+00   0.968333E+00   0.968415E+00   0.968497E+00   0.968575E+00   0.968649E+00   0.968719E+00   0.968785E+00   0.968847E+00   0.968907E+00   0.968963E+00   0.969016E+00   0.969067E+00   0.969115E+00   0.969160E+00   0.969203E+00   0.969244E+00   0.969283E+00   0.969320E+00   0.969355E+00   0.969389E+00   0.969422E+00   0.969450E+00   0.969478E+00   0.969505E+00   0.969530E+00   0.969554E+00   0.969577E+00   0.969598E+00   0.969619E+00   0.969644E+00
 0.970000E+00   0.970000E+00   0.970000E+00   0.970000E+00   0.970000E+00   0.970000E+00   0.970000E+00   0.970000E+00   0.970000E+00   0.970000E+00   0.970000E+00   0.970000E+00   0.970000E+00   0.970000E+00   0.970000E+00   0.970000E+00   0.721750E+00   0.738203E+00   0.751730E+00   0.763911E+00   0.775622E+00   0.786921E+00   0.797152E+00   0.807089E+00   0.816426E+00   0.825044E+00   0.831525E+00   0.839340E+00   0.847431E+00   0.855229E+00   0.862688E+00   0.869779E+00   0.876485E+00   0.882800E+00   0.888723E+00   0.894261E+00   0.899427E+00   0.904235E+00   0.908703E+00   0.912852E+00   0.916701E+00   0.920271E+00   0.923580E+00   0.926735E+00   0.929566E+00   0.932193E+00   0.934633E+00   0.936900E+00   0.939007E+00   0.940968E+00   0.942793E+00   0.944494E+00   0.946170E+00   0.947632E+00   0.948987E+00   0.950249E+00   0.951440E+00   0.952561E+00   0.953228E+00   0.970000E+00   0.970000E+00   0.970000E+00   0.970000E+00   0.970000E+00   0.970000E+00   0.954223E+00   0.954718E+00   0.956462E+00   0.957836E+00   0.959044E+00   0.959979E+00   0.960784E+00   0.961487E+00   0.962109E+00   0.962665E+00   0.963166E+00   0.963624E+00   0.964039E+00   0.964321E+00   0.970000E+00   0.970000E+00   0.970000E+00   0.970000E+00   0.970000E+00   0.970000E+00   0.970000E+00   0.970000E+00   0.970000E+00   0.970000E+00   0.970000E+00   0.970000E+00   0.970000E+00   0.967781E+00   0.967857E+00   0.967967E+00   0.968072E+00   0.968170E+00   0.968253E+00   0.968333E+00   0.968415E+00   0.968497E+00   0.968575E+00   0.968649E+00   0.968719E+00   0.968785E+00   0.968847E+00   0.968907E+00   0.968963E+00   0.969016E+00   0.969067E+00   0.969115E+00   0.969160E+00   0.969203E+00   0.969244E+00   0.969283E+00   0.969320E+00   0.969355E+00   0.969389E+00   0.969422E+00   0.969450E+00   0.969478E+00   0.969505E+00   0.969530E+00   0.969554E+00   0.969577E+00   0.969598E+00   0.969619E+00   0.969644E+00
 0.970000E+00   0.970000E+00   0.970000E+00   0.970000E+00   0.970000E+00   0.970000E+00   0.970000E+00   0.970000E+00   0.970000E+00   0.970000E+00   0.970000E+00   0.970000E+00   0.970000E+00   0.970000E+00   0.970000E+00   0.970000E+00   0.721750E+00   0.738203E+00   0.751730E+00   0.763911E+00   0.775622E+00   0.786921E+00   0.797152E+00   0.807088E+00   0.816425E+00   0.825196E+00   0.831616E+00   0.839330E+00   0.847417E+00   0.855213E+00   0.862670E+00   0.869761E+00   0.876467E+00   0.882782E+00   0.888705E+00   0.894243E+00   0.899408E+00   0.904216E+00   0.908685E+00   0.912835E+00   0.916684E+00   0.920255E+00   0.923565E+00   0.926721E+00   0.929554E+00   0.932184E+00   0.934626E+00   0.936896E+00   0.939006E+00   0.940968E+00   0.942796E+00   0.944499E+00   0.946172E+00   0.947626E+00   0.948979E+00   0.950247E+00   0.951457E+00   0.952432E+00   0.970000E+00   0.970000E+00   0.970000E+00   0.970000E+00   0.970000E+00   0.970000E+00   0.970000E+00   0.953956E+00   0.954621E+00   0.956397E+00   0.957790E+00   0.959011E+00   0.959955E+00   0.960766E+00   0.961473E+00   0.962098E+00   0.962656E+00   0.963160E+00   0.963619E+00   0.964034E+00   0.964311E+00   0.970000E+00   0.970000E+00   0.970000E+00   0.970000E+00   0.970000E+00   0.970000E+00   0.970000E+00   0.970000E+00   0.970000E+00   0.970000E+00   0.970000E+00   0.970000E+00   0.970000E+00   0.967781E+00   0.967857E+00   0.967967E+00   0.968072E+00   0.968170E+00   0.968253E+00   0.968333E+00   0.968415E+00   0.968497E+00   0.968575E+00   0.968649E+00   0.968719E+00   0.968785E+00   0.968848E+00   0.968907E+00   0.968963E+00   0.969017E+00   0.969067E+00   0.969115E+00   0.969160E+00   0.969203E+00   0.969244E+00   0.969283E+00   0.969320E+00   0.969355E+00   0.969389E+00   0.969422E+00   0.969450E+00   0.969478E+00   0.969505E+00   0.969530E+00   0.969554E+00   0.969577E+00   0.969598E+00   0.969619E+00   0.969644E+00
 0.970000E+00   0.970000E+00   0.970000E+00   0.970000E+00   0.970000E+00   0.970000E+00   0.970000E+00   0.970000E+00   0.970000E+00   0.970000E+00   0.970000E+00   0.970000E+00   0.970000E+00   0.970000E+00   0.970000E+00   0.970000E+00   0.721750E+00   0.738202E+00   0.751730E+00   0.763910E+00   0.775621E+00   0.786920E+00   0.797151E+00   0.807088E+00   0.816425E+00   0.825318E+00   0.831705E+00   0.839322E+00   0.847396E+00   0.855184E+00   0.862636E+00   0.869724E+00   0.876429E+00   0.882743E+00   0.888667E+00   0.894207E+00   0.899375E+00   0.904185E+00   0.908657E+00   0.912809E+00   0.916662E+00   0.920236E+00   0.923550E+00   0.926708E+00   0.929545E+00   0.932178E+00   0.934623E+00   0.936894E+00   0.939006E+00   0.940971E+00   0.942801E+00   0.944501E+00   0.946166E+00   0.947618E+00   0.948973E+00   0.950265E+00   0.951414E+00   0.952210E+00   0.970000E+00   0.970000E+00   0.970000E+00   0.970000E+00   0.970000E+00   0.970000E+00   0.970000E+00   0.953677E+00   0.954524E+00   0.956332E+00   0.957745E+00   0.958980E+00   0.959932E+00   0.960748E+00   0.961460E+00   0.962088E+00   0.962649E+00   0.963154E+00   0.963615E+00   0.964029E+00   0.964302E+00   0.970000E+00   0.970000E+00   0.970000E+00   0.970000E+00   0.970000E+00   0.970000E+00   0.970000E+00   0.970000E+00   0.970000E+00   0.970000E+00   0.970000E+00   0.970000E+00   0.970000E+00   0.967781E+00   0.967857E+00   0.967967E+00   0.968072E+00   0.968170E+00   0.968253E+00   0.968333E+00   0.968415E+00   0.968497E+00   0.968575E+00   0.968649E+00   0.968719E+00   0.968785E+00   0.968848E+00   0.968907E+00   0.968963E+00   0.969017E+00   0.969067E+00   0.969115E+00   0.969160E+00   0.969203E+00   0.969244E+00   0.969283E+00   0.969320E+00   0.969355E+00   0.969389E+00   0.969422E+00   0.969450E+00   0.969478E+00   0.969505E+00   0.969530E+00   0.969554E+00   0.969577E+00   0.969598E+00   0.969619E+00   0.969644E+00
 0.970000E+00   0.970000E+00   0.970000E+00   0.970000E+00   0.970000E+00   0.970000E+00   0.970000E+00   0.970000E+00   0.970000E+00   0.970000E+00   0.970000E+00   0.970000E+00   0.970000E+00   0.970000E+00   0.970000E+00   0.970000E+00   0.721750E+00   0.738202E+00   0.751729E+00   0.763910E+00   0.775621E+00   0.786920E+00   0.797151E+00   0.807087E+00   0.816424E+00   0.825410E+00   0.831842E+00   0.839311E+00   0.847351E+00   0.855128E+00   0.862575E+00   0.869660E+00   0.876367E+00   0.882684E+00   0.888613E+00   0.894158E+00   0.899331E+00   0.904148E+00   0.908625E+00   0.912783E+00   0.916641E+00   0.920219E+00   0.923538E+00   0.926700E+00   0.929539E+00   0.932175E+00   0.934621E+00   0.936895E+00   0.939009E+00   0.940975E+00   0.942801E+00   0.944495E+00   0.946158E+00   0.947610E+00   0.948987E+00   0.950251E+00   0.951280E+00   0.970000E+00   0.970000E+00   0.970000E+00   0.970000E+00   0.970000E+00   0.970000E+00   0.970000E+00   0.970000E+00   0.953385E+00   0.954424E+00   0.956266E+00   0.957699E+00   0.958948E+00   0.959908E+00   0.960731E+00   0.961446E+00   0.962078E+00   0.962641E+00   0.963148E+00   0.963610E+00   0.964023E+00   0.964293E+00   0.970000E+00   0.970000E+00   0.970000E+00   0.970000E+00   0.970000E+00   0.970000E+00   0.970000E+00   0.970000E+00   0.970000E+00   0.970000E+00   0.970000E+00   0.970000E+00   0.970000E+00   0.967780E+00   0.967857E+00   0.967967E+00   0.968072E+00   0.968170E+00   0.968253E+00   0.968333E+00   0.968415E+00   0.968497E+00   0.968575E+00   0.968649E+00   0.968719E+00   0.968785E+00   0.968848E+00   0.968907E+00   0.968963E+00   0.969017E+00   0.969067E+00   0.969115E+00   0.969160E+00   0.969203E+00   0.969244E+00   0.969283E+00   0.969320E+00   0.969355E+00   0.969389E+00   0.969422E+00   0.969450E+00   0.969478E+00   0.969505E+00   0.969530E+00   0.969554E+00   0.969577E+00   0.969598E+00   0.969619E+00   0.969644E+00
 0.970000E+00   0.970000E+00   0.970000E+00   0.970000E+00   0.970000E+00   0.970000E+00   0.970000E+00   0.970000E+00   0.970000E+00   0.970000E+00   0.970000E+00   0.970000E+00   0.970000E+00   0.970000E+00   0.970000E+00   0.970000E+00   0.721750E+00   0.738202E+00   0.751729E+00   0.763910E+00   0.775620E+00   0.786920E+00   0.797150E+00   0.807087E+00   0.816424E+00   0.825464E+00   0.832066E+00   0.839305E+00   0.847286E+00   0.855051E+00   0.862495E+00   0.869583E+00   0.876294E+00   0.882618E+00   0.888555E+00   0.894108E+00   0.899290E+00   0.904114E+00   0.908599E+00   0.912762E+00   0.916626E+00   0.920208E+00   0.923530E+00   0.926695E+00   0.929537E+00   0.932174E+00   0.934623E+00   0.936899E+00   0.939012E+00   0.940973E+00   0.942794E+00   0.944486E+00   0.946149E+00   0.947621E+00   0.948986E+00   0.950183E+00   0.951015E+00   0.970000E+00   0.970000E+00   0.970000E+00   0.970000E+00   0.970000E+00   0.970000E+00   0.970000E+00   0.970000E+00   0.953080E+00   0.954322E+00   0.956197E+00   0.957653E+00   0.958915E+00   0.959884E+00   0.960713E+00   0.961433E+00   0.962067E+00   0.962633E+00   0.963142E+00   0.963606E+00   0.964017E+00   0.964283E+00   0.970000E+00   0.970000E+00   0.970000E+00   0.970000E+00   0.970000E+00   0.970000E+00   0.970000E+00   0.970000E+00   0.970000E+00   0.970000E+00   0.970000E+00   0.970000E+00   0.970000E+00   0.967780E+00   0.967857E+00   0.967967E+00   0.968072E+00   0.968170E+00   0.968253E+00   0.968333E+00   0.968415E+00   0.968497E+00   0.968575E+00   0.968649E+00   0.968719E+00   0.968785E+00   0.968848E+00   0.968907E+00   0.968963E+00   0.969017E+00   0.969067E+00   0.969115E+00   0.969160E+00   0.969204E+00   0.969244E+00   0.969283E+00   0.969320E+00   0.969355E+00   0.969389E+00   0.969422E+00   0.969450E+00   0.969479E+00   0.969505E+00   0.969530E+00   0.969554E+00   0.969577E+00   0.969598E+00   0.969619E+00   0.969644E+00
 0.970000E+00   0.970000E+00   0.970000E+00   0.970000E+00   0.970000E+00   0.970000E+00   0.970000E+00   0.970000E+00   0.970000E+00   0.970000E+00   0.970000E+00   0.970000E+00   0.970000E+00   0.970000E+00   0.970000E+00   0.970000E+00   0.721750E+00   0.738201E+00   0.751729E+00   0.763909E+00   0.775620E+00   0.786919E+00   0.797150E+00   0.807086E+00   0.816423E+00   0.825484E+00   0.832355E+00   0.839338E+00   0.847218E+00   0.854974E+00   0.862418E+00   0.869510E+00   0.876229E+00   0.882562E+00   0.888507E+00   0.894069E+00   0.899259E+00   0.904090E+00   0.908580E+00   0.912749E+00   0.916616E+00   0.920202E+00   0.923526E+00   0.926694E+00   0.929538E+00   0.932177E+00   0.934626E+00   0.936898E+00   0.939007E+00   0.940965E+00   0.942784E+00   0.944478E+00   0.946158E+00   0.947624E+00   0.948940E+00   0.950003E+00   0.970000E+00   0.970000E+00   0.970000E+00   0.970000E+00   0.970000E+00   0.970000E+00   0.970000E+00   0.970000E+00   0.952082E+00   0.952766E+00   0.954217E+00   0.956127E+00   0.957605E+00   0.958882E+00   0.959860E+00   0.960695E+00   0.961419E+00   0.962057E+00   0.962625E+00   0.963136E+00   0.963601E+00   0.964011E+00   0.964274E+00   0.970000E+00   0.970000E+00   0.970000E+00   0.970000E+00   0.970000E+00   0.970000E+00   0.970000E+00   0.970000E+00   0.970000E+00   0.970000E+00   0.970000E+00   0.970000E+00   0.970000E+00   0.967780E+00   0.967857E+00   0.967967E+00   0.968072E+00   0.968170E+00   0.968253E+00   0.968333E+00   0.968415E+00   0.968497E+00   0.968575E+00   0.968649E+00   0.968719E+00   0.968785E+00   0.968848E+00   0.968907E+00   0.968963E+00   0.969017E+00   0.969067E+00   0.969115E+00   0.969161E+00   0.969204E+00   0.969244E+00   0.969283E+00   0.969320E+00   0.969355E+00   0.969389E+00   0.969422E+00   0.969450E+00   0.969479E+00   0.969505E+00   0.969530E+00   0.969554E+00   0.969577E+00   0.969599E+00   0.969619E+00   0.969644E+00
 0.970000E+00   0.970000E+00   0.970000E+00   0.970000E+00   0.970000E+00   0.970000E+00   0.970000E+00   0.970000E+00   0.970000E+00   0.970000E+00   0.970000E+00   0.970000E+00   0.970000E+00   0.970000E+00   0.970000E+00   0.970000E+00   0.721750E+00   0.738201E+00   0.751728E+00   0.763909E+00   0.775620E+00   0.786919E+00   0.797149E+00   0.807086E+00   0.816423E+00   0.825487E+00   0.832642E+00   0.839429E+00   0.847161E+00   0.854914E+00   0.862360E+00   0.869458E+00   0.876183E+00   0.882523E+00   0.888475E+00   0.894043E+00   0.899238E+00   0.904074E+00   0.908569E+00   0.912742E+00   0.916612E+00   0.920201E+00   0.923527E+00   0.926696E+00   0.929540E+00   0.932176E+00   0.934622E+00   0.936891E+00   0.938997E+00   0.940953E+00   0.942777E+00   0.944486E+00   0.946163E+00   0.947587E+00   0.948864E+00   0.949961E+00   0.970000E+00   0.970000E+00   0.970000E+00   0.970000E+00   0.970000E+00   0.970000E+00   0.970000E+00   0.970000E+00   0.951810E+00   0.952462E+00   0.954108E+00   0.956055E+00   0.957556E+00   0.958848E+00   0.959835E+00   0.960676E+00   0.961405E+00   0.962046E+00   0.962616E+00   0.963129E+00   0.963596E+00   0.964004E+00   0.964264E+00   0.970000E+00   0.970000E+00   0.970000E+00   0.970000E+00   0.970000E+00   0.970000E+00   0.970000E+00   0.970000E+00   0.970000E+00   0.970000E+00   0.970000E+00   0.970000E+00   0.970000E+00   0.967780E+00   0.967857E+00   0.967967E+00   0.968072E+00   0.968170E+00   0.968253E+00   0.968333E+00   0.968415E+00   0.968497E+00   0.968575E+00   0.968649E+00   0.968719E+00   0.968785E+00   0.968848E+00   0.968907E+00   0.968963E+00   0.969017E+00   0.969067E+00   0.969115E+00   0.969161E+00   0.969204E+00   0.969244E+00   0.969283E+00   0.969320E+00   0.969355E+00   0.969389E+00   0.969422E+00   0.969450E+00   0.969479E+00   0.969505E+00   0.969530E+00   0.969554E+00   0.969577E+00   0.969599E+00   0.969619E+00   0.969644E+00
 0.970000E+00   0.970000E+00   0.970000E+00   0.970000E+00   0.970000E+00   0.970000E+00   0.970000E+00   0.970000E+00   0.970000E+00   0.970000E+00   0.970000E+00   0.970000E+00   0.970000E+00   0.970000E+00   0.970000E+00   0.970000E+00   0.721750E+00   0.738201E+00   0.751728E+00   0.763908E+00   0.775619E+00   0.786918E+00   0.797149E+00   0.807085E+00   0.816422E+00   0.825486E+00   0.832881E+00   0.839548E+00   0.847120E+00   0.854873E+00   0.862323E+00   0.869424E+00   0.876154E+00   0.882500E+00   0.888457E+00   0.894031E+00   0.899230E+00   0.904070E+00   0.908567E+00   0.912742E+00   0.916613E+00   0.920201E+00   0.923526E+00   0.926692E+00   0.929533E+00   0.932167E+00   0.934610E+00   0.936878E+00   0.938985E+00   0.940949E+00   0.942786E+00   0.944489E+00   0.946128E+00   0.947516E+00   0.948992E+00   0.949730E+00   0.970000E+00   0.970000E+00   0.970000E+00   0.970000E+00   0.970000E+00   0.970000E+00   0.970000E+00   0.970000E+00   0.951530E+00   0.952164E+00   0.953994E+00   0.955980E+00   0.957505E+00   0.958812E+00   0.959809E+00   0.960657E+00   0.961390E+00   0.962035E+00   0.962608E+00   0.963123E+00   0.963591E+00   0.963996E+00   0.964254E+00   0.970000E+00   0.970000E+00   0.970000E+00   0.970000E+00   0.970000E+00   0.970000E+00   0.970000E+00   0.970000E+00   0.970000E+00   0.970000E+00   0.970000E+00   0.970000E+00   0.970000E+00   0.967780E+00   0.967857E+00   0.967967E+00   0.968072E+00   0.968170E+00   0.968253E+00   0.968334E+00   0.968415E+00   0.968497E+00   0.968575E+00   0.968649E+00   0.968719E+00   0.968785E+00   0.968848E+00   0.968907E+00   0.968963E+00   0.969017E+00   0.969067E+00   0.969115E+00   0.969161E+00   0.969204E+00   0.969244E+00   0.969283E+00   0.969320E+00   0.969355E+00   0.969389E+00   0.969422E+00   0.969450E+00   0.969479E+00   0.969505E+00   0.969530E+00   0.969554E+00   0.969577E+00   0.969599E+00   0.969619E+00   0.969644E+00
 0.970000E+00   0.970000E+00   0.970000E+00   0.970000E+00   0.970000E+00   0.970000E+00   0.970000E+00   0.970000E+00   0.970000E+00   0.970000E+00   0.970000E+00   0.970000E+00   0.970000E+00   0.970000E+00   0.970000E+00   0.970000E+00   0.721749E+00   0.738201E+00   0.751728E+00   0.763908E+00   0.775619E+00   0.786918E+00   0.797148E+00   0.807085E+00   0.816421E+00   0.825486E+00   0.833066E+00   0.839650E+00   0.847095E+00   0.854854E+00   0.862308E+00   0.869413E+00   0.876147E+00   0.882495E+00   0.888455E+00   0.894029E+00   0.899229E+00   0.904068E+00   0.908564E+00   0.912736E+00   0.916605E+00   0.920190E+00   0.923513E+00   0.926678E+00   0.929518E+00   0.932151E+00   0.934595E+00   0.936867E+00   0.938985E+00   0.940959E+00   0.942784E+00   0.944453E+00   0.946055E+00   0.947638E+00   0.948908E+00   0.970000E+00   0.970000E+00   0.970000E+00   0.970000E+00   0.970000E+00   0.970000E+00   0.970000E+00   0.970000E+00   0.970000E+00   0.951244E+00   0.951866E+00   0.953875E+00   0.955903E+00   0.957453E+00   0.958775E+00   0.959782E+00   0.960637E+00   0.961375E+00   0.962023E+00   0.962599E+00   0.963116E+00   0.963585E+00   0.963988E+00   0.964244E+00   0.970000E+00   0.970000E+00   0.970000E+00   0.970000E+00   0.970000E+00   0.970000E+00   0.970000E+00   0.970000E+00   0.970000E+00   0.970000E+00   0.970000E+00   0.970000E+00   0.970000E+00   0.967780E+00   0.967857E+00   0.967967E+00   0.968072E+00   0.968170E+00   0.968253E+00   0.968334E+00   0.968415E+00   0.968497E+00   0.968575E+00   0.968649E+00   0.968719E+00   0.968785E+00   0.968848E+00   0.968907E+00   0.968963E+00   0.969017E+00   0.969067E+00   0.969115E+00   0.969161E+00   0.969204E+00   0.969244E+00   0.969283E+00   0.969320E+00   0.969355E+00   0.969389E+00   0.969422E+00   0.969450E+00   0.969479E+00   0.969505E+00   0.969530E+00   0.969554E+00   0.969577E+00   0.969599E+00   0.969619E+00   0.969644E+00
 0.970000E+00   0.970000E+00   0.970000E+00   0.970000E+00   0.970000E+00   0.970000E+00   0.970000E+00   0.970000E+00   0.970000E+00   0.970000E+00   0.970000E+00   0.970000E+00   0.970000E+00   0.970000E+00   0.970000E+00   0.970000E+00   0.721749E+00   0.738200E+00   0.751727E+00   0.763908E+00   0.775618E+00   0.786917E+00   0.797148E+00   0.807084E+00   0.816421E+00   0.825485E+00   0.833217E+00   0.839705E+00   0.847089E+00   0.854854E+00   0.862307E+00   0.869411E+00   0.876141E+00   0.882487E+00   0.888443E+00   0.894014E+00   0.899211E+00   0.904047E+00   0.908542E+00   0.912713E+00   0.916581E+00   0.920167E+00   0.923491E+00   0.926656E+00   0.929497E+00   0.932136E+00   0.934589E+00   0.936871E+00   0.938991E+00   0.940948E+00   0.942739E+00   0.944387E+00   0.946156E+00   0.947656E+00   0.948695E+00   0.970000E+00   0.970000E+00   0.970000E+00   0.970000E+00   0.970000E+00   0.970000E+00   0.970000E+00   0.970000E+00   0.970000E+00   0.950951E+00   0.951569E+00   0.953751E+00   0.955822E+00   0.957398E+00   0.958737E+00   0.959754E+00   0.960616E+00   0.961359E+00   0.962011E+00   0.962589E+00   0.963109E+00   0.963589E+00   0.963977E+00   0.970000E+00   0.970000E+00   0.970000E+00   0.970000E+00   0.970000E+00   0.970000E+00   0.970000E+00   0.970000E+00   0.970000E+00   0.970000E+00   0.970000E+00   0.970000E+00   0.970000E+00   0.970000E+00   0.967780E+00   0.967857E+00   0.967967E+00   0.968072E+00   0.968170E+00   0.968253E+00   0.968334E+00   0.968415E+00   0.968497E+00   0.968575E+00   0.968649E+00   0.968719E+00   0.968785E+00   0.968848E+00   0.968907E+00   0.968963E+00   0.969017E+00   0.969067E+00   0.969115E+00   0.969161E+00   0.969204E+00   0.969245E+00   0.969283E+00   0.969320E+00   0.969355E+00   0.969389E+00   0.969422E+00   0.969450E+00   0.969479E+00   0.969505E+00   0.969530E+00   0.969554E+00   0.969577E+00   0.969599E+00   0.969619E+00   0.969644E+00
 0.970000E+00   0.970000E+00   0.970000E+00   0.970000E+00   0.970000E+00   0.970000E+00   0.970000E+00   0.970000E+00   0.970000E+00   0.970000E+00   0.970000E+00   0.970000E+00   0.970000E+00   0.970000E+00   0.970000E+00   0.970000E+00   0.721749E+00   0.738200E+00   0.751727E+00   0.763907E+00   0.775618E+00   0.786917E+00   0.797147E+00   0.807083E+00   0.816420E+00   0.825484E+00   0.833351E+00   0.839734E+00   0.847089E+00   0.854835E+00   0.862277E+00   0.869373E+00   0.876098E+00   0.882440E+00   0.888394E+00   0.893966E+00   0.899164E+00   0.904003E+00   0.908500E+00   0.912674E+00   0.916546E+00   0.920136E+00   0.923464E+00   0.926636E+00   0.929487E+00   0.932136E+00   0.934593E+00   0.936869E+00   0.938967E+00   0.940891E+00   0.942690E+00   0.944482E+00   0.946188E+00   0.947695E+00   0.970000E+00   0.970000E+00   0.970000E+00   0.970000E+00   0.970000E+00   0.970000E+00   0.970000E+00   0.970000E+00   0.970000E+00   0.970000E+00   0.950655E+00   0.951272E+00   0.953622E+00   0.955739E+00   0.957343E+00   0.958698E+00   0.959726E+00   0.960594E+00   0.961343E+00   0.961998E+00   0.962579E+00   0.963102E+00   0.963583E+00   0.963964E+00   0.970000E+00   0.970000E+00   0.970000E+00   0.970000E+00   0.970000E+00   0.970000E+00   0.970000E+00   0.970000E+00   0.970000E+00   0.970000E+00   0.970000E+00   0.970000E+00   0.970000E+00   0.970000E+00   0.967780E+00   0.967857E+00   0.967967E+00   0.968072E+00   0.968171E+00   0.968254E+00   0.968334E+00   0.968415E+00   0.968497E+00   0.968575E+00   0.968649E+00   0.968719E+00   0.968785E+00   0.968848E+00   0.968907E+00   0.968964E+00   0.969017E+00   0.969067E+00   0.969115E+00   0.969161E+00   0.969204E+00   0.969245E+00   0.969283E+00   0.969320E+00   0.969355E+00   0.969389E+00   0.969422E+00   0.969450E+00   0.969479E+00   0.969505E+00   0.969530E+00   0.969554E+00   0.969577E+00   0.969599E+00   0.969619E+00   0.969644E+00
 0.970000E+00   0.970000E+00   0.970000E+00   0.970000E+00   0.970000E+00   0.970000E+00   0.970000E+00   0.970000E+00   0.970000E+00   0.970000E+00   0.970000E+00   0.970000E+00   0.970000E+00   0.970000E+00   0.970000E+00   0.970000E+00   0.721749E+00   0.738200E+00   0.751727E+00   0.763907E+00   0.775617E+00   0.786916E+00   0.797147E+00   0.807083E+00   0.816419E+00   0.825484E+00   0.833459E+00   0.839828E+00   0.847065E+00   0.854768E+00   0.862195E+00   0.869284E+00   0.876008E+00   0.882352E+00   0.888311E+00   0.893888E+00   0.899094E+00   0.903941E+00   0.908446E+00   0.912630E+00   0.916512E+00   0.920113E+00   0.923452E+00   0.926633E+00   0.929488E+00   0.932131E+00   0.934573E+00   0.936824E+00   0.938902E+00   0.940875E+00   0.942779E+00   0.944537E+00   0.946201E+00   0.947434E+00   0.970000E+00   0.970000E+00   0.970000E+00   0.970000E+00   0.970000E+00   0.970000E+00   0.970000E+00   0.970000E+00   0.970000E+00   0.970000E+00   0.950354E+00   0.950973E+00   0.953489E+00   0.955654E+00   0.957285E+00   0.958658E+00   0.959696E+00   0.960572E+00   0.961326E+00   0.961985E+00   0.962569E+00   0.963095E+00   0.963576E+00   0.963951E+00   0.970000E+00   0.970000E+00   0.970000E+00   0.970000E+00   0.970000E+00   0.970000E+00   0.970000E+00   0.970000E+00   0.970000E+00   0.970000E+00   0.970000E+00   0.970000E+00   0.970000E+00   0.970000E+00   0.967780E+00   0.967857E+00   0.967967E+00   0.968072E+00   0.968171E+00   0.968254E+00   0.968334E+00   0.968415E+00   0.968497E+00   0.968575E+00   0.968649E+00   0.968719E+00   0.968785E+00   0.968848E+00   0.968907E+00   0.968964E+00   0.969017E+00   0.969067E+00   0.969115E+00   0.969161E+00   0.969204E+00   0.969245E+00   0.969283E+00   0.969320E+00   0.969355E+00   0.969389E+00   0.969422E+00   0.969450E+00   0.969479E+00   0.969505E+00   0.969530E+00   0.969554E+00   0.969577E+00   0.969599E+00   0.969619E+00   0.969644E+00
 0.970000E+00   0.970000E+00   0.970000E+00   0.970000E+00   0.970000E+00   0.970000E+00   0.970000E+00   0.970000E+00   0.970000E+00   0.970000E+00   0.970000E+00   0.970000E+00   0.970000E+00   0.970000E+00   0.970000E+00   0.970000E+00   0.721749E+00   0.738199E+00   0.751726E+00   0.763906E+00   0.775617E+00   0.786916E+00   0.797146E+00   0.807082E+00   0.816419E+00   0.825483E+00   0.833522E+00   0.840042E+00   0.847039E+00   0.854660E+00   0.862072E+00   0.869159E+00   0.875888E+00   0.882242E+00   0.888214E+00   0.893807E+00   0.899028E+00   0.903890E+00   0.908410E+00   0.912607E+00   0.916498E+00   0.920104E+00   0.923443E+00   0.926617E+00   0.929458E+00   0.932082E+00   0.934507E+00   0.936772E+00   0.938930E+00   0.940960E+00   0.942846E+00   0.944517E+00   0.946030E+00   0.946980E+00   0.970000E+00   0.970000E+00   0.970000E+00   0.970000E+00   0.970000E+00   0.970000E+00   0.970000E+00   0.970000E+00   0.970000E+00   0.970000E+00   0.949794E+00   0.950676E+00   0.953353E+00   0.955568E+00   0.957228E+00   0.958619E+00   0.959668E+00   0.960551E+00   0.961310E+00   0.961973E+00   0.962560E+00   0.963089E+00   0.963570E+00   0.963938E+00   0.970000E+00   0.970000E+00   0.970000E+00   0.970000E+00   0.970000E+00   0.970000E+00   0.970000E+00   0.970000E+00   0.970000E+00   0.970000E+00   0.970000E+00   0.970000E+00   0.970000E+00   0.970000E+00   0.967780E+00   0.967857E+00   0.967967E+00   0.968072E+00   0.968171E+00   0.968254E+00   0.968334E+00   0.968415E+00   0.968497E+00   0.968575E+00   0.968649E+00   0.968719E+00   0.968785E+00   0.968848E+00   0.968907E+00   0.968964E+00   0.969017E+00   0.969067E+00   0.969115E+00   0.969161E+00   0.969204E+00   0.969245E+00   0.969283E+00   0.969320E+00   0.969355E+00   0.969389E+00   0.969422E+00   0.969450E+00   0.969479E+00   0.969505E+00   0.969530E+00   0.969554E+00   0.969577E+00   0.969599E+00   0.969619E+00   0.969644E+00
 0.970000E+00   0.970000E+00   0.970000E+00   0.970000E+00   0.970000E+00   0.970000E+00   0.970000E+00   0.970000E+00   0.970000E+00   0.970000E+00   0.970000E+00   0.970000E+00   0.970000E+00   0.970000E+00   0.970000E+00   0.970000E+00   0.721749E+00   0.738199E+00   0.751726E+00   0.763906E+00   0.775616E+00   0.786915E+00   0.797146E+00   0.807081E+00   0.816418E+00   0.825482E+00   0.833543E+00   0.840333E+00   0.847085E+00   0.854545E+00   0.861953E+00   0.869050E+00   0.875795E+00   0.882166E+00   0.888155E+00   0.893762E+00   0.898994E+00   0.903863E+00   0.908386E+00   0.912581E+00   0.916466E+00   0.920063E+00   0.923389E+00   0.926550E+00   0.929383E+00   0.932022E+00   0.934505E+00   0.936840E+00   0.939019E+00   0.941017E+00   0.942796E+00   0.944354E+00   0.945418E+00   0.970000E+00   0.970000E+00   0.970000E+00   0.970000E+00   0.970000E+00   0.970000E+00   0.970000E+00   0.970000E+00   0.970000E+00   0.970000E+00   0.970000E+00   0.949190E+00   0.950379E+00   0.953215E+00   0.955483E+00   0.957171E+00   0.958580E+00   0.959640E+00   0.960530E+00   0.961295E+00   0.961961E+00   0.962551E+00   0.963083E+00   0.963564E+00   0.963925E+00   0.970000E+00   0.970000E+00   0.970000E+00   0.970000E+00   0.970000E+00   0.970000E+00   0.970000E+00   0.970000E+00   0.970000E+00   0.970000E+00   0.970000E+00   0.970000E+00   0.970000E+00   0.970000E+00   0.967780E+00   0.967857E+00   0.967967E+00   0.968072E+00   0.968171E+00   0.968254E+00   0.968334E+00   0.968415E+00   0.968497E+00   0.968575E+00   0.968649E+00   0.968719E+00   0.968785E+00   0.968848E+00   0.968907E+00   0.968964E+00   0.969017E+00   0.969067E+00   0.969115E+00   0.969161E+00   0.969204E+00   0.969245E+00   0.969283E+00   0.969320E+00   0.969355E+00   0.969390E+00   0.969422E+00   0.969450E+00   0.969479E+00   0.969505E+00   0.969530E+00   0.969554E+00   0.969577E+00   0.969599E+00   0.969619E+00   0.969644E+00
 0.970000E+00   0.970000E+00   0.970000E+00   0.970000E+00   0.970000E+00   0.970000E+00   0.970000E+00   0.970000E+00   0.970000E+00   0.970000E+00   0.970000E+00   0.970000E+00   0.970000E+00   0.970000E+00   0.970000E+00   0.970000E+00   0.721749E+00   0.738198E+00   0.751725E+00   0.763906E+00   0.775616E+00   0.786915E+00   0.797145E+00   0.807081E+00   0.816417E+00   0.825481E+00   0.833545E+00   0.840596E+00   0.847214E+00   0.854475E+00   0.861890E+00   0.868993E+00   0.875740E+00   0.882110E+00   0.888096E+00   0.893697E+00   0.898922E+00   0.903784E+00   0.908298E+00   0.912485E+00   0.916365E+00   0.919960E+00   0.923298E+00   0.926491E+00   0.929382E+00   0.932083E+00   0.934599E+00   0.936926E+00   0.939034E+00   0.940936E+00   0.942613E+00   0.943752E+00   0.970000E+00   0.970000E+00   0.970000E+00   0.970000E+00   0.970000E+00   0.970000E+00   0.970000E+00   0.970000E+00   0.970000E+00   0.970000E+00   0.970000E+00   0.970000E+00   0.948543E+00   0.950079E+00   0.953073E+00   0.955395E+00   0.957113E+00   0.958540E+00   0.959611E+00   0.960509E+00   0.961279E+00   0.961950E+00   0.962542E+00   0.963076E+00   0.963557E+00   0.963912E+00   0.970000E+00   0.970000E+00   0.970000E+00   0.970000E+00   0.970000E+00   0.970000E+00   0.970000E+00   0.970000E+00   0.970000E+00   0.970000E+00   0.970000E+00   0.970000E+00   0.970000E+00   0.970000E+00   0.967779E+00   0.967856E+00   0.967967E+00   0.968072E+00   0.968171E+00   0.968254E+00   0.968334E+00   0.968415E+00   0.968497E+00   0.968575E+00   0.968649E+00   0.968719E+00   0.968785E+00   0.968848E+00   0.968907E+00   0.968964E+00   0.969017E+00   0.969068E+00   0.969115E+00   0.969161E+00   0.969204E+00   0.969245E+00   0.969283E+00   0.969320E+00   0.969355E+00   0.969390E+00   0.969422E+00   0.969451E+00   0.969479E+00   0.969505E+00   0.969531E+00   0.969554E+00   0.969577E+00   0.969599E+00   0.969619E+00   0.969644E+00
 0.970000E+00   0.970000E+00   0.970000E+00   0.970000E+00   0.970000E+00   0.970000E+00   0.970000E+00   0.970000E+00   0.970000E+00   0.970000E+00   0.970000E+00   0.970000E+00   0.970000E+00   0.970000E+00   0.970000E+00   0.970000E+00   0.721749E+00   0.738198E+00   0.751725E+00   0.763905E+00   0.775615E+00   0.786914E+00   0.797144E+00   0.807080E+00   0.816416E+00   0.825481E+00   0.833545E+00   0.840789E+00   0.847370E+00   0.854425E+00   0.861788E+00   0.868857E+00   0.875579E+00   0.881931E+00   0.887905E+00   0.893502E+00   0.898729E+00   0.903600E+00   0.908134E+00   0.912351E+00   0.916276E+00   0.919930E+00   0.923331E+00   0.926574E+00   0.929491E+00   0.932183E+00   0.934641E+00   0.936879E+00   0.938921E+00   0.940672E+00   0.941866E+00   0.970000E+00   0.970000E+00   0.970000E+00   0.970000E+00   0.970000E+00   0.970000E+00   0.970000E+00   0.970000E+00   0.970000E+00   0.970000E+00   0.970000E+00   0.970000E+00   0.970000E+00   0.947847E+00   0.949775E+00   0.952926E+00   0.955305E+00   0.957054E+00   0.958500E+00   0.959582E+00   0.960488E+00   0.961263E+00   0.961938E+00   0.962533E+00   0.963070E+00   0.963551E+00   0.963899E+00   0.970000E+00   0.970000E+00   0.970000E+00   0.970000E+00   0.970000E+00   0.970000E+00   0.970000E+00   0.970000E+00   0.970000E+00   0.970000E+00   0.970000E+00   0.970000E+00   0.970000E+00   0.970000E+00   0.967779E+00   0.967856E+00   0.967967E+00   0.968072E+00   0.968171E+00   0.968254E+00   0.968334E+00   0.968415E+00   0.968497E+00   0.968575E+00   0.968649E+00   0.968719E+00   0.968785E+00   0.968848E+00   0.968907E+00   0.968964E+00   0.969017E+00   0.969068E+00   0.969115E+00   0.969161E+00   0.969204E+00   0.969245E+00   0.969283E+00   0.969320E+00   0.969355E+00   0.969390E+00   0.969422E+00   0.969451E+00   0.969479E+00   0.969505E+00   0.969531E+00   0.969554E+00   0.969577E+00   0.969599E+00   0.969619E+00   0.969644E+00
 0.970000E+00   0.970000E+00   0.970000E+00   0.970000E+00   0.970000E+00   0.970000E+00   0.970000E+00   0.970000E+00   0.970000E+00   0.970000E+00   0.970000E+00   0.970000E+00   0.970000E+00   0.970000E+00   0.970000E+00   0.970000E+00   0.721748E+00   0.738198E+00   0.751725E+00   0.763905E+00   0.775615E+00   0.786914E+00   0.797144E+00   0.807080E+00   0.816416E+00   0.825480E+00   0.833544E+00   0.840884E+00   0.847705E+00   0.854376E+00   0.861522E+00   0.868529E+00   0.875236E+00   0.881603E+00   0.887615E+00   0.893268E+00   0.898565E+00   0.903514E+00   0.908126E+00   0.912413E+00   0.916388E+00   0.920068E+00   0.923468E+00   0.926679E+00   0.929527E+00   0.932138E+00   0.934537E+00   0.936716E+00   0.938447E+00   0.970000E+00   0.970000E+00   0.970000E+00   0.970000E+00   0.970000E+00   0.970000E+00   0.970000E+00   0.970000E+00   0.970000E+00   0.970000E+00   0.970000E+00   0.970000E+00   0.970000E+00   0.970000E+00   0.946188E+00   0.947099E+00   0.949464E+00   0.952774E+00   0.955213E+00   0.956994E+00   0.958459E+00   0.959553E+00   0.960467E+00   0.961247E+00   0.961925E+00   0.962524E+00   0.963063E+00   0.963544E+00   0.963886E+00   0.970000E+00   0.970000E+00   0.970000E+00   0.970000E+00   0.970000E+00   0.970000E+00   0.970000E+00   0.970000E+00   0.970000E+00   0.970000E+00   0.970000E+00   0.970000E+00   0.970000E+00   0.970000E+00   0.967779E+00   0.967856E+00   0.967967E+00   0.968072E+00   0.968171E+00   0.968254E+00   0.968334E+00   0.968415E+00   0.968497E+00   0.968575E+00   0.968649E+00   0.968719E+00   0.968785E+00   0.968848E+00   0.968907E+00   0.968964E+00   0.969017E+00   0.969068E+00   0.969116E+00   0.969161E+00   0.969204E+00   0.969245E+00   0.969283E+00   0.969320E+00   0.969355E+00   0.969390E+00   0.969422E+00   0.969451E+00   0.969479E+00   0.969505E+00   0.969531E+00   0.969554E+00   0.969577E+00   0.969599E+00   0.969619E+00   0.969644E+00
 0.970000E+00   0.970000E+00   0.970000E+00   0.970000E+00   0.970000E+00   0.970000E+00   0.970000E+00   0.970000E+00   0.970000E+00   0.970000E+00   0.970000E+00   0.970000E+00   0.970000E+00   0.970000E+00   0.970000E+00   0.970000E+00   0.721748E+00   0.738197E+00   0.751724E+00   0.763904E+00   0.775614E+00   0.786913E+00   0.797143E+00   0.807079E+00   0.816415E+00   0.825479E+00   0.833543E+00   0.840894E+00   0.848041E+00   0.854688E+00   0.861261E+00   0.868246E+00   0.875053E+00   0.881540E+00   0.887665E+00   0.893408E+00   0.898765E+00   0.903744E+00   0.908356E+00   0.912615E+00   0.916537E+00   0.920142E+00   0.923459E+00   0.926599E+00   0.929403E+00   0.931963E+00   0.934321E+00   0.936636E+00   0.970000E+00   0.970000E+00   0.970000E+00   0.970000E+00   0.970000E+00   0.970000E+00   0.970000E+00   0.970000E+00   0.970000E+00   0.970000E+00   0.970000E+00   0.970000E+00   0.970000E+00   0.970000E+00   0.970000E+00   0.945446E+00   0.946321E+00   0.949145E+00   0.952617E+00   0.955117E+00   0.956932E+00   0.958416E+00   0.959523E+00   0.960445E+00   0.961231E+00   0.961913E+00   0.962515E+00   0.963056E+00   0.963537E+00   0.963872E+00   0.970000E+00   0.970000E+00   0.970000E+00   0.970000E+00   0.970000E+00   0.970000E+00   0.970000E+00   0.970000E+00   0.970000E+00   0.970000E+00   0.970000E+00   0.970000E+00   0.970000E+00   0.970000E+00   0.967779E+00   0.967856E+00   0.967967E+00   0.968072E+00   0.968171E+00   0.968254E+00   0.968334E+00   0.968415E+00   0.968497E+00   0.968575E+00   0.968649E+00   0.968719E+00   0.968785E+00   0.968848E+00   0.968907E+00   0.968964E+00   0.969017E+00   0.969068E+00   0.969116E+00   0.969161E+00   0.969204E+00   0.969245E+00   0.969283E+00   0.969320E+00   0.969355E+00   0.969390E+00   0.969422E+00   0.969451E+00   0.969479E+00   0.969505E+00   0.969531E+00   0.969555E+00   0.969577E+00   0.969599E+00   0.969619E+00   0.969644E+00
 0.970000E+00   0.970000E+00   0.970000E+00   0.970000E+00   0.970000E+00   0.970000E+00   0.970000E+00   0.970000E+00   0.970000E+00   0.970000E+00   0.970000E+00   0.970000E+00   0.970000E+00   0.970000E+00   0.970000E+00   0.970000E+00   0.721748E+00   0.738197E+00   0.751724E+00   0.763904E+00   0.775614E+00   0.786912E+00   0.797143E+00   0.807078E+00   0.816414E+00   0.825478E+00   0.833542E+00   0.840894E+00   0.848148E+00   0.855051E+00   0.861142E+00   0.868534E+00   0.875489E+00   0.882008E+00   0.888100E+00   0.893770E+00   0.899031E+00   0.903901E+00   0.908406E+00   0.912571E+00   0.916424E+00   0.919990E+00   0.923276E+00   0.926380E+00   0.929198E+00   0.932183E+00   0.934186E+00   0.970000E+00   0.970000E+00   0.970000E+00   0.970000E+00   0.970000E+00   0.970000E+00   0.970000E+00   0.970000E+00   0.970000E+00   0.970000E+00   0.970000E+00   0.970000E+00   0.970000E+00   0.970000E+00   0.970000E+00   0.970000E+00   0.944655E+00   0.945512E+00   0.948816E+00   0.952452E+00   0.955018E+00   0.956867E+00   0.958372E+00   0.959492E+00   0.960422E+00   0.961214E+00   0.961900E+00   0.962506E+00   0.963049E+00   0.963529E+00   0.963858E+00   0.970000E+00   0.970000E+00   0.970000E+00   0.970000E+00   0.970000E+00   0.970000E+00   0.970000E+00   0.970000E+00   0.970000E+00   0.970000E+00   0.970000E+00   0.970000E+00   0.970000E+00   0.970000E+00   0.967779E+00   0.967856E+00   0.967967E+00   0.968072E+00   0.968171E+00   0.968254E+00   0.968334E+00   0.968415E+00   0.968497E+00   0.968575E+00   0.968649E+00   0.968719E+00   0.968785E+00   0.968848E+00   0.968907E+00   0.968964E+00   0.969017E+00   0.969068E+00   0.969116E+00   0.969161E+00   0.969204E+00   0.969245E+00   0.969284E+00   0.969320E+00   0.969355E+00   0.969390E+00   0.969422E+00   0.969451E+00   0.969479E+00   0.969505E+00   0.969531E+00   0.969555E+00   0.969577E+00   0.969599E+00   0.969619E+00   0.969644E+00
 0.970000E+00   0.970000E+00   0.970000E+00   0.970000E+00   0.970000E+00   0.970000E+00   0.970000E+00   0.970000E+00   0.970000E+00   0.970000E+00   0.970000E+00   0.970000E+00   0.970000E+00   0.970000E+00   0.970000E+00   0.970000E+00   0.721748E+00   0.738197E+00   0.751723E+00   0.763903E+00   0.775613E+00   0.786912E+00   0.797142E+00   0.807078E+00   0.816414E+00   0.825477E+00   0.833541E+00   0.840893E+00   0.848399E+00   0.854441E+00   0.861817E+00   0.869045E+00   0.875791E+00   0.882134E+00   0.888079E+00   0.893638E+00   0.898824E+00   0.903652E+00   0.908135E+00   0.912289E+00   0.916133E+00   0.919721E+00   0.923268E+00   0.926707E+00   0.929524E+00   0.930955E+00   0.970000E+00   0.970000E+00   0.970000E+00   0.970000E+00   0.970000E+00   0.970000E+00   0.970000E+00   0.970000E+00   0.970000E+00   0.970000E+00   0.970000E+00   0.970000E+00   0.970000E+00   0.970000E+00   0.970000E+00   0.970000E+00   0.970000E+00   0.943821E+00   0.944671E+00   0.948474E+00   0.952281E+00   0.954915E+00   0.956800E+00   0.958327E+00   0.959459E+00   0.960398E+00   0.961196E+00   0.961887E+00   0.962496E+00   0.963041E+00   0.963521E+00   0.963844E+00   0.970000E+00   0.970000E+00   0.970000E+00   0.970000E+00   0.970000E+00   0.970000E+00   0.970000E+00   0.970000E+00   0.970000E+00   0.970000E+00   0.970000E+00   0.970000E+00   0.970000E+00   0.970000E+00   0.967779E+00   0.967856E+00   0.967967E+00   0.968072E+00   0.968171E+00   0.968254E+00   0.968334E+00   0.968415E+00   0.968497E+00   0.968575E+00   0.968649E+00   0.968719E+00   0.968785E+00   0.968848E+00   0.968907E+00   0.968964E+00   0.969017E+00   0.969068E+00   0.969116E+00   0.969161E+00   0.969204E+00   0.969245E+00   0.969284E+00   0.969320E+00   0.969355E+00   0.969390E+00   0.969422E+00   0.969451E+00   0.969479E+00   0.969505E+00   0.969531E+00   0.969555E+00   0.969577E+00   0.969599E+00   0.969619E+00   0.969644E+00
 0.970000E+00   0.970000E+00   0.970000E+00   0.970000E+00   0.970000E+00   0.970000E+00   0.970000E+00   0.970000E+00   0.970000E+00   0.970000E+00   0.970000E+00   0.970000E+00   0.970000E+00   0.970000E+00   0.970000E+00   0.970000E+00   0.721748E+00   0.738196E+00   0.751723E+00   0.763903E+00   0.775613E+00   0.786911E+00   0.797141E+00   0.807077E+00   0.816413E+00   0.825477E+00   0.833540E+00   0.840892E+00   0.848920E+00   0.853872E+00   0.861713E+00   0.868689E+00   0.875335E+00   0.881628E+00   0.887556E+00   0.893120E+00   0.898331E+00   0.903221E+00   0.907870E+00   0.912395E+00   0.916558E+00   0.920207E+00   0.923442E+00   0.925360E+00   0.970000E+00   0.970000E+00   0.970000E+00   0.970000E+00   0.970000E+00   0.970000E+00   0.970000E+00   0.970000E+00   0.970000E+00   0.970000E+00   0.970000E+00   0.970000E+00   0.970000E+00   0.970000E+00   0.970000E+00   0.970000E+00   0.970000E+00   0.970000E+00   0.970000E+00   0.943043E+00   0.943887E+00   0.948118E+00   0.952102E+00   0.954809E+00   0.956731E+00   0.958281E+00   0.959426E+00   0.960374E+00   0.961178E+00   0.961873E+00   0.962485E+00   0.963033E+00   0.963512E+00   0.963830E+00   0.970000E+00   0.970000E+00   0.970000E+00   0.970000E+00   0.970000E+00   0.970000E+00   0.970000E+00   0.970000E+00   0.970000E+00   0.970000E+00   0.970000E+00   0.970000E+00   0.970000E+00   0.970000E+00   0.967779E+00   0.967856E+00   0.967967E+00   0.968072E+00   0.968171E+00   0.968254E+00   0.968334E+00   0.968415E+00   0.968497E+00   0.968575E+00   0.968649E+00   0.968719E+00   0.968785E+00   0.968848E+00   0.968908E+00   0.968964E+00   0.969017E+00   0.969068E+00   0.969116E+00   0.969161E+00   0.969204E+00   0.969245E+00   0.969284E+00   0.969320E+00   0.969355E+00   0.969390E+00   0.969422E+00   0.969451E+00   0.969479E+00   0.969505E+00   0.969531E+00   0.969555E+00   0.969577E+00   0.969599E+00   0.969619E+00   0.969644E+00
 0.970000E+00   0.970000E+00   0.970000E+00   0.970000E+00   0.970000E+00   0.970000E+00   0.970000E+00   0.970000E+00   0.970000E+00   0.970000E+00   0.970000E+00   0.970000E+00   0.970000E+00   0.970000E+00   0.970000E+00   0.970000E+00   0.721748E+00   0.738196E+00   0.751723E+00   0.763902E+00   0.775612E+00   0.786911E+00   0.797141E+00   0.807076E+00   0.816412E+00   0.825476E+00   0.833539E+00   0.840891E+00   0.849101E+00   0.854356E+00   0.861296E+00   0.868024E+00   0.874643E+00   0.881100E+00   0.887424E+00   0.893491E+00   0.899013E+00   0.903963E+00   0.908457E+00   0.912596E+00   0.915705E+00   0.970000E+00   0.970000E+00   0.970000E+00   0.970000E+00   0.970000E+00   0.970000E+00   0.970000E+00   0.970000E+00   0.970000E+00   0.970000E+00   0.970000E+00   0.970000E+00   0.970000E+00   0.970000E+00   0.970000E+00   0.970000E+00   0.970000E+00   0.970000E+00   0.970000E+00   0.970000E+00   0.970000E+00   0.970000E+00   0.942118E+00   0.942969E+00   0.947748E+00   0.951915E+00   0.954699E+00   0.956660E+00   0.958233E+00   0.959392E+00   0.960349E+00   0.961159E+00   0.961859E+00   0.962475E+00   0.963024E+00   0.963503E+00   0.963815E+00   0.970000E+00   0.970000E+00   0.970000E+00   0.970000E+00   0.970000E+00   0.970000E+00   0.970000E+00   0.970000E+00   0.970000E+00   0.970000E+00   0.970000E+00   0.970000E+00   0.970000E+00   0.970000E+00   0.967779E+00   0.967856E+00   0.967967E+00   0.968072E+00   0.968171E+00   0.968254E+00   0.968334E+00   0.968415E+00   0.968497E+00   0.968575E+00   0.968649E+00   0.968719E+00   0.968785E+00   0.968848E+00   0.968908E+00   0.968964E+00   0.969017E+00   0.969068E+00   0.969116E+00   0.969161E+00   0.969204E+00   0.969245E+00   0.969284E+00   0.969320E+00   0.969355E+00   0.969390E+00   0.969422E+00   0.969451E+00   0.969479E+00   0.969505E+00   0.969531E+00   0.969555E+00   0.969577E+00   0.969599E+00   0.969619E+00   0.969644E+00
 0.970000E+00   0.970000E+00   0.970000E+00   0.970000E+00   0.970000E+00   0.970000E+00   0.970000E+00   0.970000E+00   0.970000E+00   0.970000E+00   0.970000E+00   0.970000E+00   0.970000E+00   0.970000E+00   0.970000E+00   0.970000E+00   0.721748E+00   0.738195E+00   0.751722E+00   0.763902E+00   0.775612E+00   0.786910E+00   0.797140E+00   0.807075E+00   0.816411E+00   0.825475E+00   0.833538E+00   0.840889E+00   0.849120E+00   0.855024E+00   0.861155E+00   0.868817E+00   0.875837E+00   0.882201E+00   0.888136E+00   0.893681E+00   0.898459E+00   0.901439E+00   0.970000E+00   0.970000E+00   0.970000E+00   0.970000E+00   0.970000E+00   0.970000E+00   0.970000E+00   0.970000E+00   0.970000E+00   0.970000E+00   0.970000E+00   0.970000E+00   0.970000E+00   0.970000E+00   0.970000E+00   0.970000E+00   0.970000E+00   0.970000E+00   0.970000E+00   0.970000E+00   0.970000E+00   0.970000E+00   0.970000E+00   0.970000E+00   0.970000E+00   0.941225E+00   0.942085E+00   0.947361E+00   0.951721E+00   0.954584E+00   0.956586E+00   0.958183E+00   0.959357E+00   0.960323E+00   0.961140E+00   0.961844E+00   0.962464E+00   0.963016E+00   0.963493E+00   0.963801E+00   0.970000E+00   0.970000E+00   0.970000E+00   0.970000E+00   0.970000E+00   0.970000E+00   0.970000E+00   0.970000E+00   0.970000E+00   0.970000E+00   0.970000E+00   0.970000E+00   0.970000E+00   0.970000E+00   0.967778E+00   0.967856E+00   0.967966E+00   0.968072E+00   0.968171E+00   0.968254E+00   0.968334E+00   0.968415E+00   0.968497E+00   0.968575E+00   0.968649E+00   0.968719E+00   0.968785E+00   0.968848E+00   0.968908E+00   0.968964E+00   0.969017E+00   0.969068E+00   0.969116E+00   0.969161E+00   0.969204E+00   0.969245E+00   0.969284E+00   0.969320E+00   0.969355E+00   0.969390E+00   0.969422E+00   0.969451E+00   0.969479E+00   0.969505E+00   0.969531E+00   0.969555E+00   0.969577E+00   0.969599E+00   0.969619E+00   0.969645E+00
 0.970000E+00   0.970000E+00   0.970000E+00   0.970000E+00   0.970000E+00   0.970000E+00   0.970000E+00   0.970000E+00   0.970000E+00   0.970000E+00   0.970000E+00   0.970000E+00   0.970000E+00   0.970000E+00   0.970000E+00   0.970000E+00   0.721747E+00   0.738195E+00   0.751721E+00   0.763901E+00   0.775611E+00   0.786909E+00   0.797139E+00   0.807074E+00   0.816410E+00   0.825474E+00   0.833537E+00   0.840888E+00   0.849254E+00   0.854373E+00   0.861846E+00   0.868086E+00   0.872669E+00   0.970000E+00   0.970000E+00   0.970000E+00   0.970000E+00   0.970000E+00   0.970000E+00   0.970000E+00   0.970000E+00   0.970000E+00   0.970000E+00   0.970000E+00   0.970000E+00   0.970000E+00   0.970000E+00   0.970000E+00   0.970000E+00   0.970000E+00   0.970000E+00   0.970000E+00   0.970000E+00   0.970000E+00   0.970000E+00   0.970000E+00   0.970000E+00   0.970000E+00   0.970000E+00   0.970000E+00   0.970000E+00   0.970000E+00   0.970000E+00   0.940582E+00   0.941459E+00   0.946957E+00   0.951519E+00   0.954466E+00   0.956511E+00   0.958133E+00   0.959321E+00   0.960297E+00   0.961120E+00   0.961830E+00   0.962453E+00   0.963007E+00   0.963483E+00   0.963786E+00   0.970000E+00   0.970000E+00   0.970000E+00   0.970000E+00   0.970000E+00   0.970000E+00   0.970000E+00   0.970000E+00   0.970000E+00   0.970000E+00   0.970000E+00   0.970000E+00   0.970000E+00   0.970000E+00   0.967778E+00   0.967855E+00   0.967966E+00   0.968072E+00   0.968171E+00   0.968254E+00   0.968334E+00   0.968415E+00   0.968497E+00   0.968575E+00   0.968649E+00   0.968719E+00   0.968785E+00   0.968848E+00   0.968908E+00   0.968964E+00   0.969017E+00   0.969068E+00   0.969116E+00   0.969161E+00   0.969204E+00   0.969245E+00   0.969284E+00   0.969320E+00   0.969355E+00   0.969390E+00   0.969422E+00   0.969451E+00   0.969479E+00   0.969506E+00   0.969531E+00   0.969555E+00   0.969577E+00   0.969599E+00   0.969619E+00   0.969645E+00
 0.970000E+00   0.970000E+00   0.970000E+00   0.970000E+00   0.970000E+00   0.970000E+00   0.970000E+00   0.970000E+00   0.970000E+00   0.970000E+00   0.970000E+00   0.970000E+00   0.970000E+00   0.970000E+00   0.970000E+00   0.970000E+00   0.721747E+00   0.738194E+00   0.751721E+00   0.763900E+00   0.775610E+00   0.786908E+00   0.797138E+00   0.807073E+00   0.816409E+00   0.825472E+00   0.833535E+00   0.840886E+00   0.849329E+00   0.854762E+00   0.859744E+00   0.864760E+00   0.970000E+00   0.970000E+00   0.970000E+00   0.970000E+00   0.970000E+00   0.970000E+00   0.970000E+00   0.970000E+00   0.970000E+00   0.970000E+00   0.970000E+00   0.970000E+00   0.970000E+00   0.970000E+00   0.970000E+00   0.970000E+00   0.970000E+00   0.970000E+00   0.970000E+00   0.970000E+00   0.970000E+00   0.970000E+00   0.970000E+00   0.970000E+00   0.970000E+00   0.970000E+00   0.970000E+00   0.970000E+00   0.970000E+00   0.970000E+00   0.970000E+00   0.940484E+00   0.941392E+00   0.946536E+00   0.951310E+00   0.954346E+00   0.956435E+00   0.958082E+00   0.959285E+00   0.960271E+00   0.961101E+00   0.961815E+00   0.962442E+00   0.962998E+00   0.963472E+00   0.963771E+00   0.970000E+00   0.970000E+00   0.970000E+00   0.970000E+00   0.970000E+00   0.970000E+00   0.970000E+00   0.970000E+00   0.970000E+00   0.970000E+00   0.970000E+00   0.970000E+00   0.970000E+00   0.970000E+00   0.967778E+00   0.967855E+00   0.967966E+00   0.968072E+00   0.968171E+00   0.968254E+00   0.968334E+00   0.968415E+00   0.968497E+00   0.968575E+00   0.968649E+00   0.968719E+00   0.968785E+00   0.968848E+00   0.968908E+00   0.968964E+00   0.969017E+00   0.969068E+00   0.969116E+00   0.969161E+00   0.969204E+00   0.969245E+00   0.969284E+00   0.969320E+00   0.969355E+00   0.969390E+00   0.969422E+00   0.969451E+00   0.969479E+00   0.969506E+00   0.969531E+00   0.969555E+00   0.969577E+00   0.969599E+00   0.969619E+00   0.969645E+00
 0.970000E+00   0.970000E+00   0.970000E+00   0.970000E+00   0.970000E+00   0.970000E+00   0.970000E+00   0.970000E+00   0.970000E+00   0.970000E+00   0.970000E+00   0.970000E+00   0.970000E+00   0.970000E+00   0.970000E+00   0.970000E+00   0.721747E+00   0.738194E+00   0.751720E+00   0.763900E+00   0.775609E+00   0.786907E+00   0.797137E+00   0.807072E+00   0.816408E+00   0.825471E+00   0.833534E+00   0.840885E+00   0.849337E+00   0.854861E+00   0.859083E+00   0.864757E+00   0.970000E+00   0.970000E+00   0.970000E+00   0.970000E+00   0.970000E+00   0.970000E+00   0.970000E+00   0.970000E+00   0.970000E+00   0.970000E+00   0.970000E+00   0.970000E+00   0.970000E+00   0.970000E+00   0.970000E+00   0.970000E+00   0.970000E+00   0.970000E+00   0.970000E+00   0.970000E+00   0.970000E+00   0.970000E+00   0.970000E+00   0.970000E+00   0.970000E+00   0.970000E+00   0.970000E+00   0.970000E+00   0.970000E+00   0.970000E+00   0.970000E+00   0.940469E+00   0.941406E+00   0.946099E+00   0.951094E+00   0.954222E+00   0.956357E+00   0.958030E+00   0.959249E+00   0.960245E+00   0.961082E+00   0.961801E+00   0.962431E+00   0.962989E+00   0.963460E+00   0.963755E+00   0.970000E+00   0.970000E+00   0.970000E+00   0.970000E+00   0.970000E+00   0.970000E+00   0.970000E+00   0.970000E+00   0.970000E+00   0.970000E+00   0.970000E+00   0.970000E+00   0.970000E+00   0.970000E+00   0.967778E+00   0.967855E+00   0.967966E+00   0.968072E+00   0.968171E+00   0.968254E+00   0.968334E+00   0.968415E+00   0.968497E+00   0.968575E+00   0.968649E+00   0.968719E+00   0.968785E+00   0.968848E+00   0.968908E+00   0.968964E+00   0.969017E+00   0.969068E+00   0.969116E+00   0.969161E+00   0.969204E+00   0.969245E+00   0.969284E+00   0.969320E+00   0.969355E+00   0.969390E+00   0.969422E+00   0.969451E+00   0.969479E+00   0.969506E+00   0.969531E+00   0.969555E+00   0.969577E+00   0.969599E+00   0.969619E+00   0.969645E+00
 0.970000E+00   0.970000E+00   0.970000E+00   0.970000E+00   0.970000E+00   0.970000E+00   0.970000E+00   0.970000E+00   0.970000E+00   0.970000E+00   0.970000E+00   0.970000E+00   0.970000E+00   0.970000E+00   0.970000E+00   0.970000E+00   0.721747E+00   0.738193E+00   0.751720E+00   0.763899E+00   0.775609E+00   0.786907E+00   0.797136E+00   0.807071E+00   0.816407E+00   0.825470E+00   0.833533E+00   0.840884E+00   0.849348E+00   0.854746E+00   0.859083E+00   0.864756E+00   0.970000E+00   0.970000E+00   0.970000E+00   0.970000E+00   0.970000E+00   0.970000E+00   0.970000E+00   0.970000E+00   0.970000E+00   0.970000E+00   0.970000E+00   0.970000E+00   0.970000E+00   0.970000E+00   0.970000E+00   0.970000E+00   0.970000E+00   0.970000E+00   0.970000E+00   0.970000E+00   0.970000E+00   0.970000E+00   0.970000E+00   0.970000E+00   0.970000E+00   0.970000E+00   0.970000E+00   0.970000E+00   0.970000E+00   0.970000E+00   0.970000E+00   0.940459E+00   0.941421E+00   0.945641E+00   0.950867E+00   0.954093E+00   0.956276E+00   0.957977E+00   0.959212E+00   0.960218E+00   0.961062E+00   0.961788E+00   0.962457E+00   0.962980E+00   0.963444E+00   0.970000E+00   0.970000E+00   0.970000E+00   0.970000E+00   0.970000E+00   0.970000E+00   0.970000E+00   0.970000E+00   0.970000E+00   0.970000E+00   0.970000E+00   0.970000E+00   0.970000E+00   0.970000E+00   0.970000E+00   0.967778E+00   0.967855E+00   0.967966E+00   0.968072E+00   0.968171E+00   0.968254E+00   0.968334E+00   0.968415E+00   0.968497E+00   0.968575E+00   0.968649E+00   0.968719E+00   0.968785E+00   0.968848E+00   0.968908E+00   0.968964E+00   0.969017E+00   0.969068E+00   0.969116E+00   0.969161E+00   0.969204E+00   0.969245E+00   0.969284E+00   0.969320E+00   0.969355E+00   0.969390E+00   0.969422E+00   0.969451E+00   0.969479E+00   0.969506E+00   0.969531E+00   0.969555E+00   0.969577E+00   0.969599E+00   0.969620E+00   0.969645E+00
 0.970000E+00   0.970000E+00   0.970000E+00   0.970000E+00   0.970000E+00   0.970000E+00   0.970000E+00   0.970000E+00   0.970000E+00   0.970000E+00   0.970000E+00   0.970000E+00   0.970000E+00   0.970000E+00   0.970000E+00   0.970000E+00   0.721747E+00   0.738193E+00   0.751719E+00   0.763899E+00   0.775608E+00   0.786906E+00   0.797136E+00   0.807071E+00   0.816406E+00   0.825469E+00   0.833532E+00   0.840883E+00   0.849356E+00   0.854670E+00   0.859083E+00   0.864756E+00   0.970000E+00   0.970000E+00   0.970000E+00   0.970000E+00   0.970000E+00   0.970000E+00   0.970000E+00   0.970000E+00   0.970000E+00   0.970000E+00   0.970000E+00   0.970000E+00   0.970000E+00   0.970000E+00   0.970000E+00   0.970000E+00   0.970000E+00   0.970000E+00   0.970000E+00   0.970000E+00   0.970000E+00   0.970000E+00   0.970000E+00   0.970000E+00   0.970000E+00   0.970000E+00   0.970000E+00   0.970000E+00   0.970000E+00   0.970000E+00   0.970000E+00   0.940452E+00   0.941437E+00   0.945246E+00   0.950632E+00   0.953961E+00   0.956194E+00   0.957923E+00   0.959174E+00   0.960191E+00   0.961042E+00   0.961776E+00   0.962444E+00   0.962970E+00   0.963425E+00   0.970000E+00   0.970000E+00   0.970000E+00   0.970000E+00   0.970000E+00   0.970000E+00   0.970000E+00   0.970000E+00   0.970000E+00   0.970000E+00   0.970000E+00   0.970000E+00   0.970000E+00   0.970000E+00   0.970000E+00   0.967777E+00   0.967855E+00   0.967966E+00   0.968071E+00   0.968171E+00   0.968254E+00   0.968334E+00   0.968415E+00   0.968497E+00   0.968575E+00   0.968649E+00   0.968719E+00   0.968785E+00   0.968848E+00   0.968908E+00   0.968964E+00   0.969017E+00   0.969068E+00   0.969116E+00   0.969161E+00   0.969204E+00   0.969245E+00   0.969284E+00   0.969320E+00   0.969355E+00   0.969390E+00   0.969422E+00   0.969451E+00   0.969479E+00   0.969506E+00   0.969531E+00   0.969555E+00   0.969578E+00   0.969599E+00   0.969620E+00   0.969645E+00
 0.970000E+00   0.970000E+00   0.970000E+00   0.970000E+00   0.970000E+00   0.970000E+00   0.970000E+00   0.970000E+00   0.970000E+00   0.970000E+00   0.970000E+00   0.970000E+00   0.970000E+00   0.970000E+00   0.970000E+00   0.970000E+00   0.721747E+00   0.738192E+00   0.751719E+00   0.763898E+00   0.775608E+00   0.786905E+00   0.797135E+00   0.807070E+00   0.816405E+00   0.825468E+00   0.833531E+00   0.840882E+00   0.849360E+00   0.854621E+00   0.859083E+00   0.864755E+00   0.970000E+00   0.970000E+00   0.970000E+00   0.970000E+00   0.970000E+00   0.970000E+00   0.970000E+00   0.970000E+00   0.970000E+00   0.970000E+00   0.970000E+00   0.970000E+00   0.970000E+00   0.970000E+00   0.970000E+00   0.970000E+00   0.970000E+00   0.970000E+00   0.970000E+00   0.970000E+00   0.970000E+00   0.970000E+00   0.970000E+00   0.970000E+00   0.970000E+00   0.970000E+00   0.970000E+00   0.970000E+00   0.970000E+00   0.970000E+00   0.970000E+00   0.940448E+00   0.941454E+00   0.944740E+00   0.950387E+00   0.953825E+00   0.956110E+00   0.957868E+00   0.959136E+00   0.960164E+00   0.961023E+00   0.961764E+00   0.962430E+00   0.962961E+00   0.963405E+00   0.970000E+00   0.970000E+00   0.970000E+00   0.970000E+00   0.970000E+00   0.970000E+00   0.970000E+00   0.970000E+00   0.970000E+00   0.970000E+00   0.970000E+00   0.970000E+00   0.970000E+00   0.970000E+00   0.970000E+00   0.967777E+00   0.967855E+00   0.967966E+00   0.968071E+00   0.968171E+00   0.968254E+00   0.968334E+00   0.968415E+00   0.968497E+00   0.968575E+00   0.968649E+00   0.968719E+00   0.968785E+00   0.968848E+00   0.968908E+00   0.968964E+00   0.969017E+00   0.969068E+00   0.969116E+00   0.969161E+00   0.969204E+00   0.969245E+00   0.969284E+00   0.969321E+00   0.969355E+00   0.969390E+00   0.969422E+00   0.969451E+00   0.969479E+00   0.969506E+00   0.969531E+00   0.969555E+00   0.969578E+00   0.969599E+00   0.969620E+00   0.969645E+00
 0.970000E+00   0.970000E+00   0.970000E+00   0.970000E+00   0.970000E+00   0.970000E+00   0.970000E+00   0.970000E+00   0.970000E+00   0.970000E+00   0.970000E+00   0.970000E+00   0.970000E+00   0.970000E+00   0.970000E+00   0.970000E+00   0.721746E+00   0.738192E+00   0.751718E+00   0.763897E+00   0.775607E+00   0.786905E+00   0.797134E+00   0.807069E+00   0.816404E+00   0.825467E+00   0.833530E+00   0.840881E+00   0.849363E+00   0.854591E+00   0.859083E+00   0.864754E+00   0.970000E+00   0.970000E+00   0.970000E+00   0.970000E+00   0.970000E+00   0.970000E+00   0.970000E+00   0.970000E+00   0.970000E+00   0.970000E+00   0.970000E+00   0.970000E+00   0.970000E+00   0.970000E+00   0.970000E+00   0.970000E+00   0.970000E+00   0.970000E+00   0.970000E+00   0.970000E+00   0.970000E+00   0.970000E+00   0.970000E+00   0.970000E+00   0.970000E+00   0.970000E+00   0.970000E+00   0.970000E+00   0.970000E+00   0.970000E+00   0.970000E+00   0.940445E+00   0.941470E+00   0.944224E+00   0.950132E+00   0.953684E+00   0.956024E+00   0.957813E+00   0.959098E+00   0.960136E+00   0.961003E+00   0.961752E+00   0.962417E+00   0.962952E+00   0.963386E+00   0.970000E+00   0.970000E+00   0.970000E+00   0.970000E+00   0.970000E+00   0.970000E+00   0.970000E+00   0.970000E+00   0.970000E+00   0.970000E+00   0.970000E+00   0.970000E+00   0.970000E+00   0.970000E+00   0.970000E+00   0.967777E+00   0.967855E+00   0.967966E+00   0.968071E+00   0.968171E+00   0.968254E+00   0.968334E+00   0.968415E+00   0.968497E+00   0.968575E+00   0.968649E+00   0.968719E+00   0.968785E+00   0.968848E+00   0.968908E+00   0.968964E+00   0.969017E+00   0.969068E+00   0.969116E+00   0.969161E+00   0.969204E+00   0.969245E+00   0.969284E+00   0.969321E+00   0.969356E+00   0.969390E+00   0.969422E+00   0.969451E+00   0.969479E+00   0.969506E+00   0.969531E+00   0.969555E+00   0.969578E+00   0.969599E+00   0.969620E+00   0.969645E+00
 0.970000E+00   0.970000E+00   0.970000E+00   0.970000E+00   0.970000E+00   0.970000E+00   0.970000E+00   0.970000E+00   0.970000E+00   0.970000E+00   0.970000E+00   0.970000E+00   0.970000E+00   0.970000E+00   0.970000E+00   0.970000E+00   0.721746E+00   0.738192E+00   0.751718E+00   0.763897E+00   0.775606E+00   0.786904E+00   0.797133E+00   0.807068E+00   0.816403E+00   0.825466E+00   0.833529E+00   0.840879E+00   0.849363E+00   0.854574E+00   0.859083E+00   0.864754E+00   0.970000E+00   0.970000E+00   0.970000E+00   0.970000E+00   0.970000E+00   0.970000E+00   0.970000E+00   0.970000E+00   0.970000E+00   0.970000E+00   0.970000E+00   0.970000E+00   0.970000E+00   0.970000E+00   0.970000E+00   0.970000E+00   0.970000E+00   0.970000E+00   0.970000E+00   0.970000E+00   0.970000E+00   0.970000E+00   0.970000E+00   0.970000E+00   0.970000E+00   0.970000E+00   0.970000E+00   0.970000E+00   0.970000E+00   0.970000E+00   0.970000E+00   0.940442E+00   0.941487E+00   0.943717E+00   0.949865E+00   0.953539E+00   0.955936E+00   0.957756E+00   0.959059E+00   0.960109E+00   0.960983E+00   0.961739E+00   0.962404E+00   0.962942E+00   0.963366E+00   0.970000E+00   0.970000E+00   0.970000E+00   0.970000E+00   0.970000E+00   0.970000E+00   0.970000E+00   0.970000E+00   0.970000E+00   0.970000E+00   0.970000E+00   0.970000E+00   0.970000E+00   0.970000E+00   0.970000E+00   0.967777E+00   0.967855E+00   0.967966E+00   0.968071E+00   0.968171E+00   0.968254E+00   0.968334E+00   0.968415E+00   0.968497E+00   0.968575E+00   0.968649E+00   0.968719E+00   0.968785E+00   0.968848E+00   0.968908E+00   0.968964E+00   0.969017E+00   0.969068E+00   0.969116E+00   0.969161E+00   0.969204E+00   0.969245E+00   0.969284E+00   0.969321E+00   0.969356E+00   0.969390E+00   0.969422E+00   0.969451E+00   0.969479E+00   0.969506E+00   0.969531E+00   0.969555E+00   0.969578E+00   0.969599E+00   0.969620E+00   0.969645E+00
 0.970000E+00   0.970000E+00   0.970000E+00   0.970000E+00   0.970000E+00   0.970000E+00   0.970000E+00   0.970000E+00   0.970000E+00   0.970000E+00   0.970000E+00   0.970000E+00   0.970000E+00   0.970000E+00   0.970000E+00   0.970000E+00   0.721746E+00   0.738191E+00   0.751717E+00   0.763896E+00   0.775606E+00   0.786903E+00   0.797132E+00   0.807067E+00   0.816402E+00   0.825465E+00   0.833528E+00   0.840878E+00   0.849363E+00   0.854567E+00   0.859083E+00   0.864753E+00   0.970000E+00   0.970000E+00   0.970000E+00   0.970000E+00   0.970000E+00   0.970000E+00   0.970000E+00   0.970000E+00   0.970000E+00   0.970000E+00   0.970000E+00   0.970000E+00   0.970000E+00   0.970000E+00   0.970000E+00   0.970000E+00   0.970000E+00   0.970000E+00   0.970000E+00   0.970000E+00   0.970000E+00   0.970000E+00   0.970000E+00   0.970000E+00   0.970000E+00   0.970000E+00   0.970000E+00   0.970000E+00   0.970000E+00   0.970000E+00   0.970000E+00   0.940441E+00   0.941502E+00   0.943270E+00   0.949586E+00   0.953389E+00   0.955845E+00   0.957697E+00   0.959019E+00   0.960080E+00   0.960964E+00   0.961726E+00   0.962391E+00   0.962931E+00   0.963346E+00   0.970000E+00   0.970000E+00   0.970000E+00   0.970000E+00   0.970000E+00   0.970000E+00   0.970000E+00   0.970000E+00   0.970000E+00   0.970000E+00   0.970000E+00   0.970000E+00   0.970000E+00   0.970000E+00   0.970000E+00   0.967776E+00   0.967855E+00   0.967965E+00   0.968071E+00   0.968170E+00   0.968254E+00   0.968334E+00   0.968415E+00   0.968497E+00   0.968575E+00   0.968649E+00   0.968719E+00   0.968785E+00   0.968848E+00   0.968908E+00   0.968964E+00   0.969017E+00   0.969068E+00   0.969116E+00   0.969161E+00   0.969204E+00   0.969245E+00   0.969284E+00   0.969321E+00   0.969356E+00   0.969390E+00   0.969422E+00   0.969451E+00   0.969479E+00   0.969506E+00   0.969531E+00   0.969555E+00   0.969578E+00   0.969599E+00   0.969620E+00   0.969645E+00
 0.970000E+00   0.970000E+00   0.970000E+00   0.970000E+00   0.970000E+00   0.970000E+00   0.970000E+00   0.970000E+00   0.970000E+00   0.970000E+00   0.970000E+00   0.970000E+00   0.970000E+00   0.970000E+00   0.970000E+00   0.970000E+00   0.721746E+00   0.738190E+00   0.751716E+00   0.763896E+00   0.775605E+00   0.786902E+00   0.797131E+00   0.807066E+00   0.816401E+00   0.825464E+00   0.833526E+00   0.840877E+00   0.849361E+00   0.854565E+00   0.859083E+00   0.864752E+00   0.970000E+00   0.970000E+00   0.970000E+00   0.970000E+00   0.970000E+00   0.970000E+00   0.970000E+00   0.970000E+00   0.970000E+00   0.970000E+00   0.970000E+00   0.970000E+00   0.970000E+00   0.970000E+00   0.970000E+00   0.970000E+00   0.970000E+00   0.970000E+00   0.970000E+00   0.970000E+00   0.970000E+00   0.970000E+00   0.970000E+00   0.970000E+00   0.970000E+00   0.970000E+00   0.970000E+00   0.970000E+00   0.970000E+00   0.970000E+00   0.970000E+00   0.970000E+00   0.941513E+00   0.942988E+00   0.949294E+00   0.953233E+00   0.955752E+00   0.957541E+00   0.958978E+00   0.960052E+00   0.960944E+00   0.961712E+00   0.962377E+00   0.962920E+00   0.963325E+00   0.970000E+00   0.970000E+00   0.970000E+00   0.970000E+00   0.970000E+00   0.970000E+00   0.970000E+00   0.970000E+00   0.970000E+00   0.970000E+00   0.970000E+00   0.970000E+00   0.970000E+00   0.970000E+00   0.970000E+00   0.967776E+00   0.967855E+00   0.967965E+00   0.968071E+00   0.968170E+00   0.968254E+00   0.968334E+00   0.968415E+00   0.968497E+00   0.968575E+00   0.968649E+00   0.968719E+00   0.968786E+00   0.968848E+00   0.968908E+00   0.968964E+00   0.969017E+00   0.969068E+00   0.969116E+00   0.969161E+00   0.969204E+00   0.969245E+00   0.969284E+00   0.969321E+00   0.969356E+00   0.969390E+00   0.969422E+00   0.969451E+00   0.969479E+00   0.969506E+00   0.969531E+00   0.969555E+00   0.969578E+00   0.969599E+00   0.969620E+00   0.969645E+00
 0.970000E+00   0.970000E+00   0.970000E+00   0.970000E+00   0.970000E+00   0.970000E+00   0.970000E+00   0.970000E+00   0.970000E+00   0.970000E+00   0.970000E+00   0.970000E+00   0.970000E+00   0.970000E+00   0.970000E+00   0.970000E+00   0.721746E+00   0.738190E+00   0.751716E+00   0.763895E+00   0.775604E+00   0.786901E+00   0.797130E+00   0.807065E+00   0.816400E+00   0.825462E+00   0.833525E+00   0.840875E+00   0.849360E+00   0.854564E+00   0.859083E+00   0.864752E+00   0.970000E+00   0.970000E+00   0.970000E+00   0.970000E+00   0.970000E+00   0.970000E+00   0.970000E+00   0.970000E+00   0.970000E+00   0.970000E+00   0.970000E+00   0.970000E+00   0.970000E+00   0.970000E+00   0.970000E+00   0.970000E+00   0.970000E+00   0.970000E+00   0.970000E+00   0.970000E+00   0.970000E+00   0.970000E+00   0.970000E+00   0.970000E+00   0.970000E+00   0.970000E+00   0.970000E+00   0.970000E+00   0.970000E+00   0.970000E+00   0.970000E+00   0.970000E+00   0.941519E+00   0.942920E+00   0.948988E+00   0.953071E+00   0.955657E+00   0.957478E+00   0.958937E+00   0.960023E+00   0.960924E+00   0.961698E+00   0.962364E+00   0.962908E+00   0.963304E+00   0.970000E+00   0.970000E+00   0.970000E+00   0.970000E+00   0.970000E+00   0.970000E+00   0.970000E+00   0.970000E+00   0.970000E+00   0.970000E+00   0.970000E+00   0.970000E+00   0.970000E+00   0.970000E+00   0.970000E+00   0.967776E+00   0.967855E+00   0.967965E+00   0.968071E+00   0.968170E+00   0.968254E+00   0.968334E+00   0.968415E+00   0.968497E+00   0.968575E+00   0.968649E+00   0.968719E+00   0.968786E+00   0.968848E+00   0.968908E+00   0.968964E+00   0.969017E+00   0.969068E+00   0.969116E+00   0.969161E+00   0.969204E+00   0.969245E+00   0.969284E+00   0.969321E+00   0.969356E+00   0.969390E+00   0.969422E+00   0.969451E+00   0.969479E+00   0.969506E+00   0.969531E+00   0.969555E+00   0.969578E+00   0.969599E+00   0.969620E+00   0.969645E+00
 0.970000E+00   0.970000E+00   0.970000E+00   0.970000E+00   0.970000E+00   0.970000E+00   0.970000E+00   0.970000E+00   0.970000E+00   0.970000E+00   0.970000E+00   0.970000E+00   0.970000E+00   0.970000E+00   0.970000E+00   0.970000E+00   0.721745E+00   0.738189E+00   0.751715E+00   0.763894E+00   0.775603E+00   0.786901E+00   0.797130E+00   0.807064E+00   0.816399E+00   0.825461E+00   0.833524E+00   0.840874E+00   0.849359E+00   0.854563E+00   0.859084E+00   0.864751E+00   0.970000E+00   0.970000E+00   0.970000E+00   0.970000E+00   0.970000E+00   0.970000E+00   0.970000E+00   0.970000E+00   0.970000E+00   0.970000E+00   0.970000E+00   0.970000E+00   0.970000E+00   0.970000E+00   0.970000E+00   0.970000E+00   0.970000E+00   0.970000E+00   0.970000E+00   0.970000E+00   0.970000E+00   0.970000E+00   0.970000E+00   0.970000E+00   0.970000E+00   0.970000E+00   0.970000E+00   0.970000E+00   0.970000E+00   0.970000E+00   0.970000E+00   0.970000E+00   0.941522E+00   0.942911E+00   0.948667E+00   0.952902E+00   0.955559E+00   0.957414E+00   0.958894E+00   0.959993E+00   0.960903E+00   0.961683E+00   0.962350E+00   0.962895E+00   0.963283E+00   0.970000E+00   0.970000E+00   0.970000E+00   0.970000E+00   0.970000E+00   0.970000E+00   0.970000E+00   0.970000E+00   0.970000E+00   0.970000E+00   0.970000E+00   0.970000E+00   0.970000E+00   0.970000E+00   0.970000E+00   0.967776E+00   0.967854E+00   0.967965E+00   0.968071E+00   0.968170E+00   0.968254E+00   0.968334E+00   0.968415E+00   0.968497E+00   0.968575E+00   0.968649E+00   0.968719E+00   0.968786E+00   0.968848E+00   0.968908E+00   0.968964E+00   0.969018E+00   0.969068E+00   0.969116E+00   0.969161E+00   0.969205E+00   0.969245E+00   0.969284E+00   0.969321E+00   0.969356E+00   0.969390E+00   0.969422E+00   0.969451E+00   0.969479E+00   0.969506E+00   0.969531E+00   0.969555E+00   0.969578E+00   0.969599E+00   0.969620E+00   0.969645E+00
 0.970000E+00   0.970000E+00   0.970000E+00   0.970000E+00   0.970000E+00   0.970000E+00   0.970000E+00   0.970000E+00   0.970000E+00   0.970000E+00   0.970000E+00   0.970000E+00   0.970000E+00   0.970000E+00   0.970000E+00   0.970000E+00   0.721745E+00   0.738189E+00   0.751715E+00   0.763894E+00   0.775603E+00   0.786900E+00   0.797129E+00   0.807063E+00   0.816398E+00   0.825460E+00   0.833523E+00   0.840873E+00   0.849357E+00   0.854562E+00   0.859084E+00   0.864750E+00   0.970000E+00   0.970000E+00   0.970000E+00   0.970000E+00   0.970000E+00   0.970000E+00   0.970000E+00   0.970000E+00   0.970000E+00   0.970000E+00   0.970000E+00   0.970000E+00   0.970000E+00   0.970000E+00   0.970000E+00   0.970000E+00   0.970000E+00   0.970000E+00   0.970000E+00   0.970000E+00   0.970000E+00   0.970000E+00   0.970000E+00   0.970000E+00   0.970000E+00   0.970000E+00   0.970000E+00   0.970000E+00   0.970000E+00   0.970000E+00   0.970000E+00   0.970000E+00   0.941522E+00   0.942910E+00   0.948329E+00   0.952728E+00   0.955457E+00   0.957348E+00   0.958851E+00   0.959963E+00   0.960883E+00   0.961667E+00   0.962336E+00   0.962882E+00   0.963261E+00   0.970000E+00   0.970000E+00   0.970000E+00   0.970000E+00   0.970000E+00   0.970000E+00   0.970000E+00   0.970000E+00   0.970000E+00   0.970000E+00   0.970000E+00   0.970000E+00   0.970000E+00   0.970000E+00   0.970000E+00   0.967775E+00   0.967854E+00   0.967965E+00   0.968071E+00   0.968170E+00   0.968254E+00   0.968334E+00   0.968415E+00   0.968497E+00   0.968575E+00   0.968649E+00   0.968719E+00   0.968786E+00   0.968848E+00   0.968908E+00   0.968964E+00   0.969018E+00   0.969068E+00   0.969116E+00   0.969161E+00   0.969205E+00   0.969245E+00   0.969284E+00   0.969321E+00   0.969356E+00   0.969390E+00   0.969422E+00   0.969451E+00   0.969479E+00   0.969506E+00   0.969531E+00   0.969555E+00   0.969578E+00   0.969599E+00   0.969620E+00   0.969645E+00
 0.970000E+00   0.970000E+00   0.970000E+00   0.970000E+00   0.970000E+00   0.970000E+00   0.970000E+00   0.970000E+00   0.970000E+00   0.970000E+00   0.970000E+00   0.970000E+00   0.970000E+00   0.970000E+00   0.970000E+00   0.970000E+00   0.721745E+00   0.738188E+00   0.751714E+00   0.763893E+00   0.775602E+00   0.786899E+00   0.797128E+00   0.807062E+00   0.816397E+00   0.825459E+00   0.833522E+00   0.840872E+00   0.849356E+00   0.854562E+00   0.859084E+00   0.864750E+00   0.970000E+00   0.970000E+00   0.970000E+00   0.970000E+00   0.970000E+00   0.970000E+00   0.970000E+00   0.970000E+00   0.970000E+00   0.970000E+00   0.970000E+00   0.970000E+00   0.970000E+00   0.970000E+00   0.970000E+00   0.970000E+00   0.970000E+00   0.970000E+00   0.970000E+00   0.970000E+00   0.970000E+00   0.970000E+00   0.970000E+00   0.970000E+00   0.970000E+00   0.970000E+00   0.970000E+00   0.970000E+00   0.970000E+00   0.970000E+00   0.970000E+00   0.970000E+00   0.941521E+00   0.942913E+00   0.947975E+00   0.952546E+00   0.955351E+00   0.957280E+00   0.958806E+00   0.959932E+00   0.960861E+00   0.961651E+00   0.962322E+00   0.962867E+00   0.963239E+00   0.970000E+00   0.970000E+00   0.970000E+00   0.970000E+00   0.970000E+00   0.970000E+00   0.970000E+00   0.970000E+00   0.970000E+00   0.970000E+00   0.970000E+00   0.970000E+00   0.970000E+00   0.970000E+00   0.970000E+00   0.967775E+00   0.967854E+00   0.967965E+00   0.968071E+00   0.968170E+00   0.968254E+00   0.968334E+00   0.968415E+00   0.968498E+00   0.968575E+00   0.968649E+00   0.968719E+00   0.968786E+00   0.968848E+00   0.968908E+00   0.968964E+00   0.969018E+00   0.969068E+00   0.969116E+00   0.969162E+00   0.969205E+00   0.969245E+00   0.969284E+00   0.969321E+00   0.969356E+00   0.969390E+00   0.969422E+00   0.969451E+00   0.969479E+00   0.969506E+00   0.969531E+00   0.969555E+00   0.969578E+00   0.969599E+00   0.969620E+00   0.969645E+00
 0.970000E+00   0.970000E+00   0.970000E+00   0.970000E+00   0.970000E+00   0.970000E+00   0.970000E+00   0.970000E+00   0.970000E+00   0.970000E+00   0.970000E+00   0.970000E+00   0.970000E+00   0.970000E+00   0.970000E+00   0.970000E+00   0.721745E+00   0.738188E+00   0.751714E+00   0.763892E+00   0.775601E+00   0.786898E+00   0.797127E+00   0.807061E+00   0.816396E+00   0.825458E+00   0.833520E+00   0.840870E+00   0.849355E+00   0.854561E+00   0.859084E+00   0.864749E+00   0.970000E+00   0.970000E+00   0.970000E+00   0.970000E+00   0.970000E+00   0.970000E+00   0.970000E+00   0.970000E+00   0.970000E+00   0.970000E+00   0.970000E+00   0.970000E+00   0.970000E+00   0.970000E+00   0.970000E+00   0.970000E+00   0.970000E+00   0.970000E+00   0.970000E+00   0.970000E+00   0.970000E+00   0.970000E+00   0.970000E+00   0.970000E+00   0.970000E+00   0.970000E+00   0.970000E+00   0.970000E+00   0.970000E+00   0.970000E+00   0.970000E+00   0.970000E+00   0.941517E+00   0.942919E+00   0.947603E+00   0.952357E+00   0.955241E+00   0.957211E+00   0.958761E+00   0.959901E+00   0.960840E+00   0.961635E+00   0.962307E+00   0.962852E+00   0.963217E+00   0.970000E+00   0.970000E+00   0.970000E+00   0.970000E+00   0.970000E+00   0.970000E+00   0.970000E+00   0.970000E+00   0.970000E+00   0.970000E+00   0.970000E+00   0.970000E+00   0.970000E+00   0.970000E+00   0.970000E+00   0.967775E+00   0.967854E+00   0.967965E+00   0.968070E+00   0.968170E+00   0.968254E+00   0.968334E+00   0.968415E+00   0.968498E+00   0.968575E+00   0.968649E+00   0.968719E+00   0.968786E+00   0.968848E+00   0.968908E+00   0.968964E+00   0.969018E+00   0.969068E+00   0.969116E+00   0.969162E+00   0.969205E+00   0.969245E+00   0.969284E+00   0.969321E+00   0.969356E+00   0.969390E+00   0.969422E+00   0.969451E+00   0.969479E+00   0.969506E+00   0.969531E+00   0.969555E+00   0.969578E+00   0.969599E+00   0.969620E+00   0.969645E+00
 0.970000E+00   0.970000E+00   0.970000E+00   0.970000E+00   0.970000E+00   0.970000E+00   0.970000E+00   0.970000E+00   0.970000E+00   0.970000E+00   0.970000E+00   0.970000E+00   0.970000E+00   0.970000E+00   0.970000E+00   0.970000E+00   0.721745E+00   0.738188E+00   0.751713E+00   0.763892E+00   0.775601E+00   0.786898E+00   0.797126E+00   0.807061E+00   0.816395E+00   0.825457E+00   0.833519E+00   0.840869E+00   0.849354E+00   0.854560E+00   0.859084E+00   0.864749E+00   0.970000E+00   0.970000E+00   0.970000E+00   0.970000E+00   0.970000E+00   0.970000E+00   0.970000E+00   0.970000E+00   0.970000E+00   0.970000E+00   0.970000E+00   0.970000E+00   0.970000E+00   0.970000E+00   0.970000E+00   0.970000E+00   0.970000E+00   0.970000E+00   0.970000E+00   0.970000E+00   0.970000E+00   0.970000E+00   0.970000E+00   0.970000E+00   0.970000E+00   0.970000E+00   0.970000E+00   0.970000E+00   0.970000E+00   0.970000E+00   0.970000E+00   0.970000E+00   0.941512E+00   0.942926E+00   0.947307E+00   0.952161E+00   0.955128E+00   0.957141E+00   0.958715E+00   0.959869E+00   0.960818E+00   0.961618E+00   0.962293E+00   0.962836E+00   0.963194E+00   0.970000E+00   0.970000E+00   0.970000E+00   0.970000E+00   0.970000E+00   0.970000E+00   0.970000E+00   0.970000E+00   0.970000E+00   0.970000E+00   0.970000E+00   0.970000E+00   0.970000E+00   0.970000E+00   0.970000E+00   0.967774E+00   0.967854E+00   0.967965E+00   0.968070E+00   0.968170E+00   0.968254E+00   0.968334E+00   0.968415E+00   0.968498E+00   0.968576E+00   0.968649E+00   0.968719E+00   0.968786E+00   0.968848E+00   0.968908E+00   0.968964E+00   0.969018E+00   0.969068E+00   0.969116E+00   0.969162E+00   0.969205E+00   0.969245E+00   0.969284E+00   0.969321E+00   0.969356E+00   0.969391E+00   0.969422E+00   0.969451E+00   0.969480E+00   0.969506E+00   0.969531E+00   0.969555E+00   0.969578E+00   0.969599E+00   0.969620E+00   0.969645E+00
 0.970000E+00   0.970000E+00   0.970000E+00   0.970000E+00   0.970000E+00   0.970000E+00   0.970000E+00   0.970000E+00   0.970000E+00   0.970000E+00   0.970000E+00   0.970000E+00   0.970000E+00   0.970000E+00   0.970000E+00   0.970000E+00   0.721745E+00   0.738187E+00   0.751713E+00   0.763891E+00   0.775600E+00   0.786897E+00   0.797126E+00   0.807060E+00   0.816394E+00   0.825456E+00   0.833518E+00   0.840868E+00   0.849352E+00   0.854559E+00   0.859084E+00   0.864748E+00   0.970000E+00   0.970000E+00   0.970000E+00   0.970000E+00   0.970000E+00   0.970000E+00   0.970000E+00   0.970000E+00   0.970000E+00   0.970000E+00   0.970000E+00   0.970000E+00   0.970000E+00   0.970000E+00   0.970000E+00   0.970000E+00   0.970000E+00   0.970000E+00   0.970000E+00   0.970000E+00   0.970000E+00   0.970000E+00   0.970000E+00   0.970000E+00   0.970000E+00   0.970000E+00   0.970000E+00   0.970000E+00   0.970000E+00   0.970000E+00   0.970000E+00   0.940442E+00   0.941506E+00   0.942935E+00   0.946889E+00   0.951956E+00   0.955011E+00   0.957068E+00   0.958668E+00   0.959837E+00   0.960796E+00   0.961600E+00   0.962277E+00   0.962818E+00   0.963171E+00   0.970000E+00   0.970000E+00   0.970000E+00   0.970000E+00   0.970000E+00   0.970000E+00   0.970000E+00   0.970000E+00   0.970000E+00   0.970000E+00   0.970000E+00   0.970000E+00   0.970000E+00   0.970000E+00   0.970000E+00   0.967774E+00   0.967854E+00   0.967964E+00   0.968070E+00   0.968170E+00   0.968254E+00   0.968333E+00   0.968415E+00   0.968498E+00   0.968576E+00   0.968649E+00   0.968719E+00   0.968786E+00   0.968848E+00   0.968908E+00   0.968964E+00   0.969018E+00   0.969068E+00   0.969116E+00   0.969162E+00   0.969205E+00   0.969245E+00   0.969284E+00   0.969321E+00   0.969356E+00   0.969391E+00   0.969423E+00   0.969451E+00   0.969480E+00   0.969506E+00   0.969531E+00   0.969555E+00   0.969578E+00   0.969599E+00   0.969620E+00   0.969645E+00
 0.970000E+00   0.970000E+00   0.970000E+00   0.970000E+00   0.970000E+00   0.970000E+00   0.970000E+00   0.970000E+00   0.970000E+00   0.970000E+00   0.970000E+00   0.970000E+00   0.970000E+00   0.970000E+00   0.970000E+00   0.970000E+00   0.721744E+00   0.738187E+00   0.751712E+00   0.763891E+00   0.775599E+00   0.786896E+00   0.797125E+00   0.807059E+00   0.816393E+00   0.825455E+00   0.833517E+00   0.840867E+00   0.849351E+00   0.854557E+00   0.859084E+00   0.864747E+00   0.970000E+00   0.970000E+00   0.970000E+00   0.970000E+00   0.970000E+00   0.970000E+00   0.970000E+00   0.970000E+00   0.970000E+00   0.970000E+00   0.970000E+00   0.970000E+00   0.970000E+00   0.970000E+00   0.970000E+00   0.970000E+00   0.970000E+00   0.970000E+00   0.970000E+00   0.970000E+00   0.970000E+00   0.970000E+00   0.970000E+00   0.970000E+00   0.970000E+00   0.970000E+00   0.970000E+00   0.970000E+00   0.970000E+00   0.970000E+00   0.970000E+00   0.940442E+00   0.941500E+00   0.942944E+00   0.946447E+00   0.951740E+00   0.954888E+00   0.956992E+00   0.958618E+00   0.959806E+00   0.960825E+00   0.961612E+00   0.962261E+00   0.962794E+00   0.970000E+00   0.970000E+00   0.970000E+00   0.970000E+00   0.970000E+00   0.970000E+00   0.970000E+00   0.970000E+00   0.970000E+00   0.970000E+00   0.970000E+00   0.970000E+00   0.970000E+00   0.970000E+00   0.970000E+00   0.970000E+00   0.967774E+00   0.967854E+00   0.967964E+00   0.968070E+00   0.968170E+00   0.968253E+00   0.968333E+00   0.968415E+00   0.968498E+00   0.968576E+00   0.968649E+00   0.968719E+00   0.968786E+00   0.968848E+00   0.968908E+00   0.968964E+00   0.969018E+00   0.969068E+00   0.969116E+00   0.969162E+00   0.969205E+00   0.969246E+00   0.969284E+00   0.969321E+00   0.969356E+00   0.969391E+00   0.969423E+00   0.969451E+00   0.969480E+00   0.969506E+00   0.969531E+00   0.969555E+00   0.969578E+00   0.969599E+00   0.969620E+00   0.969645E+00
 0.970000E+00   0.970000E+00   0.970000E+00   0.970000E+00   0.970000E+00   0.970000E+00   0.970000E+00   0.970000E+00   0.970000E+00   0.970000E+00   0.970000E+00   0.970000E+00   0.970000E+00   0.970000E+00   0.970000E+00   0.970000E+00   0.721744E+00   0.738186E+00   0.751711E+00   0.763890E+00   0.775599E+00   0.786896E+00   0.797124E+00   0.807058E+00   0.816392E+00   0.825454E+00   0.833516E+00   0.840866E+00   0.849351E+00   0.854554E+00   0.859084E+00   0.864747E+00   0.970000E+00   0.970000E+00   0.970000E+00   0.970000E+00   0.970000E+00   0.970000E+00   0.970000E+00   0.970000E+00   0.970000E+00   0.970000E+00   0.970000E+00   0.970000E+00   0.970000E+00   0.970000E+00   0.970000E+00   0.970000E+00   0.970000E+00   0.970000E+00   0.970000E+00   0.970000E+00   0.970000E+00   0.970000E+00   0.970000E+00   0.970000E+00   0.970000E+00   0.970000E+00   0.970000E+00   0.970000E+00   0.970000E+00   0.970000E+00   0.970000E+00   0.940442E+00   0.941493E+00   0.942955E+00   0.945990E+00   0.951515E+00   0.954761E+00   0.956915E+00   0.958569E+00   0.959776E+00   0.960801E+00   0.961591E+00   0.962245E+00   0.962765E+00   0.970000E+00   0.970000E+00   0.970000E+00   0.970000E+00   0.970000E+00   0.970000E+00   0.970000E+00   0.970000E+00   0.970000E+00   0.970000E+00   0.970000E+00   0.970000E+00   0.970000E+00   0.970000E+00   0.970000E+00   0.970000E+00   0.967773E+00   0.967854E+00   0.967964E+00   0.968070E+00   0.968170E+00   0.968253E+00   0.968333E+00   0.968415E+00   0.968498E+00   0.968576E+00   0.968649E+00   0.968719E+00   0.968786E+00   0.968848E+00   0.968908E+00   0.968964E+00   0.969018E+00   0.969068E+00   0.969116E+00   0.969162E+00   0.969205E+00   0.969246E+00   0.969284E+00   0.969321E+00   0.969356E+00   0.969391E+00   0.969423E+00   0.969452E+00   0.969480E+00   0.969506E+00   0.969531E+00   0.969555E+00   0.969578E+00   0.969599E+00   0.969620E+00   0.969645E+00
 0.970000E+00   0.970000E+00   0.970000E+00   0.970000E+00   0.970000E+00   0.970000E+00   0.970000E+00   0.970000E+00   0.970000E+00   0.970000E+00   0.970000E+00   0.970000E+00   0.970000E+00   0.970000E+00   0.970000E+00   0.970000E+00   0.721744E+00   0.738186E+00   0.751711E+00   0.763889E+00   0.775598E+00   0.786895E+00   0.797123E+00   0.807057E+00   0.816391E+00   0.825453E+00   0.833515E+00   0.840864E+00   0.849350E+00   0.854549E+00   0.859084E+00   0.864746E+00   0.970000E+00   0.970000E+00   0.970000E+00   0.970000E+00   0.970000E+00   0.970000E+00   0.970000E+00   0.970000E+00   0.970000E+00   0.970000E+00   0.970000E+00   0.970000E+00   0.970000E+00   0.970000E+00   0.970000E+00   0.970000E+00   0.970000E+00   0.970000E+00   0.970000E+00   0.970000E+00   0.970000E+00   0.970000E+00   0.970000E+00   0.970000E+00   0.970000E+00   0.970000E+00   0.970000E+00   0.970000E+00   0.970000E+00   0.970000E+00   0.970000E+00   0.940442E+00   0.941485E+00   0.942966E+00   0.945524E+00   0.951280E+00   0.954631E+00   0.956836E+00   0.958519E+00   0.959747E+00   0.960776E+00   0.961571E+00   0.962229E+00   0.962735E+00   0.970000E+00   0.970000E+00   0.970000E+00   0.970000E+00   0.970000E+00   0.970000E+00   0.970000E+00   0.970000E+00   0.970000E+00   0.970000E+00   0.970000E+00   0.970000E+00   0.970000E+00   0.970000E+00   0.970000E+00   0.970000E+00   0.967773E+00   0.967854E+00   0.967964E+00   0.968070E+00   0.968170E+00   0.968253E+00   0.968333E+00   0.968415E+00   0.968497E+00   0.968576E+00   0.968649E+00   0.968719E+00   0.968786E+00   0.968849E+00   0.968908E+00   0.968964E+00   0.969018E+00   0.969068E+00   0.969116E+00   0.969162E+00   0.969205E+00   0.969246E+00   0.969284E+00   0.969321E+00   0.969356E+00   0.969391E+00   0.969423E+00   0.969452E+00   0.969480E+00   0.969506E+00   0.969531E+00   0.969555E+00   0.969578E+00   0.969599E+00   0.969620E+00   0.969645E+00
 0.970000E+00   0.970000E+00   0.970000E+00   0.970000E+00   0.970000E+00   0.970000E+00   0.970000E+00   0.970000E+00   0.970000E+00   0.970000E+00   0.970000E+00   0.970000E+00   0.970000E+00   0.970000E+00   0.970000E+00   0.970000E+00   0.721744E+00   0.738185E+00   0.751710E+00   0.763889E+00   0.775597E+00   0.786894E+00   0.797122E+00   0.807056E+00   0.816390E+00   0.825452E+00   0.833514E+00   0.840863E+00   0.849350E+00   0.854542E+00   0.859084E+00   0.864745E+00   0.970000E+00   0.970000E+00   0.970000E+00   0.970000E+00   0.970000E+00   0.970000E+00   0.970000E+00   0.970000E+00   0.970000E+00   0.970000E+00   0.970000E+00   0.970000E+00   0.970000E+00   0.970000E+00   0.970000E+00   0.970000E+00   0.970000E+00   0.970000E+00   0.970000E+00   0.970000E+00   0.970000E+00   0.970000E+00   0.970000E+00   0.970000E+00   0.970000E+00   0.970000E+00   0.970000E+00   0.970000E+00   0.970000E+00   0.970000E+00   0.970000E+00   0.940442E+00   0.941477E+00   0.942977E+00   0.945069E+00   0.951035E+00   0.954496E+00   0.956756E+00   0.958469E+00   0.959717E+00   0.960751E+00   0.961550E+00   0.962211E+00   0.962704E+00   0.970000E+00   0.970000E+00   0.970000E+00   0.970000E+00   0.970000E+00   0.970000E+00   0.970000E+00   0.970000E+00   0.970000E+00   0.970000E+00   0.970000E+00   0.970000E+00   0.970000E+00   0.970000E+00   0.970000E+00   0.970000E+00   0.967772E+00   0.967854E+00   0.967964E+00   0.968070E+00   0.968171E+00   0.968253E+00   0.968333E+00   0.968415E+00   0.968497E+00   0.968576E+00   0.968649E+00   0.968719E+00   0.968786E+00   0.968849E+00   0.968908E+00   0.968964E+00   0.969018E+00   0.969068E+00   0.969116E+00   0.969162E+00   0.969205E+00   0.969246E+00   0.969284E+00   0.969321E+00   0.969356E+00   0.969391E+00   0.969423E+00   0.969452E+00   0.969480E+00   0.969506E+00   0.969531E+00   0.969555E+00   0.969578E+00   0.969599E+00   0.969620E+00   0.969645E+00
 0.970000E+00   0.970000E+00   0.970000E+00   0.970000E+00   0.970000E+00   0.970000E+00   0.970000E+00   0.970000E+00   0.970000E+00   0.970000E+00   0.970000E+00   0.970000E+00   0.970000E+00   0.970000E+00   0.970000E+00   0.970000E+00   0.721744E+00   0.738185E+00   0.751710E+00   0.763888E+00   0.775597E+00   0.786893E+00   0.797121E+00   0.807055E+00   0.816389E+00   0.825451E+00   0.833512E+00   0.840862E+00   0.849349E+00   0.854533E+00   0.859084E+00   0.864745E+00   0.970000E+00   0.970000E+00   0.970000E+00   0.970000E+00   0.970000E+00   0.970000E+00   0.970000E+00   0.970000E+00   0.970000E+00   0.970000E+00   0.970000E+00   0.970000E+00   0.970000E+00   0.970000E+00   0.970000E+00   0.970000E+00   0.970000E+00   0.970000E+00   0.970000E+00   0.970000E+00   0.970000E+00   0.970000E+00   0.970000E+00   0.970000E+00   0.970000E+00   0.970000E+00   0.970000E+00   0.970000E+00   0.970000E+00   0.970000E+00   0.970000E+00   0.940442E+00   0.941469E+00   0.942987E+00   0.944666E+00   0.950777E+00   0.954357E+00   0.956673E+00   0.958418E+00   0.959687E+00   0.960724E+00   0.961528E+00   0.962193E+00   0.962673E+00   0.970000E+00   0.970000E+00   0.970000E+00   0.970000E+00   0.970000E+00   0.970000E+00   0.970000E+00   0.970000E+00   0.970000E+00   0.970000E+00   0.970000E+00   0.970000E+00   0.970000E+00   0.970000E+00   0.970000E+00   0.970000E+00   0.967772E+00   0.967854E+00   0.967964E+00   0.968070E+00   0.968171E+00   0.968253E+00   0.968333E+00   0.968415E+00   0.968497E+00   0.968576E+00   0.968649E+00   0.968719E+00   0.968786E+00   0.968849E+00   0.968908E+00   0.968964E+00   0.969018E+00   0.969068E+00   0.969116E+00   0.969162E+00   0.969205E+00   0.969246E+00   0.969284E+00   0.969321E+00   0.969356E+00   0.969391E+00   0.969423E+00   0.969452E+00   0.969480E+00   0.969506E+00   0.969531E+00   0.969555E+00   0.969578E+00   0.969599E+00   0.969620E+00   0.969645E+00
 0.970000E+00   0.970000E+00   0.970000E+00   0.970000E+00   0.970000E+00   0.970000E+00   0.970000E+00   0.970000E+00   0.970000E+00   0.970000E+00   0.970000E+00   0.970000E+00   0.970000E+00   0.970000E+00   0.970000E+00   0.970000E+00   0.721744E+00   0.738184E+00   0.751709E+00   0.763887E+00   0.775596E+00   0.786892E+00   0.797120E+00   0.807054E+00   0.816388E+00   0.825449E+00   0.833511E+00   0.840860E+00   0.849349E+00   0.854523E+00   0.859084E+00   0.864744E+00   0.970000E+00   0.970000E+00   0.970000E+00   0.970000E+00   0.970000E+00   0.970000E+00   0.970000E+00   0.970000E+00   0.970000E+00   0.970000E+00   0.970000E+00   0.970000E+00   0.970000E+00   0.970000E+00   0.970000E+00   0.970000E+00   0.970000E+00   0.970000E+00   0.970000E+00   0.970000E+00   0.970000E+00   0.970000E+00   0.970000E+00   0.970000E+00   0.970000E+00   0.970000E+00   0.970000E+00   0.970000E+00   0.970000E+00   0.970000E+00   0.970000E+00   0.940443E+00   0.941460E+00   0.942994E+00   0.944410E+00   0.950508E+00   0.954213E+00   0.956588E+00   0.958366E+00   0.959655E+00   0.960697E+00   0.961506E+00   0.962173E+00   0.962641E+00   0.970000E+00   0.970000E+00   0.970000E+00   0.970000E+00   0.970000E+00   0.970000E+00   0.970000E+00   0.970000E+00   0.970000E+00   0.970000E+00   0.970000E+00   0.970000E+00   0.970000E+00   0.970000E+00   0.970000E+00   0.970000E+00   0.967771E+00   0.967854E+00   0.967964E+00   0.968069E+00   0.968171E+00   0.968253E+00   0.968333E+00   0.968415E+00   0.968497E+00   0.968576E+00   0.968649E+00   0.968719E+00   0.968786E+00   0.968849E+00   0.968908E+00   0.968964E+00   0.969018E+00   0.969068E+00   0.969116E+00   0.969162E+00   0.969205E+00   0.969246E+00   0.969284E+00   0.969321E+00   0.969356E+00   0.969391E+00   0.969423E+00   0.969452E+00   0.969480E+00   0.969506E+00   0.969531E+00   0.969555E+00   0.969578E+00   0.969599E+00   0.969620E+00   0.969645E+00
 0.970000E+00   0.970000E+00   0.970000E+00   0.970000E+00   0.970000E+00   0.970000E+00   0.970000E+00   0.970000E+00   0.970000E+00   0.970000E+00   0.970000E+00   0.970000E+00   0.970000E+00   0.970000E+00   0.970000E+00   0.970000E+00   0.721743E+00   0.738183E+00   0.751708E+00   0.763887E+00   0.775595E+00   0.786891E+00   0.797119E+00   0.807053E+00   0.816387E+00   0.825448E+00   0.833509E+00   0.840859E+00   0.849349E+00   0.854512E+00   0.859084E+00   0.864743E+00   0.970000E+00   0.970000E+00   0.970000E+00   0.970000E+00   0.970000E+00   0.970000E+00   0.970000E+00   0.970000E+00   0.970000E+00   0.970000E+00   0.970000E+00   0.970000E+00   0.970000E+00   0.970000E+00   0.970000E+00   0.970000E+00   0.970000E+00   0.970000E+00   0.970000E+00   0.970000E+00   0.970000E+00   0.970000E+00   0.970000E+00   0.970000E+00   0.970000E+00   0.970000E+00   0.970000E+00   0.970000E+00   0.970000E+00   0.970000E+00   0.970000E+00   0.940443E+00   0.941452E+00   0.942998E+00   0.944344E+00   0.950224E+00   0.954063E+00   0.956502E+00   0.958313E+00   0.959622E+00   0.960669E+00   0.961484E+00   0.962152E+00   0.962609E+00   0.970000E+00   0.970000E+00   0.970000E+00   0.970000E+00   0.970000E+00   0.970000E+00   0.970000E+00   0.970000E+00   0.970000E+00   0.970000E+00   0.970000E+00   0.970000E+00   0.970000E+00   0.970000E+00   0.970000E+00   0.970000E+00   0.967771E+00   0.967854E+00   0.967964E+00   0.968069E+00   0.968171E+00   0.968253E+00   0.968333E+00   0.968414E+00   0.968497E+00   0.968576E+00   0.968649E+00   0.968719E+00   0.968786E+00   0.968849E+00   0.968908E+00   0.968964E+00   0.969018E+00   0.969068E+00   0.969116E+00   0.969162E+00   0.969205E+00   0.969246E+00   0.969284E+00   0.969321E+00   0.969356E+00   0.969391E+00   0.969423E+00   0.969452E+00   0.969480E+00   0.969506E+00   0.969531E+00   0.969555E+00   0.969578E+00   0.969599E+00   0.969620E+00   0.969645E+00
 0.970000E+00   0.970000E+00   0.970000E+00   0.970000E+00   0.970000E+00   0.970000E+00   0.970000E+00   0.970000E+00   0.970000E+00   0.970000E+00   0.970000E+00   0.970000E+00   0.970000E+00   0.970000E+00   0.970000E+00   0.970000E+00   0.721743E+00   0.738183E+00   0.751708E+00   0.763886E+00   0.775594E+00   0.786891E+00   0.797119E+00   0.807052E+00   0.816386E+00   0.825447E+00   0.833508E+00   0.840857E+00   0.849350E+00   0.854500E+00   0.859084E+00   0.864742E+00   0.970000E+00   0.970000E+00   0.970000E+00   0.970000E+00   0.970000E+00   0.970000E+00   0.970000E+00   0.970000E+00   0.970000E+00   0.970000E+00   0.970000E+00   0.970000E+00   0.970000E+00   0.970000E+00   0.970000E+00   0.970000E+00   0.970000E+00   0.970000E+00   0.970000E+00   0.970000E+00   0.970000E+00   0.970000E+00   0.970000E+00   0.970000E+00   0.970000E+00   0.970000E+00   0.970000E+00   0.970000E+00   0.970000E+00   0.970000E+00   0.970000E+00   0.940443E+00   0.941444E+00   0.942999E+00   0.944335E+00   0.949927E+00   0.953908E+00   0.956412E+00   0.958259E+00   0.959588E+00   0.960639E+00   0.961461E+00   0.962129E+00   0.962575E+00   0.970000E+00   0.970000E+00   0.970000E+00   0.970000E+00   0.970000E+00   0.970000E+00   0.970000E+00   0.970000E+00   0.970000E+00   0.970000E+00   0.970000E+00   0.970000E+00   0.970000E+00   0.970000E+00   0.970000E+00   0.970000E+00   0.967771E+00   0.967854E+00   0.967964E+00   0.968069E+00   0.968171E+00   0.968253E+00   0.968333E+00   0.968414E+00   0.968497E+00   0.968576E+00   0.968649E+00   0.968719E+00   0.968786E+00   0.968849E+00   0.968908E+00   0.968964E+00   0.969018E+00   0.969068E+00   0.969116E+00   0.969162E+00   0.969205E+00   0.969246E+00   0.969284E+00   0.969321E+00   0.969356E+00   0.969391E+00   0.969423E+00   0.969452E+00   0.969480E+00   0.969506E+00   0.969531E+00   0.969555E+00   0.969578E+00   0.969600E+00   0.969620E+00   0.969645E+00
 0.970000E+00   0.970000E+00   0.970000E+00   0.970000E+00   0.970000E+00   0.970000E+00   0.970000E+00   0.970000E+00   0.970000E+00   0.970000E+00   0.970000E+00   0.970000E+00   0.970000E+00   0.970000E+00   0.970000E+00   0.970000E+00   0.721743E+00   0.738182E+00   0.751707E+00   0.763885E+00   0.775594E+00   0.786890E+00   0.797118E+00   0.807051E+00   0.816385E+00   0.825446E+00   0.833507E+00   0.840856E+00   0.849350E+00   0.854487E+00   0.859084E+00   0.864742E+00   0.970000E+00   0.970000E+00   0.970000E+00   0.970000E+00   0.970000E+00   0.970000E+00   0.970000E+00   0.970000E+00   0.970000E+00   0.970000E+00   0.970000E+00   0.970000E+00   0.970000E+00   0.970000E+00   0.970000E+00   0.970000E+00   0.970000E+00   0.970000E+00   0.970000E+00   0.970000E+00   0.970000E+00   0.970000E+00   0.970000E+00   0.970000E+00   0.970000E+00   0.970000E+00   0.970000E+00   0.970000E+00   0.970000E+00   0.970000E+00   0.970000E+00   0.940443E+00   0.941436E+00   0.942999E+00   0.944333E+00   0.949615E+00   0.953748E+00   0.956321E+00   0.958204E+00   0.959553E+00   0.960609E+00   0.961438E+00   0.962105E+00   0.962541E+00   0.970000E+00   0.970000E+00   0.970000E+00   0.970000E+00   0.970000E+00   0.970000E+00   0.970000E+00   0.970000E+00   0.970000E+00   0.970000E+00   0.970000E+00   0.970000E+00   0.970000E+00   0.970000E+00   0.970000E+00   0.970000E+00   0.967770E+00   0.967854E+00   0.967964E+00   0.968069E+00   0.968171E+00   0.968253E+00   0.968333E+00   0.968414E+00   0.968497E+00   0.968576E+00   0.968649E+00   0.968719E+00   0.968786E+00   0.968849E+00   0.968908E+00   0.968964E+00   0.969018E+00   0.969068E+00   0.969116E+00   0.969162E+00   0.969205E+00   0.969246E+00   0.969284E+00   0.969321E+00   0.969356E+00   0.969391E+00   0.969423E+00   0.969452E+00   0.969480E+00   0.969506E+00   0.969531E+00   0.969555E+00   0.969578E+00   0.969600E+00   0.969620E+00   0.969645E+00
 0.970000E+00   0.970000E+00   0.970000E+00   0.970000E+00   0.970000E+00   0.970000E+00   0.970000E+00   0.970000E+00   0.970000E+00   0.970000E+00   0.970000E+00   0.970000E+00   0.970000E+00   0.970000E+00   0.970000E+00   0.970000E+00   0.721743E+00   0.738182E+00   0.751707E+00   0.763885E+00   0.775593E+00   0.786889E+00   0.797117E+00   0.807050E+00   0.816384E+00   0.825445E+00   0.833506E+00   0.840855E+00   0.849352E+00   0.854473E+00   0.859084E+00   0.864741E+00   0.970000E+00   0.970000E+00   0.970000E+00   0.970000E+00   0.970000E+00   0.970000E+00   0.970000E+00   0.970000E+00   0.970000E+00   0.970000E+00   0.970000E+00   0.970000E+00   0.970000E+00   0.970000E+00   0.970000E+00   0.970000E+00   0.970000E+00   0.970000E+00   0.970000E+00   0.970000E+00   0.970000E+00   0.970000E+00   0.970000E+00   0.970000E+00   0.970000E+00   0.970000E+00   0.970000E+00   0.970000E+00   0.970000E+00   0.970000E+00   0.970000E+00   0.940443E+00   0.941428E+00   0.942997E+00   0.944335E+00   0.949287E+00   0.953582E+00   0.956226E+00   0.958147E+00   0.959516E+00   0.960578E+00   0.961413E+00   0.962080E+00   0.962507E+00   0.970000E+00   0.970000E+00   0.970000E+00   0.970000E+00   0.970000E+00   0.970000E+00   0.970000E+00   0.970000E+00   0.970000E+00   0.970000E+00   0.970000E+00   0.970000E+00   0.970000E+00   0.970000E+00   0.970000E+00   0.970000E+00   0.967770E+00   0.967854E+00   0.967964E+00   0.968069E+00   0.968171E+00   0.968253E+00   0.968332E+00   0.968414E+00   0.968497E+00   0.968575E+00   0.968649E+00   0.968720E+00   0.968786E+00   0.968849E+00   0.968908E+00   0.968964E+00   0.969018E+00   0.969068E+00   0.969116E+00   0.969162E+00   0.969205E+00   0.969246E+00   0.969284E+00   0.969321E+00   0.969356E+00   0.969391E+00   0.969423E+00   0.969452E+00   0.969480E+00   0.969506E+00   0.969531E+00   0.969555E+00   0.969578E+00   0.969600E+00   0.969620E+00   0.969645E+00
 0.970000E+00   0.970000E+00   0.970000E+00   0.970000E+00   0.970000E+00   0.970000E+00   0.970000E+00   0.970000E+00   0.970000E+00   0.970000E+00   0.970000E+00   0.970000E+00   0.970000E+00   0.970000E+00   0.970000E+00   0.970000E+00   0.721743E+00   0.738182E+00   0.751706E+00   0.763884E+00   0.775592E+00   0.786888E+00   0.797116E+00   0.807049E+00   0.816383E+00   0.825444E+00   0.833505E+00   0.840854E+00   0.849353E+00   0.854458E+00   0.859084E+00   0.864741E+00   0.970000E+00   0.970000E+00   0.970000E+00   0.970000E+00   0.970000E+00   0.970000E+00   0.970000E+00   0.970000E+00   0.970000E+00   0.970000E+00   0.970000E+00   0.970000E+00   0.970000E+00   0.970000E+00   0.970000E+00   0.970000E+00   0.970000E+00   0.970000E+00   0.970000E+00   0.970000E+00   0.970000E+00   0.970000E+00   0.970000E+00   0.970000E+00   0.970000E+00   0.970000E+00   0.970000E+00   0.970000E+00   0.970000E+00   0.970000E+00   0.970000E+00   0.940443E+00   0.941421E+00   0.942994E+00   0.944339E+00   0.948943E+00   0.953409E+00   0.956129E+00   0.958090E+00   0.959478E+00   0.960546E+00   0.961388E+00   0.962053E+00   0.962471E+00   0.970000E+00   0.970000E+00   0.970000E+00   0.970000E+00   0.970000E+00   0.970000E+00   0.970000E+00   0.970000E+00   0.970000E+00   0.970000E+00   0.970000E+00   0.970000E+00   0.970000E+00   0.970000E+00   0.970000E+00   0.970000E+00   0.967769E+00   0.967854E+00   0.967963E+00   0.968069E+00   0.968171E+00   0.968253E+00   0.968332E+00   0.968414E+00   0.968497E+00   0.968575E+00   0.968649E+00   0.968720E+00   0.968786E+00   0.968849E+00   0.968908E+00   0.968964E+00   0.969018E+00   0.969068E+00   0.969116E+00   0.969162E+00   0.969205E+00   0.969246E+00   0.969284E+00   0.969321E+00   0.969356E+00   0.969391E+00   0.969423E+00   0.969452E+00   0.969480E+00   0.969506E+00   0.969531E+00   0.969555E+00   0.969578E+00   0.969600E+00   0.969620E+00   0.969645E+00
 0.970000E+00   0.970000E+00   0.970000E+00   0.970000E+00   0.970000E+00   0.970000E+00   0.970000E+00   0.970000E+00   0.970000E+00   0.970000E+00   0.970000E+00   0.970000E+00   0.970000E+00   0.970000E+00   0.970000E+00   0.970000E+00   0.721743E+00   0.738181E+00   0.751706E+00   0.763884E+00   0.775592E+00   0.786888E+00   0.797116E+00   0.807049E+00   0.816382E+00   0.825443E+00   0.833504E+00   0.840853E+00   0.849355E+00   0.854443E+00   0.859084E+00   0.864740E+00   0.970000E+00   0.970000E+00   0.970000E+00   0.970000E+00   0.970000E+00   0.970000E+00   0.970000E+00   0.970000E+00   0.970000E+00   0.970000E+00   0.970000E+00   0.970000E+00   0.970000E+00   0.970000E+00   0.970000E+00   0.970000E+00   0.970000E+00   0.970000E+00   0.970000E+00   0.970000E+00   0.970000E+00   0.970000E+00   0.970000E+00   0.970000E+00   0.970000E+00   0.970000E+00   0.970000E+00   0.970000E+00   0.970000E+00   0.970000E+00   0.970000E+00   0.940443E+00   0.941413E+00   0.942990E+00   0.944345E+00   0.948672E+00   0.953230E+00   0.956030E+00   0.958031E+00   0.959438E+00   0.960514E+00   0.961363E+00   0.962024E+00   0.962435E+00   0.970000E+00   0.970000E+00   0.970000E+00   0.970000E+00   0.970000E+00   0.970000E+00   0.970000E+00   0.970000E+00   0.970000E+00   0.970000E+00   0.970000E+00   0.970000E+00   0.970000E+00   0.970000E+00   0.970000E+00   0.970000E+00   0.967769E+00   0.967854E+00   0.967963E+00   0.968069E+00   0.968171E+00   0.968252E+00   0.968332E+00   0.968414E+00   0.968497E+00   0.968575E+00   0.968649E+00   0.968720E+00   0.968786E+00   0.968849E+00   0.968908E+00   0.968965E+00   0.969018E+00   0.969069E+00   0.969116E+00   0.969162E+00   0.969205E+00   0.969246E+00   0.969284E+00   0.969321E+00   0.969356E+00   0.969391E+00   0.969423E+00   0.969452E+00   0.969480E+00   0.969506E+00   0.969531E+00   0.969555E+00   0.969578E+00   0.969600E+00   0.969620E+00   0.969645E+00
 0.970000E+00   0.970000E+00   0.970000E+00   0.970000E+00   0.970000E+00   0.970000E+00   0.970000E+00   0.970000E+00   0.970000E+00   0.970000E+00   0.970000E+00   0.970000E+00   0.970000E+00   0.970000E+00   0.970000E+00   0.970000E+00   0.721742E+00   0.738181E+00   0.751705E+00   0.763883E+00   0.775591E+00   0.786887E+00   0.797115E+00   0.807048E+00   0.816381E+00   0.825442E+00   0.833503E+00   0.840852E+00   0.849357E+00   0.854428E+00   0.859084E+00   0.864740E+00   0.970000E+00   0.970000E+00   0.970000E+00   0.970000E+00   0.970000E+00   0.970000E+00   0.970000E+00   0.970000E+00   0.970000E+00   0.970000E+00   0.970000E+00   0.970000E+00   0.970000E+00   0.970000E+00   0.970000E+00   0.970000E+00   0.970000E+00   0.970000E+00   0.970000E+00   0.970000E+00   0.970000E+00   0.970000E+00   0.970000E+00   0.970000E+00   0.970000E+00   0.970000E+00   0.970000E+00   0.970000E+00   0.970000E+00   0.970000E+00   0.970000E+00   0.940444E+00   0.941406E+00   0.942985E+00   0.944352E+00   0.948286E+00   0.953044E+00   0.955927E+00   0.957971E+00   0.959396E+00   0.960480E+00   0.961336E+00   0.961993E+00   0.962398E+00   0.970000E+00   0.970000E+00   0.970000E+00   0.970000E+00   0.970000E+00   0.970000E+00   0.970000E+00   0.970000E+00   0.970000E+00   0.970000E+00   0.970000E+00   0.970000E+00   0.970000E+00   0.970000E+00   0.970000E+00   0.970000E+00   0.967768E+00   0.967854E+00   0.967963E+00   0.968068E+00   0.968171E+00   0.968252E+00   0.968332E+00   0.968414E+00   0.968497E+00   0.968575E+00   0.968649E+00   0.968720E+00   0.968786E+00   0.968849E+00   0.968908E+00   0.968965E+00   0.969018E+00   0.969069E+00   0.969116E+00   0.969162E+00   0.969205E+00   0.969246E+00   0.969285E+00   0.969321E+00   0.969356E+00   0.969391E+00   0.969423E+00   0.969452E+00   0.969480E+00   0.969506E+00   0.969532E+00   0.969555E+00   0.969578E+00   0.969600E+00   0.969620E+00   0.969645E+00
 0.970000E+00   0.970000E+00   0.970000E+00   0.970000E+00   0.970000E+00   0.970000E+00   0.970000E+00   0.970000E+00   0.970000E+00   0.970000E+00   0.970000E+00   0.970000E+00   0.970000E+00   0.970000E+00   0.970000E+00   0.970000E+00   0.721742E+00   0.738180E+00   0.751705E+00   0.763883E+00   0.775591E+00   0.786886E+00   0.797114E+00   0.807047E+00   0.816380E+00   0.825441E+00   0.833502E+00   0.840850E+00   0.849359E+00   0.854414E+00   0.859084E+00   0.864739E+00   0.970000E+00   0.970000E+00   0.970000E+00   0.970000E+00   0.970000E+00   0.970000E+00   0.970000E+00   0.970000E+00   0.970000E+00   0.970000E+00   0.970000E+00   0.970000E+00   0.970000E+00   0.970000E+00   0.970000E+00   0.970000E+00   0.970000E+00   0.970000E+00   0.970000E+00   0.970000E+00   0.970000E+00   0.970000E+00   0.970000E+00   0.970000E+00   0.970000E+00   0.970000E+00   0.970000E+00   0.970000E+00   0.970000E+00   0.970000E+00   0.970000E+00   0.940444E+00   0.941400E+00   0.942980E+00   0.944361E+00   0.947878E+00   0.952848E+00   0.955825E+00   0.957978E+00   0.959434E+00   0.960445E+00   0.961307E+00   0.961951E+00   0.970000E+00   0.970000E+00   0.970000E+00   0.970000E+00   0.970000E+00   0.970000E+00   0.970000E+00   0.970000E+00   0.970000E+00   0.970000E+00   0.970000E+00   0.970000E+00   0.970000E+00   0.970000E+00   0.970000E+00   0.970000E+00   0.970000E+00   0.967768E+00   0.967854E+00   0.967963E+00   0.968068E+00   0.968171E+00   0.968252E+00   0.968332E+00   0.968414E+00   0.968497E+00   0.968575E+00   0.968649E+00   0.968720E+00   0.968786E+00   0.968849E+00   0.968908E+00   0.968965E+00   0.969018E+00   0.969069E+00   0.969116E+00   0.969162E+00   0.969205E+00   0.969246E+00   0.969285E+00   0.969321E+00   0.969356E+00   0.969391E+00   0.969423E+00   0.969452E+00   0.969480E+00   0.969506E+00   0.969532E+00   0.969555E+00   0.969578E+00   0.969600E+00   0.969620E+00   0.969645E+00
 0.970000E+00   0.970000E+00   0.970000E+00   0.970000E+00   0.970000E+00   0.970000E+00   0.970000E+00   0.970000E+00   0.970000E+00   0.970000E+00   0.970000E+00   0.970000E+00   0.970000E+00   0.970000E+00   0.970000E+00   0.970000E+00   0.721742E+00   0.738180E+00   0.751704E+00   0.763882E+00   0.775590E+00   0.786886E+00   0.797113E+00   0.807046E+00   0.816380E+00   0.825440E+00   0.833501E+00   0.840849E+00   0.849361E+00   0.854399E+00   0.859084E+00   0.864738E+00   0.970000E+00   0.970000E+00   0.970000E+00   0.970000E+00   0.970000E+00   0.970000E+00   0.970000E+00   0.970000E+00   0.970000E+00   0.970000E+00   0.970000E+00   0.970000E+00   0.970000E+00   0.970000E+00   0.970000E+00   0.970000E+00   0.970000E+00   0.970000E+00   0.970000E+00   0.970000E+00   0.970000E+00   0.970000E+00   0.970000E+00   0.970000E+00   0.970000E+00   0.970000E+00   0.970000E+00   0.970000E+00   0.970000E+00   0.970000E+00   0.970000E+00   0.940444E+00   0.941394E+00   0.942975E+00   0.944369E+00   0.947454E+00   0.952648E+00   0.955725E+00   0.957922E+00   0.959383E+00   0.960410E+00   0.961278E+00   0.961903E+00   0.970000E+00   0.970000E+00   0.970000E+00   0.970000E+00   0.970000E+00   0.970000E+00   0.970000E+00   0.970000E+00   0.970000E+00   0.970000E+00   0.970000E+00   0.970000E+00   0.970000E+00   0.970000E+00   0.970000E+00   0.970000E+00   0.970000E+00   0.967767E+00   0.967854E+00   0.967963E+00   0.968068E+00   0.968171E+00   0.968252E+00   0.968332E+00   0.968414E+00   0.968497E+00   0.968575E+00   0.968649E+00   0.968720E+00   0.968786E+00   0.968849E+00   0.968908E+00   0.968965E+00   0.969018E+00   0.969069E+00   0.969117E+00   0.969162E+00   0.969205E+00   0.969246E+00   0.969285E+00   0.969321E+00   0.969356E+00   0.969391E+00   0.969423E+00   0.969452E+00   0.969480E+00   0.969506E+00   0.969532E+00   0.969555E+00   0.969578E+00   0.969600E+00   0.969620E+00   0.969645E+00
 0.970000E+00   0.970000E+00   0.970000E+00   0.970000E+00   0.970000E+00   0.970000E+00   0.970000E+00   0.970000E+00   0.970000E+00   0.970000E+00   0.970000E+00   0.970000E+00   0.970000E+00   0.970000E+00   0.970000E+00   0.970000E+00   0.721742E+00   0.738179E+00   0.751704E+00   0.763882E+00   0.775589E+00   0.786885E+00   0.797113E+00   0.807045E+00   0.816379E+00   0.825439E+00   0.833500E+00   0.840848E+00   0.849363E+00   0.854384E+00   0.859084E+00   0.864738E+00   0.970000E+00   0.970000E+00   0.970000E+00   0.970000E+00   0.970000E+00   0.970000E+00   0.970000E+00   0.970000E+00   0.970000E+00   0.970000E+00   0.970000E+00   0.970000E+00   0.970000E+00   0.970000E+00   0.970000E+00   0.970000E+00   0.970000E+00   0.970000E+00   0.970000E+00   0.970000E+00   0.970000E+00   0.970000E+00   0.970000E+00   0.970000E+00   0.970000E+00   0.970000E+00   0.970000E+00   0.970000E+00   0.970000E+00   0.970000E+00   0.970000E+00   0.940444E+00   0.941388E+00   0.942969E+00   0.944379E+00   0.947021E+00   0.952441E+00   0.955623E+00   0.957863E+00   0.959331E+00   0.960373E+00   0.961247E+00   0.961855E+00   0.970000E+00   0.970000E+00   0.970000E+00   0.970000E+00   0.970000E+00   0.970000E+00   0.970000E+00   0.970000E+00   0.970000E+00   0.970000E+00   0.970000E+00   0.970000E+00   0.970000E+00   0.970000E+00   0.970000E+00   0.970000E+00   0.970000E+00   0.967767E+00   0.967854E+00   0.967963E+00   0.968068E+00   0.968171E+00   0.968252E+00   0.968332E+00   0.968414E+00   0.968497E+00   0.968575E+00   0.968649E+00   0.968720E+00   0.968786E+00   0.968849E+00   0.968908E+00   0.968965E+00   0.969018E+00   0.969069E+00   0.969117E+00   0.969162E+00   0.969205E+00   0.969246E+00   0.969285E+00   0.969321E+00   0.969356E+00   0.969391E+00   0.969423E+00   0.969452E+00   0.969480E+00   0.969506E+00   0.969532E+00   0.969555E+00   0.969578E+00   0.969600E+00   0.969620E+00   0.969645E+00
 0.970000E+00   0.970000E+00   0.970000E+00   0.970000E+00   0.970000E+00   0.970000E+00   0.970000E+00   0.970000E+00   0.970000E+00   0.970000E+00   0.970000E+00   0.970000E+00   0.970000E+00   0.970000E+00   0.970000E+00   0.970000E+00   0.721742E+00   0.738179E+00   0.751703E+00   0.763881E+00   0.775589E+00   0.786885E+00   0.797112E+00   0.807045E+00   0.816378E+00   0.825438E+00   0.833499E+00   0.840847E+00   0.849366E+00   0.854369E+00   0.859084E+00   0.864737E+00   0.970000E+00   0.970000E+00   0.970000E+00   0.970000E+00   0.970000E+00   0.970000E+00   0.970000E+00   0.970000E+00   0.970000E+00   0.970000E+00   0.970000E+00   0.970000E+00   0.970000E+00   0.970000E+00   0.970000E+00   0.970000E+00   0.970000E+00   0.970000E+00   0.970000E+00   0.970000E+00   0.970000E+00   0.970000E+00   0.970000E+00   0.970000E+00   0.970000E+00   0.970000E+00   0.970000E+00   0.970000E+00   0.970000E+00   0.970000E+00   0.970000E+00   0.940444E+00   0.941382E+00   0.942962E+00   0.944388E+00   0.946588E+00   0.952228E+00   0.955519E+00   0.957798E+00   0.959278E+00   0.960336E+00   0.961215E+00   0.961806E+00   0.970000E+00   0.970000E+00   0.970000E+00   0.970000E+00   0.970000E+00   0.970000E+00   0.970000E+00   0.970000E+00   0.970000E+00   0.970000E+00   0.970000E+00   0.970000E+00   0.970000E+00   0.970000E+00   0.970000E+00   0.970000E+00   0.970000E+00   0.967766E+00   0.967854E+00   0.967963E+00   0.968068E+00   0.968171E+00   0.968252E+00   0.968332E+00   0.968414E+00   0.968497E+00   0.968575E+00   0.968649E+00   0.968720E+00   0.968786E+00   0.968849E+00   0.968908E+00   0.968965E+00   0.969018E+00   0.969069E+00   0.969117E+00   0.969162E+00   0.969205E+00   0.969246E+00   0.969285E+00   0.969321E+00   0.969356E+00   0.969391E+00   0.969423E+00   0.969452E+00   0.969480E+00   0.969506E+00   0.969532E+00   0.969555E+00   0.969578E+00   0.969600E+00   0.969620E+00   0.969645E+00
 0.970000E+00   0.970000E+00   0.970000E+00   0.970000E+00   0.970000E+00   0.970000E+00   0.970000E+00   0.970000E+00   0.970000E+00   0.970000E+00   0.970000E+00   0.970000E+00   0.970000E+00   0.970000E+00   0.970000E+00   0.970000E+00   0.721742E+00   0.738179E+00   0.751703E+00   0.763881E+00   0.775588E+00   0.786884E+00   0.797111E+00   0.807044E+00   0.816377E+00   0.825437E+00   0.833498E+00   0.840846E+00   0.849369E+00   0.854354E+00   0.859084E+00   0.864737E+00   0.970000E+00   0.970000E+00   0.970000E+00   0.970000E+00   0.970000E+00   0.970000E+00   0.970000E+00   0.970000E+00   0.970000E+00   0.970000E+00   0.970000E+00   0.970000E+00   0.970000E+00   0.970000E+00   0.970000E+00   0.970000E+00   0.970000E+00   0.970000E+00   0.970000E+00   0.970000E+00   0.970000E+00   0.970000E+00   0.970000E+00   0.970000E+00   0.970000E+00   0.970000E+00   0.970000E+00   0.970000E+00   0.970000E+00   0.970000E+00   0.970000E+00   0.940445E+00   0.941377E+00   0.942956E+00   0.944397E+00   0.946181E+00   0.952006E+00   0.955412E+00   0.957730E+00   0.959224E+00   0.960298E+00   0.961179E+00   0.961755E+00   0.970000E+00   0.970000E+00   0.970000E+00   0.970000E+00   0.970000E+00   0.970000E+00   0.970000E+00   0.970000E+00   0.970000E+00   0.970000E+00   0.970000E+00   0.970000E+00   0.970000E+00   0.970000E+00   0.970000E+00   0.970000E+00   0.970000E+00   0.967765E+00   0.967854E+00   0.967963E+00   0.968068E+00   0.968171E+00   0.968252E+00   0.968331E+00   0.968414E+00   0.968497E+00   0.968575E+00   0.968649E+00   0.968720E+00   0.968786E+00   0.968849E+00   0.968908E+00   0.968965E+00   0.969018E+00   0.969069E+00   0.969117E+00   0.969162E+00   0.969205E+00   0.969246E+00   0.969285E+00   0.969321E+00   0.969356E+00   0.969391E+00   0.969423E+00   0.969452E+00   0.969480E+00   0.969506E+00   0.969532E+00   0.969555E+00   0.969578E+00   0.969600E+00   0.969620E+00   0.969645E+00
 0.970000E+00   0.970000E+00   0.970000E+00   0.970000E+00   0.970000E+00   0.970000E+00   0.970000E+00   0.970000E+00   0.970000E+00   0.970000E+00   0.970000E+00   0.970000E+00   0.970000E+00   0.970000E+00   0.970000E+00   0.970000E+00   0.721741E+00   0.738178E+00   0.751702E+00   0.763880E+00   0.775587E+00   0.786883E+00   0.797110E+00   0.807043E+00   0.816376E+00   0.825436E+00   0.833497E+00   0.840845E+00   0.849372E+00   0.854340E+00   0.859084E+00   0.864736E+00   0.970000E+00   0.970000E+00   0.970000E+00   0.970000E+00   0.970000E+00   0.970000E+00   0.970000E+00   0.970000E+00   0.970000E+00   0.970000E+00   0.970000E+00   0.970000E+00   0.970000E+00   0.970000E+00   0.970000E+00   0.970000E+00   0.970000E+00   0.970000E+00   0.970000E+00   0.970000E+00   0.970000E+00   0.970000E+00   0.970000E+00   0.970000E+00   0.970000E+00   0.970000E+00   0.970000E+00   0.970000E+00   0.970000E+00   0.970000E+00   0.970000E+00   0.940445E+00   0.941371E+00   0.942949E+00   0.944404E+00   0.945859E+00   0.951776E+00   0.955301E+00   0.957657E+00   0.959168E+00   0.960258E+00   0.961142E+00   0.961703E+00   0.970000E+00   0.970000E+00   0.970000E+00   0.970000E+00   0.970000E+00   0.970000E+00   0.970000E+00   0.970000E+00   0.970000E+00   0.970000E+00   0.970000E+00   0.970000E+00   0.970000E+00   0.970000E+00   0.970000E+00   0.970000E+00   0.970000E+00   0.967765E+00   0.967854E+00   0.967963E+00   0.968067E+00   0.968171E+00   0.968252E+00   0.968331E+00   0.968413E+00   0.968497E+00   0.968575E+00   0.968649E+00   0.968720E+00   0.968786E+00   0.968849E+00   0.968908E+00   0.968965E+00   0.969018E+00   0.969069E+00   0.969117E+00   0.969162E+00   0.969205E+00   0.969246E+00   0.969285E+00   0.969321E+00   0.969356E+00   0.969391E+00   0.969423E+00   0.969452E+00   0.969480E+00   0.969506E+00   0.969532E+00   0.969555E+00   0.969578E+00   0.969600E+00   0.969620E+00   0.969645E+00
 0.970000E+00   0.970000E+00   0.970000E+00   0.970000E+00   0.970000E+00   0.970000E+00   0.970000E+00   0.970000E+00   0.970000E+00   0.970000E+00   0.970000E+00   0.970000E+00   0.970000E+00   0.970000E+00   0.970000E+00   0.970000E+00   0.721741E+00   0.738177E+00   0.751702E+00   0.763879E+00   0.775587E+00   0.786882E+00   0.797109E+00   0.807042E+00   0.816375E+00   0.825435E+00   0.833495E+00   0.840843E+00   0.849375E+00   0.854326E+00   0.859084E+00   0.864735E+00   0.970000E+00   0.970000E+00   0.970000E+00   0.970000E+00   0.970000E+00   0.970000E+00   0.970000E+00   0.970000E+00   0.970000E+00   0.970000E+00   0.970000E+00   0.970000E+00   0.970000E+00   0.970000E+00   0.970000E+00   0.970000E+00   0.970000E+00   0.970000E+00   0.970000E+00   0.970000E+00   0.970000E+00   0.970000E+00   0.970000E+00   0.970000E+00   0.970000E+00   0.970000E+00   0.970000E+00   0.970000E+00   0.970000E+00   0.970000E+00   0.970000E+00   0.940445E+00   0.941366E+00   0.942942E+00   0.944409E+00   0.945713E+00   0.951537E+00   0.955186E+00   0.957581E+00   0.959110E+00   0.960217E+00   0.961101E+00   0.961650E+00   0.970000E+00   0.970000E+00   0.970000E+00   0.970000E+00   0.970000E+00   0.970000E+00   0.970000E+00   0.970000E+00   0.970000E+00   0.970000E+00   0.970000E+00   0.970000E+00   0.970000E+00   0.970000E+00   0.970000E+00   0.970000E+00   0.970000E+00   0.967764E+00   0.967854E+00   0.967963E+00   0.968067E+00   0.968171E+00   0.968252E+00   0.968331E+00   0.968413E+00   0.968497E+00   0.968575E+00   0.968649E+00   0.968719E+00   0.968786E+00   0.968849E+00   0.968908E+00   0.968965E+00   0.969018E+00   0.969069E+00   0.969117E+00   0.969162E+00   0.969205E+00   0.969246E+00   0.969285E+00   0.969321E+00   0.969356E+00   0.969391E+00   0.969423E+00   0.969452E+00   0.969480E+00   0.969506E+00   0.969532E+00   0.969556E+00   0.969578E+00   0.969600E+00   0.969620E+00   0.969645E+00
 0.970000E+00   0.970000E+00   0.970000E+00   0.970000E+00   0.970000E+00   0.970000E+00   0.970000E+00   0.970000E+00   0.970000E+00   0.970000E+00   0.970000E+00   0.970000E+00   0.970000E+00   0.970000E+00   0.970000E+00   0.970000E+00   0.721741E+00   0.738177E+00   0.751701E+00   0.763879E+00   0.775586E+00   0.786881E+00   0.797109E+00   0.807041E+00   0.816374E+00   0.825434E+00   0.833494E+00   0.840842E+00   0.849378E+00   0.854313E+00   0.859084E+00   0.864735E+00   0.970000E+00   0.970000E+00   0.970000E+00   0.970000E+00   0.970000E+00   0.970000E+00   0.970000E+00   0.970000E+00   0.970000E+00   0.970000E+00   0.970000E+00   0.970000E+00   0.970000E+00   0.970000E+00   0.970000E+00   0.970000E+00   0.970000E+00   0.970000E+00   0.970000E+00   0.970000E+00   0.970000E+00   0.970000E+00   0.970000E+00   0.970000E+00   0.970000E+00   0.970000E+00   0.970000E+00   0.970000E+00   0.970000E+00   0.970000E+00   0.970000E+00   0.940445E+00   0.941362E+00   0.942936E+00   0.944411E+00   0.945688E+00   0.951288E+00   0.955065E+00   0.957501E+00   0.959051E+00   0.960175E+00   0.961058E+00   0.961595E+00   0.970000E+00   0.970000E+00   0.970000E+00   0.970000E+00   0.970000E+00   0.970000E+00   0.970000E+00   0.970000E+00   0.970000E+00   0.970000E+00   0.970000E+00   0.970000E+00   0.970000E+00   0.970000E+00   0.970000E+00   0.970000E+00   0.970000E+00   0.967764E+00   0.967853E+00   0.967963E+00   0.968067E+00   0.968171E+00   0.968251E+00   0.968331E+00   0.968413E+00   0.968496E+00   0.968575E+00   0.968649E+00   0.968719E+00   0.968786E+00   0.968849E+00   0.968908E+00   0.968965E+00   0.969018E+00   0.969069E+00   0.969117E+00   0.969162E+00   0.969205E+00   0.969246E+00   0.969285E+00   0.969321E+00   0.969356E+00   0.969391E+00   0.969423E+00   0.969452E+00   0.969480E+00   0.969506E+00   0.969532E+00   0.969556E+00   0.969578E+00   0.969600E+00   0.969620E+00   0.969645E+00
 0.970000E+00   0.970000E+00   0.970000E+00   0.970000E+00   0.970000E+00   0.970000E+00   0.970000E+00   0.970000E+00   0.970000E+00   0.970000E+00   0.970000E+00   0.970000E+00   0.970000E+00   0.970000E+00   0.970000E+00   0.970000E+00   0.721741E+00   0.738177E+00   0.751701E+00   0.763878E+00   0.775585E+00   0.786881E+00   0.797108E+00   0.807040E+00   0.816373E+00   0.825433E+00   0.833493E+00   0.840841E+00   0.849382E+00   0.854300E+00   0.859084E+00   0.864734E+00   0.970000E+00   0.970000E+00   0.970000E+00   0.970000E+00   0.970000E+00   0.970000E+00   0.970000E+00   0.970000E+00   0.970000E+00   0.970000E+00   0.970000E+00   0.970000E+00   0.970000E+00   0.970000E+00   0.970000E+00   0.970000E+00   0.970000E+00   0.970000E+00   0.970000E+00   0.970000E+00   0.970000E+00   0.970000E+00   0.970000E+00   0.970000E+00   0.970000E+00   0.970000E+00   0.970000E+00   0.970000E+00   0.970000E+00   0.970000E+00   0.970000E+00   0.940445E+00   0.941357E+00   0.942929E+00   0.944411E+00   0.945684E+00   0.951029E+00   0.954938E+00   0.957417E+00   0.958990E+00   0.960131E+00   0.961012E+00   0.961539E+00   0.970000E+00   0.970000E+00   0.970000E+00   0.970000E+00   0.970000E+00   0.970000E+00   0.970000E+00   0.970000E+00   0.970000E+00   0.970000E+00   0.970000E+00   0.970000E+00   0.970000E+00   0.970000E+00   0.970000E+00   0.970000E+00   0.970000E+00   0.967763E+00   0.967853E+00   0.967963E+00   0.968067E+00   0.968171E+00   0.968251E+00   0.968331E+00   0.968413E+00   0.968496E+00   0.968575E+00   0.968649E+00   0.968719E+00   0.968786E+00   0.968849E+00   0.968908E+00   0.968965E+00   0.969018E+00   0.969069E+00   0.969117E+00   0.969162E+00   0.969205E+00   0.969246E+00   0.969285E+00   0.969321E+00   0.969356E+00   0.969391E+00   0.969423E+00   0.969452E+00   0.969480E+00   0.969507E+00   0.969532E+00   0.969556E+00   0.969578E+00   0.969600E+00   0.969620E+00   0.969645E+00
 0.970000E+00   0.970000E+00   0.970000E+00   0.970000E+00   0.970000E+00   0.970000E+00   0.970000E+00   0.970000E+00   0.970000E+00   0.970000E+00   0.970000E+00   0.970000E+00   0.970000E+00   0.970000E+00   0.970000E+00   0.970000E+00   0.721741E+00   0.738176E+00   0.751700E+00   0.763878E+00   0.775585E+00   0.786880E+00   0.797107E+00   0.807040E+00   0.816372E+00   0.825432E+00   0.833492E+00   0.840840E+00   0.849385E+00   0.854288E+00   0.859084E+00   0.864734E+00   0.970000E+00   0.970000E+00   0.970000E+00   0.970000E+00   0.970000E+00   0.970000E+00   0.970000E+00   0.970000E+00   0.970000E+00   0.970000E+00   0.970000E+00   0.970000E+00   0.970000E+00   0.970000E+00   0.970000E+00   0.970000E+00   0.970000E+00   0.970000E+00   0.970000E+00   0.970000E+00   0.970000E+00   0.970000E+00   0.970000E+00   0.970000E+00   0.970000E+00   0.970000E+00   0.970000E+00   0.970000E+00   0.970000E+00   0.970000E+00   0.970000E+00   0.940445E+00   0.941353E+00   0.942923E+00   0.944411E+00   0.945684E+00   0.950758E+00   0.954805E+00   0.957329E+00   0.958927E+00   0.960085E+00   0.960963E+00   0.961481E+00   0.970000E+00   0.970000E+00   0.970000E+00   0.970000E+00   0.970000E+00   0.970000E+00   0.970000E+00   0.970000E+00   0.970000E+00   0.970000E+00   0.970000E+00   0.970000E+00   0.970000E+00   0.970000E+00   0.970000E+00   0.970000E+00   0.970000E+00   0.967763E+00   0.967853E+00   0.967963E+00   0.968067E+00   0.968171E+00   0.968251E+00   0.968331E+00   0.968413E+00   0.968496E+00   0.968575E+00   0.968649E+00   0.968719E+00   0.968786E+00   0.968849E+00   0.968908E+00   0.968965E+00   0.969018E+00   0.969069E+00   0.969117E+00   0.969162E+00   0.969205E+00   0.969246E+00   0.969285E+00   0.969321E+00   0.969356E+00   0.969391E+00   0.969423E+00   0.969452E+00   0.969480E+00   0.969507E+00   0.969532E+00   0.969556E+00   0.969578E+00   0.969600E+00   0.969620E+00   0.969645E+00
 0.970000E+00   0.970000E+00   0.970000E+00   0.970000E+00   0.970000E+00   0.970000E+00   0.970000E+00   0.970000E+00   0.970000E+00   0.970000E+00   0.970000E+00   0.970000E+00   0.970000E+00   0.970000E+00   0.970000E+00   0.970000E+00   0.721741E+00   0.738176E+00   0.751700E+00   0.763877E+00   0.775584E+00   0.786880E+00   0.797107E+00   0.807039E+00   0.816372E+00   0.825432E+00   0.833492E+00   0.840839E+00   0.849389E+00   0.854277E+00   0.859084E+00   0.864733E+00   0.970000E+00   0.970000E+00   0.970000E+00   0.970000E+00   0.970000E+00   0.970000E+00   0.970000E+00   0.970000E+00   0.970000E+00   0.970000E+00   0.970000E+00   0.970000E+00   0.970000E+00   0.970000E+00   0.970000E+00   0.970000E+00   0.970000E+00   0.970000E+00   0.970000E+00   0.970000E+00   0.970000E+00   0.970000E+00   0.970000E+00   0.970000E+00   0.970000E+00   0.970000E+00   0.970000E+00   0.970000E+00   0.970000E+00   0.970000E+00   0.970000E+00   0.940446E+00   0.941349E+00   0.942917E+00   0.944409E+00   0.945686E+00   0.950476E+00   0.954664E+00   0.957238E+00   0.958862E+00   0.960037E+00   0.960911E+00   0.961422E+00   0.970000E+00   0.970000E+00   0.970000E+00   0.970000E+00   0.970000E+00   0.970000E+00   0.970000E+00   0.970000E+00   0.970000E+00   0.970000E+00   0.970000E+00   0.970000E+00   0.970000E+00   0.970000E+00   0.970000E+00   0.970000E+00   0.970000E+00   0.967762E+00   0.967853E+00   0.967963E+00   0.968067E+00   0.968171E+00   0.968251E+00   0.968331E+00   0.968413E+00   0.968496E+00   0.968575E+00   0.968649E+00   0.968719E+00   0.968786E+00   0.968849E+00   0.968908E+00   0.968965E+00   0.969018E+00   0.969069E+00   0.969117E+00   0.969162E+00   0.969205E+00   0.969246E+00   0.969285E+00   0.969321E+00   0.969356E+00   0.969391E+00   0.969423E+00   0.969452E+00   0.969480E+00   0.969507E+00   0.969532E+00   0.969556E+00   0.969578E+00   0.969600E+00   0.969620E+00   0.969645E+00
 0.970000E+00   0.970000E+00   0.970000E+00   0.970000E+00   0.970000E+00   0.970000E+00   0.970000E+00   0.970000E+00   0.970000E+00   0.970000E+00   0.970000E+00   0.970000E+00   0.970000E+00   0.970000E+00   0.970000E+00   0.970000E+00   0.721741E+00   0.738176E+00   0.751700E+00   0.763877E+00   0.775584E+00   0.786879E+00   0.797106E+00   0.807038E+00   0.816371E+00   0.825431E+00   0.833491E+00   0.840838E+00   0.849393E+00   0.854266E+00   0.859084E+00   0.864733E+00   0.970000E+00   0.970000E+00   0.970000E+00   0.970000E+00   0.970000E+00   0.970000E+00   0.970000E+00   0.970000E+00   0.970000E+00   0.970000E+00   0.970000E+00   0.970000E+00   0.970000E+00   0.970000E+00   0.970000E+00   0.970000E+00   0.970000E+00   0.970000E+00   0.970000E+00   0.970000E+00   0.970000E+00   0.970000E+00   0.970000E+00   0.970000E+00   0.970000E+00   0.970000E+00   0.970000E+00   0.970000E+00   0.970000E+00   0.970000E+00   0.970000E+00   0.940446E+00   0.941345E+00   0.942911E+00   0.944406E+00   0.945690E+00   0.950272E+00   0.954516E+00   0.957143E+00   0.958795E+00   0.959986E+00   0.960855E+00   0.961361E+00   0.970000E+00   0.970000E+00   0.970000E+00   0.970000E+00   0.970000E+00   0.970000E+00   0.970000E+00   0.970000E+00   0.970000E+00   0.970000E+00   0.970000E+00   0.970000E+00   0.970000E+00   0.970000E+00   0.970000E+00   0.970000E+00   0.970000E+00   0.967761E+00   0.967853E+00   0.967963E+00   0.968066E+00   0.968171E+00   0.968251E+00   0.968330E+00   0.968413E+00   0.968496E+00   0.968575E+00   0.968649E+00   0.968719E+00   0.968786E+00   0.968849E+00   0.968908E+00   0.968965E+00   0.969018E+00   0.969069E+00   0.969117E+00   0.969162E+00   0.969205E+00   0.969246E+00   0.969285E+00   0.969321E+00   0.969356E+00   0.969391E+00   0.969423E+00   0.969452E+00   0.969480E+00   0.969507E+00   0.969532E+00   0.969556E+00   0.969578E+00   0.969600E+00   0.969620E+00   0.969645E+00
 0.970000E+00   0.970000E+00   0.970000E+00   0.970000E+00   0.970000E+00   0.970000E+00   0.970000E+00   0.970000E+00   0.970000E+00   0.970000E+00   0.970000E+00   0.970000E+00   0.970000E+00   0.970000E+00   0.970000E+00   0.970000E+00   0.721740E+00   0.738175E+00   0.751699E+00   0.763877E+00   0.775584E+00   0.786879E+00   0.797106E+00   0.807038E+00   0.816371E+00   0.825430E+00   0.833490E+00   0.840838E+00   0.849397E+00   0.854257E+00   0.859084E+00   0.864733E+00   0.970000E+00   0.970000E+00   0.970000E+00   0.970000E+00   0.970000E+00   0.970000E+00   0.970000E+00   0.970000E+00   0.970000E+00   0.970000E+00   0.970000E+00   0.970000E+00   0.970000E+00   0.970000E+00   0.970000E+00   0.970000E+00   0.970000E+00   0.970000E+00   0.970000E+00   0.970000E+00   0.970000E+00   0.970000E+00   0.970000E+00   0.970000E+00   0.970000E+00   0.970000E+00   0.970000E+00   0.970000E+00   0.970000E+00   0.970000E+00   0.970000E+00   0.940446E+00   0.941342E+00   0.942906E+00   0.944404E+00   0.945706E+00   0.950573E+00   0.954358E+00   0.957042E+00   0.958725E+00   0.959932E+00   0.960779E+00   0.970000E+00   0.970000E+00   0.970000E+00   0.970000E+00   0.970000E+00   0.970000E+00   0.970000E+00   0.970000E+00   0.970000E+00   0.970000E+00   0.970000E+00   0.970000E+00   0.970000E+00   0.970000E+00   0.970000E+00   0.970000E+00   0.970000E+00   0.970000E+00   0.967761E+00   0.967853E+00   0.967963E+00   0.968066E+00   0.968171E+00   0.968251E+00   0.968330E+00   0.968413E+00   0.968496E+00   0.968575E+00   0.968649E+00   0.968719E+00   0.968786E+00   0.968849E+00   0.968908E+00   0.968965E+00   0.969018E+00   0.969069E+00   0.969117E+00   0.969162E+00   0.969205E+00   0.969246E+00   0.969285E+00   0.969321E+00   0.969356E+00   0.969391E+00   0.969423E+00   0.969452E+00   0.969480E+00   0.969507E+00   0.969532E+00   0.969556E+00   0.969578E+00   0.969600E+00   0.969620E+00   0.969646E+00
 0.970000E+00   0.970000E+00   0.970000E+00   0.970000E+00   0.970000E+00   0.970000E+00   0.970000E+00   0.970000E+00   0.970000E+00   0.970000E+00   0.970000E+00   0.970000E+00   0.970000E+00   0.970000E+00   0.970000E+00   0.970000E+00   0.721740E+00   0.738175E+00   0.751699E+00   0.763876E+00   0.775583E+00   0.786878E+00   0.797105E+00   0.807037E+00   0.816370E+00   0.825430E+00   0.833490E+00   0.840837E+00   0.849402E+00   0.854248E+00   0.859084E+00   0.864732E+00   0.970000E+00   0.970000E+00   0.970000E+00   0.970000E+00   0.970000E+00   0.970000E+00   0.970000E+00   0.970000E+00   0.970000E+00   0.970000E+00   0.970000E+00   0.970000E+00   0.970000E+00   0.970000E+00   0.970000E+00   0.970000E+00   0.970000E+00   0.970000E+00   0.970000E+00   0.970000E+00   0.970000E+00   0.970000E+00   0.970000E+00   0.970000E+00   0.970000E+00   0.970000E+00   0.970000E+00   0.970000E+00   0.970000E+00   0.970000E+00   0.970000E+00   0.940446E+00   0.941339E+00   0.942900E+00   0.944402E+00   0.945706E+00   0.950293E+00   0.954192E+00   0.956842E+00   0.958654E+00   0.959876E+00   0.960699E+00   0.970000E+00   0.970000E+00   0.970000E+00   0.970000E+00   0.970000E+00   0.970000E+00   0.970000E+00   0.970000E+00   0.970000E+00   0.970000E+00   0.970000E+00   0.970000E+00   0.970000E+00   0.970000E+00   0.970000E+00   0.970000E+00   0.970000E+00   0.970000E+00   0.967760E+00   0.967853E+00   0.967963E+00   0.968066E+00   0.968171E+00   0.968251E+00   0.968330E+00   0.968413E+00   0.968496E+00   0.968575E+00   0.968649E+00   0.968719E+00   0.968786E+00   0.968849E+00   0.968908E+00   0.968965E+00   0.969018E+00   0.969069E+00   0.969117E+00   0.969162E+00   0.969205E+00   0.969246E+00   0.969285E+00   0.969322E+00   0.969356E+00   0.969391E+00   0.969423E+00   0.969452E+00   0.969480E+00   0.969507E+00   0.969532E+00   0.969556E+00   0.969578E+00   0.969600E+00   0.969620E+00   0.969646E+00
 0.970000E+00   0.970000E+00   0.970000E+00   0.970000E+00   0.970000E+00   0.970000E+00   0.970000E+00   0.970000E+00   0.970000E+00   0.970000E+00   0.970000E+00   0.970000E+00   0.970000E+00   0.970000E+00   0.970000E+00   0.970000E+00   0.721740E+00   0.738175E+00   0.751699E+00   0.763876E+00   0.775583E+00   0.786878E+00   0.797105E+00   0.807037E+00   0.816369E+00   0.825429E+00   0.833489E+00   0.840836E+00   0.849406E+00   0.854240E+00   0.859084E+00   0.864732E+00   0.970000E+00   0.970000E+00   0.970000E+00   0.970000E+00   0.970000E+00   0.970000E+00   0.970000E+00   0.970000E+00   0.970000E+00   0.970000E+00   0.970000E+00   0.970000E+00   0.970000E+00   0.970000E+00   0.970000E+00   0.970000E+00   0.970000E+00   0.970000E+00   0.970000E+00   0.970000E+00   0.970000E+00   0.970000E+00   0.970000E+00   0.970000E+00   0.970000E+00   0.970000E+00   0.970000E+00   0.970000E+00   0.970000E+00   0.970000E+00   0.970000E+00   0.940446E+00   0.941336E+00   0.942895E+00   0.944398E+00   0.945708E+00   0.949903E+00   0.954019E+00   0.956732E+00   0.958580E+00   0.959816E+00   0.960617E+00   0.970000E+00   0.970000E+00   0.970000E+00   0.970000E+00   0.970000E+00   0.970000E+00   0.970000E+00   0.970000E+00   0.970000E+00   0.970000E+00   0.970000E+00   0.970000E+00   0.970000E+00   0.970000E+00   0.970000E+00   0.970000E+00   0.970000E+00   0.970000E+00   0.967760E+00   0.967853E+00   0.967963E+00   0.968066E+00   0.968171E+00   0.968251E+00   0.968330E+00   0.968413E+00   0.968496E+00   0.968574E+00   0.968649E+00   0.968719E+00   0.968786E+00   0.968849E+00   0.968908E+00   0.968965E+00   0.969018E+00   0.969069E+00   0.969117E+00   0.969162E+00   0.969205E+00   0.969246E+00   0.969285E+00   0.969322E+00   0.969356E+00   0.969391E+00   0.969423E+00   0.969452E+00   0.969480E+00   0.969507E+00   0.969532E+00   0.969556E+00   0.969578E+00   0.969600E+00   0.969620E+00   0.969646E+00
 0.970000E+00   0.970000E+00   0.970000E+00   0.970000E+00   0.970000E+00   0.970000E+00   0.970000E+00   0.970000E+00   0.970000E+00   0.970000E+00   0.970000E+00   0.970000E+00   0.970000E+00   0.970000E+00   0.970000E+00   0.970000E+00   0.721740E+00   0.738174E+00   0.751698E+00   0.763875E+00   0.775582E+00   0.786877E+00   0.797104E+00   0.807036E+00   0.816369E+00   0.825428E+00   0.833488E+00   0.840836E+00   0.849410E+00   0.854232E+00   0.859084E+00   0.864731E+00   0.970000E+00   0.970000E+00   0.970000E+00   0.970000E+00   0.970000E+00   0.970000E+00   0.970000E+00   0.970000E+00   0.970000E+00   0.970000E+00   0.970000E+00   0.970000E+00   0.970000E+00   0.970000E+00   0.970000E+00   0.970000E+00   0.970000E+00   0.970000E+00   0.970000E+00   0.970000E+00   0.970000E+00   0.970000E+00   0.970000E+00   0.970000E+00   0.970000E+00   0.970000E+00   0.970000E+00   0.970000E+00   0.970000E+00   0.970000E+00   0.970000E+00   0.940447E+00   0.941333E+00   0.942889E+00   0.944394E+00   0.945712E+00   0.949499E+00   0.953836E+00   0.956618E+00   0.958503E+00   0.959751E+00   0.960533E+00   0.970000E+00   0.970000E+00   0.970000E+00   0.970000E+00   0.970000E+00   0.970000E+00   0.970000E+00   0.970000E+00   0.970000E+00   0.970000E+00   0.970000E+00   0.970000E+00   0.970000E+00   0.970000E+00   0.970000E+00   0.970000E+00   0.970000E+00   0.970000E+00   0.967759E+00   0.967853E+00   0.967963E+00   0.968066E+00   0.968171E+00   0.968251E+00   0.968330E+00   0.968413E+00   0.968496E+00   0.968574E+00   0.968649E+00   0.968719E+00   0.968786E+00   0.968849E+00   0.968908E+00   0.968965E+00   0.969018E+00   0.969069E+00   0.969117E+00   0.969162E+00   0.969205E+00   0.969246E+00   0.969285E+00   0.969322E+00   0.969356E+00   0.969391E+00   0.969423E+00   0.969452E+00   0.969480E+00   0.969507E+00   0.969532E+00   0.969556E+00   0.969578E+00   0.969600E+00   0.969620E+00   0.969646E+00
 0.970000E+00   0.970000E+00   0.970000E+00   0.970000E+00   0.970000E+00   0.970000E+00   0.970000E+00   0.970000E+00   0.970000E+00   0.970000E+00   0.970000E+00   0.970000E+00   0.970000E+00   0.970000E+00   0.970000E+00   0.970000E+00   0.721740E+00   0.738174E+00   0.751698E+00   0.763875E+00   0.775582E+00   0.786877E+00   0.797104E+00   0.807036E+00   0.816368E+00   0.825428E+00   0.833487E+00   0.840835E+00   0.849415E+00   0.854225E+00   0.859084E+00   0.864731E+00   0.970000E+00   0.970000E+00   0.970000E+00   0.970000E+00   0.970000E+00   0.970000E+00   0.970000E+00   0.970000E+00   0.970000E+00   0.970000E+00   0.970000E+00   0.970000E+00   0.970000E+00   0.970000E+00   0.970000E+00   0.970000E+00   0.970000E+00   0.970000E+00   0.970000E+00   0.970000E+00   0.970000E+00   0.970000E+00   0.970000E+00   0.970000E+00   0.970000E+00   0.970000E+00   0.970000E+00   0.970000E+00   0.970000E+00   0.970000E+00   0.970000E+00   0.940447E+00   0.941330E+00   0.942884E+00   0.944390E+00   0.945717E+00   0.949079E+00   0.953642E+00   0.956499E+00   0.958423E+00   0.959681E+00   0.960445E+00   0.970000E+00   0.970000E+00   0.970000E+00   0.970000E+00   0.970000E+00   0.970000E+00   0.970000E+00   0.970000E+00   0.970000E+00   0.970000E+00   0.970000E+00   0.970000E+00   0.970000E+00   0.970000E+00   0.970000E+00   0.970000E+00   0.970000E+00   0.970000E+00   0.967759E+00   0.967853E+00   0.967963E+00   0.968066E+00   0.968171E+00   0.968251E+00   0.968330E+00   0.968412E+00   0.968496E+00   0.968574E+00   0.968649E+00   0.968719E+00   0.968786E+00   0.968849E+00   0.968908E+00   0.968965E+00   0.969018E+00   0.969069E+00   0.969117E+00   0.969162E+00   0.969205E+00   0.969246E+00   0.969285E+00   0.969322E+00   0.969356E+00   0.969391E+00   0.969423E+00   0.969452E+00   0.969480E+00   0.969507E+00   0.969532E+00   0.969556E+00   0.969578E+00   0.969600E+00   0.969620E+00   0.969646E+00
 0.970000E+00   0.970000E+00   0.970000E+00   0.970000E+00   0.970000E+00   0.970000E+00   0.970000E+00   0.970000E+00   0.970000E+00   0.970000E+00   0.970000E+00   0.970000E+00   0.970000E+00   0.970000E+00   0.970000E+00   0.970000E+00   0.721740E+00   0.738174E+00   0.751698E+00   0.763875E+00   0.775582E+00   0.786876E+00   0.797103E+00   0.807035E+00   0.816367E+00   0.825427E+00   0.833487E+00   0.840834E+00   0.849419E+00   0.854219E+00   0.859084E+00   0.864731E+00   0.970000E+00   0.970000E+00   0.970000E+00   0.970000E+00   0.970000E+00   0.970000E+00   0.970000E+00   0.970000E+00   0.970000E+00   0.970000E+00   0.970000E+00   0.970000E+00   0.970000E+00   0.970000E+00   0.970000E+00   0.970000E+00   0.970000E+00   0.970000E+00   0.970000E+00   0.970000E+00   0.970000E+00   0.970000E+00   0.970000E+00   0.970000E+00   0.970000E+00   0.970000E+00   0.970000E+00   0.970000E+00   0.970000E+00   0.970000E+00   0.970000E+00   0.940447E+00   0.941327E+00   0.942879E+00   0.944385E+00   0.945722E+00   0.948645E+00   0.953437E+00   0.956375E+00   0.958340E+00   0.959606E+00   0.960355E+00   0.970000E+00   0.970000E+00   0.970000E+00   0.970000E+00   0.970000E+00   0.970000E+00   0.970000E+00   0.970000E+00   0.970000E+00   0.970000E+00   0.970000E+00   0.970000E+00   0.970000E+00   0.970000E+00   0.970000E+00   0.970000E+00   0.970000E+00   0.970000E+00   0.967758E+00   0.967852E+00   0.967963E+00   0.968066E+00   0.968171E+00   0.968250E+00   0.968329E+00   0.968412E+00   0.968496E+00   0.968574E+00   0.968649E+00   0.968719E+00   0.968786E+00   0.968849E+00   0.968908E+00   0.968965E+00   0.969018E+00   0.969069E+00   0.969117E+00   0.969162E+00   0.969205E+00   0.969246E+00   0.969285E+00   0.969322E+00   0.969356E+00   0.969391E+00   0.969423E+00   0.969452E+00   0.969480E+00   0.969507E+00   0.969532E+00   0.969556E+00   0.969578E+00   0.969600E+00   0.969620E+00   0.969646E+00
 0.970000E+00   0.970000E+00   0.970000E+00   0.970000E+00   0.970000E+00   0.970000E+00   0.970000E+00   0.970000E+00   0.970000E+00   0.970000E+00   0.970000E+00   0.970000E+00   0.970000E+00   0.970000E+00   0.970000E+00   0.970000E+00   0.721740E+00   0.738173E+00   0.751697E+00   0.763874E+00   0.775581E+00   0.786876E+00   0.797103E+00   0.807034E+00   0.816367E+00   0.825426E+00   0.833486E+00   0.840833E+00   0.849424E+00   0.854213E+00   0.859084E+00   0.864730E+00   0.970000E+00   0.970000E+00   0.970000E+00   0.970000E+00   0.970000E+00   0.970000E+00   0.970000E+00   0.970000E+00   0.970000E+00   0.970000E+00   0.970000E+00   0.970000E+00   0.970000E+00   0.970000E+00   0.970000E+00   0.970000E+00   0.970000E+00   0.970000E+00   0.970000E+00   0.970000E+00   0.970000E+00   0.970000E+00   0.970000E+00   0.970000E+00   0.970000E+00   0.970000E+00   0.970000E+00   0.970000E+00   0.970000E+00   0.970000E+00   0.970000E+00   0.940447E+00   0.941325E+00   0.942875E+00   0.944380E+00   0.945729E+00   0.948202E+00   0.953220E+00   0.956246E+00   0.958253E+00   0.959525E+00   0.960262E+00   0.970000E+00   0.970000E+00   0.970000E+00   0.970000E+00   0.970000E+00   0.970000E+00   0.970000E+00   0.970000E+00   0.970000E+00   0.970000E+00   0.970000E+00   0.970000E+00   0.970000E+00   0.970000E+00   0.970000E+00   0.970000E+00   0.970000E+00   0.970000E+00   0.967757E+00   0.967852E+00   0.967963E+00   0.968065E+00   0.968171E+00   0.968250E+00   0.968329E+00   0.968412E+00   0.968496E+00   0.968574E+00   0.968649E+00   0.968719E+00   0.968786E+00   0.968849E+00   0.968908E+00   0.968965E+00   0.969018E+00   0.969069E+00   0.969117E+00   0.969162E+00   0.969205E+00   0.969246E+00   0.969285E+00   0.969322E+00   0.969356E+00   0.969391E+00   0.969423E+00   0.969452E+00   0.969480E+00   0.969507E+00   0.969532E+00   0.969556E+00   0.969578E+00   0.969600E+00   0.969620E+00   0.969646E+00
 0.970000E+00   0.970000E+00   0.970000E+00   0.970000E+00   0.970000E+00   0.970000E+00   0.970000E+00   0.970000E+00   0.970000E+00   0.970000E+00   0.970000E+00   0.970000E+00   0.970000E+00   0.970000E+00   0.970000E+00   0.970000E+00   0.721740E+00   0.738173E+00   0.751697E+00   0.763874E+00   0.775581E+00   0.786876E+00   0.797102E+00   0.807034E+00   0.816366E+00   0.825426E+00   0.833485E+00   0.840832E+00   0.849428E+00   0.854208E+00   0.859084E+00   0.864730E+00   0.970000E+00   0.970000E+00   0.970000E+00   0.970000E+00   0.970000E+00   0.970000E+00   0.970000E+00   0.970000E+00   0.970000E+00   0.970000E+00   0.970000E+00   0.970000E+00   0.970000E+00   0.970000E+00   0.970000E+00   0.970000E+00   0.970000E+00   0.970000E+00   0.970000E+00   0.970000E+00   0.970000E+00   0.970000E+00   0.970000E+00   0.970000E+00   0.970000E+00   0.970000E+00   0.970000E+00   0.970000E+00   0.970000E+00   0.970000E+00   0.970000E+00   0.940447E+00   0.941323E+00   0.942870E+00   0.944375E+00   0.945735E+00   0.947760E+00   0.952990E+00   0.956111E+00   0.958162E+00   0.959439E+00   0.960165E+00   0.970000E+00   0.970000E+00   0.970000E+00   0.970000E+00   0.970000E+00   0.970000E+00   0.970000E+00   0.970000E+00   0.970000E+00   0.970000E+00   0.970000E+00   0.970000E+00   0.970000E+00   0.970000E+00   0.970000E+00   0.970000E+00   0.970000E+00   0.970000E+00   0.967757E+00   0.967852E+00   0.967963E+00   0.968065E+00   0.968171E+00   0.968250E+00   0.968329E+00   0.968412E+00   0.968496E+00   0.968574E+00   0.968649E+00   0.968719E+00   0.968786E+00   0.968849E+00   0.968908E+00   0.968965E+00   0.969018E+00   0.969069E+00   0.969117E+00   0.969162E+00   0.969205E+00   0.969246E+00   0.969285E+00   0.969322E+00   0.969356E+00   0.969392E+00   0.969423E+00   0.969452E+00   0.969480E+00   0.969507E+00   0.969532E+00   0.969556E+00   0.969578E+00   0.969600E+00   0.969620E+00   0.969646E+00
 0.970000E+00   0.970000E+00   0.970000E+00   0.970000E+00   0.970000E+00   0.970000E+00   0.970000E+00   0.970000E+00   0.970000E+00   0.970000E+00   0.970000E+00   0.970000E+00   0.970000E+00   0.970000E+00   0.970000E+00   0.970000E+00   0.721740E+00   0.738173E+00   0.751696E+00   0.763873E+00   0.775580E+00   0.786875E+00   0.797102E+00   0.807033E+00   0.816365E+00   0.825425E+00   0.833484E+00   0.840832E+00   0.849433E+00   0.854204E+00   0.859084E+00   0.864729E+00   0.970000E+00   0.970000E+00   0.970000E+00   0.970000E+00   0.970000E+00   0.970000E+00   0.970000E+00   0.970000E+00   0.970000E+00   0.970000E+00   0.970000E+00   0.970000E+00   0.970000E+00   0.970000E+00   0.970000E+00   0.970000E+00   0.970000E+00   0.970000E+00   0.970000E+00   0.970000E+00   0.970000E+00   0.970000E+00   0.970000E+00   0.970000E+00   0.970000E+00   0.970000E+00   0.970000E+00   0.970000E+00   0.970000E+00   0.970000E+00   0.970000E+00   0.940448E+00   0.941321E+00   0.942866E+00   0.944370E+00   0.945742E+00   0.947352E+00   0.952746E+00   0.955970E+00   0.958065E+00   0.959346E+00   0.960064E+00   0.970000E+00   0.970000E+00   0.970000E+00   0.970000E+00   0.970000E+00   0.970000E+00   0.970000E+00   0.970000E+00   0.970000E+00   0.970000E+00   0.970000E+00   0.970000E+00   0.970000E+00   0.970000E+00   0.970000E+00   0.970000E+00   0.970000E+00   0.970000E+00   0.967756E+00   0.967852E+00   0.967963E+00   0.968065E+00   0.968171E+00   0.968250E+00   0.968329E+00   0.968412E+00   0.968495E+00   0.968574E+00   0.968649E+00   0.968719E+00   0.968786E+00   0.968849E+00   0.968908E+00   0.968965E+00   0.969018E+00   0.969069E+00   0.969117E+00   0.969162E+00   0.969205E+00   0.969246E+00   0.969285E+00   0.969322E+00   0.969357E+00   0.969392E+00   0.969423E+00   0.969452E+00   0.969480E+00   0.969507E+00   0.969532E+00   0.969556E+00   0.969578E+00   0.969600E+00   0.969620E+00   0.969646E+00
 0.970000E+00   0.970000E+00   0.970000E+00   0.970000E+00   0.970000E+00   0.970000E+00   0.970000E+00   0.970000E+00   0.970000E+00   0.970000E+00   0.970000E+00   0.970000E+00   0.970000E+00   0.970000E+00   0.970000E+00   0.970000E+00   0.721739E+00   0.738172E+00   0.751696E+00   0.763873E+00   0.775580E+00   0.786874E+00   0.797101E+00   0.807033E+00   0.816365E+00   0.825424E+00   0.833483E+00   0.840831E+00   0.849437E+00   0.854200E+00   0.859084E+00   0.864729E+00   0.970000E+00   0.970000E+00   0.970000E+00   0.970000E+00   0.970000E+00   0.970000E+00   0.970000E+00   0.970000E+00   0.970000E+00   0.970000E+00   0.970000E+00   0.970000E+00   0.970000E+00   0.970000E+00   0.970000E+00   0.970000E+00   0.970000E+00   0.970000E+00   0.970000E+00   0.970000E+00   0.970000E+00   0.970000E+00   0.970000E+00   0.970000E+00   0.970000E+00   0.970000E+00   0.970000E+00   0.970000E+00   0.970000E+00   0.970000E+00   0.970000E+00   0.940448E+00   0.941319E+00   0.942862E+00   0.944365E+00   0.945746E+00   0.947059E+00   0.952489E+00   0.955823E+00   0.957963E+00   0.959247E+00   0.959960E+00   0.970000E+00   0.970000E+00   0.970000E+00   0.970000E+00   0.970000E+00   0.970000E+00   0.970000E+00   0.970000E+00   0.970000E+00   0.970000E+00   0.970000E+00   0.970000E+00   0.970000E+00   0.970000E+00   0.970000E+00   0.970000E+00   0.970000E+00   0.970000E+00   0.967756E+00   0.967852E+00   0.967963E+00   0.968065E+00   0.968171E+00   0.968250E+00   0.968329E+00   0.968412E+00   0.968495E+00   0.968574E+00   0.968648E+00   0.968719E+00   0.968786E+00   0.968849E+00   0.968908E+00   0.968965E+00   0.969018E+00   0.969069E+00   0.969117E+00   0.969162E+00   0.969205E+00   0.969246E+00   0.969285E+00   0.969322E+00   0.969357E+00   0.969392E+00   0.969423E+00   0.969453E+00   0.969480E+00   0.969507E+00   0.969532E+00   0.969556E+00   0.969579E+00   0.969600E+00   0.969620E+00   0.969646E+00
 0.970000E+00   0.970000E+00   0.970000E+00   0.970000E+00   0.970000E+00   0.970000E+00   0.970000E+00   0.970000E+00   0.970000E+00   0.970000E+00   0.970000E+00   0.970000E+00   0.970000E+00   0.970000E+00   0.970000E+00   0.970000E+00   0.721739E+00   0.738172E+00   0.751696E+00   0.763872E+00   0.775579E+00   0.786874E+00   0.797100E+00   0.807032E+00   0.816364E+00   0.825423E+00   0.833482E+00   0.840829E+00   0.849441E+00   0.854197E+00   0.859084E+00   0.864728E+00   0.970000E+00   0.970000E+00   0.970000E+00   0.970000E+00   0.970000E+00   0.970000E+00   0.970000E+00   0.970000E+00   0.970000E+00   0.970000E+00   0.970000E+00   0.970000E+00   0.970000E+00   0.970000E+00   0.970000E+00   0.970000E+00   0.970000E+00   0.970000E+00   0.970000E+00   0.970000E+00   0.970000E+00   0.970000E+00   0.970000E+00   0.970000E+00   0.970000E+00   0.970000E+00   0.970000E+00   0.970000E+00   0.970000E+00   0.970000E+00   0.970000E+00   0.940448E+00   0.941317E+00   0.942858E+00   0.944359E+00   0.945748E+00   0.946968E+00   0.952216E+00   0.955669E+00   0.957855E+00   0.959140E+00   0.959852E+00   0.970000E+00   0.970000E+00   0.970000E+00   0.970000E+00   0.970000E+00   0.970000E+00   0.970000E+00   0.970000E+00   0.970000E+00   0.970000E+00   0.970000E+00   0.970000E+00   0.970000E+00   0.970000E+00   0.970000E+00   0.970000E+00   0.970000E+00   0.970000E+00   0.967755E+00   0.967852E+00   0.967963E+00   0.968065E+00   0.968171E+00   0.968250E+00   0.968329E+00   0.968412E+00   0.968495E+00   0.968574E+00   0.968648E+00   0.968719E+00   0.968786E+00   0.968849E+00   0.968908E+00   0.968965E+00   0.969018E+00   0.969069E+00   0.969117E+00   0.969162E+00   0.969205E+00   0.969246E+00   0.969285E+00   0.969322E+00   0.969357E+00   0.969392E+00   0.969423E+00   0.969453E+00   0.969480E+00   0.969507E+00   0.969532E+00   0.969556E+00   0.969579E+00   0.969600E+00   0.969620E+00   0.969646E+00
 0.970000E+00   0.970000E+00   0.970000E+00   0.970000E+00   0.970000E+00   0.970000E+00   0.970000E+00   0.970000E+00   0.970000E+00   0.970000E+00   0.970000E+00   0.970000E+00   0.970000E+00   0.970000E+00   0.970000E+00   0.970000E+00   0.721739E+00   0.738171E+00   0.751694E+00   0.763871E+00   0.775577E+00   0.786872E+00   0.797098E+00   0.807029E+00   0.816362E+00   0.825419E+00   0.833478E+00   0.840824E+00   0.849444E+00   0.854190E+00   0.859087E+00   0.864731E+00   0.970000E+00   0.970000E+00   0.970000E+00   0.970000E+00   0.970000E+00   0.970000E+00   0.970000E+00   0.970000E+00   0.970000E+00   0.970000E+00   0.970000E+00   0.970000E+00   0.970000E+00   0.970000E+00   0.970000E+00   0.970000E+00   0.970000E+00   0.970000E+00   0.970000E+00   0.970000E+00   0.970000E+00   0.970000E+00   0.970000E+00   0.970000E+00   0.970000E+00   0.970000E+00   0.970000E+00   0.970000E+00   0.970000E+00   0.970000E+00   0.970000E+00   0.940449E+00   0.941336E+00   0.942830E+00   0.944354E+00   0.945749E+00   0.946959E+00   0.952019E+00   0.955505E+00   0.957739E+00   0.959006E+00   0.970000E+00   0.970000E+00   0.970000E+00   0.970000E+00   0.970000E+00   0.970000E+00   0.970000E+00   0.970000E+00   0.970000E+00   0.970000E+00   0.970000E+00   0.970000E+00   0.970000E+00   0.970000E+00   0.970000E+00   0.970000E+00   0.970000E+00   0.970000E+00   0.970000E+00   0.967755E+00   0.967852E+00   0.967963E+00   0.968065E+00   0.968171E+00   0.968250E+00   0.968329E+00   0.968412E+00   0.968495E+00   0.968574E+00   0.968648E+00   0.968719E+00   0.968786E+00   0.968849E+00   0.968908E+00   0.968965E+00   0.969018E+00   0.969069E+00   0.969117E+00   0.969162E+00   0.969205E+00   0.969246E+00   0.969285E+00   0.969322E+00   0.969357E+00   0.969392E+00   0.969423E+00   0.969453E+00   0.969480E+00   0.969507E+00   0.969532E+00   0.969556E+00   0.969579E+00   0.969600E+00   0.969620E+00   0.969646E+00
 0.970000E+00   0.970000E+00   0.970000E+00   0.970000E+00   0.970000E+00   0.970000E+00   0.970000E+00   0.970000E+00   0.970000E+00   0.970000E+00   0.970000E+00   0.970000E+00   0.970000E+00   0.970000E+00   0.970000E+00   0.970000E+00   0.721739E+00   0.738170E+00   0.751693E+00   0.763870E+00   0.775576E+00   0.786871E+00   0.797097E+00   0.807027E+00   0.816360E+00   0.825417E+00   0.833476E+00   0.840822E+00   0.849446E+00   0.854188E+00   0.859087E+00   0.864729E+00   0.970000E+00   0.970000E+00   0.970000E+00   0.970000E+00   0.970000E+00   0.970000E+00   0.970000E+00   0.970000E+00   0.970000E+00   0.970000E+00   0.970000E+00   0.970000E+00   0.970000E+00   0.970000E+00   0.970000E+00   0.970000E+00   0.970000E+00   0.970000E+00   0.970000E+00   0.970000E+00   0.970000E+00   0.970000E+00   0.970000E+00   0.970000E+00   0.970000E+00   0.970000E+00   0.970000E+00   0.970000E+00   0.970000E+00   0.970000E+00   0.970000E+00   0.940449E+00   0.941334E+00   0.942826E+00   0.944349E+00   0.945748E+00   0.946959E+00   0.951709E+00   0.955334E+00   0.957617E+00   0.958859E+00   0.970000E+00   0.970000E+00   0.970000E+00   0.970000E+00   0.970000E+00   0.970000E+00   0.970000E+00   0.970000E+00   0.970000E+00   0.970000E+00   0.970000E+00   0.970000E+00   0.970000E+00   0.970000E+00   0.970000E+00   0.970000E+00   0.970000E+00   0.970000E+00   0.970000E+00   0.967754E+00   0.967851E+00   0.967963E+00   0.968065E+00   0.968171E+00   0.968250E+00   0.968328E+00   0.968412E+00   0.968495E+00   0.968574E+00   0.968648E+00   0.968719E+00   0.968786E+00   0.968849E+00   0.968908E+00   0.968965E+00   0.969018E+00   0.969069E+00   0.969117E+00   0.969162E+00   0.969205E+00   0.969246E+00   0.969285E+00   0.969322E+00   0.969357E+00   0.969392E+00   0.969423E+00   0.969453E+00   0.969480E+00   0.969507E+00   0.969532E+00   0.969556E+00   0.969579E+00   0.969600E+00   0.969621E+00   0.969646E+00
 0.970000E+00   0.970000E+00   0.970000E+00   0.970000E+00   0.970000E+00   0.970000E+00   0.970000E+00   0.970000E+00   0.970000E+00   0.970000E+00   0.970000E+00   0.970000E+00   0.970000E+00   0.970000E+00   0.970000E+00   0.970000E+00   0.721739E+00   0.738170E+00   0.751693E+00   0.763869E+00   0.775576E+00   0.786870E+00   0.797096E+00   0.807027E+00   0.816359E+00   0.825417E+00   0.833476E+00   0.840821E+00   0.849450E+00   0.854188E+00   0.859087E+00   0.864729E+00   0.970000E+00   0.970000E+00   0.970000E+00   0.970000E+00   0.970000E+00   0.970000E+00   0.970000E+00   0.970000E+00   0.970000E+00   0.970000E+00   0.970000E+00   0.970000E+00   0.970000E+00   0.970000E+00   0.970000E+00   0.970000E+00   0.970000E+00   0.970000E+00   0.970000E+00   0.970000E+00   0.970000E+00   0.970000E+00   0.970000E+00   0.970000E+00   0.970000E+00   0.970000E+00   0.970000E+00   0.970000E+00   0.970000E+00   0.970000E+00   0.970000E+00   0.940449E+00   0.941333E+00   0.942823E+00   0.944344E+00   0.945746E+00   0.946963E+00   0.951379E+00   0.955154E+00   0.957484E+00   0.958705E+00   0.970000E+00   0.970000E+00   0.970000E+00   0.970000E+00   0.970000E+00   0.970000E+00   0.970000E+00   0.970000E+00   0.970000E+00   0.970000E+00   0.970000E+00   0.970000E+00   0.970000E+00   0.970000E+00   0.970000E+00   0.970000E+00   0.970000E+00   0.970000E+00   0.970000E+00   0.967753E+00   0.967851E+00   0.967963E+00   0.968064E+00   0.968171E+00   0.968250E+00   0.968328E+00   0.968412E+00   0.968495E+00   0.968574E+00   0.968648E+00   0.968719E+00   0.968786E+00   0.968849E+00   0.968908E+00   0.968965E+00   0.969018E+00   0.969069E+00   0.969117E+00   0.969162E+00   0.969205E+00   0.969246E+00   0.969285E+00   0.969322E+00   0.969357E+00   0.969392E+00   0.969423E+00   0.969453E+00   0.969480E+00   0.969507E+00   0.969532E+00   0.969556E+00   0.969579E+00   0.969600E+00   0.969621E+00   0.969646E+00
 0.970000E+00   0.970000E+00   0.970000E+00   0.970000E+00   0.970000E+00   0.970000E+00   0.970000E+00   0.970000E+00   0.970000E+00   0.970000E+00   0.970000E+00   0.970000E+00   0.970000E+00   0.970000E+00   0.970000E+00   0.970000E+00   0.721739E+00   0.738170E+00   0.751693E+00   0.763869E+00   0.775575E+00   0.786870E+00   0.797096E+00   0.807026E+00   0.816359E+00   0.825416E+00   0.833475E+00   0.840821E+00   0.849455E+00   0.854189E+00   0.859087E+00   0.864729E+00   0.970000E+00   0.970000E+00   0.970000E+00   0.970000E+00   0.970000E+00   0.970000E+00   0.970000E+00   0.970000E+00   0.970000E+00   0.970000E+00   0.970000E+00   0.970000E+00   0.970000E+00   0.970000E+00   0.970000E+00   0.970000E+00   0.970000E+00   0.970000E+00   0.970000E+00   0.970000E+00   0.970000E+00   0.970000E+00   0.970000E+00   0.970000E+00   0.970000E+00   0.970000E+00   0.970000E+00   0.970000E+00   0.970000E+00   0.970000E+00   0.970000E+00   0.940449E+00   0.941332E+00   0.942820E+00   0.944340E+00   0.945744E+00   0.946967E+00   0.951030E+00   0.954964E+00   0.957340E+00   0.958543E+00   0.970000E+00   0.970000E+00   0.970000E+00   0.970000E+00   0.970000E+00   0.970000E+00   0.970000E+00   0.970000E+00   0.970000E+00   0.970000E+00   0.970000E+00   0.970000E+00   0.970000E+00   0.970000E+00   0.970000E+00   0.970000E+00   0.970000E+00   0.970000E+00   0.970000E+00   0.967753E+00   0.967851E+00   0.967963E+00   0.968064E+00   0.968171E+00   0.968250E+00   0.968328E+00   0.968411E+00   0.968495E+00   0.968574E+00   0.968648E+00   0.968719E+00   0.968785E+00   0.968849E+00   0.968908E+00   0.968965E+00   0.969018E+00   0.969069E+00   0.969117E+00   0.969162E+00   0.969205E+00   0.969246E+00   0.969285E+00   0.969322E+00   0.969357E+00   0.969392E+00   0.969423E+00   0.969453E+00   0.969480E+00   0.969507E+00   0.969532E+00   0.969556E+00   0.969579E+00   0.969600E+00   0.969621E+00   0.969646E+00
 0.970000E+00   0.970000E+00   0.970000E+00   0.970000E+00   0.970000E+00   0.970000E+00   0.970000E+00   0.970000E+00   0.970000E+00   0.970000E+00   0.970000E+00   0.970000E+00   0.970000E+00   0.970000E+00   0.970000E+00   0.970000E+00   0.721739E+00   0.738170E+00   0.751693E+00   0.763869E+00   0.775575E+00   0.786870E+00   0.797096E+00   0.807026E+00   0.816358E+00   0.825416E+00   0.833475E+00   0.840820E+00   0.849459E+00   0.854190E+00   0.859087E+00   0.864728E+00   0.970000E+00   0.970000E+00   0.970000E+00   0.970000E+00   0.970000E+00   0.970000E+00   0.970000E+00   0.970000E+00   0.970000E+00   0.970000E+00   0.970000E+00   0.970000E+00   0.970000E+00   0.970000E+00   0.970000E+00   0.970000E+00   0.970000E+00   0.970000E+00   0.970000E+00   0.970000E+00   0.970000E+00   0.970000E+00   0.970000E+00   0.970000E+00   0.970000E+00   0.970000E+00   0.970000E+00   0.970000E+00   0.970000E+00   0.970000E+00   0.970000E+00   0.940450E+00   0.941330E+00   0.942817E+00   0.944335E+00   0.945741E+00   0.946973E+00   0.950658E+00   0.954762E+00   0.957183E+00   0.958374E+00   0.970000E+00   0.970000E+00   0.970000E+00   0.970000E+00   0.970000E+00   0.970000E+00   0.970000E+00   0.970000E+00   0.970000E+00   0.970000E+00   0.970000E+00   0.970000E+00   0.970000E+00   0.970000E+00   0.970000E+00   0.970000E+00   0.970000E+00   0.970000E+00   0.970000E+00   0.967752E+00   0.967851E+00   0.967963E+00   0.968064E+00   0.968171E+00   0.968250E+00   0.968328E+00   0.968411E+00   0.968495E+00   0.968574E+00   0.968648E+00   0.968719E+00   0.968785E+00   0.968849E+00   0.968908E+00   0.968965E+00   0.969018E+00   0.969069E+00   0.969117E+00   0.969162E+00   0.969205E+00   0.969246E+00   0.969285E+00   0.969322E+00   0.969357E+00   0.969392E+00   0.969423E+00   0.969453E+00   0.969480E+00   0.969507E+00   0.969532E+00   0.969556E+00   0.969579E+00   0.969600E+00   0.969621E+00   0.969646E+00
 0.970000E+00   0.970000E+00   0.970000E+00   0.970000E+00   0.970000E+00   0.970000E+00   0.970000E+00   0.970000E+00   0.970000E+00   0.970000E+00   0.970000E+00   0.970000E+00   0.970000E+00   0.970000E+00   0.970000E+00   0.970000E+00   0.721739E+00   0.738170E+00   0.751693E+00   0.763868E+00   0.775575E+00   0.786869E+00   0.797095E+00   0.807026E+00   0.816358E+00   0.825416E+00   0.833474E+00   0.840820E+00   0.849464E+00   0.854192E+00   0.859087E+00   0.864728E+00   0.970000E+00   0.970000E+00   0.970000E+00   0.970000E+00   0.970000E+00   0.970000E+00   0.970000E+00   0.970000E+00   0.970000E+00   0.970000E+00   0.970000E+00   0.970000E+00   0.970000E+00   0.970000E+00   0.970000E+00   0.970000E+00   0.970000E+00   0.970000E+00   0.970000E+00   0.970000E+00   0.970000E+00   0.970000E+00   0.970000E+00   0.970000E+00   0.970000E+00   0.970000E+00   0.970000E+00   0.970000E+00   0.970000E+00   0.970000E+00   0.970000E+00   0.940450E+00   0.941329E+00   0.942815E+00   0.944330E+00   0.945738E+00   0.946979E+00   0.950264E+00   0.954548E+00   0.957013E+00   0.958197E+00   0.970000E+00   0.970000E+00   0.970000E+00   0.970000E+00   0.970000E+00   0.970000E+00   0.970000E+00   0.970000E+00   0.970000E+00   0.970000E+00   0.970000E+00   0.970000E+00   0.970000E+00   0.970000E+00   0.970000E+00   0.970000E+00   0.970000E+00   0.970000E+00   0.970000E+00   0.967752E+00   0.967851E+00   0.967962E+00   0.968064E+00   0.968171E+00   0.968250E+00   0.968328E+00   0.968411E+00   0.968495E+00   0.968574E+00   0.968648E+00   0.968719E+00   0.968785E+00   0.968849E+00   0.968908E+00   0.968965E+00   0.969018E+00   0.969069E+00   0.969117E+00   0.969162E+00   0.969205E+00   0.969246E+00   0.969285E+00   0.969322E+00   0.969357E+00   0.969392E+00   0.969423E+00   0.969453E+00   0.969480E+00   0.969507E+00   0.969532E+00   0.969556E+00   0.969579E+00   0.969600E+00   0.969621E+00   0.969646E+00
 0.970000E+00   0.970000E+00   0.970000E+00   0.970000E+00   0.970000E+00   0.970000E+00   0.970000E+00   0.970000E+00   0.970000E+00   0.970000E+00   0.970000E+00   0.970000E+00   0.970000E+00   0.970000E+00   0.970000E+00   0.970000E+00   0.721739E+00   0.738169E+00   0.751692E+00   0.763868E+00   0.775575E+00   0.786869E+00   0.797095E+00   0.807025E+00   0.816358E+00   0.825415E+00   0.833474E+00   0.840819E+00   0.849468E+00   0.854194E+00   0.859087E+00   0.864728E+00   0.970000E+00   0.970000E+00   0.970000E+00   0.970000E+00   0.970000E+00   0.970000E+00   0.970000E+00   0.970000E+00   0.970000E+00   0.970000E+00   0.970000E+00   0.970000E+00   0.970000E+00   0.970000E+00   0.970000E+00   0.970000E+00   0.970000E+00   0.970000E+00   0.970000E+00   0.970000E+00   0.970000E+00   0.970000E+00   0.970000E+00   0.970000E+00   0.970000E+00   0.970000E+00   0.970000E+00   0.970000E+00   0.970000E+00   0.970000E+00   0.970000E+00   0.940450E+00   0.941328E+00   0.942812E+00   0.944326E+00   0.945734E+00   0.946986E+00   0.949849E+00   0.954320E+00   0.956829E+00   0.958010E+00   0.970000E+00   0.970000E+00   0.970000E+00   0.970000E+00   0.970000E+00   0.970000E+00   0.970000E+00   0.970000E+00   0.970000E+00   0.970000E+00   0.970000E+00   0.970000E+00   0.970000E+00   0.970000E+00   0.970000E+00   0.970000E+00   0.970000E+00   0.970000E+00   0.970000E+00   0.967751E+00   0.967851E+00   0.967962E+00   0.968064E+00   0.968171E+00   0.968250E+00   0.968328E+00   0.968411E+00   0.968495E+00   0.968573E+00   0.968648E+00   0.968719E+00   0.968785E+00   0.968849E+00   0.968908E+00   0.968965E+00   0.969018E+00   0.969069E+00   0.969117E+00   0.969162E+00   0.969205E+00   0.969246E+00   0.969285E+00   0.969322E+00   0.969357E+00   0.969392E+00   0.969423E+00   0.969453E+00   0.969480E+00   0.969507E+00   0.969532E+00   0.969556E+00   0.969579E+00   0.969600E+00   0.969621E+00   0.969646E+00
 0.970000E+00   0.970000E+00   0.970000E+00   0.970000E+00   0.970000E+00   0.970000E+00   0.970000E+00   0.970000E+00   0.970000E+00   0.970000E+00   0.970000E+00   0.970000E+00   0.970000E+00   0.970000E+00   0.970000E+00   0.970000E+00   0.721739E+00   0.738169E+00   0.751692E+00   0.763868E+00   0.775574E+00   0.786869E+00   0.797095E+00   0.807025E+00   0.816357E+00   0.825415E+00   0.833473E+00   0.840819E+00   0.849472E+00   0.854197E+00   0.859087E+00   0.864728E+00   0.970000E+00   0.970000E+00   0.970000E+00   0.970000E+00   0.970000E+00   0.970000E+00   0.970000E+00   0.970000E+00   0.970000E+00   0.970000E+00   0.970000E+00   0.970000E+00   0.970000E+00   0.970000E+00   0.970000E+00   0.970000E+00   0.970000E+00   0.970000E+00   0.970000E+00   0.970000E+00   0.970000E+00   0.970000E+00   0.970000E+00   0.970000E+00   0.970000E+00   0.970000E+00   0.970000E+00   0.970000E+00   0.970000E+00   0.970000E+00   0.970000E+00   0.940450E+00   0.941327E+00   0.942810E+00   0.944321E+00   0.945730E+00   0.946993E+00   0.949417E+00   0.954076E+00   0.956631E+00   0.957814E+00   0.970000E+00   0.970000E+00   0.970000E+00   0.970000E+00   0.970000E+00   0.970000E+00   0.970000E+00   0.970000E+00   0.970000E+00   0.970000E+00   0.970000E+00   0.970000E+00   0.970000E+00   0.970000E+00   0.970000E+00   0.970000E+00   0.970000E+00   0.970000E+00   0.970000E+00   0.967751E+00   0.967851E+00   0.967962E+00   0.968064E+00   0.968171E+00   0.968250E+00   0.968327E+00   0.968411E+00   0.968495E+00   0.968573E+00   0.968648E+00   0.968718E+00   0.968785E+00   0.968849E+00   0.968908E+00   0.968965E+00   0.969018E+00   0.969069E+00   0.969117E+00   0.969162E+00   0.969205E+00   0.969246E+00   0.969285E+00   0.969322E+00   0.969357E+00   0.969392E+00   0.969423E+00   0.969453E+00   0.969480E+00   0.969507E+00   0.969532E+00   0.969556E+00   0.969579E+00   0.969600E+00   0.969621E+00   0.969646E+00
 0.970000E+00   0.970000E+00   0.970000E+00   0.970000E+00   0.970000E+00   0.970000E+00   0.970000E+00   0.970000E+00   0.970000E+00   0.970000E+00   0.970000E+00   0.970000E+00   0.970000E+00   0.970000E+00   0.970000E+00   0.970000E+00   0.721739E+00   0.738169E+00   0.751692E+00   0.763868E+00   0.775574E+00   0.786869E+00   0.797094E+00   0.807025E+00   0.816357E+00   0.825414E+00   0.833473E+00   0.840818E+00   0.849477E+00   0.854200E+00   0.859087E+00   0.864728E+00   0.970000E+00   0.970000E+00   0.970000E+00   0.970000E+00   0.970000E+00   0.970000E+00   0.970000E+00   0.970000E+00   0.970000E+00   0.970000E+00   0.970000E+00   0.970000E+00   0.970000E+00   0.970000E+00   0.970000E+00   0.970000E+00   0.970000E+00   0.970000E+00   0.970000E+00   0.970000E+00   0.970000E+00   0.970000E+00   0.970000E+00   0.970000E+00   0.970000E+00   0.970000E+00   0.970000E+00   0.970000E+00   0.970000E+00   0.970000E+00   0.970000E+00   0.940451E+00   0.941326E+00   0.942807E+00   0.944317E+00   0.945726E+00   0.947000E+00   0.948975E+00   0.953910E+00   0.956416E+00   0.957606E+00   0.970000E+00   0.970000E+00   0.970000E+00   0.970000E+00   0.970000E+00   0.970000E+00   0.970000E+00   0.970000E+00   0.970000E+00   0.970000E+00   0.970000E+00   0.970000E+00   0.970000E+00   0.970000E+00   0.970000E+00   0.970000E+00   0.970000E+00   0.970000E+00   0.970000E+00   0.967750E+00   0.967850E+00   0.967962E+00   0.968064E+00   0.968171E+00   0.968250E+00   0.968327E+00   0.968411E+00   0.968495E+00   0.968573E+00   0.968648E+00   0.968718E+00   0.968785E+00   0.968849E+00   0.968908E+00   0.968965E+00   0.969018E+00   0.969069E+00   0.969117E+00   0.969162E+00   0.969205E+00   0.969246E+00   0.969285E+00   0.969322E+00   0.969357E+00   0.969392E+00   0.969423E+00   0.969453E+00   0.969480E+00   0.969507E+00   0.969532E+00   0.969556E+00   0.969579E+00   0.969600E+00   0.969621E+00   0.969646E+00
 0.970000E+00   0.970000E+00   0.970000E+00   0.970000E+00   0.970000E+00   0.970000E+00   0.970000E+00   0.970000E+00   0.970000E+00   0.970000E+00   0.970000E+00   0.970000E+00   0.970000E+00   0.970000E+00   0.970000E+00   0.970000E+00   0.721739E+00   0.738169E+00   0.751692E+00   0.763868E+00   0.775574E+00   0.786868E+00   0.797094E+00   0.807024E+00   0.816357E+00   0.825414E+00   0.833473E+00   0.840818E+00   0.849481E+00   0.854204E+00   0.859087E+00   0.864727E+00   0.970000E+00   0.970000E+00   0.970000E+00   0.970000E+00   0.970000E+00   0.970000E+00   0.970000E+00   0.970000E+00   0.970000E+00   0.970000E+00   0.970000E+00   0.970000E+00   0.970000E+00   0.970000E+00   0.970000E+00   0.970000E+00   0.970000E+00   0.970000E+00   0.970000E+00   0.970000E+00   0.970000E+00   0.970000E+00   0.970000E+00   0.970000E+00   0.970000E+00   0.970000E+00   0.970000E+00   0.970000E+00   0.970000E+00   0.970000E+00   0.970000E+00   0.940451E+00   0.941325E+00   0.942805E+00   0.944313E+00   0.945721E+00   0.947007E+00   0.948555E+00   0.953627E+00   0.956182E+00   0.957388E+00   0.970000E+00   0.970000E+00   0.970000E+00   0.970000E+00   0.970000E+00   0.970000E+00   0.970000E+00   0.970000E+00   0.970000E+00   0.970000E+00   0.970000E+00   0.970000E+00   0.970000E+00   0.970000E+00   0.970000E+00   0.970000E+00   0.970000E+00   0.970000E+00   0.970000E+00   0.967750E+00   0.967850E+00   0.967962E+00   0.968064E+00   0.968170E+00   0.968250E+00   0.968327E+00   0.968411E+00   0.968494E+00   0.968573E+00   0.968648E+00   0.968718E+00   0.968785E+00   0.968848E+00   0.968908E+00   0.968965E+00   0.969018E+00   0.969069E+00   0.969117E+00   0.969162E+00   0.969206E+00   0.969246E+00   0.969285E+00   0.969322E+00   0.969357E+00   0.969392E+00   0.969423E+00   0.969453E+00   0.969480E+00   0.969507E+00   0.969532E+00   0.969556E+00   0.969579E+00   0.969600E+00   0.969621E+00   0.969646E+00
 0.970000E+00   0.970000E+00   0.970000E+00   0.970000E+00   0.970000E+00   0.970000E+00   0.970000E+00   0.970000E+00   0.970000E+00   0.970000E+00   0.970000E+00   0.970000E+00   0.970000E+00   0.970000E+00   0.970000E+00   0.970000E+00   0.721739E+00   0.738169E+00   0.751691E+00   0.763867E+00   0.775574E+00   0.786868E+00   0.797094E+00   0.807024E+00   0.816356E+00   0.825414E+00   0.833472E+00   0.840817E+00   0.849485E+00   0.854209E+00   0.859087E+00   0.864727E+00   0.970000E+00   0.970000E+00   0.970000E+00   0.970000E+00   0.970000E+00   0.970000E+00   0.970000E+00   0.970000E+00   0.970000E+00   0.970000E+00   0.970000E+00   0.970000E+00   0.970000E+00   0.970000E+00   0.970000E+00   0.970000E+00   0.970000E+00   0.970000E+00   0.970000E+00   0.970000E+00   0.970000E+00   0.970000E+00   0.970000E+00   0.970000E+00   0.970000E+00   0.970000E+00   0.970000E+00   0.970000E+00   0.970000E+00   0.970000E+00   0.970000E+00   0.940451E+00   0.941324E+00   0.942803E+00   0.944309E+00   0.945717E+00   0.947012E+00   0.948245E+00   0.953320E+00   0.955929E+00   0.957156E+00   0.970000E+00   0.970000E+00   0.970000E+00   0.970000E+00   0.970000E+00   0.970000E+00   0.970000E+00   0.970000E+00   0.970000E+00   0.970000E+00   0.970000E+00   0.970000E+00   0.970000E+00   0.970000E+00   0.970000E+00   0.970000E+00   0.970000E+00   0.970000E+00   0.970000E+00   0.967749E+00   0.967850E+00   0.967962E+00   0.968064E+00   0.968170E+00   0.968250E+00   0.968327E+00   0.968411E+00   0.968494E+00   0.968573E+00   0.968648E+00   0.968718E+00   0.968785E+00   0.968848E+00   0.968908E+00   0.968965E+00   0.969018E+00   0.969069E+00   0.969117E+00   0.969162E+00   0.969206E+00   0.969246E+00   0.969285E+00   0.969322E+00   0.969357E+00   0.969392E+00   0.969423E+00   0.969453E+00   0.969480E+00   0.969507E+00   0.969532E+00   0.969556E+00   0.969579E+00   0.969600E+00   0.969621E+00   0.969646E+00
 0.970000E+00   0.970000E+00   0.970000E+00   0.970000E+00   0.970000E+00   0.970000E+00   0.970000E+00   0.970000E+00   0.970000E+00   0.970000E+00   0.970000E+00   0.970000E+00   0.970000E+00   0.970000E+00   0.970000E+00   0.970000E+00   0.721738E+00   0.738168E+00   0.751691E+00   0.763867E+00   0.775573E+00   0.786868E+00   0.797093E+00   0.807023E+00   0.816356E+00   0.825413E+00   0.833471E+00   0.840817E+00   0.849489E+00   0.854213E+00   0.859087E+00   0.864727E+00   0.970000E+00   0.970000E+00   0.970000E+00   0.970000E+00   0.970000E+00   0.970000E+00   0.970000E+00   0.970000E+00   0.970000E+00   0.970000E+00   0.970000E+00   0.970000E+00   0.970000E+00   0.970000E+00   0.970000E+00   0.970000E+00   0.970000E+00   0.970000E+00   0.970000E+00   0.970000E+00   0.970000E+00   0.970000E+00   0.970000E+00   0.970000E+00   0.970000E+00   0.970000E+00   0.970000E+00   0.954944E+00   0.955275E+00   0.970000E+00   0.970000E+00   0.940451E+00   0.941324E+00   0.942801E+00   0.944306E+00   0.945712E+00   0.947014E+00   0.948154E+00   0.952986E+00   0.955643E+00   0.970000E+00   0.970000E+00   0.970000E+00   0.970000E+00   0.970000E+00   0.970000E+00   0.970000E+00   0.970000E+00   0.970000E+00   0.970000E+00   0.970000E+00   0.970000E+00   0.970000E+00   0.970000E+00   0.970000E+00   0.970000E+00   0.970000E+00   0.970000E+00   0.970000E+00   0.970000E+00   0.967748E+00   0.967850E+00   0.967962E+00   0.968064E+00   0.968170E+00   0.968249E+00   0.968327E+00   0.968411E+00   0.968494E+00   0.968573E+00   0.968648E+00   0.968718E+00   0.968785E+00   0.968848E+00   0.968908E+00   0.968965E+00   0.969018E+00   0.969069E+00   0.969117E+00   0.969162E+00   0.969206E+00   0.969246E+00   0.969285E+00   0.969322E+00   0.969357E+00   0.969392E+00   0.969423E+00   0.969453E+00   0.969480E+00   0.969507E+00   0.969532E+00   0.969556E+00   0.969579E+00   0.969600E+00   0.969621E+00   0.969646E+00
 0.970000E+00   0.970000E+00   0.970000E+00   0.970000E+00   0.970000E+00   0.970000E+00   0.970000E+00   0.970000E+00   0.970000E+00   0.970000E+00   0.970000E+00   0.970000E+00   0.970000E+00   0.970000E+00   0.970000E+00   0.970000E+00   0.721738E+00   0.738168E+00   0.751691E+00   0.763867E+00   0.775573E+00   0.786867E+00   0.797093E+00   0.807023E+00   0.816355E+00   0.825413E+00   0.833471E+00   0.840816E+00   0.849493E+00   0.854218E+00   0.859087E+00   0.864726E+00   0.970000E+00   0.970000E+00   0.970000E+00   0.970000E+00   0.970000E+00   0.970000E+00   0.970000E+00   0.970000E+00   0.970000E+00   0.970000E+00   0.970000E+00   0.970000E+00   0.970000E+00   0.970000E+00   0.970000E+00   0.970000E+00   0.970000E+00   0.970000E+00   0.970000E+00   0.970000E+00   0.970000E+00   0.970000E+00   0.970000E+00   0.970000E+00   0.970000E+00   0.970000E+00   0.970000E+00   0.954692E+00   0.955123E+00   0.970000E+00   0.970000E+00   0.940452E+00   0.941323E+00   0.942800E+00   0.944302E+00   0.945708E+00   0.947015E+00   0.948150E+00   0.952623E+00   0.955296E+00   0.970000E+00   0.970000E+00   0.970000E+00   0.970000E+00   0.970000E+00   0.970000E+00   0.970000E+00   0.970000E+00   0.970000E+00   0.970000E+00   0.970000E+00   0.970000E+00   0.970000E+00   0.970000E+00   0.970000E+00   0.970000E+00   0.970000E+00   0.970000E+00   0.970000E+00   0.970000E+00   0.967748E+00   0.967850E+00   0.967962E+00   0.968064E+00   0.968170E+00   0.968249E+00   0.968327E+00   0.968411E+00   0.968494E+00   0.968573E+00   0.968648E+00   0.968718E+00   0.968785E+00   0.968848E+00   0.968908E+00   0.968965E+00   0.969018E+00   0.969069E+00   0.969117E+00   0.969162E+00   0.969206E+00   0.969246E+00   0.969285E+00   0.969322E+00   0.969357E+00   0.969392E+00   0.969423E+00   0.969453E+00   0.969480E+00   0.969507E+00   0.969532E+00   0.969556E+00   0.969579E+00   0.969600E+00   0.969621E+00   0.969646E+00
 0.970000E+00   0.970000E+00   0.970000E+00   0.970000E+00   0.970000E+00   0.970000E+00   0.970000E+00   0.970000E+00   0.970000E+00   0.970000E+00   0.970000E+00   0.970000E+00   0.970000E+00   0.970000E+00   0.970000E+00   0.970000E+00   0.721738E+00   0.738168E+00   0.751691E+00   0.763867E+00   0.775573E+00   0.786867E+00   0.797093E+00   0.807023E+00   0.816355E+00   0.825412E+00   0.833471E+00   0.840816E+00   0.849498E+00   0.854224E+00   0.859087E+00   0.864726E+00   0.970000E+00   0.970000E+00   0.970000E+00   0.970000E+00   0.970000E+00   0.970000E+00   0.970000E+00   0.970000E+00   0.970000E+00   0.970000E+00   0.970000E+00   0.970000E+00   0.970000E+00   0.970000E+00   0.970000E+00   0.970000E+00   0.970000E+00   0.970000E+00   0.970000E+00   0.970000E+00   0.970000E+00   0.970000E+00   0.970000E+00   0.970000E+00   0.970000E+00   0.970000E+00   0.953853E+00   0.954479E+00   0.970000E+00   0.970000E+00   0.970000E+00   0.940452E+00   0.941322E+00   0.942798E+00   0.944299E+00   0.945704E+00   0.947014E+00   0.948153E+00   0.952226E+00   0.954925E+00   0.970000E+00   0.970000E+00   0.970000E+00   0.970000E+00   0.970000E+00   0.970000E+00   0.970000E+00   0.970000E+00   0.970000E+00   0.970000E+00   0.970000E+00   0.970000E+00   0.970000E+00   0.970000E+00   0.970000E+00   0.970000E+00   0.970000E+00   0.970000E+00   0.970000E+00   0.970000E+00   0.967747E+00   0.967850E+00   0.967962E+00   0.968064E+00   0.968170E+00   0.968249E+00   0.968327E+00   0.968410E+00   0.968494E+00   0.968573E+00   0.968648E+00   0.968718E+00   0.968785E+00   0.968848E+00   0.968908E+00   0.968965E+00   0.969018E+00   0.969069E+00   0.969117E+00   0.969162E+00   0.969206E+00   0.969246E+00   0.969285E+00   0.969322E+00   0.969357E+00   0.969392E+00   0.969423E+00   0.969453E+00   0.969480E+00   0.969507E+00   0.969532E+00   0.969556E+00   0.969579E+00   0.969600E+00   0.969621E+00   0.969646E+00
 0.970000E+00   0.970000E+00   0.970000E+00   0.970000E+00   0.970000E+00   0.970000E+00   0.970000E+00   0.970000E+00   0.970000E+00   0.970000E+00   0.970000E+00   0.970000E+00   0.970000E+00   0.970000E+00   0.970000E+00   0.970000E+00   0.721738E+00   0.738168E+00   0.751691E+00   0.763867E+00   0.775573E+00   0.786867E+00   0.797093E+00   0.807023E+00   0.816355E+00   0.825412E+00   0.833470E+00   0.840816E+00   0.849502E+00   0.854230E+00   0.859087E+00   0.864726E+00   0.970000E+00   0.970000E+00   0.970000E+00   0.970000E+00   0.970000E+00   0.970000E+00   0.970000E+00   0.970000E+00   0.970000E+00   0.970000E+00   0.970000E+00   0.970000E+00   0.970000E+00   0.970000E+00   0.970000E+00   0.970000E+00   0.970000E+00   0.970000E+00   0.970000E+00   0.970000E+00   0.970000E+00   0.970000E+00   0.970000E+00   0.970000E+00   0.970000E+00   0.952933E+00   0.953631E+00   0.954291E+00   0.970000E+00   0.970000E+00   0.970000E+00   0.940452E+00   0.941321E+00   0.942796E+00   0.944295E+00   0.945700E+00   0.947012E+00   0.948159E+00   0.951790E+00   0.954526E+00   0.970000E+00   0.970000E+00   0.970000E+00   0.970000E+00   0.970000E+00   0.970000E+00   0.970000E+00   0.970000E+00   0.970000E+00   0.970000E+00   0.970000E+00   0.970000E+00   0.970000E+00   0.970000E+00   0.970000E+00   0.970000E+00   0.970000E+00   0.970000E+00   0.970000E+00   0.970000E+00   0.967747E+00   0.967850E+00   0.967962E+00   0.968063E+00   0.968170E+00   0.968249E+00   0.968326E+00   0.968410E+00   0.968494E+00   0.968573E+00   0.968647E+00   0.968718E+00   0.968785E+00   0.968848E+00   0.968908E+00   0.968965E+00   0.969018E+00   0.969069E+00   0.969117E+00   0.969162E+00   0.969206E+00   0.969246E+00   0.969285E+00   0.969322E+00   0.969357E+00   0.969392E+00   0.969423E+00   0.969453E+00   0.969480E+00   0.969507E+00   0.969532E+00   0.969556E+00   0.969579E+00   0.969600E+00   0.969621E+00   0.969646E+00
 0.970000E+00   0.970000E+00   0.970000E+00   0.970000E+00   0.970000E+00   0.970000E+00   0.970000E+00   0.970000E+00   0.970000E+00   0.970000E+00   0.970000E+00   0.970000E+00   0.970000E+00   0.970000E+00   0.970000E+00   0.970000E+00   0.721738E+00   0.738168E+00   0.751691E+00   0.763866E+00   0.775573E+00   0.786867E+00   0.797092E+00   0.807023E+00   0.816355E+00   0.825412E+00   0.833470E+00   0.840815E+00   0.849506E+00   0.854237E+00   0.859087E+00   0.864726E+00   0.970000E+00   0.970000E+00   0.970000E+00   0.970000E+00   0.970000E+00   0.970000E+00   0.970000E+00   0.970000E+00   0.970000E+00   0.970000E+00   0.970000E+00   0.970000E+00   0.970000E+00   0.970000E+00   0.970000E+00   0.970000E+00   0.970000E+00   0.970000E+00   0.970000E+00   0.970000E+00   0.970000E+00   0.970000E+00   0.970000E+00   0.970000E+00   0.970000E+00   0.952693E+00   0.953500E+00   0.954111E+00   0.970000E+00   0.970000E+00   0.970000E+00   0.940453E+00   0.941321E+00   0.942795E+00   0.944292E+00   0.945696E+00   0.947010E+00   0.948165E+00   0.951310E+00   0.954095E+00   0.970000E+00   0.970000E+00   0.970000E+00   0.970000E+00   0.970000E+00   0.970000E+00   0.970000E+00   0.970000E+00   0.970000E+00   0.970000E+00   0.970000E+00   0.970000E+00   0.970000E+00   0.970000E+00   0.970000E+00   0.970000E+00   0.970000E+00   0.970000E+00   0.970000E+00   0.970000E+00   0.967746E+00   0.967849E+00   0.967962E+00   0.968063E+00   0.968170E+00   0.968249E+00   0.968326E+00   0.968410E+00   0.968494E+00   0.968573E+00   0.968647E+00   0.968718E+00   0.968785E+00   0.968848E+00   0.968908E+00   0.968965E+00   0.969018E+00   0.969069E+00   0.969117E+00   0.969162E+00   0.969206E+00   0.969246E+00   0.969285E+00   0.969322E+00   0.969357E+00   0.969392E+00   0.969423E+00   0.969453E+00   0.969480E+00   0.969507E+00   0.969532E+00   0.969556E+00   0.969579E+00   0.969600E+00   0.969621E+00   0.969646E+00
 0.970000E+00   0.970000E+00   0.970000E+00   0.970000E+00   0.970000E+00   0.970000E+00   0.970000E+00   0.970000E+00   0.970000E+00   0.970000E+00   0.970000E+00   0.970000E+00   0.970000E+00   0.970000E+00   0.970000E+00   0.970000E+00   0.721738E+00   0.738168E+00   0.751691E+00   0.763866E+00   0.775572E+00   0.786867E+00   0.797092E+00   0.807022E+00   0.816354E+00   0.825412E+00   0.833470E+00   0.840815E+00   0.849510E+00   0.854244E+00   0.859087E+00   0.864726E+00   0.970000E+00   0.970000E+00   0.970000E+00   0.970000E+00   0.970000E+00   0.970000E+00   0.970000E+00   0.970000E+00   0.970000E+00   0.970000E+00   0.970000E+00   0.970000E+00   0.970000E+00   0.970000E+00   0.970000E+00   0.970000E+00   0.970000E+00   0.970000E+00   0.970000E+00   0.970000E+00   0.970000E+00   0.970000E+00   0.970000E+00   0.970000E+00   0.951695E+00   0.952530E+00   0.953307E+00   0.970000E+00   0.970000E+00   0.970000E+00   0.970000E+00   0.940453E+00   0.941320E+00   0.942793E+00   0.944289E+00   0.945692E+00   0.947007E+00   0.948172E+00   0.950786E+00   0.953630E+00   0.970000E+00   0.970000E+00   0.970000E+00   0.970000E+00   0.970000E+00   0.970000E+00   0.970000E+00   0.970000E+00   0.970000E+00   0.970000E+00   0.970000E+00   0.970000E+00   0.970000E+00   0.970000E+00   0.970000E+00   0.970000E+00   0.970000E+00   0.970000E+00   0.970000E+00   0.970000E+00   0.967746E+00   0.967849E+00   0.967962E+00   0.968063E+00   0.968170E+00   0.968249E+00   0.968326E+00   0.968410E+00   0.968494E+00   0.968573E+00   0.968647E+00   0.968718E+00   0.968785E+00   0.968848E+00   0.968908E+00   0.968965E+00   0.969018E+00   0.969069E+00   0.969117E+00   0.969162E+00   0.969206E+00   0.969246E+00   0.969285E+00   0.969322E+00   0.969357E+00   0.969392E+00   0.969423E+00   0.969453E+00   0.969480E+00   0.969507E+00   0.969532E+00   0.969556E+00   0.969579E+00   0.969600E+00   0.969621E+00   0.969646E+00
 0.970000E+00   0.970000E+00   0.970000E+00   0.970000E+00   0.970000E+00   0.970000E+00   0.970000E+00   0.970000E+00   0.970000E+00   0.970000E+00   0.970000E+00   0.970000E+00   0.970000E+00   0.970000E+00   0.970000E+00   0.970000E+00   0.721738E+00   0.738168E+00   0.751690E+00   0.763866E+00   0.775572E+00   0.786866E+00   0.797092E+00   0.807022E+00   0.816354E+00   0.825411E+00   0.833470E+00   0.840815E+00   0.849515E+00   0.854251E+00   0.859087E+00   0.864726E+00   0.970000E+00   0.970000E+00   0.970000E+00   0.970000E+00   0.970000E+00   0.970000E+00   0.970000E+00   0.970000E+00   0.970000E+00   0.970000E+00   0.970000E+00   0.970000E+00   0.970000E+00   0.970000E+00   0.970000E+00   0.970000E+00   0.970000E+00   0.970000E+00   0.970000E+00   0.970000E+00   0.970000E+00   0.970000E+00   0.970000E+00   0.950608E+00   0.951463E+00   0.952416E+00   0.953093E+00   0.970000E+00   0.970000E+00   0.970000E+00   0.970000E+00   0.940453E+00   0.941320E+00   0.942792E+00   0.944286E+00   0.945688E+00   0.947004E+00   0.948180E+00   0.950227E+00   0.953127E+00   0.970000E+00   0.970000E+00   0.970000E+00   0.970000E+00   0.970000E+00   0.970000E+00   0.970000E+00   0.970000E+00   0.970000E+00   0.970000E+00   0.970000E+00   0.970000E+00   0.970000E+00   0.970000E+00   0.970000E+00   0.970000E+00   0.970000E+00   0.970000E+00   0.970000E+00   0.970000E+00   0.967745E+00   0.967849E+00   0.967961E+00   0.968063E+00   0.968170E+00   0.968249E+00   0.968326E+00   0.968410E+00   0.968494E+00   0.968573E+00   0.968647E+00   0.968718E+00   0.968785E+00   0.968848E+00   0.968908E+00   0.968965E+00   0.969018E+00   0.969069E+00   0.969117E+00   0.969162E+00   0.969206E+00   0.969246E+00   0.969285E+00   0.969322E+00   0.969357E+00   0.969392E+00   0.969423E+00   0.969453E+00   0.969480E+00   0.969507E+00   0.969532E+00   0.969556E+00   0.969579E+00   0.969600E+00   0.969621E+00   0.969646E+00
 0.970000E+00   0.970000E+00   0.970000E+00   0.970000E+00   0.970000E+00   0.970000E+00   0.970000E+00   0.970000E+00   0.970000E+00   0.970000E+00   0.970000E+00   0.970000E+00   0.970000E+00   0.970000E+00   0.970000E+00   0.970000E+00   0.721738E+00   0.738168E+00   0.751690E+00   0.763866E+00   0.775572E+00   0.786866E+00   0.797092E+00   0.807022E+00   0.816354E+00   0.825411E+00   0.833470E+00   0.840815E+00   0.849519E+00   0.854259E+00   0.859087E+00   0.864726E+00   0.970000E+00   0.970000E+00   0.970000E+00   0.970000E+00   0.970000E+00   0.970000E+00   0.970000E+00   0.970000E+00   0.970000E+00   0.970000E+00   0.970000E+00   0.970000E+00   0.970000E+00   0.970000E+00   0.970000E+00   0.970000E+00   0.970000E+00   0.970000E+00   0.970000E+00   0.970000E+00   0.970000E+00   0.970000E+00   0.949429E+00   0.950311E+00   0.951353E+00   0.952188E+00   0.970000E+00   0.970000E+00   0.970000E+00   0.970000E+00   0.970000E+00   0.940453E+00   0.941319E+00   0.942791E+00   0.944283E+00   0.945684E+00   0.947001E+00   0.948187E+00   0.949668E+00   0.952583E+00   0.970000E+00   0.970000E+00   0.970000E+00   0.970000E+00   0.970000E+00   0.970000E+00   0.970000E+00   0.970000E+00   0.970000E+00   0.970000E+00   0.970000E+00   0.970000E+00   0.970000E+00   0.970000E+00   0.970000E+00   0.970000E+00   0.970000E+00   0.970000E+00   0.970000E+00   0.970000E+00   0.967745E+00   0.967849E+00   0.967961E+00   0.968063E+00   0.968169E+00   0.968249E+00   0.968326E+00   0.968410E+00   0.968494E+00   0.968573E+00   0.968647E+00   0.968718E+00   0.968785E+00   0.968848E+00   0.968908E+00   0.968965E+00   0.969018E+00   0.969069E+00   0.969117E+00   0.969162E+00   0.969206E+00   0.969246E+00   0.969285E+00   0.969322E+00   0.969357E+00   0.969392E+00   0.969423E+00   0.969453E+00   0.969480E+00   0.969507E+00   0.969532E+00   0.969556E+00   0.969579E+00   0.969600E+00   0.969621E+00   0.969646E+00
 0.970000E+00   0.970000E+00   0.970000E+00   0.970000E+00   0.970000E+00   0.970000E+00   0.970000E+00   0.970000E+00   0.970000E+00   0.970000E+00   0.970000E+00   0.970000E+00   0.970000E+00   0.970000E+00   0.970000E+00   0.970000E+00   0.721738E+00   0.738167E+00   0.751690E+00   0.763866E+00   0.775572E+00   0.786866E+00   0.797092E+00   0.807022E+00   0.816354E+00   0.825411E+00   0.833469E+00   0.840814E+00   0.849522E+00   0.854267E+00   0.859087E+00   0.864725E+00   0.970000E+00   0.970000E+00   0.970000E+00   0.970000E+00   0.970000E+00   0.970000E+00   0.970000E+00   0.970000E+00   0.970000E+00   0.970000E+00   0.970000E+00   0.970000E+00   0.970000E+00   0.970000E+00   0.970000E+00   0.970000E+00   0.970000E+00   0.970000E+00   0.970000E+00   0.970000E+00   0.970000E+00   0.948144E+00   0.949068E+00   0.950183E+00   0.951214E+00   0.951934E+00   0.970000E+00   0.970000E+00   0.970000E+00   0.970000E+00   0.970000E+00   0.940454E+00   0.941319E+00   0.942790E+00   0.944280E+00   0.945680E+00   0.946997E+00   0.948192E+00   0.949284E+00   0.951995E+00   0.970000E+00   0.970000E+00   0.970000E+00   0.970000E+00   0.970000E+00   0.970000E+00   0.970000E+00   0.970000E+00   0.970000E+00   0.970000E+00   0.970000E+00   0.970000E+00   0.970000E+00   0.970000E+00   0.970000E+00   0.970000E+00   0.970000E+00   0.970000E+00   0.970000E+00   0.970000E+00   0.967744E+00   0.967849E+00   0.967961E+00   0.968063E+00   0.968169E+00   0.968249E+00   0.968326E+00   0.968410E+00   0.968494E+00   0.968572E+00   0.968647E+00   0.968718E+00   0.968785E+00   0.968848E+00   0.968908E+00   0.968965E+00   0.969018E+00   0.969069E+00   0.969117E+00   0.969162E+00   0.969206E+00   0.969246E+00   0.969285E+00   0.969322E+00   0.969357E+00   0.969392E+00   0.969423E+00   0.969453E+00   0.969480E+00   0.969507E+00   0.969532E+00   0.969556E+00   0.969579E+00   0.969600E+00   0.969621E+00   0.969646E+00
 0.970000E+00   0.970000E+00   0.970000E+00   0.970000E+00   0.970000E+00   0.970000E+00   0.970000E+00   0.970000E+00   0.970000E+00   0.970000E+00   0.970000E+00   0.970000E+00   0.970000E+00   0.970000E+00   0.970000E+00   0.970000E+00   0.721738E+00   0.738167E+00   0.751690E+00   0.763866E+00   0.775572E+00   0.786866E+00   0.797091E+00   0.807021E+00   0.816353E+00   0.825410E+00   0.833469E+00   0.840814E+00   0.849526E+00   0.854276E+00   0.859087E+00   0.864725E+00   0.970000E+00   0.970000E+00   0.970000E+00   0.970000E+00   0.970000E+00   0.970000E+00   0.970000E+00   0.970000E+00   0.970000E+00   0.970000E+00   0.970000E+00   0.970000E+00   0.970000E+00   0.970000E+00   0.970000E+00   0.970000E+00   0.970000E+00   0.970000E+00   0.970000E+00   0.970000E+00   0.946733E+00   0.947715E+00   0.948912E+00   0.950077E+00   0.950910E+00   0.970000E+00   0.970000E+00   0.970000E+00   0.970000E+00   0.970000E+00   0.970000E+00   0.940454E+00   0.941318E+00   0.942788E+00   0.944277E+00   0.945677E+00   0.946994E+00   0.948191E+00   0.949253E+00   0.951366E+00   0.970000E+00   0.970000E+00   0.970000E+00   0.970000E+00   0.970000E+00   0.970000E+00   0.970000E+00   0.970000E+00   0.970000E+00   0.970000E+00   0.970000E+00   0.970000E+00   0.970000E+00   0.970000E+00   0.970000E+00   0.970000E+00   0.970000E+00   0.970000E+00   0.970000E+00   0.970000E+00   0.967744E+00   0.967849E+00   0.967961E+00   0.968063E+00   0.968169E+00   0.968250E+00   0.968326E+00   0.968410E+00   0.968493E+00   0.968572E+00   0.968647E+00   0.968718E+00   0.968785E+00   0.968848E+00   0.968908E+00   0.968965E+00   0.969018E+00   0.969069E+00   0.969117E+00   0.969162E+00   0.969206E+00   0.969246E+00   0.969285E+00   0.969322E+00   0.969357E+00   0.969392E+00   0.969423E+00   0.969453E+00   0.969480E+00   0.969507E+00   0.969532E+00   0.969556E+00   0.969579E+00   0.969600E+00   0.969621E+00   0.969646E+00
 0.970000E+00   0.970000E+00   0.970000E+00   0.970000E+00   0.970000E+00   0.970000E+00   0.970000E+00   0.970000E+00   0.970000E+00   0.970000E+00   0.970000E+00   0.970000E+00   0.970000E+00   0.970000E+00   0.970000E+00   0.970000E+00   0.721738E+00   0.738167E+00   0.751690E+00   0.763865E+00   0.775572E+00   0.786866E+00   0.797091E+00   0.807021E+00   0.816353E+00   0.825410E+00   0.833469E+00   0.840814E+00   0.849530E+00   0.854284E+00   0.859087E+00   0.864725E+00   0.970000E+00   0.970000E+00   0.970000E+00   0.970000E+00   0.970000E+00   0.970000E+00   0.970000E+00   0.970000E+00   0.970000E+00   0.970000E+00   0.970000E+00   0.970000E+00   0.970000E+00   0.970000E+00   0.970000E+00   0.970000E+00   0.970000E+00   0.970000E+00   0.970000E+00   0.945069E+00   0.946230E+00   0.947533E+00   0.948810E+00   0.949800E+00   0.970000E+00   0.970000E+00   0.970000E+00   0.970000E+00   0.970000E+00   0.970000E+00   0.970000E+00   0.940454E+00   0.941318E+00   0.942787E+00   0.944275E+00   0.945673E+00   0.946990E+00   0.948190E+00   0.949261E+00   0.950713E+00   0.970000E+00   0.970000E+00   0.970000E+00   0.970000E+00   0.970000E+00   0.970000E+00   0.970000E+00   0.970000E+00   0.970000E+00   0.970000E+00   0.970000E+00   0.970000E+00   0.970000E+00   0.970000E+00   0.970000E+00   0.970000E+00   0.970000E+00   0.970000E+00   0.970000E+00   0.970000E+00   0.967743E+00   0.967849E+00   0.967961E+00   0.968063E+00   0.968169E+00   0.968250E+00   0.968325E+00   0.968410E+00   0.968493E+00   0.968572E+00   0.968647E+00   0.968718E+00   0.968785E+00   0.968848E+00   0.968908E+00   0.968965E+00   0.969018E+00   0.969069E+00   0.969117E+00   0.969162E+00   0.969206E+00   0.969247E+00   0.969285E+00   0.969322E+00   0.969357E+00   0.969392E+00   0.969423E+00   0.969453E+00   0.969481E+00   0.969507E+00   0.969532E+00   0.969556E+00   0.969579E+00   0.969600E+00   0.969621E+00   0.969646E+00
 0.970000E+00   0.970000E+00   0.970000E+00   0.970000E+00   0.970000E+00   0.970000E+00   0.970000E+00   0.970000E+00   0.970000E+00   0.970000E+00   0.970000E+00   0.970000E+00   0.970000E+00   0.970000E+00   0.970000E+00   0.970000E+00   0.721738E+00   0.738167E+00   0.751690E+00   0.763865E+00   0.775571E+00   0.786866E+00   0.797091E+00   0.807021E+00   0.816353E+00   0.825410E+00   0.833468E+00   0.840813E+00   0.849534E+00   0.854293E+00   0.859087E+00   0.864725E+00   0.970000E+00   0.970000E+00   0.970000E+00   0.970000E+00   0.970000E+00   0.970000E+00   0.970000E+00   0.970000E+00   0.970000E+00   0.970000E+00   0.970000E+00   0.970000E+00   0.970000E+00   0.970000E+00   0.970000E+00   0.970000E+00   0.970000E+00   0.970000E+00   0.943294E+00   0.944495E+00   0.946039E+00   0.947429E+00   0.948590E+00   0.970000E+00   0.970000E+00   0.970000E+00   0.970000E+00   0.970000E+00   0.970000E+00   0.970000E+00   0.970000E+00   0.940454E+00   0.941317E+00   0.942786E+00   0.944272E+00   0.945670E+00   0.946987E+00   0.948188E+00   0.949268E+00   0.950131E+00   0.970000E+00   0.970000E+00   0.970000E+00   0.970000E+00   0.970000E+00   0.970000E+00   0.970000E+00   0.970000E+00   0.970000E+00   0.970000E+00   0.970000E+00   0.970000E+00   0.970000E+00   0.970000E+00   0.970000E+00   0.970000E+00   0.970000E+00   0.970000E+00   0.970000E+00   0.970000E+00   0.967742E+00   0.967849E+00   0.967961E+00   0.968063E+00   0.968169E+00   0.968250E+00   0.968325E+00   0.968410E+00   0.968493E+00   0.968572E+00   0.968647E+00   0.968718E+00   0.968785E+00   0.968848E+00   0.968908E+00   0.968965E+00   0.969018E+00   0.969069E+00   0.969117E+00   0.969163E+00   0.969206E+00   0.969247E+00   0.969285E+00   0.969322E+00   0.969357E+00   0.969392E+00   0.969423E+00   0.969453E+00   0.969481E+00   0.969507E+00   0.969532E+00   0.969556E+00   0.969579E+00   0.969600E+00   0.969621E+00   0.969646E+00
 0.970000E+00   0.970000E+00   0.970000E+00   0.970000E+00   0.970000E+00   0.970000E+00   0.970000E+00   0.970000E+00   0.970000E+00   0.970000E+00   0.970000E+00   0.970000E+00   0.970000E+00   0.970000E+00   0.970000E+00   0.970000E+00   0.721738E+00   0.738167E+00   0.751690E+00   0.763865E+00   0.775571E+00   0.786866E+00   0.797091E+00   0.807021E+00   0.816353E+00   0.825410E+00   0.833468E+00   0.840813E+00   0.849538E+00   0.854303E+00   0.859087E+00   0.864725E+00   0.970000E+00   0.970000E+00   0.970000E+00   0.970000E+00   0.970000E+00   0.970000E+00   0.970000E+00   0.970000E+00   0.970000E+00   0.970000E+00   0.970000E+00   0.970000E+00   0.970000E+00   0.970000E+00   0.970000E+00   0.970000E+00   0.970000E+00   0.941283E+00   0.942703E+00   0.944313E+00   0.945929E+00   0.947250E+00   0.948152E+00   0.970000E+00   0.970000E+00   0.970000E+00   0.970000E+00   0.970000E+00   0.970000E+00   0.970000E+00   0.970000E+00   0.940455E+00   0.941317E+00   0.942786E+00   0.944270E+00   0.945667E+00   0.946983E+00   0.948185E+00   0.949269E+00   0.949976E+00   0.970000E+00   0.970000E+00   0.970000E+00   0.970000E+00   0.970000E+00   0.970000E+00   0.970000E+00   0.970000E+00   0.970000E+00   0.970000E+00   0.970000E+00   0.970000E+00   0.970000E+00   0.970000E+00   0.970000E+00   0.970000E+00   0.970000E+00   0.970000E+00   0.970000E+00   0.970000E+00   0.967742E+00   0.967849E+00   0.967961E+00   0.968064E+00   0.968169E+00   0.968250E+00   0.968325E+00   0.968410E+00   0.968493E+00   0.968572E+00   0.968647E+00   0.968718E+00   0.968785E+00   0.968848E+00   0.968908E+00   0.968965E+00   0.969018E+00   0.969069E+00   0.969117E+00   0.969163E+00   0.969206E+00   0.969247E+00   0.969285E+00   0.969322E+00   0.969357E+00   0.969392E+00   0.969423E+00   0.969453E+00   0.969481E+00   0.969507E+00   0.969532E+00   0.969556E+00   0.969579E+00   0.969600E+00   0.969621E+00   0.969646E+00
 0.970000E+00   0.970000E+00   0.970000E+00   0.970000E+00   0.970000E+00   0.970000E+00   0.970000E+00   0.970000E+00   0.970000E+00   0.970000E+00   0.970000E+00   0.970000E+00   0.970000E+00   0.970000E+00   0.970000E+00   0.970000E+00   0.721738E+00   0.738167E+00   0.751690E+00   0.763865E+00   0.775571E+00   0.786866E+00   0.797091E+00   0.807021E+00   0.816353E+00   0.825410E+00   0.833468E+00   0.840813E+00   0.849542E+00   0.854312E+00   0.859087E+00   0.864725E+00   0.970000E+00   0.970000E+00   0.970000E+00   0.970000E+00   0.970000E+00   0.970000E+00   0.970000E+00   0.970000E+00   0.970000E+00   0.970000E+00   0.970000E+00   0.970000E+00   0.970000E+00   0.970000E+00   0.970000E+00   0.937557E+00   0.938985E+00   0.940765E+00   0.942535E+00   0.944192E+00   0.945751E+00   0.946732E+00   0.970000E+00   0.970000E+00   0.970000E+00   0.970000E+00   0.970000E+00   0.970000E+00   0.970000E+00   0.970000E+00   0.970000E+00   0.940455E+00   0.941317E+00   0.942785E+00   0.944267E+00   0.945663E+00   0.946980E+00   0.948183E+00   0.949267E+00   0.949974E+00   0.970000E+00   0.970000E+00   0.970000E+00   0.970000E+00   0.970000E+00   0.970000E+00   0.970000E+00   0.970000E+00   0.970000E+00   0.970000E+00   0.970000E+00   0.970000E+00   0.970000E+00   0.970000E+00   0.970000E+00   0.970000E+00   0.970000E+00   0.970000E+00   0.970000E+00   0.970000E+00   0.967741E+00   0.967849E+00   0.967960E+00   0.968064E+00   0.968169E+00   0.968250E+00   0.968325E+00   0.968409E+00   0.968493E+00   0.968572E+00   0.968647E+00   0.968718E+00   0.968785E+00   0.968848E+00   0.968908E+00   0.968965E+00   0.969018E+00   0.969069E+00   0.969117E+00   0.969163E+00   0.969206E+00   0.969247E+00   0.969285E+00   0.969322E+00   0.969357E+00   0.969392E+00   0.969423E+00   0.969453E+00   0.969481E+00   0.969507E+00   0.969532E+00   0.969556E+00   0.969579E+00   0.969600E+00   0.969621E+00   0.969646E+00
 0.970000E+00   0.970000E+00   0.970000E+00   0.970000E+00   0.970000E+00   0.970000E+00   0.970000E+00   0.970000E+00   0.970000E+00   0.970000E+00   0.970000E+00   0.970000E+00   0.970000E+00   0.970000E+00   0.970000E+00   0.970000E+00   0.721738E+00   0.738167E+00   0.751690E+00   0.763865E+00   0.775571E+00   0.786866E+00   0.797091E+00   0.807021E+00   0.816353E+00   0.825410E+00   0.833468E+00   0.840813E+00   0.849546E+00   0.854322E+00   0.859087E+00   0.864725E+00   0.970000E+00   0.970000E+00   0.970000E+00   0.970000E+00   0.970000E+00   0.970000E+00   0.970000E+00   0.970000E+00   0.970000E+00   0.970000E+00   0.970000E+00   0.970000E+00   0.970000E+00   0.970000E+00   0.934672E+00   0.936619E+00   0.938665E+00   0.940600E+00   0.942399E+00   0.943982E+00   0.945048E+00   0.970000E+00   0.970000E+00   0.970000E+00   0.970000E+00   0.970000E+00   0.970000E+00   0.970000E+00   0.970000E+00   0.970000E+00   0.970000E+00   0.940455E+00   0.941316E+00   0.942784E+00   0.944265E+00   0.945660E+00   0.946977E+00   0.948181E+00   0.949266E+00   0.949972E+00   0.970000E+00   0.970000E+00   0.970000E+00   0.970000E+00   0.970000E+00   0.970000E+00   0.970000E+00   0.970000E+00   0.970000E+00   0.970000E+00   0.970000E+00   0.970000E+00   0.970000E+00   0.970000E+00   0.970000E+00   0.970000E+00   0.970000E+00   0.970000E+00   0.970000E+00   0.970000E+00   0.967741E+00   0.967848E+00   0.967960E+00   0.968064E+00   0.968168E+00   0.968250E+00   0.968325E+00   0.968409E+00   0.968493E+00   0.968572E+00   0.968647E+00   0.968718E+00   0.968784E+00   0.968848E+00   0.968908E+00   0.968965E+00   0.969018E+00   0.969069E+00   0.969117E+00   0.969163E+00   0.969206E+00   0.969247E+00   0.969285E+00   0.969322E+00   0.969357E+00   0.969392E+00   0.969423E+00   0.969453E+00   0.969481E+00   0.969507E+00   0.969532E+00   0.969556E+00   0.969579E+00   0.969600E+00   0.969621E+00   0.969646E+00
 0.970000E+00   0.970000E+00   0.970000E+00   0.970000E+00   0.970000E+00   0.970000E+00   0.970000E+00   0.970000E+00   0.970000E+00   0.970000E+00   0.970000E+00   0.970000E+00   0.970000E+00   0.970000E+00   0.970000E+00   0.970000E+00   0.721738E+00   0.738167E+00   0.751690E+00   0.763865E+00   0.775571E+00   0.786866E+00   0.797091E+00   0.807021E+00   0.816353E+00   0.825410E+00   0.833468E+00   0.840813E+00   0.849549E+00   0.854331E+00   0.859087E+00   0.864725E+00   0.970000E+00   0.970000E+00   0.970000E+00   0.970000E+00   0.970000E+00   0.970000E+00   0.970000E+00   0.970000E+00   0.970000E+00   0.970000E+00   0.970000E+00   0.925767E+00   0.929365E+00   0.931724E+00   0.934117E+00   0.936377E+00   0.938487E+00   0.940437E+00   0.942098E+00   0.943239E+00   0.970000E+00   0.970000E+00   0.970000E+00   0.970000E+00   0.970000E+00   0.970000E+00   0.970000E+00   0.970000E+00   0.970000E+00   0.970000E+00   0.970000E+00   0.940456E+00   0.941316E+00   0.942783E+00   0.944263E+00   0.945657E+00   0.946974E+00   0.948178E+00   0.949265E+00   0.949971E+00   0.970000E+00   0.970000E+00   0.970000E+00   0.970000E+00   0.970000E+00   0.970000E+00   0.970000E+00   0.970000E+00   0.970000E+00   0.970000E+00   0.970000E+00   0.970000E+00   0.970000E+00   0.970000E+00   0.970000E+00   0.970000E+00   0.970000E+00   0.970000E+00   0.970000E+00   0.970000E+00   0.967740E+00   0.967848E+00   0.967960E+00   0.968064E+00   0.968168E+00   0.968250E+00   0.968325E+00   0.968409E+00   0.968493E+00   0.968572E+00   0.968647E+00   0.968717E+00   0.968784E+00   0.968848E+00   0.968908E+00   0.968965E+00   0.969018E+00   0.969069E+00   0.969117E+00   0.969163E+00   0.969206E+00   0.969247E+00   0.969285E+00   0.969322E+00   0.969357E+00   0.969392E+00   0.969423E+00   0.969453E+00   0.969481E+00   0.969507E+00   0.969532E+00   0.969556E+00   0.969579E+00   0.969600E+00   0.969621E+00   0.969646E+00
 0.970000E+00   0.970000E+00   0.970000E+00   0.970000E+00   0.970000E+00   0.970000E+00   0.970000E+00   0.970000E+00   0.970000E+00   0.970000E+00   0.970000E+00   0.970000E+00   0.970000E+00   0.970000E+00   0.970000E+00   0.970000E+00   0.721738E+00   0.738167E+00   0.751690E+00   0.763865E+00   0.775571E+00   0.786866E+00   0.797091E+00   0.807021E+00   0.816353E+00   0.825410E+00   0.833468E+00   0.840813E+00   0.849553E+00   0.854341E+00   0.859087E+00   0.864725E+00   0.970000E+00   0.970000E+00   0.970000E+00   0.970000E+00   0.970000E+00   0.970000E+00   0.970000E+00   0.970000E+00   0.970000E+00   0.920148E+00   0.922844E+00   0.925903E+00   0.928733E+00   0.931389E+00   0.933865E+00   0.936163E+00   0.938267E+00   0.939900E+00   0.970000E+00   0.970000E+00   0.970000E+00   0.970000E+00   0.970000E+00   0.970000E+00   0.970000E+00   0.970000E+00   0.970000E+00   0.970000E+00   0.970000E+00   0.970000E+00   0.970000E+00   0.940456E+00   0.941316E+00   0.942783E+00   0.944261E+00   0.945655E+00   0.946971E+00   0.948176E+00   0.949264E+00   0.949970E+00   0.970000E+00   0.970000E+00   0.970000E+00   0.970000E+00   0.970000E+00   0.970000E+00   0.970000E+00   0.970000E+00   0.970000E+00   0.970000E+00   0.970000E+00   0.970000E+00   0.970000E+00   0.970000E+00   0.970000E+00   0.970000E+00   0.970000E+00   0.970000E+00   0.970000E+00   0.970000E+00   0.967740E+00   0.967848E+00   0.967960E+00   0.968064E+00   0.968168E+00   0.968250E+00   0.968324E+00   0.968409E+00   0.968493E+00   0.968572E+00   0.968647E+00   0.968717E+00   0.968784E+00   0.968848E+00   0.968908E+00   0.968965E+00   0.969018E+00   0.969069E+00   0.969117E+00   0.969163E+00   0.969206E+00   0.969247E+00   0.969285E+00   0.969322E+00   0.969357E+00   0.969392E+00   0.969423E+00   0.969453E+00   0.969481E+00   0.969507E+00   0.969532E+00   0.969556E+00   0.969579E+00   0.969600E+00   0.969621E+00   0.969646E+00
 0.970000E+00   0.970000E+00   0.970000E+00   0.970000E+00   0.970000E+00   0.970000E+00   0.970000E+00   0.970000E+00   0.970000E+00   0.970000E+00   0.970000E+00   0.970000E+00   0.970000E+00   0.970000E+00   0.970000E+00   0.970000E+00   0.721738E+00   0.738167E+00   0.751690E+00   0.763865E+00   0.775571E+00   0.786866E+00   0.797091E+00   0.807021E+00   0.816353E+00   0.825410E+00   0.833468E+00   0.840813E+00   0.849556E+00   0.854351E+00   0.859087E+00   0.864725E+00   0.970000E+00   0.970000E+00   0.970000E+00   0.970000E+00   0.970000E+00   0.970000E+00   0.907656E+00   0.911456E+00   0.915246E+00   0.918841E+00   0.922216E+00   0.925447E+00   0.928367E+00   0.931076E+00   0.933575E+00   0.935809E+00   0.937340E+00   0.970000E+00   0.970000E+00   0.970000E+00   0.970000E+00   0.970000E+00   0.970000E+00   0.970000E+00   0.970000E+00   0.970000E+00   0.970000E+00   0.970000E+00   0.970000E+00   0.970000E+00   0.970000E+00   0.940456E+00   0.941316E+00   0.942782E+00   0.944259E+00   0.945652E+00   0.946968E+00   0.948174E+00   0.949263E+00   0.949968E+00   0.970000E+00   0.970000E+00   0.970000E+00   0.970000E+00   0.970000E+00   0.970000E+00   0.970000E+00   0.970000E+00   0.970000E+00   0.970000E+00   0.970000E+00   0.970000E+00   0.970000E+00   0.970000E+00   0.970000E+00   0.970000E+00   0.970000E+00   0.970000E+00   0.970000E+00   0.970000E+00   0.967739E+00   0.967848E+00   0.967960E+00   0.968064E+00   0.968168E+00   0.968250E+00   0.968324E+00   0.968409E+00   0.968493E+00   0.968572E+00   0.968647E+00   0.968717E+00   0.968784E+00   0.968848E+00   0.968908E+00   0.968965E+00   0.969018E+00   0.969069E+00   0.969117E+00   0.969163E+00   0.969206E+00   0.969247E+00   0.969285E+00   0.969322E+00   0.969357E+00   0.969392E+00   0.969423E+00   0.969453E+00   0.969481E+00   0.969507E+00   0.969532E+00   0.969556E+00   0.969579E+00   0.969600E+00   0.969621E+00   0.969646E+00
 0.970000E+00   0.970000E+00   0.970000E+00   0.970000E+00   0.970000E+00   0.970000E+00   0.970000E+00   0.970000E+00   0.970000E+00   0.970000E+00   0.970000E+00   0.970000E+00   0.970000E+00   0.970000E+00   0.970000E+00   0.970000E+00   0.721738E+00   0.738167E+00   0.751690E+00   0.763865E+00   0.775571E+00   0.786866E+00   0.797091E+00   0.807021E+00   0.816353E+00   0.825410E+00   0.833468E+00   0.840813E+00   0.849560E+00   0.854361E+00   0.859087E+00   0.864725E+00   0.970000E+00   0.970000E+00   0.886862E+00   0.891934E+00   0.896928E+00   0.901703E+00   0.906226E+00   0.910486E+00   0.914478E+00   0.918206E+00   0.921766E+00   0.924971E+00   0.927932E+00   0.930628E+00   0.932713E+00   0.970000E+00   0.970000E+00   0.970000E+00   0.970000E+00   0.970000E+00   0.970000E+00   0.970000E+00   0.970000E+00   0.970000E+00   0.970000E+00   0.970000E+00   0.970000E+00   0.970000E+00   0.970000E+00   0.970000E+00   0.970000E+00   0.940456E+00   0.941315E+00   0.942782E+00   0.944257E+00   0.945649E+00   0.946966E+00   0.948172E+00   0.949261E+00   0.949967E+00   0.970000E+00   0.970000E+00   0.970000E+00   0.970000E+00   0.970000E+00   0.970000E+00   0.970000E+00   0.970000E+00   0.970000E+00   0.970000E+00   0.970000E+00   0.970000E+00   0.970000E+00   0.970000E+00   0.970000E+00   0.970000E+00   0.970000E+00   0.970000E+00   0.970000E+00   0.970000E+00   0.967739E+00   0.967848E+00   0.967960E+00   0.968064E+00   0.968168E+00   0.968250E+00   0.968324E+00   0.968409E+00   0.968493E+00   0.968572E+00   0.968646E+00   0.968717E+00   0.968784E+00   0.968848E+00   0.968908E+00   0.968965E+00   0.969018E+00   0.969069E+00   0.969117E+00   0.969163E+00   0.969206E+00   0.969247E+00   0.969285E+00   0.969322E+00   0.969357E+00   0.969392E+00   0.969423E+00   0.969453E+00   0.969481E+00   0.969507E+00   0.969532E+00   0.969556E+00   0.969579E+00   0.969601E+00   0.969621E+00   0.969646E+00
 0.970000E+00   0.970000E+00   0.970000E+00   0.970000E+00   0.970000E+00   0.970000E+00   0.970000E+00   0.970000E+00   0.970000E+00   0.970000E+00   0.970000E+00   0.970000E+00   0.970000E+00   0.970000E+00   0.970000E+00   0.970000E+00   0.721738E+00   0.738167E+00   0.751690E+00   0.763865E+00   0.775571E+00   0.786866E+00   0.797091E+00   0.807021E+00   0.816353E+00   0.825410E+00   0.833468E+00   0.840813E+00   0.849563E+00   0.854370E+00   0.859091E+00   0.864762E+00   0.874345E+00   0.879994E+00   0.885448E+00   0.890722E+00   0.895803E+00   0.900664E+00   0.905278E+00   0.909627E+00   0.913701E+00   0.917495E+00   0.921096E+00   0.924303E+00   0.927020E+00   0.928865E+00   0.970000E+00   0.970000E+00   0.970000E+00   0.970000E+00   0.970000E+00   0.970000E+00   0.970000E+00   0.970000E+00   0.970000E+00   0.970000E+00   0.970000E+00   0.970000E+00   0.970000E+00   0.970000E+00   0.970000E+00   0.970000E+00   0.970000E+00   0.940457E+00   0.941315E+00   0.942781E+00   0.944256E+00   0.945647E+00   0.946963E+00   0.948170E+00   0.949260E+00   0.949966E+00   0.970000E+00   0.970000E+00   0.970000E+00   0.970000E+00   0.970000E+00   0.970000E+00   0.970000E+00   0.970000E+00   0.970000E+00   0.970000E+00   0.970000E+00   0.970000E+00   0.970000E+00   0.970000E+00   0.970000E+00   0.970000E+00   0.970000E+00   0.970000E+00   0.970000E+00   0.970000E+00   0.967738E+00   0.967848E+00   0.967959E+00   0.968064E+00   0.968168E+00   0.968250E+00   0.968324E+00   0.968409E+00   0.968493E+00   0.968572E+00   0.968646E+00   0.968717E+00   0.968784E+00   0.968848E+00   0.968908E+00   0.968965E+00   0.969018E+00   0.969069E+00   0.969117E+00   0.969163E+00   0.969206E+00   0.969247E+00   0.969285E+00   0.969322E+00   0.969357E+00   0.969392E+00   0.969423E+00   0.969453E+00   0.969481E+00   0.969507E+00   0.969532E+00   0.969556E+00   0.969579E+00   0.969601E+00   0.969621E+00   0.969646E+00
 0.970000E+00   0.970000E+00   0.970000E+00   0.970000E+00   0.970000E+00   0.970000E+00   0.970000E+00   0.970000E+00   0.970000E+00   0.970000E+00   0.970000E+00   0.970000E+00   0.970000E+00   0.970000E+00   0.970000E+00   0.970000E+00   0.970000E+00   0.738138E+00   0.751638E+00   0.763798E+00   0.775510E+00   0.786815E+00   0.797041E+00   0.806959E+00   0.816312E+00   0.825351E+00   0.833412E+00   0.840749E+00   0.849530E+00   0.854295E+00   0.859029E+00   0.864774E+00   0.874459E+00   0.880129E+00   0.885465E+00   0.890467E+00   0.895256E+00   0.899921E+00   0.904436E+00   0.908747E+00   0.912806E+00   0.916661E+00   0.920004E+00   0.922281E+00   0.970000E+00   0.970000E+00   0.970000E+00   0.970000E+00   0.970000E+00   0.970000E+00   0.970000E+00   0.970000E+00   0.970000E+00   0.970000E+00   0.970000E+00   0.970000E+00   0.970000E+00   0.970000E+00   0.970000E+00   0.970000E+00   0.970000E+00   0.970000E+00   0.970000E+00   0.940453E+00   0.941315E+00   0.942781E+00   0.944254E+00   0.945644E+00   0.946961E+00   0.948168E+00   0.949259E+00   0.949965E+00   0.970000E+00   0.970000E+00   0.970000E+00   0.970000E+00   0.970000E+00   0.970000E+00   0.970000E+00   0.970000E+00   0.970000E+00   0.970000E+00   0.970000E+00   0.970000E+00   0.970000E+00   0.970000E+00   0.970000E+00   0.970000E+00   0.970000E+00   0.970000E+00   0.970000E+00   0.970000E+00   0.967737E+00   0.967848E+00   0.967959E+00   0.968064E+00   0.968167E+00   0.968250E+00   0.968324E+00   0.968409E+00   0.968492E+00   0.968571E+00   0.968646E+00   0.968717E+00   0.968784E+00   0.968848E+00   0.968908E+00   0.968965E+00   0.969018E+00   0.969069E+00   0.969117E+00   0.969163E+00   0.969206E+00   0.969247E+00   0.969285E+00   0.969322E+00   0.969357E+00   0.969392E+00   0.969423E+00   0.969453E+00   0.969481E+00   0.969507E+00   0.969532E+00   0.969556E+00   0.969579E+00   0.969601E+00   0.969621E+00   0.969646E+00
 0.970000E+00   0.970000E+00   0.970000E+00   0.970000E+00   0.970000E+00   0.970000E+00   0.970000E+00   0.970000E+00   0.970000E+00   0.970000E+00   0.970000E+00   0.970000E+00   0.970000E+00   0.970000E+00   0.970000E+00   0.970000E+00   0.970000E+00   0.738009E+00   0.751312E+00   0.763385E+00   0.775134E+00   0.786500E+00   0.796734E+00   0.806584E+00   0.816061E+00   0.824988E+00   0.833080E+00   0.840373E+00   0.849310E+00   0.853887E+00   0.858754E+00   0.864802E+00   0.874409E+00   0.880050E+00   0.885424E+00   0.890493E+00   0.895243E+00   0.899699E+00   0.903945E+00   0.908122E+00   0.911991E+00   0.915375E+00   0.917669E+00   0.970000E+00   0.970000E+00   0.970000E+00   0.970000E+00   0.970000E+00   0.970000E+00   0.970000E+00   0.970000E+00   0.970000E+00   0.970000E+00   0.970000E+00   0.970000E+00   0.970000E+00   0.970000E+00   0.970000E+00   0.970000E+00   0.970000E+00   0.970000E+00   0.970000E+00   0.970000E+00   0.940450E+00   0.941315E+00   0.942780E+00   0.944252E+00   0.945642E+00   0.946958E+00   0.948167E+00   0.949258E+00   0.949963E+00   0.970000E+00   0.970000E+00   0.970000E+00   0.970000E+00   0.970000E+00   0.970000E+00   0.970000E+00   0.970000E+00   0.970000E+00   0.970000E+00   0.970000E+00   0.970000E+00   0.970000E+00   0.970000E+00   0.970000E+00   0.970000E+00   0.970000E+00   0.970000E+00   0.970000E+00   0.970000E+00   0.967737E+00   0.967848E+00   0.967959E+00   0.968064E+00   0.968167E+00   0.968250E+00   0.968324E+00   0.968408E+00   0.968492E+00   0.968571E+00   0.968646E+00   0.968717E+00   0.968784E+00   0.968848E+00   0.968908E+00   0.968965E+00   0.969018E+00   0.969069E+00   0.969117E+00   0.969163E+00   0.969206E+00   0.969247E+00   0.969285E+00   0.969322E+00   0.969357E+00   0.969392E+00   0.969423E+00   0.969453E+00   0.969481E+00   0.969507E+00   0.969532E+00   0.969556E+00   0.969579E+00   0.969601E+00   0.969621E+00   0.969646E+00
 0.970000E+00   0.970000E+00   0.970000E+00   0.970000E+00   0.970000E+00   0.970000E+00   0.970000E+00   0.970000E+00   0.970000E+00   0.970000E+00   0.970000E+00   0.970000E+00   0.970000E+00   0.970000E+00   0.970000E+00   0.970000E+00   0.970000E+00   0.737874E+00   0.750966E+00   0.762969E+00   0.774756E+00   0.786180E+00   0.796425E+00   0.806212E+00   0.815809E+00   0.824630E+00   0.832767E+00   0.840023E+00   0.849081E+00   0.853572E+00   0.858584E+00   0.864831E+00   0.874356E+00   0.879962E+00   0.885334E+00   0.890401E+00   0.895168E+00   0.899654E+00   0.903869E+00   0.907911E+00   0.911578E+00   0.914360E+00   0.970000E+00   0.970000E+00   0.970000E+00   0.970000E+00   0.970000E+00   0.970000E+00   0.970000E+00   0.970000E+00   0.970000E+00   0.970000E+00   0.970000E+00   0.970000E+00   0.970000E+00   0.970000E+00   0.970000E+00   0.970000E+00   0.970000E+00   0.970000E+00   0.970000E+00   0.970000E+00   0.970000E+00   0.940446E+00   0.941315E+00   0.942780E+00   0.944251E+00   0.945640E+00   0.946956E+00   0.948165E+00   0.949257E+00   0.949962E+00   0.970000E+00   0.970000E+00   0.970000E+00   0.970000E+00   0.970000E+00   0.970000E+00   0.970000E+00   0.970000E+00   0.970000E+00   0.970000E+00   0.970000E+00   0.970000E+00   0.970000E+00   0.970000E+00   0.970000E+00   0.970000E+00   0.970000E+00   0.970000E+00   0.970000E+00   0.967650E+00   0.967736E+00   0.967848E+00   0.967959E+00   0.968064E+00   0.968167E+00   0.968249E+00   0.968323E+00   0.968408E+00   0.968492E+00   0.968571E+00   0.968646E+00   0.968717E+00   0.968784E+00   0.968848E+00   0.968908E+00   0.968965E+00   0.969018E+00   0.969069E+00   0.969117E+00   0.969163E+00   0.969206E+00   0.969247E+00   0.969285E+00   0.969322E+00   0.969357E+00   0.969392E+00   0.969423E+00   0.969453E+00   0.969481E+00   0.969507E+00   0.969532E+00   0.969556E+00   0.969579E+00   0.969601E+00   0.969621E+00   0.969646E+00
 0.970000E+00   0.970000E+00   0.970000E+00   0.970000E+00   0.970000E+00   0.970000E+00   0.970000E+00   0.970000E+00   0.970000E+00   0.970000E+00   0.970000E+00   0.970000E+00   0.970000E+00   0.970000E+00   0.970000E+00   0.970000E+00   0.970000E+00   0.737730E+00   0.750596E+00   0.762544E+00   0.774369E+00   0.785846E+00   0.796109E+00   0.805837E+00   0.815549E+00   0.824269E+00   0.832460E+00   0.839687E+00   0.848840E+00   0.853316E+00   0.858463E+00   0.864863E+00   0.874299E+00   0.879867E+00   0.885237E+00   0.890303E+00   0.895071E+00   0.899559E+00   0.903780E+00   0.907831E+00   0.911481E+00   0.914178E+00   0.970000E+00   0.970000E+00   0.970000E+00   0.970000E+00   0.970000E+00   0.970000E+00   0.970000E+00   0.970000E+00   0.970000E+00   0.970000E+00   0.970000E+00   0.970000E+00   0.970000E+00   0.970000E+00   0.970000E+00   0.970000E+00   0.970000E+00   0.970000E+00   0.970000E+00   0.970000E+00   0.970000E+00   0.940443E+00   0.941315E+00   0.942780E+00   0.944250E+00   0.945638E+00   0.946954E+00   0.948163E+00   0.949256E+00   0.949961E+00   0.970000E+00   0.970000E+00   0.970000E+00   0.970000E+00   0.970000E+00   0.970000E+00   0.970000E+00   0.970000E+00   0.970000E+00   0.970000E+00   0.970000E+00   0.970000E+00   0.970000E+00   0.970000E+00   0.970000E+00   0.970000E+00   0.970000E+00   0.970000E+00   0.970000E+00   0.967649E+00   0.967735E+00   0.967847E+00   0.967958E+00   0.968064E+00   0.968166E+00   0.968249E+00   0.968323E+00   0.968408E+00   0.968492E+00   0.968571E+00   0.968646E+00   0.968717E+00   0.968784E+00   0.968847E+00   0.968908E+00   0.968965E+00   0.969018E+00   0.969069E+00   0.969117E+00   0.969162E+00   0.969206E+00   0.969247E+00   0.969285E+00   0.969322E+00   0.969357E+00   0.969392E+00   0.969423E+00   0.969453E+00   0.969481E+00   0.969508E+00   0.969533E+00   0.969556E+00   0.969579E+00   0.969601E+00   0.969621E+00   0.969646E+00
 0.970000E+00   0.970000E+00   0.970000E+00   0.970000E+00   0.970000E+00   0.970000E+00   0.970000E+00   0.970000E+00   0.970000E+00   0.970000E+00   0.970000E+00   0.970000E+00   0.970000E+00   0.970000E+00   0.970000E+00   0.970000E+00   0.970000E+00   0.737578E+00   0.750201E+00   0.762108E+00   0.773970E+00   0.785498E+00   0.795784E+00   0.805457E+00   0.815279E+00   0.823906E+00   0.832154E+00   0.839363E+00   0.848586E+00   0.853102E+00   0.858367E+00   0.864897E+00   0.874237E+00   0.879764E+00   0.885133E+00   0.890199E+00   0.894970E+00   0.899461E+00   0.903688E+00   0.907747E+00   0.911405E+00   0.914116E+00   0.970000E+00   0.970000E+00   0.970000E+00   0.970000E+00   0.970000E+00   0.970000E+00   0.970000E+00   0.970000E+00   0.970000E+00   0.970000E+00   0.970000E+00   0.970000E+00   0.970000E+00   0.970000E+00   0.970000E+00   0.970000E+00   0.970000E+00   0.970000E+00   0.970000E+00   0.970000E+00   0.970000E+00   0.940440E+00   0.941315E+00   0.942780E+00   0.944248E+00   0.945636E+00   0.946951E+00   0.948161E+00   0.949255E+00   0.949960E+00   0.970000E+00   0.970000E+00   0.970000E+00   0.970000E+00   0.970000E+00   0.970000E+00   0.970000E+00   0.970000E+00   0.970000E+00   0.970000E+00   0.970000E+00   0.970000E+00   0.970000E+00   0.970000E+00   0.970000E+00   0.970000E+00   0.970000E+00   0.970000E+00   0.970000E+00   0.967649E+00   0.967735E+00   0.967847E+00   0.967958E+00   0.968064E+00   0.968166E+00   0.968249E+00   0.968323E+00   0.968408E+00   0.968492E+00   0.968571E+00   0.968646E+00   0.968717E+00   0.968784E+00   0.968847E+00   0.968908E+00   0.968965E+00   0.969018E+00   0.969069E+00   0.969117E+00   0.969162E+00   0.969206E+00   0.969247E+00   0.969285E+00   0.969322E+00   0.969357E+00   0.969392E+00   0.969423E+00   0.969453E+00   0.969481E+00   0.969508E+00   0.969533E+00   0.969556E+00   0.969579E+00   0.969601E+00   0.969621E+00   0.969646E+00
 0.970000E+00   0.970000E+00   0.970000E+00   0.970000E+00   0.970000E+00   0.970000E+00   0.970000E+00   0.970000E+00   0.970000E+00   0.970000E+00   0.970000E+00   0.970000E+00   0.970000E+00   0.970000E+00   0.970000E+00   0.970000E+00   0.970000E+00   0.737416E+00   0.749780E+00   0.761662E+00   0.773557E+00   0.785134E+00   0.795449E+00   0.805071E+00   0.814997E+00   0.823540E+00   0.831846E+00   0.839048E+00   0.848318E+00   0.852918E+00   0.858283E+00   0.864935E+00   0.874170E+00   0.879653E+00   0.885022E+00   0.890089E+00   0.894862E+00   0.899359E+00   0.903594E+00   0.907662E+00   0.911333E+00   0.914074E+00   0.970000E+00   0.970000E+00   0.970000E+00   0.970000E+00   0.970000E+00   0.970000E+00   0.970000E+00   0.970000E+00   0.970000E+00   0.970000E+00   0.970000E+00   0.970000E+00   0.970000E+00   0.970000E+00   0.970000E+00   0.970000E+00   0.970000E+00   0.970000E+00   0.970000E+00   0.970000E+00   0.970000E+00   0.940437E+00   0.941314E+00   0.942779E+00   0.944247E+00   0.945634E+00   0.946949E+00   0.948160E+00   0.949254E+00   0.949959E+00   0.970000E+00   0.970000E+00   0.970000E+00   0.970000E+00   0.970000E+00   0.970000E+00   0.970000E+00   0.970000E+00   0.970000E+00   0.970000E+00   0.970000E+00   0.970000E+00   0.970000E+00   0.970000E+00   0.970000E+00   0.970000E+00   0.970000E+00   0.970000E+00   0.970000E+00   0.967648E+00   0.967734E+00   0.967847E+00   0.967957E+00   0.968063E+00   0.968165E+00   0.968249E+00   0.968323E+00   0.968408E+00   0.968492E+00   0.968571E+00   0.968646E+00   0.968717E+00   0.968784E+00   0.968847E+00   0.968908E+00   0.968965E+00   0.969018E+00   0.969069E+00   0.969117E+00   0.969162E+00   0.969206E+00   0.969247E+00   0.969285E+00   0.969322E+00   0.969357E+00   0.969392E+00   0.969423E+00   0.969453E+00   0.969481E+00   0.969508E+00   0.969533E+00   0.969556E+00   0.969579E+00   0.969601E+00   0.969621E+00   0.969646E+00
 0.970000E+00   0.970000E+00   0.970000E+00   0.970000E+00   0.970000E+00   0.970000E+00   0.970000E+00   0.970000E+00   0.970000E+00   0.970000E+00   0.970000E+00   0.970000E+00   0.970000E+00   0.970000E+00   0.970000E+00   0.970000E+00   0.970000E+00   0.737246E+00   0.749335E+00   0.761207E+00   0.773131E+00   0.784754E+00   0.795104E+00   0.804680E+00   0.814701E+00   0.823171E+00   0.831533E+00   0.838743E+00   0.848037E+00   0.852756E+00   0.858202E+00   0.864975E+00   0.874098E+00   0.879535E+00   0.884904E+00   0.889972E+00   0.894750E+00   0.899253E+00   0.903496E+00   0.907575E+00   0.911260E+00   0.914034E+00   0.970000E+00   0.970000E+00   0.970000E+00   0.970000E+00   0.970000E+00   0.970000E+00   0.970000E+00   0.970000E+00   0.970000E+00   0.970000E+00   0.970000E+00   0.970000E+00   0.970000E+00   0.970000E+00   0.970000E+00   0.970000E+00   0.970000E+00   0.970000E+00   0.970000E+00   0.970000E+00   0.970000E+00   0.940434E+00   0.941314E+00   0.942779E+00   0.944246E+00   0.945632E+00   0.946947E+00   0.948158E+00   0.949253E+00   0.949958E+00   0.970000E+00   0.970000E+00   0.970000E+00   0.970000E+00   0.970000E+00   0.970000E+00   0.970000E+00   0.970000E+00   0.970000E+00   0.970000E+00   0.970000E+00   0.970000E+00   0.970000E+00   0.970000E+00   0.970000E+00   0.970000E+00   0.970000E+00   0.970000E+00   0.970000E+00   0.967647E+00   0.967733E+00   0.967847E+00   0.967957E+00   0.968063E+00   0.968165E+00   0.968248E+00   0.968323E+00   0.968408E+00   0.968492E+00   0.968571E+00   0.968646E+00   0.968717E+00   0.968784E+00   0.968847E+00   0.968908E+00   0.968965E+00   0.969018E+00   0.969069E+00   0.969117E+00   0.969162E+00   0.969206E+00   0.969247E+00   0.969285E+00   0.969322E+00   0.969357E+00   0.969392E+00   0.969423E+00   0.969453E+00   0.969481E+00   0.969508E+00   0.969533E+00   0.969556E+00   0.969579E+00   0.969601E+00   0.969621E+00   0.969646E+00
 0.970000E+00   0.970000E+00   0.970000E+00   0.970000E+00   0.970000E+00   0.970000E+00   0.970000E+00   0.970000E+00   0.970000E+00   0.970000E+00   0.970000E+00   0.970000E+00   0.970000E+00   0.970000E+00   0.970000E+00   0.970000E+00   0.970000E+00   0.737066E+00   0.748868E+00   0.760743E+00   0.772690E+00   0.784356E+00   0.794748E+00   0.804282E+00   0.814391E+00   0.822799E+00   0.831216E+00   0.838447E+00   0.847741E+00   0.852608E+00   0.858115E+00   0.865018E+00   0.874022E+00   0.879408E+00   0.884779E+00   0.889850E+00   0.894633E+00   0.899143E+00   0.903395E+00   0.907485E+00   0.911185E+00   0.913994E+00   0.970000E+00   0.970000E+00   0.970000E+00   0.970000E+00   0.970000E+00   0.970000E+00   0.970000E+00   0.970000E+00   0.970000E+00   0.970000E+00   0.970000E+00   0.970000E+00   0.970000E+00   0.970000E+00   0.970000E+00   0.970000E+00   0.970000E+00   0.970000E+00   0.970000E+00   0.970000E+00   0.970000E+00   0.940431E+00   0.941314E+00   0.942779E+00   0.944245E+00   0.945630E+00   0.946946E+00   0.948157E+00   0.949252E+00   0.949957E+00   0.970000E+00   0.970000E+00   0.970000E+00   0.970000E+00   0.970000E+00   0.970000E+00   0.970000E+00   0.970000E+00   0.970000E+00   0.970000E+00   0.970000E+00   0.970000E+00   0.970000E+00   0.970000E+00   0.970000E+00   0.970000E+00   0.970000E+00   0.970000E+00   0.970000E+00   0.967646E+00   0.967733E+00   0.967846E+00   0.967957E+00   0.968063E+00   0.968165E+00   0.968248E+00   0.968322E+00   0.968407E+00   0.968491E+00   0.968571E+00   0.968645E+00   0.968716E+00   0.968784E+00   0.968847E+00   0.968908E+00   0.968964E+00   0.969018E+00   0.969069E+00   0.969117E+00   0.969162E+00   0.969206E+00   0.969247E+00   0.969285E+00   0.969322E+00   0.969357E+00   0.969392E+00   0.969423E+00   0.969453E+00   0.969481E+00   0.969508E+00   0.969533E+00   0.969556E+00   0.969579E+00   0.969601E+00   0.969621E+00   0.969646E+00
 0.970000E+00   0.970000E+00   0.970000E+00   0.970000E+00   0.970000E+00   0.970000E+00   0.970000E+00   0.970000E+00   0.970000E+00   0.970000E+00   0.970000E+00   0.970000E+00   0.970000E+00   0.970000E+00   0.970000E+00   0.970000E+00   0.970000E+00   0.736877E+00   0.748379E+00   0.760271E+00   0.772236E+00   0.783941E+00   0.794380E+00   0.803880E+00   0.814066E+00   0.822427E+00   0.830893E+00   0.838160E+00   0.847431E+00   0.852468E+00   0.858019E+00   0.865064E+00   0.873940E+00   0.879273E+00   0.884647E+00   0.889722E+00   0.894511E+00   0.899030E+00   0.903291E+00   0.907393E+00   0.911108E+00   0.913953E+00   0.970000E+00   0.970000E+00   0.970000E+00   0.970000E+00   0.970000E+00   0.970000E+00   0.970000E+00   0.970000E+00   0.970000E+00   0.970000E+00   0.970000E+00   0.970000E+00   0.970000E+00   0.970000E+00   0.970000E+00   0.970000E+00   0.970000E+00   0.970000E+00   0.970000E+00   0.970000E+00   0.970000E+00   0.940428E+00   0.941314E+00   0.942779E+00   0.944244E+00   0.945629E+00   0.946944E+00   0.948156E+00   0.949251E+00   0.949956E+00   0.970000E+00   0.970000E+00   0.970000E+00   0.970000E+00   0.970000E+00   0.970000E+00   0.970000E+00   0.970000E+00   0.970000E+00   0.970000E+00   0.970000E+00   0.970000E+00   0.970000E+00   0.970000E+00   0.970000E+00   0.970000E+00   0.970000E+00   0.970000E+00   0.970000E+00   0.967645E+00   0.967732E+00   0.967846E+00   0.967956E+00   0.968063E+00   0.968164E+00   0.968248E+00   0.968322E+00   0.968407E+00   0.968491E+00   0.968570E+00   0.968645E+00   0.968716E+00   0.968783E+00   0.968847E+00   0.968908E+00   0.968964E+00   0.969018E+00   0.969069E+00   0.969117E+00   0.969162E+00   0.969206E+00   0.969247E+00   0.969285E+00   0.969322E+00   0.969357E+00   0.969392E+00   0.969423E+00   0.969453E+00   0.969481E+00   0.969508E+00   0.969533E+00   0.969556E+00   0.969579E+00   0.969601E+00   0.969621E+00   0.969646E+00
 0.970000E+00   0.970000E+00   0.970000E+00   0.970000E+00   0.970000E+00   0.970000E+00   0.970000E+00   0.970000E+00   0.970000E+00   0.970000E+00   0.970000E+00   0.970000E+00   0.970000E+00   0.970000E+00   0.970000E+00   0.970000E+00   0.970000E+00   0.970000E+00   0.747935E+00   0.759791E+00   0.771770E+00   0.783509E+00   0.794000E+00   0.803473E+00   0.813725E+00   0.822054E+00   0.830567E+00   0.837881E+00   0.847104E+00   0.852331E+00   0.857909E+00   0.865114E+00   0.873853E+00   0.879129E+00   0.884508E+00   0.889588E+00   0.894385E+00   0.898912E+00   0.903184E+00   0.907298E+00   0.911029E+00   0.913911E+00   0.970000E+00   0.970000E+00   0.970000E+00   0.970000E+00   0.970000E+00   0.970000E+00   0.970000E+00   0.970000E+00   0.970000E+00   0.970000E+00   0.970000E+00   0.970000E+00   0.970000E+00   0.970000E+00   0.970000E+00   0.970000E+00   0.970000E+00   0.970000E+00   0.970000E+00   0.970000E+00   0.970000E+00   0.940426E+00   0.941314E+00   0.942779E+00   0.944243E+00   0.945627E+00   0.946942E+00   0.948154E+00   0.949251E+00   0.949955E+00   0.970000E+00   0.970000E+00   0.970000E+00   0.970000E+00   0.970000E+00   0.970000E+00   0.970000E+00   0.970000E+00   0.970000E+00   0.970000E+00   0.970000E+00   0.970000E+00   0.970000E+00   0.970000E+00   0.970000E+00   0.970000E+00   0.970000E+00   0.970000E+00   0.970000E+00   0.967644E+00   0.967731E+00   0.967846E+00   0.967956E+00   0.968063E+00   0.968164E+00   0.968248E+00   0.968322E+00   0.968407E+00   0.968491E+00   0.968570E+00   0.968645E+00   0.968716E+00   0.968783E+00   0.968847E+00   0.968908E+00   0.968964E+00   0.969018E+00   0.969069E+00   0.969117E+00   0.969162E+00   0.969206E+00   0.969247E+00   0.969285E+00   0.969322E+00   0.969357E+00   0.969392E+00   0.969423E+00   0.969453E+00   0.969481E+00   0.969508E+00   0.969533E+00   0.969557E+00   0.969579E+00   0.969601E+00   0.969621E+00   0.969646E+00
 0.970000E+00   0.970000E+00   0.970000E+00   0.970000E+00   0.970000E+00   0.970000E+00   0.970000E+00   0.970000E+00   0.970000E+00   0.970000E+00   0.970000E+00   0.970000E+00   0.970000E+00   0.970000E+00   0.970000E+00   0.970000E+00   0.970000E+00   0.970000E+00   0.747725E+00   0.759299E+00   0.771292E+00   0.783061E+00   0.793608E+00   0.803062E+00   0.813369E+00   0.821681E+00   0.830237E+00   0.837607E+00   0.846759E+00   0.852195E+00   0.857785E+00   0.865166E+00   0.873761E+00   0.878978E+00   0.884362E+00   0.889448E+00   0.894254E+00   0.898791E+00   0.903074E+00   0.907200E+00   0.910946E+00   0.913868E+00   0.970000E+00   0.970000E+00   0.970000E+00   0.970000E+00   0.970000E+00   0.970000E+00   0.970000E+00   0.970000E+00   0.970000E+00   0.970000E+00   0.970000E+00   0.970000E+00   0.970000E+00   0.970000E+00   0.970000E+00   0.970000E+00   0.970000E+00   0.970000E+00   0.970000E+00   0.970000E+00   0.970000E+00   0.940423E+00   0.941314E+00   0.942779E+00   0.944242E+00   0.945626E+00   0.946940E+00   0.948153E+00   0.949250E+00   0.949954E+00   0.970000E+00   0.970000E+00   0.970000E+00   0.970000E+00   0.970000E+00   0.970000E+00   0.970000E+00   0.970000E+00   0.970000E+00   0.970000E+00   0.970000E+00   0.970000E+00   0.970000E+00   0.970000E+00   0.970000E+00   0.970000E+00   0.970000E+00   0.970000E+00   0.970000E+00   0.967643E+00   0.967731E+00   0.967845E+00   0.967955E+00   0.968063E+00   0.968163E+00   0.968247E+00   0.968321E+00   0.968407E+00   0.968491E+00   0.968570E+00   0.968645E+00   0.968716E+00   0.968783E+00   0.968847E+00   0.968907E+00   0.968964E+00   0.969018E+00   0.969069E+00   0.969117E+00   0.969162E+00   0.969206E+00   0.969247E+00   0.969285E+00   0.969322E+00   0.969357E+00   0.969392E+00   0.969423E+00   0.969453E+00   0.969481E+00   0.969508E+00   0.969533E+00   0.969557E+00   0.969579E+00   0.969601E+00   0.969621E+00   0.969646E+00
 0.970000E+00   0.970000E+00   0.970000E+00   0.970000E+00   0.970000E+00   0.970000E+00   0.970000E+00   0.970000E+00   0.970000E+00   0.970000E+00   0.970000E+00   0.970000E+00   0.970000E+00   0.970000E+00   0.970000E+00   0.970000E+00   0.970000E+00   0.970000E+00   0.747506E+00   0.758794E+00   0.770803E+00   0.782595E+00   0.793204E+00   0.802649E+00   0.812997E+00   0.821310E+00   0.829903E+00   0.837338E+00   0.846396E+00   0.852055E+00   0.857647E+00   0.865214E+00   0.873430E+00   0.878820E+00   0.884209E+00   0.889303E+00   0.894118E+00   0.898666E+00   0.902961E+00   0.907098E+00   0.910860E+00   0.913823E+00   0.970000E+00   0.970000E+00   0.970000E+00   0.970000E+00   0.970000E+00   0.970000E+00   0.970000E+00   0.970000E+00   0.970000E+00   0.970000E+00   0.970000E+00   0.970000E+00   0.970000E+00   0.970000E+00   0.970000E+00   0.970000E+00   0.970000E+00   0.970000E+00   0.970000E+00   0.970000E+00   0.970000E+00   0.940421E+00   0.941314E+00   0.942779E+00   0.944241E+00   0.945624E+00   0.946939E+00   0.948152E+00   0.949249E+00   0.949953E+00   0.970000E+00   0.970000E+00   0.970000E+00   0.970000E+00   0.970000E+00   0.970000E+00   0.970000E+00   0.970000E+00   0.970000E+00   0.970000E+00   0.970000E+00   0.970000E+00   0.970000E+00   0.970000E+00   0.970000E+00   0.970000E+00   0.970000E+00   0.970000E+00   0.970000E+00   0.967642E+00   0.967730E+00   0.967845E+00   0.967955E+00   0.968063E+00   0.968163E+00   0.968247E+00   0.968321E+00   0.968407E+00   0.968491E+00   0.968570E+00   0.968645E+00   0.968716E+00   0.968783E+00   0.968847E+00   0.968907E+00   0.968964E+00   0.969018E+00   0.969069E+00   0.969117E+00   0.969162E+00   0.969206E+00   0.969246E+00   0.969285E+00   0.969322E+00   0.969357E+00   0.969392E+00   0.969423E+00   0.969453E+00   0.969481E+00   0.969508E+00   0.969533E+00   0.969557E+00   0.969579E+00   0.969601E+00   0.969621E+00   0.969646E+00
 0.970000E+00   0.970000E+00   0.970000E+00   0.970000E+00   0.970000E+00   0.970000E+00   0.970000E+00   0.970000E+00   0.970000E+00   0.970000E+00   0.970000E+00   0.970000E+00   0.970000E+00   0.970000E+00   0.970000E+00   0.970000E+00   0.970000E+00   0.970000E+00   0.747278E+00   0.758279E+00   0.770305E+00   0.782114E+00   0.792787E+00   0.802235E+00   0.812608E+00   0.820940E+00   0.829565E+00   0.837070E+00   0.846013E+00   0.851909E+00   0.857496E+00   0.865234E+00   0.872362E+00   0.878664E+00   0.884050E+00   0.889152E+00   0.893978E+00   0.898538E+00   0.902844E+00   0.906994E+00   0.910771E+00   0.913775E+00   0.970000E+00   0.970000E+00   0.970000E+00   0.970000E+00   0.970000E+00   0.970000E+00   0.970000E+00   0.970000E+00   0.970000E+00   0.970000E+00   0.970000E+00   0.970000E+00   0.970000E+00   0.970000E+00   0.970000E+00   0.970000E+00   0.970000E+00   0.970000E+00   0.970000E+00   0.970000E+00   0.970000E+00   0.940419E+00   0.941314E+00   0.942779E+00   0.944240E+00   0.945623E+00   0.946937E+00   0.948151E+00   0.949248E+00   0.949952E+00   0.970000E+00   0.970000E+00   0.970000E+00   0.970000E+00   0.970000E+00   0.970000E+00   0.970000E+00   0.970000E+00   0.970000E+00   0.970000E+00   0.970000E+00   0.970000E+00   0.970000E+00   0.970000E+00   0.970000E+00   0.970000E+00   0.970000E+00   0.970000E+00   0.970000E+00   0.967641E+00   0.967729E+00   0.967844E+00   0.967954E+00   0.968062E+00   0.968162E+00   0.968247E+00   0.968321E+00   0.968406E+00   0.968490E+00   0.968570E+00   0.968645E+00   0.968716E+00   0.968783E+00   0.968847E+00   0.968907E+00   0.968964E+00   0.969018E+00   0.969069E+00   0.969117E+00   0.969162E+00   0.969206E+00   0.969246E+00   0.969285E+00   0.969322E+00   0.969357E+00   0.969392E+00   0.969423E+00   0.969453E+00   0.969481E+00   0.969508E+00   0.969533E+00   0.969557E+00   0.969579E+00   0.969601E+00   0.969621E+00   0.969646E+00
 0.970000E+00   0.970000E+00   0.970000E+00   0.970000E+00   0.970000E+00   0.970000E+00   0.970000E+00   0.970000E+00   0.970000E+00   0.970000E+00   0.970000E+00   0.970000E+00   0.970000E+00   0.970000E+00   0.970000E+00   0.970000E+00   0.970000E+00   0.970000E+00   0.747042E+00   0.757757E+00   0.769798E+00   0.781617E+00   0.792358E+00   0.801819E+00   0.812203E+00   0.820571E+00   0.829222E+00   0.836802E+00   0.845612E+00   0.851757E+00   0.857337E+00   0.865226E+00   0.871280E+00   0.878527E+00   0.883884E+00   0.888996E+00   0.893833E+00   0.898405E+00   0.902724E+00   0.906886E+00   0.910678E+00   0.913726E+00   0.970000E+00   0.970000E+00   0.970000E+00   0.970000E+00   0.970000E+00   0.970000E+00   0.970000E+00   0.970000E+00   0.970000E+00   0.970000E+00   0.970000E+00   0.970000E+00   0.970000E+00   0.970000E+00   0.970000E+00   0.970000E+00   0.970000E+00   0.970000E+00   0.970000E+00   0.970000E+00   0.970000E+00   0.940416E+00   0.941314E+00   0.942779E+00   0.944240E+00   0.945622E+00   0.946936E+00   0.948150E+00   0.949248E+00   0.949952E+00   0.970000E+00   0.970000E+00   0.970000E+00   0.970000E+00   0.970000E+00   0.970000E+00   0.970000E+00   0.970000E+00   0.970000E+00   0.970000E+00   0.970000E+00   0.970000E+00   0.970000E+00   0.970000E+00   0.970000E+00   0.970000E+00   0.970000E+00   0.970000E+00   0.970000E+00   0.967640E+00   0.967728E+00   0.967844E+00   0.967954E+00   0.968062E+00   0.968162E+00   0.968246E+00   0.968321E+00   0.968406E+00   0.968490E+00   0.968570E+00   0.968645E+00   0.968716E+00   0.968783E+00   0.968847E+00   0.968907E+00   0.968964E+00   0.969018E+00   0.969069E+00   0.969117E+00   0.969162E+00   0.969205E+00   0.969246E+00   0.969285E+00   0.969322E+00   0.969357E+00   0.969392E+00   0.969423E+00   0.969453E+00   0.969481E+00   0.969508E+00   0.969533E+00   0.969557E+00   0.969579E+00   0.969601E+00   0.969621E+00   0.969646E+00
 0.970000E+00   0.970000E+00   0.970000E+00   0.970000E+00   0.970000E+00   0.970000E+00   0.970000E+00   0.970000E+00   0.970000E+00   0.970000E+00   0.970000E+00   0.970000E+00   0.970000E+00   0.970000E+00   0.970000E+00   0.970000E+00   0.970000E+00   0.970000E+00   0.746799E+00   0.757232E+00   0.769282E+00   0.781104E+00   0.791917E+00   0.801401E+00   0.811781E+00   0.820204E+00   0.828874E+00   0.836531E+00   0.845195E+00   0.851596E+00   0.857172E+00   0.865193E+00   0.870535E+00   0.878418E+00   0.883710E+00   0.888835E+00   0.893684E+00   0.898268E+00   0.902600E+00   0.906773E+00   0.910580E+00   0.913674E+00   0.970000E+00   0.970000E+00   0.970000E+00   0.970000E+00   0.970000E+00   0.970000E+00   0.970000E+00   0.970000E+00   0.970000E+00   0.970000E+00   0.970000E+00   0.970000E+00   0.970000E+00   0.970000E+00   0.970000E+00   0.970000E+00   0.970000E+00   0.970000E+00   0.970000E+00   0.970000E+00   0.970000E+00   0.940414E+00   0.941314E+00   0.942779E+00   0.944239E+00   0.945620E+00   0.946935E+00   0.948149E+00   0.949247E+00   0.949951E+00   0.970000E+00   0.970000E+00   0.970000E+00   0.970000E+00   0.970000E+00   0.970000E+00   0.970000E+00   0.970000E+00   0.970000E+00   0.970000E+00   0.970000E+00   0.970000E+00   0.970000E+00   0.970000E+00   0.970000E+00   0.970000E+00   0.970000E+00   0.970000E+00   0.970000E+00   0.967639E+00   0.967728E+00   0.967843E+00   0.967953E+00   0.968062E+00   0.968161E+00   0.968246E+00   0.968320E+00   0.968406E+00   0.968490E+00   0.968569E+00   0.968644E+00   0.968715E+00   0.968783E+00   0.968847E+00   0.968907E+00   0.968964E+00   0.969018E+00   0.969069E+00   0.969117E+00   0.969162E+00   0.969205E+00   0.969246E+00   0.969285E+00   0.969322E+00   0.969357E+00   0.969392E+00   0.969423E+00   0.969453E+00   0.969481E+00   0.969508E+00   0.969533E+00   0.969557E+00   0.969579E+00   0.969601E+00   0.969621E+00   0.969646E+00
 0.970000E+00   0.970000E+00   0.970000E+00   0.970000E+00   0.970000E+00   0.970000E+00   0.970000E+00   0.970000E+00   0.970000E+00   0.970000E+00   0.970000E+00   0.970000E+00   0.970000E+00   0.970000E+00   0.970000E+00   0.970000E+00   0.970000E+00   0.970000E+00   0.746548E+00   0.756706E+00   0.768758E+00   0.780578E+00   0.791464E+00   0.800982E+00   0.811342E+00   0.819837E+00   0.828521E+00   0.836257E+00   0.844767E+00   0.851425E+00   0.857003E+00   0.865139E+00   0.870018E+00   0.878308E+00   0.883528E+00   0.888668E+00   0.893530E+00   0.898127E+00   0.902471E+00   0.906657E+00   0.910479E+00   0.913619E+00   0.970000E+00   0.970000E+00   0.970000E+00   0.970000E+00   0.970000E+00   0.970000E+00   0.970000E+00   0.970000E+00   0.970000E+00   0.970000E+00   0.970000E+00   0.970000E+00   0.970000E+00   0.970000E+00   0.970000E+00   0.970000E+00   0.970000E+00   0.970000E+00   0.970000E+00   0.970000E+00   0.970000E+00   0.940413E+00   0.941314E+00   0.942779E+00   0.944238E+00   0.945619E+00   0.946934E+00   0.948148E+00   0.949246E+00   0.949950E+00   0.970000E+00   0.970000E+00   0.970000E+00   0.970000E+00   0.970000E+00   0.970000E+00   0.970000E+00   0.970000E+00   0.970000E+00   0.970000E+00   0.970000E+00   0.970000E+00   0.970000E+00   0.970000E+00   0.970000E+00   0.970000E+00   0.970000E+00   0.970000E+00   0.970000E+00   0.967638E+00   0.967727E+00   0.967843E+00   0.967953E+00   0.968061E+00   0.968161E+00   0.968246E+00   0.968320E+00   0.968406E+00   0.968490E+00   0.968569E+00   0.968644E+00   0.968715E+00   0.968783E+00   0.968847E+00   0.968907E+00   0.968964E+00   0.969018E+00   0.969068E+00   0.969117E+00   0.969162E+00   0.969205E+00   0.969246E+00   0.969285E+00   0.969322E+00   0.969357E+00   0.969392E+00   0.969423E+00   0.969453E+00   0.969481E+00   0.969508E+00   0.969533E+00   0.969557E+00   0.969579E+00   0.969601E+00   0.969621E+00   0.969646E+00
 0.970000E+00   0.970000E+00   0.970000E+00   0.970000E+00   0.970000E+00   0.970000E+00   0.970000E+00   0.970000E+00   0.970000E+00   0.970000E+00   0.970000E+00   0.970000E+00   0.970000E+00   0.970000E+00   0.970000E+00   0.970000E+00   0.970000E+00   0.970000E+00   0.746291E+00   0.756182E+00   0.768224E+00   0.780040E+00   0.790999E+00   0.800561E+00   0.810886E+00   0.819469E+00   0.828161E+00   0.835976E+00   0.844332E+00   0.851244E+00   0.856833E+00   0.865064E+00   0.869642E+00   0.878192E+00   0.883339E+00   0.888496E+00   0.893371E+00   0.897981E+00   0.902338E+00   0.906536E+00   0.910373E+00   0.913562E+00   0.970000E+00   0.970000E+00   0.970000E+00   0.970000E+00   0.970000E+00   0.970000E+00   0.970000E+00   0.970000E+00   0.970000E+00   0.970000E+00   0.970000E+00   0.970000E+00   0.970000E+00   0.970000E+00   0.970000E+00   0.970000E+00   0.970000E+00   0.970000E+00   0.970000E+00   0.970000E+00   0.970000E+00   0.940411E+00   0.941314E+00   0.942779E+00   0.944238E+00   0.945618E+00   0.946932E+00   0.948147E+00   0.949246E+00   0.949949E+00   0.970000E+00   0.970000E+00   0.970000E+00   0.970000E+00   0.970000E+00   0.970000E+00   0.970000E+00   0.970000E+00   0.970000E+00   0.970000E+00   0.970000E+00   0.970000E+00   0.970000E+00   0.970000E+00   0.970000E+00   0.970000E+00   0.970000E+00   0.970000E+00   0.970000E+00   0.967637E+00   0.967726E+00   0.967842E+00   0.967952E+00   0.968061E+00   0.968160E+00   0.968245E+00   0.968320E+00   0.968405E+00   0.968489E+00   0.968569E+00   0.968644E+00   0.968715E+00   0.968783E+00   0.968847E+00   0.968907E+00   0.968964E+00   0.969018E+00   0.969068E+00   0.969117E+00   0.969162E+00   0.969205E+00   0.969246E+00   0.969285E+00   0.969322E+00   0.969357E+00   0.969392E+00   0.969423E+00   0.969453E+00   0.969481E+00   0.969508E+00   0.969533E+00   0.969557E+00   0.969579E+00   0.969601E+00   0.969621E+00   0.969646E+00
 0.970000E+00   0.970000E+00   0.970000E+00   0.970000E+00   0.970000E+00   0.970000E+00   0.970000E+00   0.970000E+00   0.970000E+00   0.970000E+00   0.970000E+00   0.970000E+00   0.970000E+00   0.970000E+00   0.970000E+00   0.970000E+00   0.970000E+00   0.970000E+00   0.746029E+00   0.755660E+00   0.767681E+00   0.779489E+00   0.790523E+00   0.800137E+00   0.810416E+00   0.819100E+00   0.827794E+00   0.835688E+00   0.843895E+00   0.851052E+00   0.856665E+00   0.864972E+00   0.869354E+00   0.878070E+00   0.883145E+00   0.888319E+00   0.893207E+00   0.897831E+00   0.902201E+00   0.906411E+00   0.910262E+00   0.913502E+00   0.970000E+00   0.970000E+00   0.970000E+00   0.970000E+00   0.970000E+00   0.970000E+00   0.970000E+00   0.970000E+00   0.970000E+00   0.970000E+00   0.970000E+00   0.970000E+00   0.970000E+00   0.970000E+00   0.970000E+00   0.970000E+00   0.970000E+00   0.970000E+00   0.970000E+00   0.970000E+00   0.970000E+00   0.940409E+00   0.941314E+00   0.942779E+00   0.944237E+00   0.945617E+00   0.946931E+00   0.948146E+00   0.949245E+00   0.949949E+00   0.970000E+00   0.970000E+00   0.970000E+00   0.970000E+00   0.970000E+00   0.970000E+00   0.970000E+00   0.970000E+00   0.970000E+00   0.970000E+00   0.970000E+00   0.970000E+00   0.970000E+00   0.970000E+00   0.970000E+00   0.970000E+00   0.970000E+00   0.970000E+00   0.970000E+00   0.967636E+00   0.967725E+00   0.967842E+00   0.967952E+00   0.968061E+00   0.968160E+00   0.968245E+00   0.968319E+00   0.968405E+00   0.968489E+00   0.968569E+00   0.968644E+00   0.968715E+00   0.968783E+00   0.968846E+00   0.968907E+00   0.968964E+00   0.969018E+00   0.969068E+00   0.969116E+00   0.969162E+00   0.969205E+00   0.969246E+00   0.969285E+00   0.969322E+00   0.969357E+00   0.969392E+00   0.969423E+00   0.969453E+00   0.969481E+00   0.969508E+00   0.969533E+00   0.969557E+00   0.969579E+00   0.969601E+00   0.969621E+00   0.969646E+00
 0.970000E+00   0.970000E+00   0.970000E+00   0.970000E+00   0.970000E+00   0.970000E+00   0.970000E+00   0.970000E+00   0.970000E+00   0.970000E+00   0.970000E+00   0.970000E+00   0.970000E+00   0.970000E+00   0.970000E+00   0.970000E+00   0.970000E+00   0.970000E+00   0.745761E+00   0.755144E+00   0.767128E+00   0.778928E+00   0.790036E+00   0.799709E+00   0.809931E+00   0.818727E+00   0.827419E+00   0.835391E+00   0.843459E+00   0.850847E+00   0.856499E+00   0.864863E+00   0.869121E+00   0.877944E+00   0.882944E+00   0.888136E+00   0.893038E+00   0.897676E+00   0.902059E+00   0.906281E+00   0.910146E+00   0.913439E+00   0.970000E+00   0.970000E+00   0.970000E+00   0.970000E+00   0.970000E+00   0.970000E+00   0.970000E+00   0.970000E+00   0.970000E+00   0.970000E+00   0.970000E+00   0.970000E+00   0.970000E+00   0.970000E+00   0.970000E+00   0.970000E+00   0.970000E+00   0.970000E+00   0.970000E+00   0.970000E+00   0.970000E+00   0.940408E+00   0.941314E+00   0.942779E+00   0.944237E+00   0.945617E+00   0.946930E+00   0.948145E+00   0.949245E+00   0.949948E+00   0.970000E+00   0.970000E+00   0.970000E+00   0.970000E+00   0.970000E+00   0.970000E+00   0.970000E+00   0.970000E+00   0.970000E+00   0.970000E+00   0.970000E+00   0.970000E+00   0.970000E+00   0.970000E+00   0.970000E+00   0.970000E+00   0.970000E+00   0.970000E+00   0.970000E+00   0.967635E+00   0.967724E+00   0.967841E+00   0.967951E+00   0.968060E+00   0.968159E+00   0.968244E+00   0.968319E+00   0.968405E+00   0.968489E+00   0.968568E+00   0.968644E+00   0.968715E+00   0.968782E+00   0.968846E+00   0.968907E+00   0.968964E+00   0.969017E+00   0.969068E+00   0.969116E+00   0.969162E+00   0.969205E+00   0.969246E+00   0.969285E+00   0.969322E+00   0.969357E+00   0.969392E+00   0.969423E+00   0.969453E+00   0.969481E+00   0.969508E+00   0.969533E+00   0.969557E+00   0.969579E+00   0.969601E+00   0.969621E+00   0.969646E+00
 0.970000E+00   0.970000E+00   0.970000E+00   0.970000E+00   0.970000E+00   0.970000E+00   0.970000E+00   0.970000E+00   0.970000E+00   0.970000E+00   0.970000E+00   0.970000E+00   0.970000E+00   0.970000E+00   0.970000E+00   0.970000E+00   0.970000E+00   0.970000E+00   0.970000E+00   0.754853E+00   0.766560E+00   0.778358E+00   0.789538E+00   0.799277E+00   0.809435E+00   0.818351E+00   0.827038E+00   0.835084E+00   0.843029E+00   0.850629E+00   0.856338E+00   0.864740E+00   0.868926E+00   0.877814E+00   0.882739E+00   0.887948E+00   0.892865E+00   0.897517E+00   0.901912E+00   0.906146E+00   0.910025E+00   0.913377E+00   0.970000E+00   0.970000E+00   0.970000E+00   0.970000E+00   0.970000E+00   0.970000E+00   0.970000E+00   0.970000E+00   0.970000E+00   0.970000E+00   0.970000E+00   0.970000E+00   0.970000E+00   0.970000E+00   0.970000E+00   0.970000E+00   0.970000E+00   0.970000E+00   0.970000E+00   0.970000E+00   0.970000E+00   0.940406E+00   0.941314E+00   0.942779E+00   0.944236E+00   0.945616E+00   0.946930E+00   0.948145E+00   0.949244E+00   0.949948E+00   0.970000E+00   0.970000E+00   0.970000E+00   0.970000E+00   0.970000E+00   0.970000E+00   0.970000E+00   0.970000E+00   0.970000E+00   0.970000E+00   0.970000E+00   0.970000E+00   0.970000E+00   0.970000E+00   0.970000E+00   0.970000E+00   0.970000E+00   0.970000E+00   0.970000E+00   0.967634E+00   0.967724E+00   0.967841E+00   0.967950E+00   0.968060E+00   0.968159E+00   0.968244E+00   0.968319E+00   0.968404E+00   0.968489E+00   0.968568E+00   0.968643E+00   0.968715E+00   0.968782E+00   0.968846E+00   0.968907E+00   0.968964E+00   0.969017E+00   0.969068E+00   0.969116E+00   0.969162E+00   0.969205E+00   0.969246E+00   0.969285E+00   0.969322E+00   0.969357E+00   0.969392E+00   0.969423E+00   0.969453E+00   0.969481E+00   0.969508E+00   0.969533E+00   0.969557E+00   0.969579E+00   0.969601E+00   0.969621E+00   0.969646E+00
 0.970000E+00   0.970000E+00   0.970000E+00   0.970000E+00   0.970000E+00   0.970000E+00   0.970000E+00   0.970000E+00   0.970000E+00   0.970000E+00   0.970000E+00   0.970000E+00   0.970000E+00   0.970000E+00   0.970000E+00   0.970000E+00   0.970000E+00   0.970000E+00   0.970000E+00   0.754582E+00   0.765975E+00   0.777780E+00   0.789028E+00   0.798840E+00   0.808928E+00   0.817970E+00   0.826648E+00   0.834767E+00   0.842607E+00   0.850397E+00   0.856182E+00   0.864485E+00   0.868758E+00   0.877680E+00   0.882529E+00   0.887755E+00   0.892686E+00   0.897352E+00   0.901761E+00   0.906007E+00   0.909900E+00   0.913306E+00   0.970000E+00   0.970000E+00   0.970000E+00   0.970000E+00   0.970000E+00   0.970000E+00   0.970000E+00   0.970000E+00   0.970000E+00   0.970000E+00   0.970000E+00   0.970000E+00   0.970000E+00   0.970000E+00   0.970000E+00   0.970000E+00   0.970000E+00   0.970000E+00   0.970000E+00   0.970000E+00   0.970000E+00   0.940405E+00   0.941314E+00   0.942779E+00   0.944236E+00   0.945615E+00   0.946929E+00   0.948144E+00   0.949244E+00   0.949947E+00   0.970000E+00   0.970000E+00   0.970000E+00   0.970000E+00   0.970000E+00   0.970000E+00   0.970000E+00   0.970000E+00   0.970000E+00   0.970000E+00   0.970000E+00   0.970000E+00   0.970000E+00   0.970000E+00   0.970000E+00   0.970000E+00   0.970000E+00   0.970000E+00   0.970000E+00   0.967633E+00   0.967723E+00   0.967840E+00   0.967950E+00   0.968060E+00   0.968158E+00   0.968244E+00   0.968318E+00   0.968404E+00   0.968488E+00   0.968568E+00   0.968643E+00   0.968715E+00   0.968782E+00   0.968846E+00   0.968907E+00   0.968964E+00   0.969017E+00   0.969068E+00   0.969116E+00   0.969162E+00   0.969205E+00   0.969246E+00   0.969285E+00   0.969322E+00   0.969357E+00   0.969392E+00   0.969423E+00   0.969453E+00   0.969481E+00   0.969508E+00   0.969533E+00   0.969557E+00   0.969579E+00   0.969601E+00   0.969621E+00   0.969646E+00
 0.970000E+00   0.970000E+00   0.970000E+00   0.970000E+00   0.970000E+00   0.970000E+00   0.970000E+00   0.970000E+00   0.970000E+00   0.970000E+00   0.970000E+00   0.970000E+00   0.970000E+00   0.970000E+00   0.970000E+00   0.970000E+00   0.970000E+00   0.970000E+00   0.970000E+00   0.754294E+00   0.765380E+00   0.777194E+00   0.788506E+00   0.798396E+00   0.808412E+00   0.817582E+00   0.826252E+00   0.834438E+00   0.842194E+00   0.850149E+00   0.856012E+00   0.861904E+00   0.868754E+00   0.877542E+00   0.882316E+00   0.887556E+00   0.892502E+00   0.897182E+00   0.901604E+00   0.905863E+00   0.909769E+00   0.913217E+00   0.915520E+00   0.970000E+00   0.970000E+00   0.970000E+00   0.970000E+00   0.970000E+00   0.970000E+00   0.970000E+00   0.970000E+00   0.970000E+00   0.970000E+00   0.970000E+00   0.970000E+00   0.970000E+00   0.970000E+00   0.970000E+00   0.970000E+00   0.970000E+00   0.970000E+00   0.970000E+00   0.970000E+00   0.940404E+00   0.941314E+00   0.942779E+00   0.944236E+00   0.945614E+00   0.946928E+00   0.948143E+00   0.949243E+00   0.949946E+00   0.970000E+00   0.970000E+00   0.970000E+00   0.970000E+00   0.970000E+00   0.970000E+00   0.970000E+00   0.970000E+00   0.970000E+00   0.970000E+00   0.970000E+00   0.970000E+00   0.970000E+00   0.970000E+00   0.970000E+00   0.970000E+00   0.970000E+00   0.970000E+00   0.970000E+00   0.967632E+00   0.967722E+00   0.967840E+00   0.967949E+00   0.968059E+00   0.968158E+00   0.968243E+00   0.968318E+00   0.968404E+00   0.968488E+00   0.968568E+00   0.968643E+00   0.968714E+00   0.968782E+00   0.968846E+00   0.968906E+00   0.968963E+00   0.969017E+00   0.969068E+00   0.969116E+00   0.969162E+00   0.969205E+00   0.969246E+00   0.969285E+00   0.969322E+00   0.969357E+00   0.969392E+00   0.969423E+00   0.969453E+00   0.969481E+00   0.969508E+00   0.969533E+00   0.969557E+00   0.969579E+00   0.969601E+00   0.969621E+00   0.969647E+00
 0.970000E+00   0.970000E+00   0.970000E+00   0.970000E+00   0.970000E+00   0.970000E+00   0.970000E+00   0.970000E+00   0.970000E+00   0.970000E+00   0.970000E+00   0.970000E+00   0.970000E+00   0.970000E+00   0.970000E+00   0.970000E+00   0.970000E+00   0.970000E+00   0.970000E+00   0.753995E+00   0.764785E+00   0.776602E+00   0.787972E+00   0.797946E+00   0.807891E+00   0.817185E+00   0.825848E+00   0.834099E+00   0.841790E+00   0.849884E+00   0.855822E+00   0.860852E+00   0.868841E+00   0.877401E+00   0.882098E+00   0.887352E+00   0.892313E+00   0.897007E+00   0.901443E+00   0.905714E+00   0.909634E+00   0.913121E+00   0.915460E+00   0.970000E+00   0.970000E+00   0.970000E+00   0.970000E+00   0.970000E+00   0.970000E+00   0.970000E+00   0.970000E+00   0.970000E+00   0.970000E+00   0.970000E+00   0.970000E+00   0.970000E+00   0.970000E+00   0.970000E+00   0.970000E+00   0.970000E+00   0.970000E+00   0.970000E+00   0.970000E+00   0.940403E+00   0.941314E+00   0.942779E+00   0.944235E+00   0.945614E+00   0.946927E+00   0.948143E+00   0.949243E+00   0.949946E+00   0.970000E+00   0.970000E+00   0.970000E+00   0.970000E+00   0.970000E+00   0.970000E+00   0.970000E+00   0.970000E+00   0.970000E+00   0.970000E+00   0.970000E+00   0.970000E+00   0.970000E+00   0.970000E+00   0.970000E+00   0.970000E+00   0.970000E+00   0.970000E+00   0.970000E+00   0.967631E+00   0.967721E+00   0.967839E+00   0.967949E+00   0.968059E+00   0.968157E+00   0.968243E+00   0.968317E+00   0.968403E+00   0.968488E+00   0.968567E+00   0.968643E+00   0.968714E+00   0.968782E+00   0.968846E+00   0.968906E+00   0.968963E+00   0.969017E+00   0.969068E+00   0.969116E+00   0.969162E+00   0.969205E+00   0.969246E+00   0.969285E+00   0.969322E+00   0.969357E+00   0.969392E+00   0.969423E+00   0.969453E+00   0.969481E+00   0.969508E+00   0.969533E+00   0.969557E+00   0.969579E+00   0.969601E+00   0.969621E+00   0.969647E+00
 0.970000E+00   0.970000E+00   0.970000E+00   0.970000E+00   0.970000E+00   0.970000E+00   0.970000E+00   0.970000E+00   0.970000E+00   0.970000E+00   0.970000E+00   0.970000E+00   0.970000E+00   0.970000E+00   0.970000E+00   0.970000E+00   0.970000E+00   0.970000E+00   0.970000E+00   0.753691E+00   0.764195E+00   0.776002E+00   0.787426E+00   0.797489E+00   0.807366E+00   0.816780E+00   0.825438E+00   0.833748E+00   0.841394E+00   0.849601E+00   0.855614E+00   0.860404E+00   0.868902E+00   0.876997E+00   0.881880E+00   0.887142E+00   0.892119E+00   0.896828E+00   0.901277E+00   0.905560E+00   0.909494E+00   0.913016E+00   0.915391E+00   0.970000E+00   0.970000E+00   0.970000E+00   0.970000E+00   0.970000E+00   0.970000E+00   0.970000E+00   0.970000E+00   0.970000E+00   0.970000E+00   0.970000E+00   0.970000E+00   0.970000E+00   0.970000E+00   0.970000E+00   0.970000E+00   0.970000E+00   0.970000E+00   0.970000E+00   0.970000E+00   0.940402E+00   0.941314E+00   0.942779E+00   0.944235E+00   0.945613E+00   0.946927E+00   0.948142E+00   0.949243E+00   0.949946E+00   0.970000E+00   0.970000E+00   0.970000E+00   0.970000E+00   0.970000E+00   0.970000E+00   0.970000E+00   0.970000E+00   0.970000E+00   0.970000E+00   0.970000E+00   0.970000E+00   0.970000E+00   0.970000E+00   0.970000E+00   0.970000E+00   0.970000E+00   0.970000E+00   0.970000E+00   0.967630E+00   0.967720E+00   0.967838E+00   0.967948E+00   0.968058E+00   0.968156E+00   0.968242E+00   0.968317E+00   0.968403E+00   0.968487E+00   0.968567E+00   0.968643E+00   0.968714E+00   0.968782E+00   0.968846E+00   0.968906E+00   0.968963E+00   0.969017E+00   0.969068E+00   0.969116E+00   0.969162E+00   0.969205E+00   0.969246E+00   0.969285E+00   0.969322E+00   0.969357E+00   0.969392E+00   0.969423E+00   0.969453E+00   0.969481E+00   0.969508E+00   0.969533E+00   0.969557E+00   0.969579E+00   0.969601E+00   0.969621E+00   0.969647E+00
 0.970000E+00   0.970000E+00   0.970000E+00   0.970000E+00   0.970000E+00   0.970000E+00   0.970000E+00   0.970000E+00   0.970000E+00   0.970000E+00   0.970000E+00   0.970000E+00   0.970000E+00   0.970000E+00   0.970000E+00   0.970000E+00   0.970000E+00   0.970000E+00   0.970000E+00   0.753385E+00   0.763612E+00   0.775395E+00   0.786868E+00   0.797023E+00   0.806838E+00   0.816365E+00   0.825021E+00   0.833385E+00   0.841005E+00   0.849299E+00   0.855391E+00   0.860115E+00   0.868900E+00   0.876041E+00   0.881671E+00   0.886926E+00   0.891919E+00   0.896643E+00   0.901105E+00   0.905401E+00   0.909350E+00   0.912905E+00   0.915318E+00   0.970000E+00   0.970000E+00   0.970000E+00   0.970000E+00   0.970000E+00   0.970000E+00   0.970000E+00   0.970000E+00   0.970000E+00   0.970000E+00   0.970000E+00   0.970000E+00   0.970000E+00   0.970000E+00   0.970000E+00   0.970000E+00   0.970000E+00   0.970000E+00   0.970000E+00   0.970000E+00   0.940401E+00   0.941314E+00   0.942779E+00   0.944235E+00   0.945613E+00   0.946926E+00   0.948142E+00   0.949242E+00   0.949945E+00   0.970000E+00   0.970000E+00   0.970000E+00   0.970000E+00   0.970000E+00   0.970000E+00   0.970000E+00   0.970000E+00   0.970000E+00   0.970000E+00   0.970000E+00   0.970000E+00   0.970000E+00   0.970000E+00   0.970000E+00   0.970000E+00   0.970000E+00   0.970000E+00   0.970000E+00   0.967629E+00   0.967719E+00   0.967838E+00   0.967947E+00   0.968058E+00   0.968156E+00   0.968242E+00   0.968317E+00   0.968403E+00   0.968487E+00   0.968567E+00   0.968642E+00   0.968714E+00   0.968781E+00   0.968846E+00   0.968906E+00   0.968963E+00   0.969017E+00   0.969068E+00   0.969116E+00   0.969162E+00   0.969205E+00   0.969246E+00   0.969285E+00   0.969322E+00   0.969357E+00   0.969392E+00   0.969423E+00   0.969453E+00   0.969481E+00   0.969508E+00   0.969533E+00   0.969557E+00   0.969579E+00   0.969601E+00   0.969621E+00   0.969647E+00
 0.970000E+00   0.970000E+00   0.970000E+00   0.970000E+00   0.970000E+00   0.970000E+00   0.970000E+00   0.970000E+00   0.970000E+00   0.970000E+00   0.970000E+00   0.970000E+00   0.970000E+00   0.970000E+00   0.970000E+00   0.970000E+00   0.970000E+00   0.970000E+00   0.970000E+00   0.753079E+00   0.763036E+00   0.774780E+00   0.786298E+00   0.796550E+00   0.806311E+00   0.815938E+00   0.824599E+00   0.833010E+00   0.840621E+00   0.848975E+00   0.855156E+00   0.859882E+00   0.868851E+00   0.875022E+00   0.881476E+00   0.886704E+00   0.891715E+00   0.896453E+00   0.900930E+00   0.905238E+00   0.909201E+00   0.912787E+00   0.915241E+00   0.970000E+00   0.970000E+00   0.970000E+00   0.970000E+00   0.970000E+00   0.970000E+00   0.970000E+00   0.970000E+00   0.970000E+00   0.970000E+00   0.970000E+00   0.970000E+00   0.970000E+00   0.970000E+00   0.970000E+00   0.970000E+00   0.970000E+00   0.970000E+00   0.970000E+00   0.970000E+00   0.940401E+00   0.941314E+00   0.942779E+00   0.944235E+00   0.945612E+00   0.946926E+00   0.948141E+00   0.949242E+00   0.949945E+00   0.970000E+00   0.970000E+00   0.970000E+00   0.970000E+00   0.970000E+00   0.970000E+00   0.970000E+00   0.970000E+00   0.970000E+00   0.970000E+00   0.970000E+00   0.970000E+00   0.970000E+00   0.970000E+00   0.970000E+00   0.970000E+00   0.970000E+00   0.970000E+00   0.970000E+00   0.967627E+00   0.967718E+00   0.967837E+00   0.967946E+00   0.968057E+00   0.968155E+00   0.968241E+00   0.968316E+00   0.968402E+00   0.968487E+00   0.968567E+00   0.968642E+00   0.968714E+00   0.968781E+00   0.968845E+00   0.968906E+00   0.968963E+00   0.969017E+00   0.969068E+00   0.969116E+00   0.969162E+00   0.969205E+00   0.969246E+00   0.969285E+00   0.969322E+00   0.969357E+00   0.969392E+00   0.969423E+00   0.969453E+00   0.969481E+00   0.969508E+00   0.969533E+00   0.969557E+00   0.969579E+00   0.969601E+00   0.969621E+00   0.969647E+00
 0.970000E+00   0.970000E+00   0.970000E+00   0.970000E+00   0.970000E+00   0.970000E+00   0.970000E+00   0.970000E+00   0.970000E+00   0.970000E+00   0.970000E+00   0.970000E+00   0.970000E+00   0.970000E+00   0.970000E+00   0.970000E+00   0.970000E+00   0.970000E+00   0.970000E+00   0.752773E+00   0.762468E+00   0.774159E+00   0.785716E+00   0.796068E+00   0.805783E+00   0.815500E+00   0.824172E+00   0.832625E+00   0.840241E+00   0.848630E+00   0.854910E+00   0.859672E+00   0.868766E+00   0.874242E+00   0.881298E+00   0.886476E+00   0.891507E+00   0.896259E+00   0.900749E+00   0.905071E+00   0.909048E+00   0.912662E+00   0.915162E+00   0.970000E+00   0.970000E+00   0.970000E+00   0.970000E+00   0.970000E+00   0.970000E+00   0.970000E+00   0.970000E+00   0.970000E+00   0.970000E+00   0.970000E+00   0.970000E+00   0.970000E+00   0.970000E+00   0.970000E+00   0.970000E+00   0.970000E+00   0.970000E+00   0.970000E+00   0.970000E+00   0.940400E+00   0.941314E+00   0.942779E+00   0.944235E+00   0.945612E+00   0.946925E+00   0.948141E+00   0.949242E+00   0.949945E+00   0.970000E+00   0.970000E+00   0.970000E+00   0.970000E+00   0.970000E+00   0.970000E+00   0.970000E+00   0.970000E+00   0.970000E+00   0.970000E+00   0.970000E+00   0.970000E+00   0.970000E+00   0.970000E+00   0.970000E+00   0.970000E+00   0.970000E+00   0.970000E+00   0.970000E+00   0.967626E+00   0.967717E+00   0.967836E+00   0.967946E+00   0.968057E+00   0.968155E+00   0.968241E+00   0.968316E+00   0.968402E+00   0.968486E+00   0.968566E+00   0.968642E+00   0.968713E+00   0.968781E+00   0.968845E+00   0.968906E+00   0.968963E+00   0.969017E+00   0.969068E+00   0.969116E+00   0.969162E+00   0.969205E+00   0.969246E+00   0.969285E+00   0.969322E+00   0.969357E+00   0.969392E+00   0.969423E+00   0.969453E+00   0.969481E+00   0.969508E+00   0.969533E+00   0.969557E+00   0.969579E+00   0.969601E+00   0.969621E+00   0.969647E+00
 0.970000E+00   0.970000E+00   0.970000E+00   0.970000E+00   0.970000E+00   0.970000E+00   0.970000E+00   0.970000E+00   0.970000E+00   0.970000E+00   0.970000E+00   0.970000E+00   0.970000E+00   0.970000E+00   0.970000E+00   0.970000E+00   0.970000E+00   0.970000E+00   0.970000E+00   0.752468E+00   0.761908E+00   0.773532E+00   0.785124E+00   0.795578E+00   0.805258E+00   0.815049E+00   0.823741E+00   0.832228E+00   0.839862E+00   0.848261E+00   0.854653E+00   0.859474E+00   0.868653E+00   0.873707E+00   0.881137E+00   0.886242E+00   0.891294E+00   0.896060E+00   0.900565E+00   0.904899E+00   0.908891E+00   0.912532E+00   0.915080E+00   0.970000E+00   0.970000E+00   0.970000E+00   0.970000E+00   0.970000E+00   0.970000E+00   0.970000E+00   0.970000E+00   0.970000E+00   0.970000E+00   0.970000E+00   0.970000E+00   0.970000E+00   0.970000E+00   0.970000E+00   0.970000E+00   0.970000E+00   0.970000E+00   0.970000E+00   0.970000E+00   0.940400E+00   0.941314E+00   0.942779E+00   0.944234E+00   0.945612E+00   0.946925E+00   0.948141E+00   0.949241E+00   0.949944E+00   0.970000E+00   0.970000E+00   0.970000E+00   0.970000E+00   0.970000E+00   0.970000E+00   0.970000E+00   0.970000E+00   0.970000E+00   0.970000E+00   0.970000E+00   0.970000E+00   0.970000E+00   0.970000E+00   0.970000E+00   0.970000E+00   0.970000E+00   0.970000E+00   0.970000E+00   0.967625E+00   0.967716E+00   0.967835E+00   0.967945E+00   0.968056E+00   0.968154E+00   0.968240E+00   0.968315E+00   0.968401E+00   0.968486E+00   0.968566E+00   0.968642E+00   0.968713E+00   0.968781E+00   0.968845E+00   0.968906E+00   0.968963E+00   0.969017E+00   0.969068E+00   0.969116E+00   0.969162E+00   0.969205E+00   0.969246E+00   0.969285E+00   0.969322E+00   0.969357E+00   0.969392E+00   0.969423E+00   0.969453E+00   0.969481E+00   0.969508E+00   0.969533E+00   0.969557E+00   0.969579E+00   0.969601E+00   0.969621E+00   0.969647E+00
