 0.000000E+00   0.000000E+00   0.000000E+00   0.000000E+00   0.000000E+00   0.000000E+00   0.000000E+00   0.000000E+00   0.000000E+00   0.000000E+00   0.921368E+01   0.209261E+02   0.455270E+02   0.948836E+02   0.189431E+03   0.362276E+03   0.663688E+03   0.116474E+04   0.195805E+04   0.315331E+04   0.486429E+04   0.718832E+04   0.101756E+05   0.137985E+05   0.179241E+05   0.223035E+05   0.265860E+05   0.303575E+05   0.332057E+05   0.347931E+05   0.349226E+05   0.335779E+05   0.309274E+05   0.272876E+05   0.230630E+05   0.186727E+05   0.144821E+05   0.107594E+05   0.765736E+04   0.522057E+04   0.340942E+04   0.213291E+04   0.127825E+04   0.733798E+03   0.403538E+03   0.212580E+03   0.107274E+03   0.518571E+02   0.240136E+02   0.106519E+02   0.452623E+01   0.184240E+01   0.718417E+00   0.268345E+00   0.960130E-01   0.329103E-01   0.108057E-01   0.000000E+00   0.000000E+00   0.000000E+00   0.000000E+00   0.000000E+00   0.000000E+00   0.000000E+00   0.000000E+00   0.000000E+00   0.000000E+00   0.000000E+00   0.000000E+00   0.000000E+00   0.000000E+00   0.543670E-03   0.165541E-02   0.482851E-02   0.134916E-01   0.361123E-01   0.925883E-01   0.227405E+00   0.535044E+00   0.120590E+01   0.260352E+01   0.538460E+01   0.106677E+02   0.202455E+02   0.368065E+02   0.640986E+02   0.106934E+03   0.170891E+03   0.261609E+03   0.383630E+03   0.538921E+03   0.725199E+03   0.934829E+03   0.115435E+04   0.136542E+04   0.154725E+04   0.167944E+04   0.174632E+04   0.173939E+04   0.165965E+04   0.151695E+04   0.132816E+04   0.111397E+04   0.895010E+03   0.688842E+03   0.507872E+03   0.358681E+03   0.242667E+03   0.157264E+03   0.976337E+02   0.580635E+02   0.330778E+02   0.180515E+02   0.943674E+01   0.472555E+01   0.226688E+01   0.104169E+01   0.458555E+00   0.193358E+00   0.781048E-01   0.302221E-01   0.112026E-01   0.397774E-02   0.135294E-02   0.440839E-03   0.137596E-03   0.411399E-04   0.117828E-04
 0.000000E+00   0.763477E-03   0.255289E-02   0.817736E-02   0.250911E-01   0.737496E-01   0.207657E+00   0.560079E+00   0.144710E+01   0.358163E+01   0.000000E+00   0.000000E+00   0.000000E+00   0.000000E+00   0.000000E+00   0.000000E+00   0.000000E+00   0.119444E+01   0.000000E+00   0.000000E+00   0.000000E+00   0.000000E+00   0.452256E-01   0.000000E+00   0.000000E+00   0.000000E+00   0.000000E+00   0.000000E+00   0.000000E+00   0.300295E+00   0.000000E+00   0.000000E+00   0.000000E+00   0.000000E+00   0.000000E+00   0.000000E+00   0.000000E+00   0.000000E+00   0.000000E+00   0.000000E+00   0.000000E+00   0.213820E-01   0.000000E+00   0.000000E+00   0.000000E+00   0.000000E+00   0.000000E+00   0.000000E+00   0.000000E+00   0.000000E+00   0.000000E+00   0.000000E+00   0.000000E+00   0.000000E+00   0.000000E+00   0.000000E+00   0.000000E+00   0.000000E+00   0.000000E+00   0.000000E+00   0.000000E+00   0.000000E+00   0.000000E+00   0.000000E+00   0.000000E+00   0.000000E+00   0.000000E+00   0.000000E+00   0.000000E+00   0.000000E+00   0.165406E+02   0.562216E+03   0.381491E+04   0.163671E+05   0.460892E+05   0.866813E+05   0.109126E+06   0.913469E+05   0.496901E+05   0.167269E+05   0.314254E+04   0.235907E+03   0.541060E-04   0.656324E-04   0.450750E-04   0.000000E+00   0.000000E+00   0.000000E+00   0.000000E+00   0.000000E+00   0.466116E-05   0.520179E-01   0.464567E+00   0.272379E+01   0.119351E+02   0.411763E+02   0.115801E+03   0.272209E+03   0.545274E+03   0.945804E+03   0.143916E+04   0.194075E+04   0.234188E+04   0.255117E+04   0.252732E+04   0.229193E+04   0.191340E+04   0.147801E+04   0.106111E+04   0.710802E+03   0.445783E+03   0.262590E+03   0.145663E+03   0.762686E+02   0.377811E+02   0.177381E+02   0.790535E+01   0.334931E+01   0.135130E+01   0.519577E+00   0.190591E+00   0.667436E-01   0.223513E-01   0.715364E-02   0.219202E-02   0.642912E-03   0.180687E-03   0.608894E-04
 0.000000E+00   0.763477E-03   0.255289E-02   0.817736E-02   0.250911E-01   0.737496E-01   0.207657E+00   0.560079E+00   0.144710E+01   0.358163E+01   0.000000E+00   0.000000E+00   0.000000E+00   0.000000E+00   0.000000E+00   0.000000E+00   0.000000E+00   0.119444E+01   0.000000E+00   0.000000E+00   0.000000E+00   0.000000E+00   0.452256E-01   0.000000E+00   0.000000E+00   0.000000E+00   0.000000E+00   0.000000E+00   0.000000E+00   0.300295E+00   0.000000E+00   0.000000E+00   0.000000E+00   0.000000E+00   0.000000E+00   0.000000E+00   0.000000E+00   0.000000E+00   0.000000E+00   0.000000E+00   0.000000E+00   0.213820E-01   0.000000E+00   0.000000E+00   0.000000E+00   0.000000E+00   0.000000E+00   0.000000E+00   0.000000E+00   0.000000E+00   0.000000E+00   0.000000E+00   0.000000E+00   0.000000E+00   0.000000E+00   0.000000E+00   0.000000E+00   0.000000E+00   0.000000E+00   0.000000E+00   0.000000E+00   0.000000E+00   0.000000E+00   0.000000E+00   0.000000E+00   0.000000E+00   0.000000E+00   0.000000E+00   0.000000E+00   0.000000E+00   0.000000E+00   0.000000E+00   0.000000E+00   0.270995E+03   0.399720E+04   0.190760E+05   0.554212E+05   0.100826E+06   0.116262E+06   0.836828E+05   0.357402E+05   0.798317E+04   0.539948E+03   0.579488E-04   0.467620E-04   0.599662E-05   0.000000E+00   0.000000E+00   0.000000E+00   0.000000E+00   0.466116E-05   0.000000E+00   0.830650E-01   0.801965E+00   0.463757E+01   0.197680E+02   0.656714E+02   0.176691E+03   0.395437E+03   0.751594E+03   0.123373E+04   0.177211E+04   0.225226E+04   0.255982E+04   0.262504E+04   0.244770E+04   0.208940E+04   0.164236E+04   0.119508E+04   0.808670E+03   0.510876E+03   0.302406E+03   0.168253E+03   0.882131E+02   0.436961E+02   0.204922E+02   0.911437E+01   0.385077E+01   0.154835E+01   0.593071E+00   0.216649E+00   0.755273E-01   0.251752E-01   0.801913E-02   0.244524E-02   0.713643E-03   0.199604E-03   0.672507E-04
 0.000000E+00   0.763477E-03   0.255289E-02   0.817736E-02   0.250911E-01   0.737496E-01   0.207657E+00   0.560079E+00   0.144710E+01   0.358163E+01   0.000000E+00   0.000000E+00   0.000000E+00   0.000000E+00   0.000000E+00   0.000000E+00   0.000000E+00   0.119444E+01   0.000000E+00   0.000000E+00   0.000000E+00   0.000000E+00   0.452256E-01   0.000000E+00   0.000000E+00   0.000000E+00   0.000000E+00   0.000000E+00   0.000000E+00   0.300295E+00   0.000000E+00   0.000000E+00   0.000000E+00   0.000000E+00   0.000000E+00   0.000000E+00   0.000000E+00   0.000000E+00   0.000000E+00   0.000000E+00   0.000000E+00   0.213820E-01   0.000000E+00   0.000000E+00   0.000000E+00   0.000000E+00   0.000000E+00   0.000000E+00   0.000000E+00   0.000000E+00   0.000000E+00   0.000000E+00   0.000000E+00   0.000000E+00   0.000000E+00   0.000000E+00   0.000000E+00   0.000000E+00   0.000000E+00   0.000000E+00   0.000000E+00   0.000000E+00   0.000000E+00   0.000000E+00   0.000000E+00   0.000000E+00   0.000000E+00   0.000000E+00   0.000000E+00   0.000000E+00   0.000000E+00   0.000000E+00   0.000000E+00   0.274888E+03   0.412179E+04   0.194247E+05   0.557271E+05   0.100638E+06   0.115753E+06   0.834382E+05   0.358054E+05   0.806367E+04   0.552945E+03   0.579488E-04   0.467620E-04   0.599662E-05   0.000000E+00   0.000000E+00   0.000000E+00   0.000000E+00   0.466116E-05   0.000000E+00   0.787320E-01   0.777738E+00   0.452234E+01   0.193654E+02   0.645740E+02   0.174291E+03   0.391151E+03   0.745277E+03   0.122604E+04   0.176456E+04   0.224666E+04   0.255752E+04   0.262644E+04   0.245217E+04   0.209565E+04   0.164900E+04   0.120104E+04   0.813390E+03   0.514246E+03   0.304605E+03   0.169576E+03   0.889532E+02   0.440824E+02   0.206812E+02   0.920136E+01   0.388851E+01   0.156382E+01   0.599081E+00   0.218864E+00   0.763021E-01   0.254331E-01   0.810089E-02   0.246992E-02   0.720750E-03   0.201559E-03   0.679319E-04
 0.000000E+00   0.763477E-03   0.255289E-02   0.817736E-02   0.250911E-01   0.737496E-01   0.207657E+00   0.560079E+00   0.144710E+01   0.358163E+01   0.000000E+00   0.000000E+00   0.000000E+00   0.000000E+00   0.000000E+00   0.000000E+00   0.000000E+00   0.119444E+01   0.000000E+00   0.000000E+00   0.000000E+00   0.000000E+00   0.452256E-01   0.000000E+00   0.000000E+00   0.000000E+00   0.000000E+00   0.000000E+00   0.000000E+00   0.300295E+00   0.000000E+00   0.000000E+00   0.000000E+00   0.000000E+00   0.000000E+00   0.000000E+00   0.000000E+00   0.000000E+00   0.000000E+00   0.000000E+00   0.000000E+00   0.213820E-01   0.000000E+00   0.000000E+00   0.000000E+00   0.000000E+00   0.000000E+00   0.000000E+00   0.000000E+00   0.000000E+00   0.000000E+00   0.000000E+00   0.000000E+00   0.000000E+00   0.000000E+00   0.000000E+00   0.000000E+00   0.000000E+00   0.000000E+00   0.000000E+00   0.000000E+00   0.000000E+00   0.000000E+00   0.000000E+00   0.000000E+00   0.000000E+00   0.000000E+00   0.000000E+00   0.000000E+00   0.000000E+00   0.000000E+00   0.000000E+00   0.000000E+00   0.311130E+03   0.443225E+04   0.203912E+05   0.570443E+05   0.101093E+06   0.114821E+06   0.821481E+05   0.351197E+05   0.790314E+04   0.536560E+03   0.579488E-04   0.467620E-04   0.599662E-05   0.000000E+00   0.000000E+00   0.000000E+00   0.000000E+00   0.466116E-05   0.000000E+00   0.769435E-01   0.766840E+00   0.446664E+01   0.191581E+02   0.639755E+02   0.172911E+03   0.388563E+03   0.741271E+03   0.122092E+04   0.175922E+04   0.224234E+04   0.255528E+04   0.262676E+04   0.245477E+04   0.209974E+04   0.165359E+04   0.120532E+04   0.816881E+03   0.516800E+03   0.306306E+03   0.170620E+03   0.895462E+02   0.443964E+02   0.208369E+02   0.927386E+01   0.392030E+01   0.157698E+01   0.604241E+00   0.220780E+00   0.769775E-01   0.256594E-01   0.817307E-02   0.249183E-02   0.727093E-03   0.203312E-03   0.685460E-04
 0.000000E+00   0.763477E-03   0.255289E-02   0.817736E-02   0.250911E-01   0.737496E-01   0.207657E+00   0.560079E+00   0.144710E+01   0.358163E+01   0.000000E+00   0.000000E+00   0.000000E+00   0.000000E+00   0.000000E+00   0.000000E+00   0.000000E+00   0.119444E+01   0.000000E+00   0.000000E+00   0.000000E+00   0.000000E+00   0.452256E-01   0.000000E+00   0.000000E+00   0.000000E+00   0.000000E+00   0.000000E+00   0.000000E+00   0.300295E+00   0.000000E+00   0.000000E+00   0.000000E+00   0.000000E+00   0.000000E+00   0.000000E+00   0.000000E+00   0.000000E+00   0.000000E+00   0.000000E+00   0.000000E+00   0.213820E-01   0.000000E+00   0.000000E+00   0.000000E+00   0.000000E+00   0.000000E+00   0.000000E+00   0.000000E+00   0.000000E+00   0.000000E+00   0.000000E+00   0.000000E+00   0.000000E+00   0.000000E+00   0.000000E+00   0.000000E+00   0.000000E+00   0.000000E+00   0.000000E+00   0.000000E+00   0.000000E+00   0.000000E+00   0.000000E+00   0.000000E+00   0.000000E+00   0.000000E+00   0.000000E+00   0.000000E+00   0.000000E+00   0.000000E+00   0.000000E+00   0.000000E+00   0.365427E+03   0.476261E+04   0.213665E+05   0.583451E+05   0.101520E+06   0.113876E+06   0.808610E+05   0.344387E+05   0.774413E+04   0.520429E+03   0.579488E-04   0.467620E-04   0.599662E-05   0.000000E+00   0.000000E+00   0.000000E+00   0.000000E+00   0.466116E-05   0.000000E+00   0.751729E-01   0.756050E+00   0.441140E+01   0.189522E+02   0.633804E+02   0.171538E+03   0.385982E+03   0.737272E+03   0.121579E+04   0.175388E+04   0.223801E+04   0.255302E+04   0.262706E+04   0.245736E+04   0.210382E+04   0.165818E+04   0.120962E+04   0.820385E+03   0.519366E+03   0.308017E+03   0.171670E+03   0.901431E+02   0.447126E+02   0.209937E+02   0.934693E+01   0.395235E+01   0.159026E+01   0.609444E+00   0.222714E+00   0.776588E-01   0.258877E-01   0.824589E-02   0.251394E-02   0.733490E-03   0.205080E-03   0.691652E-04
 0.000000E+00   0.763477E-03   0.255289E-02   0.817736E-02   0.250911E-01   0.737496E-01   0.207657E+00   0.560079E+00   0.144710E+01   0.358163E+01   0.000000E+00   0.000000E+00   0.000000E+00   0.000000E+00   0.000000E+00   0.000000E+00   0.000000E+00   0.119444E+01   0.000000E+00   0.000000E+00   0.000000E+00   0.000000E+00   0.452256E-01   0.000000E+00   0.000000E+00   0.000000E+00   0.000000E+00   0.000000E+00   0.000000E+00   0.300295E+00   0.000000E+00   0.000000E+00   0.000000E+00   0.000000E+00   0.000000E+00   0.000000E+00   0.000000E+00   0.000000E+00   0.000000E+00   0.000000E+00   0.000000E+00   0.213820E-01   0.000000E+00   0.000000E+00   0.000000E+00   0.000000E+00   0.000000E+00   0.000000E+00   0.000000E+00   0.000000E+00   0.000000E+00   0.000000E+00   0.000000E+00   0.000000E+00   0.000000E+00   0.000000E+00   0.000000E+00   0.000000E+00   0.000000E+00   0.000000E+00   0.000000E+00   0.000000E+00   0.000000E+00   0.000000E+00   0.000000E+00   0.000000E+00   0.000000E+00   0.000000E+00   0.000000E+00   0.000000E+00   0.000000E+00   0.000000E+00   0.000000E+00   0.435379E+03   0.511313E+04   0.223465E+05   0.596194E+05   0.101915E+06   0.112923E+06   0.795864E+05   0.337681E+05   0.758815E+04   0.504727E+03   0.579488E-04   0.467620E-04   0.599662E-05   0.000000E+00   0.000000E+00   0.000000E+00   0.000000E+00   0.466116E-05   0.000000E+00   0.734045E-01   0.745284E+00   0.435625E+01   0.187465E+02   0.627856E+02   0.170164E+03   0.383398E+03   0.733265E+03   0.121066E+04   0.174851E+04   0.223365E+04   0.255074E+04   0.262734E+04   0.245995E+04   0.210791E+04   0.166280E+04   0.121393E+04   0.823909E+03   0.521949E+03   0.309740E+03   0.172728E+03   0.907450E+02   0.450315E+02   0.211520E+02   0.942066E+01   0.398470E+01   0.160366E+01   0.614698E+00   0.224666E+00   0.783468E-01   0.261182E-01   0.831941E-02   0.253625E-02   0.739948E-03   0.206864E-03   0.697900E-04
 0.000000E+00   0.763477E-03   0.255289E-02   0.817736E-02   0.250911E-01   0.737496E-01   0.207657E+00   0.560079E+00   0.144710E+01   0.358163E+01   0.000000E+00   0.000000E+00   0.000000E+00   0.000000E+00   0.000000E+00   0.000000E+00   0.000000E+00   0.119444E+01   0.000000E+00   0.000000E+00   0.000000E+00   0.000000E+00   0.452256E-01   0.000000E+00   0.000000E+00   0.000000E+00   0.000000E+00   0.000000E+00   0.000000E+00   0.300295E+00   0.000000E+00   0.000000E+00   0.000000E+00   0.000000E+00   0.000000E+00   0.000000E+00   0.000000E+00   0.000000E+00   0.000000E+00   0.000000E+00   0.000000E+00   0.213820E-01   0.000000E+00   0.000000E+00   0.000000E+00   0.000000E+00   0.000000E+00   0.000000E+00   0.000000E+00   0.000000E+00   0.000000E+00   0.000000E+00   0.000000E+00   0.000000E+00   0.000000E+00   0.000000E+00   0.000000E+00   0.000000E+00   0.000000E+00   0.000000E+00   0.000000E+00   0.000000E+00   0.000000E+00   0.000000E+00   0.000000E+00   0.000000E+00   0.000000E+00   0.000000E+00   0.000000E+00   0.000000E+00   0.000000E+00   0.000000E+00   0.000000E+00   0.519340E+03   0.548481E+04   0.233314E+05   0.608658E+05   0.102275E+06   0.111965E+06   0.783254E+05   0.331082E+05   0.743520E+04   0.489443E+03   0.579488E-04   0.467620E-04   0.599662E-05   0.000000E+00   0.000000E+00   0.000000E+00   0.000000E+00   0.466116E-05   0.000000E+00   0.716397E-01   0.734548E+00   0.430122E+01   0.185411E+02   0.621912E+02   0.168790E+03   0.380812E+03   0.729251E+03   0.120550E+04   0.174311E+04   0.222926E+04   0.254844E+04   0.262760E+04   0.246253E+04   0.211201E+04   0.166743E+04   0.121826E+04   0.827455E+03   0.524548E+03   0.311475E+03   0.173793E+03   0.913515E+02   0.453531E+02   0.213116E+02   0.949505E+01   0.401735E+01   0.161718E+01   0.620000E+00   0.226636E+00   0.790412E-01   0.263509E-01   0.839362E-02   0.255877E-02   0.746465E-03   0.208664E-03   0.704203E-04
 0.000000E+00   0.763477E-03   0.255289E-02   0.817736E-02   0.250911E-01   0.737496E-01   0.207657E+00   0.560079E+00   0.144710E+01   0.358163E+01   0.000000E+00   0.000000E+00   0.000000E+00   0.000000E+00   0.000000E+00   0.000000E+00   0.000000E+00   0.119444E+01   0.000000E+00   0.000000E+00   0.000000E+00   0.000000E+00   0.452256E-01   0.000000E+00   0.000000E+00   0.000000E+00   0.000000E+00   0.000000E+00   0.000000E+00   0.300295E+00   0.000000E+00   0.000000E+00   0.000000E+00   0.000000E+00   0.000000E+00   0.000000E+00   0.000000E+00   0.000000E+00   0.000000E+00   0.000000E+00   0.000000E+00   0.213820E-01   0.000000E+00   0.000000E+00   0.000000E+00   0.000000E+00   0.000000E+00   0.000000E+00   0.000000E+00   0.000000E+00   0.000000E+00   0.000000E+00   0.000000E+00   0.000000E+00   0.000000E+00   0.000000E+00   0.000000E+00   0.000000E+00   0.000000E+00   0.000000E+00   0.000000E+00   0.000000E+00   0.000000E+00   0.000000E+00   0.000000E+00   0.000000E+00   0.000000E+00   0.000000E+00   0.000000E+00   0.000000E+00   0.000000E+00   0.000000E+00   0.000000E+00   0.616214E+03   0.587823E+04   0.243217E+05   0.620830E+05   0.102602E+06   0.111001E+06   0.770789E+05   0.324592E+05   0.728525E+04   0.474563E+03   0.579488E-04   0.467620E-04   0.599662E-05   0.000000E+00   0.000000E+00   0.000000E+00   0.000000E+00   0.466116E-05   0.000000E+00   0.698796E-01   0.723846E+00   0.424632E+01   0.183361E+02   0.615976E+02   0.167417E+03   0.378225E+03   0.725231E+03   0.120033E+04   0.173770E+04   0.222485E+04   0.254610E+04   0.262785E+04   0.246511E+04   0.211612E+04   0.167208E+04   0.122262E+04   0.831019E+03   0.527164E+03   0.313222E+03   0.174867E+03   0.919627E+02   0.456773E+02   0.214725E+02   0.957008E+01   0.405028E+01   0.163082E+01   0.625351E+00   0.228624E+00   0.797420E-01   0.265857E-01   0.846851E-02   0.258149E-02   0.753041E-03   0.210480E-03   0.710560E-04
 0.000000E+00   0.763477E-03   0.255289E-02   0.817736E-02   0.250911E-01   0.737496E-01   0.207657E+00   0.560079E+00   0.144710E+01   0.358163E+01   0.000000E+00   0.000000E+00   0.000000E+00   0.000000E+00   0.000000E+00   0.000000E+00   0.000000E+00   0.119444E+01   0.000000E+00   0.000000E+00   0.000000E+00   0.000000E+00   0.452256E-01   0.000000E+00   0.000000E+00   0.000000E+00   0.000000E+00   0.000000E+00   0.000000E+00   0.300295E+00   0.000000E+00   0.000000E+00   0.000000E+00   0.000000E+00   0.000000E+00   0.000000E+00   0.000000E+00   0.000000E+00   0.000000E+00   0.000000E+00   0.000000E+00   0.213820E-01   0.000000E+00   0.000000E+00   0.000000E+00   0.000000E+00   0.000000E+00   0.000000E+00   0.000000E+00   0.000000E+00   0.000000E+00   0.000000E+00   0.000000E+00   0.000000E+00   0.000000E+00   0.000000E+00   0.000000E+00   0.000000E+00   0.000000E+00   0.000000E+00   0.000000E+00   0.000000E+00   0.000000E+00   0.000000E+00   0.000000E+00   0.000000E+00   0.000000E+00   0.000000E+00   0.000000E+00   0.000000E+00   0.000000E+00   0.000000E+00   0.000000E+00   0.725355E+03   0.629361E+04   0.253174E+05   0.632701E+05   0.102894E+06   0.110033E+06   0.758475E+05   0.318212E+05   0.713826E+04   0.460073E+03   0.579488E-04   0.467620E-04   0.599662E-05   0.000000E+00   0.000000E+00   0.000000E+00   0.000000E+00   0.466116E-05   0.000000E+00   0.681255E-01   0.713184E+00   0.419159E+01   0.181316E+02   0.610048E+02   0.166045E+03   0.375637E+03   0.721206E+03   0.119515E+04   0.173227E+04   0.222041E+04   0.254375E+04   0.262809E+04   0.246769E+04   0.212024E+04   0.167675E+04   0.122699E+04   0.834603E+03   0.529795E+03   0.314980E+03   0.175948E+03   0.925785E+02   0.460040E+02   0.216348E+02   0.964574E+01   0.408350E+01   0.164459E+01   0.630749E+00   0.230630E+00   0.804492E-01   0.268226E-01   0.854407E-02   0.260442E-02   0.759674E-03   0.212312E-03   0.716971E-04
 0.000000E+00   0.763477E-03   0.255289E-02   0.817736E-02   0.250911E-01   0.737496E-01   0.207657E+00   0.560079E+00   0.144710E+01   0.358163E+01   0.000000E+00   0.000000E+00   0.000000E+00   0.000000E+00   0.000000E+00   0.000000E+00   0.000000E+00   0.119444E+01   0.000000E+00   0.000000E+00   0.000000E+00   0.000000E+00   0.452256E-01   0.000000E+00   0.000000E+00   0.000000E+00   0.000000E+00   0.000000E+00   0.000000E+00   0.300295E+00   0.000000E+00   0.000000E+00   0.000000E+00   0.000000E+00   0.000000E+00   0.000000E+00   0.000000E+00   0.000000E+00   0.000000E+00   0.000000E+00   0.000000E+00   0.213820E-01   0.000000E+00   0.000000E+00   0.000000E+00   0.000000E+00   0.000000E+00   0.000000E+00   0.000000E+00   0.000000E+00   0.000000E+00   0.000000E+00   0.000000E+00   0.000000E+00   0.000000E+00   0.000000E+00   0.000000E+00   0.000000E+00   0.000000E+00   0.000000E+00   0.000000E+00   0.000000E+00   0.000000E+00   0.000000E+00   0.000000E+00   0.000000E+00   0.000000E+00   0.000000E+00   0.000000E+00   0.000000E+00   0.000000E+00   0.000000E+00   0.000000E+00   0.846485E+03   0.673091E+04   0.263185E+05   0.644264E+05   0.103150E+06   0.109061E+06   0.746319E+05   0.311943E+05   0.699417E+04   0.445960E+03   0.579488E-04   0.467620E-04   0.599662E-05   0.000000E+00   0.000000E+00   0.000000E+00   0.000000E+00   0.466116E-05   0.000000E+00   0.663788E-01   0.702567E+00   0.413705E+01   0.179276E+02   0.604132E+02   0.164674E+03   0.373049E+03   0.717176E+03   0.118996E+04   0.172681E+04   0.221595E+04   0.254137E+04   0.262831E+04   0.247026E+04   0.212436E+04   0.168143E+04   0.123139E+04   0.838204E+03   0.532441E+03   0.316749E+03   0.177036E+03   0.931987E+02   0.463332E+02   0.217983E+02   0.972202E+01   0.411699E+01   0.165847E+01   0.636195E+00   0.232654E+00   0.811626E-01   0.270616E-01   0.862030E-02   0.262754E-02   0.766365E-03   0.214159E-03   0.723436E-04
 0.000000E+00   0.763477E-03   0.255289E-02   0.817736E-02   0.250911E-01   0.737496E-01   0.207657E+00   0.560079E+00   0.144710E+01   0.358163E+01   0.000000E+00   0.000000E+00   0.000000E+00   0.000000E+00   0.000000E+00   0.000000E+00   0.000000E+00   0.119444E+01   0.000000E+00   0.000000E+00   0.000000E+00   0.000000E+00   0.452256E-01   0.000000E+00   0.000000E+00   0.000000E+00   0.000000E+00   0.000000E+00   0.000000E+00   0.300295E+00   0.000000E+00   0.000000E+00   0.000000E+00   0.000000E+00   0.000000E+00   0.000000E+00   0.000000E+00   0.000000E+00   0.000000E+00   0.000000E+00   0.000000E+00   0.213820E-01   0.000000E+00   0.000000E+00   0.000000E+00   0.000000E+00   0.000000E+00   0.000000E+00   0.000000E+00   0.000000E+00   0.000000E+00   0.000000E+00   0.000000E+00   0.000000E+00   0.000000E+00   0.000000E+00   0.000000E+00   0.000000E+00   0.000000E+00   0.000000E+00   0.000000E+00   0.000000E+00   0.000000E+00   0.000000E+00   0.000000E+00   0.000000E+00   0.000000E+00   0.000000E+00   0.000000E+00   0.000000E+00   0.000000E+00   0.000000E+00   0.000000E+00   0.979622E+03   0.718986E+04   0.273248E+05   0.655516E+05   0.103372E+06   0.108086E+06   0.734324E+05   0.305783E+05   0.685293E+04   0.432212E+03   0.579488E-04   0.467620E-04   0.599662E-05   0.000000E+00   0.000000E+00   0.000000E+00   0.000000E+00   0.466116E-05   0.000000E+00   0.646406E-01   0.692000E+00   0.408271E+01   0.177242E+02   0.598228E+02   0.163304E+03   0.370462E+03   0.713144E+03   0.118476E+04   0.172134E+04   0.221146E+04   0.253897E+04   0.262851E+04   0.247282E+04   0.212849E+04   0.168612E+04   0.123580E+04   0.841823E+03   0.535102E+03   0.318530E+03   0.178132E+03   0.938233E+02   0.466648E+02   0.219631E+02   0.979890E+01   0.415076E+01   0.167247E+01   0.641686E+00   0.234695E+00   0.818822E-01   0.273026E-01   0.869719E-02   0.265086E-02   0.773113E-03   0.216022E-03   0.729953E-04
 0.000000E+00   0.763477E-03   0.255289E-02   0.817736E-02   0.250911E-01   0.737496E-01   0.207657E+00   0.560079E+00   0.144710E+01   0.358163E+01   0.000000E+00   0.000000E+00   0.000000E+00   0.000000E+00   0.000000E+00   0.000000E+00   0.000000E+00   0.119444E+01   0.000000E+00   0.000000E+00   0.000000E+00   0.000000E+00   0.452256E-01   0.000000E+00   0.000000E+00   0.000000E+00   0.000000E+00   0.000000E+00   0.000000E+00   0.300295E+00   0.000000E+00   0.000000E+00   0.000000E+00   0.000000E+00   0.000000E+00   0.000000E+00   0.000000E+00   0.000000E+00   0.000000E+00   0.000000E+00   0.000000E+00   0.213820E-01   0.000000E+00   0.000000E+00   0.000000E+00   0.000000E+00   0.000000E+00   0.000000E+00   0.000000E+00   0.000000E+00   0.000000E+00   0.000000E+00   0.000000E+00   0.000000E+00   0.000000E+00   0.000000E+00   0.000000E+00   0.000000E+00   0.000000E+00   0.000000E+00   0.000000E+00   0.000000E+00   0.000000E+00   0.000000E+00   0.000000E+00   0.000000E+00   0.000000E+00   0.000000E+00   0.000000E+00   0.000000E+00   0.000000E+00   0.000000E+00   0.000000E+00   0.112502E+04   0.767005E+04   0.283361E+05   0.666452E+05   0.103559E+06   0.107108E+06   0.722492E+05   0.299734E+05   0.671450E+04   0.418816E+03   0.579488E-04   0.467620E-04   0.599662E-05   0.000000E+00   0.000000E+00   0.000000E+00   0.000000E+00   0.466116E-05   0.000000E+00   0.629122E-01   0.681488E+00   0.402861E+01   0.175216E+02   0.592338E+02   0.161937E+03   0.367876E+03   0.709109E+03   0.117955E+04   0.171585E+04   0.220696E+04   0.253654E+04   0.262869E+04   0.247538E+04   0.213262E+04   0.169083E+04   0.124023E+04   0.845459E+03   0.537777E+03   0.320320E+03   0.179235E+03   0.944522E+02   0.469988E+02   0.221291E+02   0.987639E+01   0.418480E+01   0.168658E+01   0.647224E+00   0.236753E+00   0.826079E-01   0.275457E-01   0.877474E-02   0.267438E-02   0.779918E-03   0.217900E-03   0.736523E-04
 0.000000E+00   0.763477E-03   0.255289E-02   0.817736E-02   0.250911E-01   0.737496E-01   0.207657E+00   0.560079E+00   0.144710E+01   0.358163E+01   0.000000E+00   0.000000E+00   0.000000E+00   0.000000E+00   0.000000E+00   0.000000E+00   0.000000E+00   0.119444E+01   0.000000E+00   0.000000E+00   0.000000E+00   0.000000E+00   0.452256E-01   0.000000E+00   0.000000E+00   0.000000E+00   0.000000E+00   0.000000E+00   0.000000E+00   0.300295E+00   0.000000E+00   0.000000E+00   0.000000E+00   0.000000E+00   0.000000E+00   0.000000E+00   0.000000E+00   0.000000E+00   0.000000E+00   0.000000E+00   0.000000E+00   0.213820E-01   0.000000E+00   0.000000E+00   0.000000E+00   0.000000E+00   0.000000E+00   0.000000E+00   0.000000E+00   0.000000E+00   0.000000E+00   0.000000E+00   0.000000E+00   0.000000E+00   0.000000E+00   0.000000E+00   0.000000E+00   0.000000E+00   0.000000E+00   0.000000E+00   0.000000E+00   0.000000E+00   0.000000E+00   0.000000E+00   0.000000E+00   0.000000E+00   0.000000E+00   0.000000E+00   0.000000E+00   0.000000E+00   0.000000E+00   0.000000E+00   0.960541E-02   0.128309E+04   0.817097E+04   0.293518E+05   0.677071E+05   0.103711E+06   0.106129E+06   0.710827E+05   0.293795E+05   0.657880E+04   0.405759E+03   0.579488E-04   0.467620E-04   0.599662E-05   0.000000E+00   0.000000E+00   0.000000E+00   0.000000E+00   0.466116E-05   0.000000E+00   0.611949E-01   0.671036E+00   0.397477E+01   0.173196E+02   0.586466E+02   0.160572E+03   0.365293E+03   0.705073E+03   0.117433E+04   0.171034E+04   0.220242E+04   0.253410E+04   0.262886E+04   0.247793E+04   0.213676E+04   0.169554E+04   0.124467E+04   0.849112E+03   0.540466E+03   0.322121E+03   0.180344E+03   0.950853E+02   0.473352E+02   0.222964E+02   0.995447E+01   0.421911E+01   0.170080E+01   0.652807E+00   0.238828E+00   0.833397E-01   0.277909E-01   0.885293E-02   0.269810E-02   0.786779E-03   0.219793E-03   0.743145E-04
 0.000000E+00   0.763477E-03   0.255289E-02   0.817736E-02   0.250911E-01   0.737496E-01   0.207657E+00   0.560079E+00   0.144710E+01   0.358163E+01   0.000000E+00   0.000000E+00   0.000000E+00   0.000000E+00   0.000000E+00   0.000000E+00   0.000000E+00   0.119444E+01   0.000000E+00   0.000000E+00   0.000000E+00   0.000000E+00   0.452256E-01   0.000000E+00   0.000000E+00   0.000000E+00   0.000000E+00   0.000000E+00   0.000000E+00   0.300295E+00   0.000000E+00   0.000000E+00   0.000000E+00   0.000000E+00   0.000000E+00   0.000000E+00   0.000000E+00   0.000000E+00   0.000000E+00   0.000000E+00   0.000000E+00   0.213820E-01   0.000000E+00   0.000000E+00   0.000000E+00   0.000000E+00   0.000000E+00   0.000000E+00   0.000000E+00   0.000000E+00   0.000000E+00   0.000000E+00   0.000000E+00   0.000000E+00   0.000000E+00   0.000000E+00   0.000000E+00   0.000000E+00   0.000000E+00   0.000000E+00   0.000000E+00   0.000000E+00   0.000000E+00   0.000000E+00   0.000000E+00   0.000000E+00   0.000000E+00   0.000000E+00   0.000000E+00   0.000000E+00   0.000000E+00   0.000000E+00   0.288391E+01   0.145157E+04   0.869202E+04   0.303714E+05   0.687374E+05   0.103829E+06   0.105147E+06   0.699329E+05   0.287964E+05   0.644577E+04   0.393030E+03   0.579488E-04   0.467620E-04   0.599662E-05   0.000000E+00   0.000000E+00   0.000000E+00   0.000000E+00   0.466116E-05   0.000000E+00   0.594897E-01   0.660648E+00   0.392121E+01   0.171186E+02   0.580612E+02   0.159211E+03   0.362711E+03   0.701037E+03   0.116911E+04   0.170482E+04   0.219787E+04   0.253163E+04   0.262901E+04   0.248048E+04   0.214090E+04   0.170027E+04   0.124913E+04   0.852780E+03   0.543169E+03   0.323932E+03   0.181460E+03   0.957224E+02   0.476738E+02   0.224648E+02   0.100331E+02   0.425368E+01   0.171514E+01   0.658434E+00   0.240921E+00   0.840775E-01   0.280380E-01   0.893177E-02   0.272200E-02   0.793696E-03   0.221701E-03   0.749819E-04
 0.000000E+00   0.763477E-03   0.255289E-02   0.817736E-02   0.250911E-01   0.737496E-01   0.207657E+00   0.560079E+00   0.144710E+01   0.358163E+01   0.000000E+00   0.000000E+00   0.000000E+00   0.000000E+00   0.000000E+00   0.000000E+00   0.000000E+00   0.119444E+01   0.000000E+00   0.000000E+00   0.000000E+00   0.000000E+00   0.452256E-01   0.000000E+00   0.000000E+00   0.000000E+00   0.000000E+00   0.000000E+00   0.000000E+00   0.300295E+00   0.000000E+00   0.000000E+00   0.000000E+00   0.000000E+00   0.000000E+00   0.000000E+00   0.000000E+00   0.000000E+00   0.000000E+00   0.000000E+00   0.000000E+00   0.213820E-01   0.000000E+00   0.000000E+00   0.000000E+00   0.000000E+00   0.000000E+00   0.000000E+00   0.000000E+00   0.000000E+00   0.000000E+00   0.000000E+00   0.000000E+00   0.000000E+00   0.000000E+00   0.000000E+00   0.000000E+00   0.000000E+00   0.000000E+00   0.000000E+00   0.000000E+00   0.000000E+00   0.000000E+00   0.000000E+00   0.000000E+00   0.000000E+00   0.000000E+00   0.000000E+00   0.000000E+00   0.000000E+00   0.000000E+00   0.000000E+00   0.111005E+02   0.162865E+04   0.923258E+04   0.313943E+05   0.697359E+05   0.103912E+06   0.104165E+06   0.687998E+05   0.282241E+05   0.631533E+04   0.380616E+03   0.579488E-04   0.467620E-04   0.599662E-05   0.000000E+00   0.000000E+00   0.000000E+00   0.000000E+00   0.466116E-05   0.000000E+00   0.577978E-01   0.650330E+00   0.386794E+01   0.169184E+02   0.574778E+02   0.157852E+03   0.360134E+03   0.697001E+03   0.116388E+04   0.169929E+04   0.219330E+04   0.252913E+04   0.262914E+04   0.248301E+04   0.214504E+04   0.170501E+04   0.125361E+04   0.856462E+03   0.545884E+03   0.325753E+03   0.182583E+03   0.963636E+02   0.480148E+02   0.226345E+02   0.101124E+02   0.428852E+01   0.172959E+01   0.664107E+00   0.243029E+00   0.848213E-01   0.282872E-01   0.901125E-02   0.274610E-02   0.800668E-03   0.223624E-03   0.756545E-04
 0.000000E+00   0.763477E-03   0.255289E-02   0.817736E-02   0.250911E-01   0.737496E-01   0.207657E+00   0.560079E+00   0.144710E+01   0.358163E+01   0.000000E+00   0.000000E+00   0.000000E+00   0.000000E+00   0.000000E+00   0.000000E+00   0.000000E+00   0.119444E+01   0.000000E+00   0.000000E+00   0.000000E+00   0.000000E+00   0.452256E-01   0.000000E+00   0.000000E+00   0.000000E+00   0.000000E+00   0.000000E+00   0.000000E+00   0.300295E+00   0.000000E+00   0.000000E+00   0.000000E+00   0.000000E+00   0.000000E+00   0.000000E+00   0.000000E+00   0.000000E+00   0.000000E+00   0.000000E+00   0.000000E+00   0.213820E-01   0.000000E+00   0.000000E+00   0.000000E+00   0.000000E+00   0.000000E+00   0.000000E+00   0.000000E+00   0.000000E+00   0.000000E+00   0.000000E+00   0.000000E+00   0.000000E+00   0.000000E+00   0.000000E+00   0.000000E+00   0.000000E+00   0.000000E+00   0.000000E+00   0.000000E+00   0.000000E+00   0.000000E+00   0.000000E+00   0.000000E+00   0.000000E+00   0.000000E+00   0.000000E+00   0.000000E+00   0.000000E+00   0.000000E+00   0.000000E+00   0.249704E+02   0.181476E+04   0.979199E+04   0.324198E+05   0.707030E+05   0.103962E+06   0.103181E+06   0.676834E+05   0.276624E+05   0.618740E+04   0.368507E+03   0.579488E-04   0.467620E-04   0.599662E-05   0.000000E+00   0.000000E+00   0.000000E+00   0.000000E+00   0.466116E-05   0.000000E+00   0.561204E-01   0.640084E+00   0.381500E+01   0.167192E+02   0.568966E+02   0.156497E+03   0.357560E+03   0.692967E+03   0.115864E+04   0.169374E+04   0.218870E+04   0.252662E+04   0.262925E+04   0.248554E+04   0.214919E+04   0.170976E+04   0.125809E+04   0.860160E+03   0.548611E+03   0.327583E+03   0.183712E+03   0.970088E+02   0.483580E+02   0.228053E+02   0.101922E+02   0.432361E+01   0.174415E+01   0.669823E+00   0.245155E+00   0.855710E-01   0.285383E-01   0.909137E-02   0.277039E-02   0.807695E-03   0.225562E-03   0.763322E-04
 0.000000E+00   0.763477E-03   0.255289E-02   0.817736E-02   0.250911E-01   0.737496E-01   0.207657E+00   0.560079E+00   0.144710E+01   0.358163E+01   0.000000E+00   0.000000E+00   0.000000E+00   0.000000E+00   0.000000E+00   0.000000E+00   0.000000E+00   0.119444E+01   0.000000E+00   0.000000E+00   0.000000E+00   0.000000E+00   0.452256E-01   0.000000E+00   0.000000E+00   0.000000E+00   0.000000E+00   0.000000E+00   0.000000E+00   0.300295E+00   0.000000E+00   0.000000E+00   0.000000E+00   0.000000E+00   0.000000E+00   0.000000E+00   0.000000E+00   0.000000E+00   0.000000E+00   0.000000E+00   0.000000E+00   0.213820E-01   0.000000E+00   0.000000E+00   0.000000E+00   0.000000E+00   0.000000E+00   0.000000E+00   0.000000E+00   0.000000E+00   0.000000E+00   0.000000E+00   0.000000E+00   0.000000E+00   0.000000E+00   0.000000E+00   0.000000E+00   0.000000E+00   0.000000E+00   0.000000E+00   0.000000E+00   0.000000E+00   0.000000E+00   0.000000E+00   0.000000E+00   0.000000E+00   0.000000E+00   0.000000E+00   0.000000E+00   0.000000E+00   0.000000E+00   0.000000E+00   0.447963E+02   0.201042E+04   0.103696E+05   0.334471E+05   0.716386E+05   0.103979E+06   0.102196E+06   0.665836E+05   0.271112E+05   0.606188E+04   0.356691E+03   0.579488E-04   0.467620E-04   0.599662E-05   0.000000E+00   0.000000E+00   0.000000E+00   0.000000E+00   0.466116E-05   0.000000E+00   0.544584E-01   0.629915E+00   0.376239E+01   0.165210E+02   0.563179E+02   0.155146E+03   0.354991E+03   0.688936E+03   0.115341E+04   0.168818E+04   0.218409E+04   0.252408E+04   0.262935E+04   0.248805E+04   0.215333E+04   0.171452E+04   0.126259E+04   0.863871E+03   0.551351E+03   0.329422E+03   0.184848E+03   0.976579E+02   0.487034E+02   0.229772E+02   0.102725E+02   0.435896E+01   0.175882E+01   0.675583E+00   0.247297E+00   0.863266E-01   0.287915E-01   0.917212E-02   0.279488E-02   0.814777E-03   0.227516E-03   0.770151E-04
 0.000000E+00   0.763477E-03   0.255289E-02   0.817736E-02   0.250911E-01   0.737496E-01   0.207657E+00   0.560079E+00   0.144710E+01   0.358163E+01   0.000000E+00   0.000000E+00   0.000000E+00   0.000000E+00   0.000000E+00   0.000000E+00   0.000000E+00   0.119444E+01   0.000000E+00   0.000000E+00   0.000000E+00   0.000000E+00   0.452256E-01   0.000000E+00   0.000000E+00   0.000000E+00   0.000000E+00   0.000000E+00   0.000000E+00   0.300295E+00   0.000000E+00   0.000000E+00   0.000000E+00   0.000000E+00   0.000000E+00   0.000000E+00   0.000000E+00   0.000000E+00   0.000000E+00   0.000000E+00   0.000000E+00   0.213820E-01   0.000000E+00   0.000000E+00   0.000000E+00   0.000000E+00   0.000000E+00   0.000000E+00   0.000000E+00   0.000000E+00   0.000000E+00   0.000000E+00   0.000000E+00   0.000000E+00   0.000000E+00   0.000000E+00   0.000000E+00   0.000000E+00   0.000000E+00   0.000000E+00   0.000000E+00   0.000000E+00   0.000000E+00   0.000000E+00   0.000000E+00   0.000000E+00   0.000000E+00   0.000000E+00   0.000000E+00   0.000000E+00   0.000000E+00   0.000000E+00   0.708785E+02   0.221616E+04   0.109647E+05   0.344754E+05   0.725431E+05   0.103964E+06   0.101211E+06   0.655003E+05   0.265703E+05   0.593869E+04   0.345158E+03   0.579488E-04   0.467620E-04   0.599662E-05   0.000000E+00   0.000000E+00   0.000000E+00   0.000000E+00   0.466116E-05   0.000000E+00   0.528131E-01   0.619826E+00   0.371015E+01   0.163240E+02   0.557417E+02   0.153800E+03   0.352428E+03   0.684908E+03   0.114817E+04   0.168261E+04   0.217945E+04   0.252152E+04   0.262942E+04   0.249056E+04   0.215747E+04   0.171929E+04   0.126711E+04   0.867595E+03   0.554103E+03   0.331271E+03   0.185989E+03   0.983108E+02   0.490509E+02   0.231504E+02   0.103535E+02   0.439457E+01   0.177360E+01   0.681387E+00   0.249456E+00   0.870881E-01   0.290465E-01   0.925350E-02   0.281955E-02   0.821914E-03   0.229483E-03   0.777031E-04
 0.000000E+00   0.763477E-03   0.255289E-02   0.817736E-02   0.250911E-01   0.737496E-01   0.207657E+00   0.560079E+00   0.144710E+01   0.358163E+01   0.000000E+00   0.000000E+00   0.000000E+00   0.000000E+00   0.000000E+00   0.000000E+00   0.000000E+00   0.119444E+01   0.000000E+00   0.000000E+00   0.000000E+00   0.000000E+00   0.452256E-01   0.000000E+00   0.000000E+00   0.000000E+00   0.000000E+00   0.000000E+00   0.000000E+00   0.300295E+00   0.000000E+00   0.000000E+00   0.000000E+00   0.000000E+00   0.000000E+00   0.000000E+00   0.000000E+00   0.000000E+00   0.000000E+00   0.000000E+00   0.000000E+00   0.213820E-01   0.000000E+00   0.000000E+00   0.000000E+00   0.000000E+00   0.000000E+00   0.000000E+00   0.000000E+00   0.000000E+00   0.000000E+00   0.000000E+00   0.000000E+00   0.000000E+00   0.000000E+00   0.000000E+00   0.000000E+00   0.000000E+00   0.000000E+00   0.000000E+00   0.000000E+00   0.000000E+00   0.000000E+00   0.000000E+00   0.000000E+00   0.000000E+00   0.000000E+00   0.000000E+00   0.000000E+00   0.000000E+00   0.000000E+00   0.000000E+00   0.103521E+03   0.243254E+04   0.115768E+05   0.355038E+05   0.734168E+05   0.103916E+06   0.100225E+06   0.644332E+05   0.260396E+05   0.581774E+04   0.333897E+03   0.579488E-04   0.467620E-04   0.599662E-05   0.000000E+00   0.000000E+00   0.000000E+00   0.000000E+00   0.466116E-05   0.000000E+00   0.511853E-01   0.609823E+00   0.365828E+01   0.161281E+02   0.551682E+02   0.152458E+03   0.349870E+03   0.680885E+03   0.114292E+04   0.167703E+04   0.217480E+04   0.251894E+04   0.262948E+04   0.249305E+04   0.216161E+04   0.172406E+04   0.127163E+04   0.871332E+03   0.556866E+03   0.333128E+03   0.187137E+03   0.989674E+02   0.494006E+02   0.233246E+02   0.104350E+02   0.443042E+01   0.178848E+01   0.687234E+00   0.251630E+00   0.878554E-01   0.293036E-01   0.933551E-02   0.284441E-02   0.829106E-03   0.231466E-03   0.783962E-04
 0.000000E+00   0.763477E-03   0.255289E-02   0.817736E-02   0.250911E-01   0.737496E-01   0.207657E+00   0.560079E+00   0.144710E+01   0.358163E+01   0.000000E+00   0.000000E+00   0.000000E+00   0.000000E+00   0.000000E+00   0.000000E+00   0.000000E+00   0.119444E+01   0.000000E+00   0.000000E+00   0.000000E+00   0.000000E+00   0.452256E-01   0.000000E+00   0.000000E+00   0.000000E+00   0.000000E+00   0.000000E+00   0.000000E+00   0.300295E+00   0.000000E+00   0.000000E+00   0.000000E+00   0.000000E+00   0.000000E+00   0.000000E+00   0.000000E+00   0.000000E+00   0.000000E+00   0.000000E+00   0.000000E+00   0.213820E-01   0.000000E+00   0.000000E+00   0.000000E+00   0.000000E+00   0.000000E+00   0.000000E+00   0.000000E+00   0.000000E+00   0.000000E+00   0.000000E+00   0.000000E+00   0.000000E+00   0.000000E+00   0.000000E+00   0.000000E+00   0.000000E+00   0.000000E+00   0.000000E+00   0.000000E+00   0.000000E+00   0.000000E+00   0.000000E+00   0.000000E+00   0.000000E+00   0.000000E+00   0.000000E+00   0.000000E+00   0.000000E+00   0.000000E+00   0.000000E+00   0.143039E+03   0.266012E+04   0.122051E+05   0.365315E+05   0.742598E+05   0.103838E+06   0.992393E+05   0.633822E+05   0.255189E+05   0.569896E+04   0.322897E+03   0.579488E-04   0.467620E-04   0.599662E-05   0.000000E+00   0.000000E+00   0.000000E+00   0.000000E+00   0.466116E-05   0.000000E+00   0.495761E-01   0.599907E+00   0.360681E+01   0.159335E+02   0.545977E+02   0.151122E+03   0.347319E+03   0.676867E+03   0.113768E+04   0.167144E+04   0.217014E+04   0.251633E+04   0.262952E+04   0.249553E+04   0.216575E+04   0.172883E+04   0.127616E+04   0.875082E+03   0.559640E+03   0.334994E+03   0.188291E+03   0.996278E+02   0.497525E+02   0.234999E+02   0.105170E+02   0.446653E+01   0.180347E+01   0.693124E+00   0.253821E+00   0.886285E-01   0.295626E-01   0.941815E-02   0.286946E-02   0.836352E-03   0.233464E-03   0.790944E-04
 0.000000E+00   0.763477E-03   0.255289E-02   0.817736E-02   0.250911E-01   0.737496E-01   0.207657E+00   0.560079E+00   0.144710E+01   0.358163E+01   0.000000E+00   0.000000E+00   0.000000E+00   0.000000E+00   0.000000E+00   0.000000E+00   0.000000E+00   0.119444E+01   0.000000E+00   0.000000E+00   0.000000E+00   0.000000E+00   0.452256E-01   0.000000E+00   0.000000E+00   0.000000E+00   0.000000E+00   0.000000E+00   0.000000E+00   0.300295E+00   0.000000E+00   0.000000E+00   0.000000E+00   0.000000E+00   0.000000E+00   0.000000E+00   0.000000E+00   0.000000E+00   0.000000E+00   0.000000E+00   0.000000E+00   0.213820E-01   0.000000E+00   0.000000E+00   0.000000E+00   0.000000E+00   0.000000E+00   0.000000E+00   0.000000E+00   0.000000E+00   0.000000E+00   0.000000E+00   0.000000E+00   0.000000E+00   0.000000E+00   0.000000E+00   0.000000E+00   0.000000E+00   0.000000E+00   0.000000E+00   0.000000E+00   0.000000E+00   0.000000E+00   0.000000E+00   0.000000E+00   0.000000E+00   0.000000E+00   0.000000E+00   0.000000E+00   0.000000E+00   0.000000E+00   0.000000E+00   0.189765E+03   0.289944E+04   0.128492E+05   0.375575E+05   0.750724E+05   0.103729E+06   0.982530E+05   0.623470E+05   0.250079E+05   0.558226E+04   0.312150E+03   0.579488E-04   0.467620E-04   0.599662E-05   0.000000E+00   0.000000E+00   0.000000E+00   0.000000E+00   0.466116E-05   0.000000E+00   0.479863E-01   0.590083E+00   0.355576E+01   0.157401E+02   0.540302E+02   0.149791E+03   0.344776E+03   0.672855E+03   0.113244E+04   0.166584E+04   0.216545E+04   0.251371E+04   0.262953E+04   0.249800E+04   0.216988E+04   0.173362E+04   0.128071E+04   0.878843E+03   0.562425E+03   0.336868E+03   0.189450E+03   0.100292E+03   0.501064E+02   0.236764E+02   0.105995E+02   0.450289E+01   0.181857E+01   0.699056E+00   0.256029E+00   0.894074E-01   0.298235E-01   0.950141E-02   0.289470E-02   0.843653E-03   0.235476E-03   0.797976E-04
 0.000000E+00   0.763477E-03   0.255289E-02   0.817736E-02   0.250911E-01   0.737496E-01   0.207657E+00   0.560079E+00   0.144710E+01   0.358163E+01   0.000000E+00   0.000000E+00   0.000000E+00   0.000000E+00   0.000000E+00   0.000000E+00   0.000000E+00   0.119444E+01   0.000000E+00   0.000000E+00   0.000000E+00   0.000000E+00   0.452256E-01   0.000000E+00   0.000000E+00   0.000000E+00   0.000000E+00   0.000000E+00   0.000000E+00   0.300295E+00   0.000000E+00   0.000000E+00   0.000000E+00   0.000000E+00   0.000000E+00   0.000000E+00   0.000000E+00   0.000000E+00   0.000000E+00   0.000000E+00   0.000000E+00   0.213820E-01   0.000000E+00   0.000000E+00   0.000000E+00   0.000000E+00   0.000000E+00   0.000000E+00   0.000000E+00   0.000000E+00   0.000000E+00   0.000000E+00   0.000000E+00   0.000000E+00   0.000000E+00   0.000000E+00   0.000000E+00   0.000000E+00   0.000000E+00   0.000000E+00   0.000000E+00   0.000000E+00   0.000000E+00   0.000000E+00   0.000000E+00   0.000000E+00   0.000000E+00   0.000000E+00   0.000000E+00   0.000000E+00   0.000000E+00   0.000000E+00   0.244051E+03   0.315103E+04   0.135083E+05   0.385810E+05   0.758551E+05   0.103590E+06   0.972667E+05   0.613273E+05   0.245065E+05   0.546757E+04   0.301645E+03   0.579488E-04   0.467620E-04   0.599662E-05   0.000000E+00   0.000000E+00   0.000000E+00   0.000000E+00   0.466116E-05   0.000000E+00   0.464170E-01   0.580353E+00   0.350513E+01   0.155481E+02   0.534659E+02   0.148466E+03   0.342240E+03   0.668851E+03   0.112720E+04   0.166023E+04   0.216075E+04   0.251106E+04   0.262953E+04   0.250045E+04   0.217401E+04   0.173840E+04   0.128526E+04   0.882615E+03   0.565220E+03   0.338751E+03   0.190615E+03   0.100959E+03   0.504623E+02   0.238539E+02   0.106826E+02   0.453949E+01   0.183377E+01   0.705031E+00   0.258252E+00   0.901921E-01   0.300864E-01   0.958529E-02   0.292012E-02   0.851008E-03   0.237503E-03   0.805060E-04
 0.000000E+00   0.763477E-03   0.255289E-02   0.817736E-02   0.250911E-01   0.737496E-01   0.207657E+00   0.560079E+00   0.144710E+01   0.358163E+01   0.000000E+00   0.000000E+00   0.000000E+00   0.000000E+00   0.000000E+00   0.000000E+00   0.000000E+00   0.119444E+01   0.000000E+00   0.000000E+00   0.000000E+00   0.000000E+00   0.452256E-01   0.000000E+00   0.000000E+00   0.000000E+00   0.000000E+00   0.000000E+00   0.000000E+00   0.300295E+00   0.000000E+00   0.000000E+00   0.000000E+00   0.000000E+00   0.000000E+00   0.000000E+00   0.000000E+00   0.000000E+00   0.000000E+00   0.000000E+00   0.000000E+00   0.213820E-01   0.000000E+00   0.000000E+00   0.000000E+00   0.000000E+00   0.000000E+00   0.000000E+00   0.000000E+00   0.000000E+00   0.000000E+00   0.000000E+00   0.000000E+00   0.000000E+00   0.000000E+00   0.000000E+00   0.000000E+00   0.000000E+00   0.000000E+00   0.000000E+00   0.000000E+00   0.000000E+00   0.000000E+00   0.000000E+00   0.000000E+00   0.000000E+00   0.000000E+00   0.000000E+00   0.000000E+00   0.000000E+00   0.000000E+00   0.000000E+00   0.306281E+03   0.341536E+04   0.141819E+05   0.396012E+05   0.766080E+05   0.103423E+06   0.962804E+05   0.603228E+05   0.240144E+05   0.535481E+04   0.291373E+03   0.579488E-04   0.467620E-04   0.599662E-05   0.000000E+00   0.000000E+00   0.000000E+00   0.000000E+00   0.466116E-05   0.000000E+00   0.448690E-01   0.570721E+00   0.345495E+01   0.153576E+02   0.529050E+02   0.147147E+03   0.339713E+03   0.664854E+03   0.112197E+04   0.165462E+04   0.215603E+04   0.250839E+04   0.262950E+04   0.250289E+04   0.217813E+04   0.174319E+04   0.128983E+04   0.886397E+03   0.568025E+03   0.340641E+03   0.191786E+03   0.101630E+03   0.508203E+02   0.240326E+02   0.107663E+02   0.457633E+01   0.184908E+01   0.711049E+00   0.260491E+00   0.909825E-01   0.303512E-01   0.966979E-02   0.294574E-02   0.858416E-03   0.239544E-03   0.812193E-04
 0.000000E+00   0.763477E-03   0.255289E-02   0.817736E-02   0.250911E-01   0.737496E-01   0.207657E+00   0.560079E+00   0.144710E+01   0.358163E+01   0.000000E+00   0.000000E+00   0.000000E+00   0.000000E+00   0.000000E+00   0.000000E+00   0.000000E+00   0.119444E+01   0.000000E+00   0.000000E+00   0.000000E+00   0.000000E+00   0.452256E-01   0.000000E+00   0.000000E+00   0.000000E+00   0.000000E+00   0.000000E+00   0.000000E+00   0.300295E+00   0.000000E+00   0.000000E+00   0.000000E+00   0.000000E+00   0.000000E+00   0.000000E+00   0.000000E+00   0.000000E+00   0.000000E+00   0.000000E+00   0.000000E+00   0.213820E-01   0.000000E+00   0.000000E+00   0.000000E+00   0.000000E+00   0.000000E+00   0.000000E+00   0.000000E+00   0.000000E+00   0.000000E+00   0.000000E+00   0.000000E+00   0.000000E+00   0.000000E+00   0.000000E+00   0.000000E+00   0.000000E+00   0.000000E+00   0.000000E+00   0.000000E+00   0.000000E+00   0.000000E+00   0.000000E+00   0.000000E+00   0.000000E+00   0.000000E+00   0.000000E+00   0.000000E+00   0.000000E+00   0.000000E+00   0.000000E+00   0.376865E+03   0.369290E+04   0.148695E+05   0.406171E+05   0.773315E+05   0.103227E+06   0.952943E+05   0.593333E+05   0.235315E+05   0.524390E+04   0.281326E+03   0.579488E-04   0.467620E-04   0.599662E-05   0.000000E+00   0.000000E+00   0.000000E+00   0.000000E+00   0.466116E-05   0.000000E+00   0.433431E-01   0.561188E+00   0.340523E+01   0.151684E+02   0.523477E+02   0.145834E+03   0.337194E+03   0.660866E+03   0.111674E+04   0.164901E+04   0.215130E+04   0.250570E+04   0.262945E+04   0.250532E+04   0.218225E+04   0.174798E+04   0.129439E+04   0.890189E+03   0.570839E+03   0.342539E+03   0.192962E+03   0.102305E+03   0.511803E+02   0.242123E+02   0.108504E+02   0.461342E+01   0.186449E+01   0.717108E+00   0.262746E+00   0.917786E-01   0.306179E-01   0.975491E-02   0.297153E-02   0.865879E-03   0.241600E-03   0.819378E-04
 0.000000E+00   0.763477E-03   0.255289E-02   0.817736E-02   0.250911E-01   0.737496E-01   0.207657E+00   0.560079E+00   0.144710E+01   0.358163E+01   0.000000E+00   0.000000E+00   0.000000E+00   0.000000E+00   0.000000E+00   0.000000E+00   0.000000E+00   0.119444E+01   0.000000E+00   0.000000E+00   0.000000E+00   0.000000E+00   0.452256E-01   0.000000E+00   0.000000E+00   0.000000E+00   0.000000E+00   0.000000E+00   0.000000E+00   0.300295E+00   0.000000E+00   0.000000E+00   0.000000E+00   0.000000E+00   0.000000E+00   0.000000E+00   0.000000E+00   0.000000E+00   0.000000E+00   0.000000E+00   0.000000E+00   0.213820E-01   0.000000E+00   0.000000E+00   0.000000E+00   0.000000E+00   0.000000E+00   0.000000E+00   0.000000E+00   0.000000E+00   0.000000E+00   0.000000E+00   0.000000E+00   0.000000E+00   0.000000E+00   0.000000E+00   0.000000E+00   0.000000E+00   0.000000E+00   0.000000E+00   0.000000E+00   0.000000E+00   0.000000E+00   0.000000E+00   0.000000E+00   0.000000E+00   0.000000E+00   0.000000E+00   0.000000E+00   0.000000E+00   0.000000E+00   0.000000E+00   0.456249E+03   0.398403E+04   0.155706E+05   0.416278E+05   0.780259E+05   0.103005E+06   0.943084E+05   0.583583E+05   0.230574E+05   0.513477E+04   0.271495E+03   0.579488E-04   0.467620E-04   0.599662E-05   0.000000E+00   0.000000E+00   0.000000E+00   0.000000E+00   0.466116E-05   0.000000E+00   0.418401E-01   0.551759E+00   0.335599E+01   0.149808E+02   0.517939E+02   0.144529E+03   0.334686E+03   0.656888E+03   0.111151E+04   0.164339E+04   0.214655E+04   0.250299E+04   0.262939E+04   0.250773E+04   0.218635E+04   0.175277E+04   0.129897E+04   0.893991E+03   0.573663E+03   0.344445E+03   0.194143E+03   0.102983E+03   0.515423E+02   0.243930E+02   0.109351E+02   0.465074E+01   0.188001E+01   0.723208E+00   0.265017E+00   0.925804E-01   0.308866E-01   0.984065E-02   0.299752E-02   0.873395E-03   0.243671E-03   0.826612E-04
 0.000000E+00   0.763477E-03   0.255289E-02   0.817736E-02   0.250911E-01   0.737496E-01   0.207657E+00   0.560079E+00   0.144710E+01   0.358163E+01   0.000000E+00   0.000000E+00   0.000000E+00   0.000000E+00   0.000000E+00   0.000000E+00   0.000000E+00   0.119444E+01   0.000000E+00   0.000000E+00   0.000000E+00   0.000000E+00   0.452256E-01   0.000000E+00   0.000000E+00   0.000000E+00   0.000000E+00   0.000000E+00   0.000000E+00   0.300295E+00   0.000000E+00   0.000000E+00   0.000000E+00   0.000000E+00   0.000000E+00   0.000000E+00   0.000000E+00   0.000000E+00   0.000000E+00   0.000000E+00   0.000000E+00   0.213820E-01   0.000000E+00   0.000000E+00   0.000000E+00   0.000000E+00   0.000000E+00   0.000000E+00   0.000000E+00   0.000000E+00   0.000000E+00   0.000000E+00   0.000000E+00   0.000000E+00   0.000000E+00   0.000000E+00   0.000000E+00   0.000000E+00   0.000000E+00   0.000000E+00   0.000000E+00   0.000000E+00   0.000000E+00   0.000000E+00   0.000000E+00   0.000000E+00   0.000000E+00   0.000000E+00   0.000000E+00   0.000000E+00   0.000000E+00   0.000000E+00   0.544913E+03   0.428914E+04   0.162846E+05   0.426326E+05   0.786915E+05   0.102755E+06   0.933228E+05   0.573976E+05   0.225921E+05   0.502736E+04   0.261873E+03   0.579488E-04   0.467620E-04   0.599662E-05   0.000000E+00   0.000000E+00   0.000000E+00   0.000000E+00   0.466116E-05   0.000000E+00   0.403608E-01   0.542435E+00   0.330724E+01   0.147947E+02   0.512441E+02   0.143230E+03   0.332187E+03   0.652921E+03   0.110629E+04   0.163776E+04   0.214179E+04   0.250026E+04   0.262930E+04   0.251012E+04   0.219045E+04   0.175756E+04   0.130355E+04   0.897802E+03   0.576496E+03   0.346357E+03   0.195330E+03   0.103664E+03   0.519061E+02   0.245748E+02   0.110203E+02   0.468831E+01   0.189562E+01   0.729351E+00   0.267304E+00   0.933879E-01   0.311571E-01   0.992700E-02   0.302369E-02   0.880965E-03   0.245756E-03   0.833897E-04
 0.000000E+00   0.763477E-03   0.255289E-02   0.817736E-02   0.250911E-01   0.737496E-01   0.207657E+00   0.560079E+00   0.144710E+01   0.358163E+01   0.000000E+00   0.000000E+00   0.000000E+00   0.000000E+00   0.000000E+00   0.000000E+00   0.000000E+00   0.119444E+01   0.000000E+00   0.000000E+00   0.000000E+00   0.000000E+00   0.452256E-01   0.000000E+00   0.000000E+00   0.000000E+00   0.000000E+00   0.000000E+00   0.000000E+00   0.300295E+00   0.000000E+00   0.000000E+00   0.000000E+00   0.000000E+00   0.000000E+00   0.000000E+00   0.000000E+00   0.000000E+00   0.000000E+00   0.000000E+00   0.000000E+00   0.213820E-01   0.000000E+00   0.000000E+00   0.000000E+00   0.000000E+00   0.000000E+00   0.000000E+00   0.000000E+00   0.000000E+00   0.000000E+00   0.000000E+00   0.000000E+00   0.000000E+00   0.000000E+00   0.000000E+00   0.000000E+00   0.000000E+00   0.000000E+00   0.000000E+00   0.000000E+00   0.000000E+00   0.000000E+00   0.000000E+00   0.000000E+00   0.000000E+00   0.000000E+00   0.000000E+00   0.000000E+00   0.000000E+00   0.000000E+00   0.000000E+00   0.643375E+03   0.460853E+04   0.170111E+05   0.436307E+05   0.793286E+05   0.102480E+06   0.923375E+05   0.564508E+05   0.221352E+05   0.492159E+04   0.252450E+03   0.579488E-04   0.467620E-04   0.599662E-05   0.000000E+00   0.000000E+00   0.000000E+00   0.000000E+00   0.466116E-05   0.000000E+00   0.389058E-01   0.533218E+00   0.325900E+01   0.146103E+02   0.506981E+02   0.141939E+03   0.329700E+03   0.648965E+03   0.110108E+04   0.163214E+04   0.213702E+04   0.249751E+04   0.262918E+04   0.251249E+04   0.219455E+04   0.176235E+04   0.130814E+04   0.901621E+03   0.579337E+03   0.348277E+03   0.196521E+03   0.104349E+03   0.522720E+02   0.247576E+02   0.111060E+02   0.472611E+01   0.191134E+01   0.735534E+00   0.269606E+00   0.942010E-01   0.314296E-01   0.100140E-01   0.305004E-02   0.888589E-03   0.247856E-03   0.841232E-04
 0.000000E+00   0.763477E-03   0.255289E-02   0.817736E-02   0.250911E-01   0.737496E-01   0.207657E+00   0.560079E+00   0.144710E+01   0.358163E+01   0.000000E+00   0.000000E+00   0.000000E+00   0.000000E+00   0.000000E+00   0.000000E+00   0.000000E+00   0.119444E+01   0.000000E+00   0.000000E+00   0.000000E+00   0.000000E+00   0.452256E-01   0.000000E+00   0.000000E+00   0.000000E+00   0.000000E+00   0.000000E+00   0.000000E+00   0.300295E+00   0.000000E+00   0.000000E+00   0.000000E+00   0.000000E+00   0.000000E+00   0.000000E+00   0.000000E+00   0.000000E+00   0.000000E+00   0.000000E+00   0.000000E+00   0.213820E-01   0.000000E+00   0.000000E+00   0.000000E+00   0.000000E+00   0.000000E+00   0.000000E+00   0.000000E+00   0.000000E+00   0.000000E+00   0.000000E+00   0.000000E+00   0.000000E+00   0.000000E+00   0.000000E+00   0.000000E+00   0.000000E+00   0.000000E+00   0.000000E+00   0.000000E+00   0.000000E+00   0.000000E+00   0.000000E+00   0.000000E+00   0.000000E+00   0.000000E+00   0.000000E+00   0.000000E+00   0.000000E+00   0.000000E+00   0.000000E+00   0.752188E+03   0.494247E+04   0.177494E+05   0.446213E+05   0.799374E+05   0.102179E+06   0.913527E+05   0.555176E+05   0.216865E+05   0.481739E+04   0.243221E+03   0.579488E-04   0.467620E-04   0.599662E-05   0.000000E+00   0.000000E+00   0.000000E+00   0.000000E+00   0.466116E-05   0.000000E+00   0.374759E-01   0.524111E+00   0.321126E+01   0.144275E+02   0.501562E+02   0.140656E+03   0.327223E+03   0.645021E+03   0.109587E+04   0.162651E+04   0.213224E+04   0.249474E+04   0.262905E+04   0.251485E+04   0.219863E+04   0.176714E+04   0.131274E+04   0.905448E+03   0.582187E+03   0.350204E+03   0.197718E+03   0.105037E+03   0.526397E+02   0.249414E+02   0.111922E+02   0.476414E+01   0.192716E+01   0.741759E+00   0.271924E+00   0.950197E-01   0.317040E-01   0.101015E-01   0.307658E-02   0.896265E-03   0.249970E-03   0.848617E-04
 0.000000E+00   0.763477E-03   0.255289E-02   0.817736E-02   0.250911E-01   0.737496E-01   0.207657E+00   0.560079E+00   0.144710E+01   0.358163E+01   0.000000E+00   0.000000E+00   0.000000E+00   0.000000E+00   0.000000E+00   0.000000E+00   0.000000E+00   0.119444E+01   0.000000E+00   0.000000E+00   0.000000E+00   0.000000E+00   0.452256E-01   0.000000E+00   0.000000E+00   0.000000E+00   0.000000E+00   0.000000E+00   0.000000E+00   0.300295E+00   0.000000E+00   0.000000E+00   0.000000E+00   0.000000E+00   0.000000E+00   0.000000E+00   0.000000E+00   0.000000E+00   0.000000E+00   0.000000E+00   0.000000E+00   0.213820E-01   0.000000E+00   0.000000E+00   0.000000E+00   0.000000E+00   0.000000E+00   0.000000E+00   0.000000E+00   0.000000E+00   0.000000E+00   0.000000E+00   0.000000E+00   0.000000E+00   0.000000E+00   0.000000E+00   0.000000E+00   0.000000E+00   0.000000E+00   0.000000E+00   0.000000E+00   0.000000E+00   0.000000E+00   0.000000E+00   0.000000E+00   0.000000E+00   0.000000E+00   0.000000E+00   0.000000E+00   0.000000E+00   0.000000E+00   0.000000E+00   0.871941E+03   0.529119E+04   0.184992E+05   0.456036E+05   0.805183E+05   0.101855E+06   0.903683E+05   0.545976E+05   0.212459E+05   0.471471E+04   0.234177E+03   0.579488E-04   0.467620E-04   0.599662E-05   0.000000E+00   0.000000E+00   0.000000E+00   0.000000E+00   0.466116E-05   0.000000E+00   0.360717E-01   0.515115E+00   0.316406E+01   0.142464E+02   0.496186E+02   0.139380E+03   0.324759E+03   0.641091E+03   0.109067E+04   0.162088E+04   0.212744E+04   0.249195E+04   0.262889E+04   0.251718E+04   0.220270E+04   0.177193E+04   0.131733E+04   0.909283E+03   0.585044E+03   0.352138E+03   0.198919E+03   0.105728E+03   0.530092E+02   0.251262E+02   0.112789E+02   0.480241E+01   0.194308E+01   0.748024E+00   0.274258E+00   0.958441E-01   0.319802E-01   0.101897E-01   0.310331E-02   0.903996E-03   0.252099E-03   0.856052E-04
 0.000000E+00   0.763477E-03   0.255289E-02   0.817736E-02   0.250911E-01   0.737496E-01   0.207657E+00   0.560079E+00   0.144710E+01   0.358163E+01   0.000000E+00   0.000000E+00   0.000000E+00   0.000000E+00   0.000000E+00   0.000000E+00   0.000000E+00   0.119444E+01   0.000000E+00   0.000000E+00   0.000000E+00   0.000000E+00   0.452256E-01   0.000000E+00   0.000000E+00   0.000000E+00   0.000000E+00   0.000000E+00   0.000000E+00   0.300295E+00   0.000000E+00   0.000000E+00   0.000000E+00   0.000000E+00   0.000000E+00   0.000000E+00   0.000000E+00   0.000000E+00   0.000000E+00   0.000000E+00   0.000000E+00   0.213820E-01   0.000000E+00   0.000000E+00   0.000000E+00   0.000000E+00   0.000000E+00   0.000000E+00   0.000000E+00   0.000000E+00   0.000000E+00   0.000000E+00   0.000000E+00   0.000000E+00   0.000000E+00   0.000000E+00   0.000000E+00   0.000000E+00   0.000000E+00   0.000000E+00   0.000000E+00   0.000000E+00   0.000000E+00   0.000000E+00   0.000000E+00   0.000000E+00   0.000000E+00   0.000000E+00   0.000000E+00   0.000000E+00   0.000000E+00   0.657232E-06   0.100326E+04   0.565487E+04   0.192599E+05   0.465769E+05   0.810716E+05   0.101506E+06   0.893844E+05   0.536905E+05   0.208131E+05   0.461347E+04   0.225313E+03   0.579488E-04   0.467620E-04   0.599662E-05   0.000000E+00   0.000000E+00   0.000000E+00   0.000000E+00   0.466116E-05   0.000000E+00   0.346938E-01   0.506233E+00   0.311740E+01   0.140671E+02   0.490852E+02   0.138114E+03   0.322307E+03   0.637174E+03   0.108549E+04   0.161526E+04   0.212263E+04   0.248914E+04   0.262871E+04   0.251950E+04   0.220676E+04   0.177671E+04   0.132193E+04   0.913124E+03   0.587908E+03   0.354078E+03   0.200126E+03   0.106422E+03   0.533806E+02   0.253120E+02   0.113661E+02   0.484090E+01   0.195910E+01   0.754330E+00   0.276607E+00   0.966740E-01   0.322584E-01   0.102785E-01   0.313022E-02   0.911779E-03   0.254242E-03   0.863536E-04
 0.000000E+00   0.763477E-03   0.255289E-02   0.817736E-02   0.250911E-01   0.737496E-01   0.207657E+00   0.560079E+00   0.144710E+01   0.358163E+01   0.000000E+00   0.000000E+00   0.000000E+00   0.000000E+00   0.000000E+00   0.000000E+00   0.000000E+00   0.119444E+01   0.000000E+00   0.000000E+00   0.000000E+00   0.000000E+00   0.452256E-01   0.000000E+00   0.000000E+00   0.000000E+00   0.000000E+00   0.000000E+00   0.000000E+00   0.300295E+00   0.000000E+00   0.000000E+00   0.000000E+00   0.000000E+00   0.000000E+00   0.000000E+00   0.000000E+00   0.000000E+00   0.000000E+00   0.000000E+00   0.000000E+00   0.213820E-01   0.000000E+00   0.000000E+00   0.000000E+00   0.000000E+00   0.000000E+00   0.000000E+00   0.000000E+00   0.000000E+00   0.000000E+00   0.000000E+00   0.000000E+00   0.000000E+00   0.000000E+00   0.000000E+00   0.000000E+00   0.000000E+00   0.000000E+00   0.000000E+00   0.000000E+00   0.000000E+00   0.000000E+00   0.000000E+00   0.000000E+00   0.000000E+00   0.000000E+00   0.000000E+00   0.000000E+00   0.000000E+00   0.000000E+00   0.296676E+01   0.114384E+04   0.603367E+04   0.200310E+05   0.475406E+05   0.815974E+05   0.101135E+06   0.884010E+05   0.527959E+05   0.203878E+05   0.451363E+04   0.216622E+03   0.579488E-04   0.467620E-04   0.599662E-05   0.000000E+00   0.000000E+00   0.000000E+00   0.000000E+00   0.466116E-05   0.000000E+00   0.333427E-01   0.497466E+00   0.307128E+01   0.138895E+02   0.485563E+02   0.136855E+03   0.319867E+03   0.633272E+03   0.108031E+04   0.160963E+04   0.211782E+04   0.248631E+04   0.262851E+04   0.252180E+04   0.221080E+04   0.178149E+04   0.132654E+04   0.916971E+03   0.590780E+03   0.356024E+03   0.201336E+03   0.107119E+03   0.537538E+02   0.254988E+02   0.114538E+02   0.487963E+01   0.197522E+01   0.760676E+00   0.278971E+00   0.975095E-01   0.325384E-01   0.103679E-01   0.315731E-02   0.919615E-03   0.256400E-03   0.871071E-04
 0.000000E+00   0.763477E-03   0.255289E-02   0.817736E-02   0.250911E-01   0.737496E-01   0.207657E+00   0.560079E+00   0.144710E+01   0.358163E+01   0.000000E+00   0.000000E+00   0.000000E+00   0.000000E+00   0.000000E+00   0.000000E+00   0.000000E+00   0.119444E+01   0.000000E+00   0.000000E+00   0.000000E+00   0.000000E+00   0.452256E-01   0.000000E+00   0.000000E+00   0.000000E+00   0.000000E+00   0.000000E+00   0.000000E+00   0.300295E+00   0.000000E+00   0.000000E+00   0.000000E+00   0.000000E+00   0.000000E+00   0.000000E+00   0.000000E+00   0.000000E+00   0.000000E+00   0.000000E+00   0.000000E+00   0.213820E-01   0.000000E+00   0.000000E+00   0.000000E+00   0.000000E+00   0.000000E+00   0.000000E+00   0.000000E+00   0.000000E+00   0.000000E+00   0.000000E+00   0.000000E+00   0.000000E+00   0.000000E+00   0.000000E+00   0.000000E+00   0.000000E+00   0.000000E+00   0.000000E+00   0.000000E+00   0.000000E+00   0.000000E+00   0.000000E+00   0.000000E+00   0.000000E+00   0.000000E+00   0.000000E+00   0.000000E+00   0.000000E+00   0.000000E+00   0.120163E+02   0.129126E+04   0.642768E+04   0.208120E+05   0.484940E+05   0.820960E+05   0.100742E+06   0.874181E+05   0.519134E+05   0.199700E+05   0.441511E+04   0.208098E+03   0.579488E-04   0.467620E-04   0.599662E-05   0.000000E+00   0.000000E+00   0.000000E+00   0.000000E+00   0.466116E-05   0.000000E+00   0.320189E-01   0.488815E+00   0.302573E+01   0.137138E+02   0.480320E+02   0.135606E+03   0.317442E+03   0.629385E+03   0.107515E+04   0.160401E+04   0.211299E+04   0.248346E+04   0.262828E+04   0.252408E+04   0.221483E+04   0.178627E+04   0.133114E+04   0.920824E+03   0.593659E+03   0.357976E+03   0.202552E+03   0.107819E+03   0.541288E+02   0.256866E+02   0.115420E+02   0.491858E+01   0.199144E+01   0.767063E+00   0.281351E+00   0.983505E-01   0.328203E-01   0.104579E-01   0.318458E-02   0.927505E-03   0.258572E-03   0.878655E-04
 0.000000E+00   0.763477E-03   0.255289E-02   0.817736E-02   0.250911E-01   0.737496E-01   0.207657E+00   0.560079E+00   0.144710E+01   0.358163E+01   0.000000E+00   0.000000E+00   0.000000E+00   0.000000E+00   0.000000E+00   0.000000E+00   0.000000E+00   0.119444E+01   0.000000E+00   0.000000E+00   0.000000E+00   0.000000E+00   0.452256E-01   0.000000E+00   0.000000E+00   0.000000E+00   0.000000E+00   0.000000E+00   0.000000E+00   0.300295E+00   0.000000E+00   0.000000E+00   0.000000E+00   0.000000E+00   0.000000E+00   0.000000E+00   0.000000E+00   0.000000E+00   0.000000E+00   0.000000E+00   0.000000E+00   0.213820E-01   0.000000E+00   0.000000E+00   0.000000E+00   0.000000E+00   0.000000E+00   0.000000E+00   0.000000E+00   0.000000E+00   0.000000E+00   0.000000E+00   0.000000E+00   0.000000E+00   0.000000E+00   0.000000E+00   0.000000E+00   0.000000E+00   0.000000E+00   0.000000E+00   0.000000E+00   0.000000E+00   0.000000E+00   0.000000E+00   0.000000E+00   0.000000E+00   0.000000E+00   0.000000E+00   0.000000E+00   0.000000E+00   0.000000E+00   0.273747E+02   0.144601E+04   0.683698E+04   0.216025E+05   0.494364E+05   0.825677E+05   0.100327E+06   0.864358E+05   0.510428E+05   0.195592E+05   0.431788E+04   0.199736E+03   0.579488E-04   0.467620E-04   0.599662E-05   0.000000E+00   0.000000E+00   0.000000E+00   0.000000E+00   0.466116E-05   0.000000E+00   0.307230E-01   0.480282E+00   0.298075E+01   0.135399E+02   0.475123E+02   0.134365E+03   0.315030E+03   0.625514E+03   0.107000E+04   0.159839E+04   0.210815E+04   0.248059E+04   0.262803E+04   0.252633E+04   0.221885E+04   0.179103E+04   0.133575E+04   0.924682E+03   0.596544E+03   0.359934E+03   0.203772E+03   0.108522E+03   0.545055E+02   0.258753E+02   0.116307E+02   0.495776E+01   0.200775E+01   0.773489E+00   0.283746E+00   0.991970E-01   0.331040E-01   0.105485E-01   0.321204E-02   0.935447E-03   0.260758E-03   0.886289E-04
 0.000000E+00   0.763477E-03   0.255289E-02   0.817736E-02   0.250911E-01   0.737496E-01   0.207657E+00   0.560079E+00   0.144710E+01   0.358163E+01   0.000000E+00   0.000000E+00   0.000000E+00   0.000000E+00   0.000000E+00   0.000000E+00   0.000000E+00   0.119444E+01   0.000000E+00   0.000000E+00   0.000000E+00   0.000000E+00   0.452256E-01   0.000000E+00   0.000000E+00   0.000000E+00   0.000000E+00   0.000000E+00   0.000000E+00   0.300295E+00   0.000000E+00   0.000000E+00   0.000000E+00   0.000000E+00   0.000000E+00   0.000000E+00   0.000000E+00   0.000000E+00   0.000000E+00   0.000000E+00   0.000000E+00   0.213820E-01   0.000000E+00   0.000000E+00   0.000000E+00   0.000000E+00   0.000000E+00   0.000000E+00   0.000000E+00   0.000000E+00   0.000000E+00   0.000000E+00   0.000000E+00   0.000000E+00   0.000000E+00   0.000000E+00   0.000000E+00   0.000000E+00   0.000000E+00   0.000000E+00   0.000000E+00   0.000000E+00   0.000000E+00   0.000000E+00   0.000000E+00   0.000000E+00   0.000000E+00   0.000000E+00   0.000000E+00   0.000000E+00   0.000000E+00   0.492847E+02   0.160862E+04   0.726161E+04   0.224019E+05   0.503673E+05   0.830127E+05   0.998915E+05   0.854541E+05   0.501837E+05   0.191555E+05   0.422186E+04   0.191531E+03   0.579488E-04   0.467620E-04   0.599662E-05   0.000000E+00   0.000000E+00   0.000000E+00   0.000000E+00   0.466116E-05   0.000000E+00   0.294553E-01   0.471869E+00   0.293634E+01   0.133679E+02   0.469974E+02   0.133134E+03   0.312632E+03   0.621661E+03   0.106487E+04   0.159278E+04   0.210331E+04   0.247770E+04   0.262776E+04   0.252857E+04   0.222286E+04   0.179580E+04   0.134036E+04   0.928545E+03   0.599435E+03   0.361897E+03   0.204996E+03   0.109228E+03   0.548839E+02   0.260649E+02   0.117198E+02   0.499716E+01   0.202417E+01   0.779955E+00   0.286157E+00   0.100049E+00   0.333896E-01   0.106397E-01   0.323968E-02   0.943442E-03   0.262959E-03   0.893973E-04
 0.000000E+00   0.763477E-03   0.255289E-02   0.817736E-02   0.250911E-01   0.737496E-01   0.207657E+00   0.560079E+00   0.144710E+01   0.358163E+01   0.000000E+00   0.000000E+00   0.000000E+00   0.000000E+00   0.000000E+00   0.000000E+00   0.000000E+00   0.119444E+01   0.000000E+00   0.000000E+00   0.000000E+00   0.000000E+00   0.452256E-01   0.000000E+00   0.000000E+00   0.000000E+00   0.000000E+00   0.000000E+00   0.000000E+00   0.300295E+00   0.000000E+00   0.000000E+00   0.000000E+00   0.000000E+00   0.000000E+00   0.000000E+00   0.000000E+00   0.000000E+00   0.000000E+00   0.000000E+00   0.000000E+00   0.213820E-01   0.000000E+00   0.000000E+00   0.000000E+00   0.000000E+00   0.000000E+00   0.000000E+00   0.000000E+00   0.000000E+00   0.000000E+00   0.000000E+00   0.000000E+00   0.000000E+00   0.000000E+00   0.000000E+00   0.000000E+00   0.000000E+00   0.000000E+00   0.000000E+00   0.000000E+00   0.000000E+00   0.000000E+00   0.000000E+00   0.000000E+00   0.000000E+00   0.000000E+00   0.000000E+00   0.000000E+00   0.000000E+00   0.000000E+00   0.780112E+02   0.177960E+04   0.770158E+04   0.232097E+05   0.512862E+05   0.834312E+05   0.994357E+05   0.844730E+05   0.493357E+05   0.187585E+05   0.412701E+04   0.183477E+03   0.579488E-04   0.467620E-04   0.599662E-05   0.000000E+00   0.000000E+00   0.000000E+00   0.000000E+00   0.466116E-05   0.000000E+00   0.282162E-01   0.463575E+00   0.289252E+01   0.131978E+02   0.464873E+02   0.131913E+03   0.310249E+03   0.617825E+03   0.105975E+04   0.158717E+04   0.209846E+04   0.247480E+04   0.262746E+04   0.253078E+04   0.222684E+04   0.180055E+04   0.134496E+04   0.932412E+03   0.602331E+03   0.363866E+03   0.206224E+03   0.109936E+03   0.552641E+02   0.262555E+02   0.118094E+02   0.503678E+01   0.204068E+01   0.786460E+00   0.288582E+00   0.100906E+00   0.336771E-01   0.107315E-01   0.326750E-02   0.951489E-03   0.265174E-03   0.901705E-04
 0.000000E+00   0.763477E-03   0.255289E-02   0.817736E-02   0.250911E-01   0.737496E-01   0.207657E+00   0.560079E+00   0.144710E+01   0.358163E+01   0.000000E+00   0.000000E+00   0.000000E+00   0.000000E+00   0.000000E+00   0.000000E+00   0.000000E+00   0.119444E+01   0.000000E+00   0.000000E+00   0.000000E+00   0.000000E+00   0.452256E-01   0.000000E+00   0.000000E+00   0.000000E+00   0.000000E+00   0.000000E+00   0.000000E+00   0.300295E+00   0.000000E+00   0.000000E+00   0.000000E+00   0.000000E+00   0.000000E+00   0.000000E+00   0.000000E+00   0.000000E+00   0.000000E+00   0.000000E+00   0.000000E+00   0.213820E-01   0.000000E+00   0.000000E+00   0.000000E+00   0.000000E+00   0.000000E+00   0.000000E+00   0.000000E+00   0.000000E+00   0.000000E+00   0.000000E+00   0.000000E+00   0.000000E+00   0.000000E+00   0.000000E+00   0.000000E+00   0.000000E+00   0.000000E+00   0.000000E+00   0.000000E+00   0.000000E+00   0.000000E+00   0.000000E+00   0.000000E+00   0.000000E+00   0.000000E+00   0.000000E+00   0.000000E+00   0.000000E+00   0.000000E+00   0.113847E+03   0.195948E+04   0.815686E+04   0.240254E+05   0.521925E+05   0.838234E+05   0.989602E+05   0.834925E+05   0.484987E+05   0.183680E+05   0.403328E+04   0.175572E+03   0.579488E-04   0.467620E-04   0.599662E-05   0.000000E+00   0.000000E+00   0.000000E+00   0.000000E+00   0.466116E-05   0.000000E+00   0.270061E-01   0.455402E+00   0.284929E+01   0.130297E+02   0.459823E+02   0.130701E+03   0.307882E+03   0.614007E+03   0.105464E+04   0.158157E+04   0.209360E+04   0.247187E+04   0.262714E+04   0.253297E+04   0.223082E+04   0.180530E+04   0.134957E+04   0.936283E+03   0.605233E+03   0.365840E+03   0.207456E+03   0.110648E+03   0.556458E+02   0.264470E+02   0.118995E+02   0.507661E+01   0.205728E+01   0.793004E+00   0.291022E+00   0.101769E+00   0.339664E-01   0.108239E-01   0.329550E-02   0.959589E-03   0.267403E-03   0.909487E-04
 0.000000E+00   0.763477E-03   0.255289E-02   0.817736E-02   0.250911E-01   0.737496E-01   0.207657E+00   0.560079E+00   0.144710E+01   0.358163E+01   0.000000E+00   0.000000E+00   0.000000E+00   0.000000E+00   0.000000E+00   0.000000E+00   0.000000E+00   0.119444E+01   0.000000E+00   0.000000E+00   0.000000E+00   0.000000E+00   0.452256E-01   0.000000E+00   0.000000E+00   0.000000E+00   0.000000E+00   0.000000E+00   0.000000E+00   0.300295E+00   0.000000E+00   0.000000E+00   0.000000E+00   0.000000E+00   0.000000E+00   0.000000E+00   0.000000E+00   0.000000E+00   0.000000E+00   0.000000E+00   0.000000E+00   0.213820E-01   0.000000E+00   0.000000E+00   0.000000E+00   0.000000E+00   0.000000E+00   0.000000E+00   0.000000E+00   0.000000E+00   0.000000E+00   0.000000E+00   0.000000E+00   0.000000E+00   0.000000E+00   0.000000E+00   0.000000E+00   0.000000E+00   0.000000E+00   0.000000E+00   0.000000E+00   0.000000E+00   0.000000E+00   0.000000E+00   0.000000E+00   0.000000E+00   0.000000E+00   0.000000E+00   0.000000E+00   0.000000E+00   0.000000E+00   0.157114E+03   0.214876E+04   0.862742E+04   0.248484E+05   0.530856E+05   0.841895E+05   0.984657E+05   0.825126E+05   0.476722E+05   0.179838E+05   0.394063E+04   0.167811E+03   0.579488E-04   0.467620E-04   0.599662E-05   0.000000E+00   0.000000E+00   0.000000E+00   0.000000E+00   0.466116E-05   0.000000E+00   0.258253E-01   0.447351E+00   0.280667E+01   0.128635E+02   0.454823E+02   0.129500E+03   0.305530E+03   0.610209E+03   0.104955E+04   0.157598E+04   0.208874E+04   0.246893E+04   0.262679E+04   0.253513E+04   0.223477E+04   0.181004E+04   0.135417E+04   0.940156E+03   0.608140E+03   0.367819E+03   0.208692E+03   0.111362E+03   0.560292E+02   0.266394E+02   0.119900E+02   0.511667E+01   0.207398E+01   0.799587E+00   0.293477E+00   0.102638E+00   0.342576E-01   0.109169E-01   0.332368E-02   0.967741E-03   0.269646E-03   0.917319E-04
 0.000000E+00   0.763477E-03   0.255289E-02   0.817736E-02   0.250911E-01   0.737496E-01   0.207657E+00   0.560079E+00   0.144710E+01   0.358163E+01   0.000000E+00   0.000000E+00   0.000000E+00   0.000000E+00   0.000000E+00   0.000000E+00   0.000000E+00   0.119444E+01   0.000000E+00   0.000000E+00   0.000000E+00   0.000000E+00   0.452256E-01   0.000000E+00   0.000000E+00   0.000000E+00   0.000000E+00   0.000000E+00   0.000000E+00   0.300295E+00   0.000000E+00   0.000000E+00   0.000000E+00   0.000000E+00   0.000000E+00   0.000000E+00   0.000000E+00   0.000000E+00   0.000000E+00   0.000000E+00   0.000000E+00   0.213820E-01   0.000000E+00   0.000000E+00   0.000000E+00   0.000000E+00   0.000000E+00   0.000000E+00   0.000000E+00   0.000000E+00   0.000000E+00   0.000000E+00   0.000000E+00   0.000000E+00   0.000000E+00   0.000000E+00   0.000000E+00   0.000000E+00   0.000000E+00   0.000000E+00   0.000000E+00   0.000000E+00   0.000000E+00   0.000000E+00   0.000000E+00   0.000000E+00   0.000000E+00   0.000000E+00   0.000000E+00   0.000000E+00   0.000000E+00   0.208170E+03   0.234796E+04   0.911319E+04   0.256783E+05   0.539652E+05   0.845297E+05   0.979528E+05   0.815333E+05   0.468559E+05   0.176058E+05   0.384901E+04   0.160191E+03   0.579488E-04   0.467620E-04   0.599662E-05   0.000000E+00   0.000000E+00   0.000000E+00   0.000000E+00   0.466116E-05   0.000000E+00   0.246739E-01   0.439423E+00   0.276464E+01   0.126994E+02   0.449874E+02   0.128308E+03   0.303195E+03   0.606430E+03   0.104448E+04   0.157039E+04   0.208387E+04   0.246597E+04   0.262642E+04   0.253727E+04   0.223870E+04   0.181477E+04   0.135877E+04   0.944033E+03   0.611052E+03   0.369803E+03   0.209932E+03   0.112078E+03   0.564142E+02   0.268327E+02   0.120810E+02   0.515693E+01   0.209077E+01   0.806208E+00   0.295947E+00   0.103511E+00   0.345505E-01   0.110105E-01   0.335204E-02   0.975945E-03   0.271904E-03   0.925199E-04
 0.000000E+00   0.763477E-03   0.255289E-02   0.817736E-02   0.250911E-01   0.737496E-01   0.207657E+00   0.560079E+00   0.144710E+01   0.358163E+01   0.000000E+00   0.000000E+00   0.000000E+00   0.000000E+00   0.000000E+00   0.000000E+00   0.000000E+00   0.119444E+01   0.000000E+00   0.000000E+00   0.000000E+00   0.000000E+00   0.452256E-01   0.000000E+00   0.000000E+00   0.000000E+00   0.000000E+00   0.000000E+00   0.000000E+00   0.300295E+00   0.000000E+00   0.000000E+00   0.000000E+00   0.000000E+00   0.000000E+00   0.000000E+00   0.000000E+00   0.000000E+00   0.000000E+00   0.000000E+00   0.000000E+00   0.213820E-01   0.000000E+00   0.000000E+00   0.000000E+00   0.000000E+00   0.000000E+00   0.000000E+00   0.000000E+00   0.000000E+00   0.000000E+00   0.000000E+00   0.000000E+00   0.000000E+00   0.000000E+00   0.000000E+00   0.000000E+00   0.000000E+00   0.000000E+00   0.000000E+00   0.000000E+00   0.000000E+00   0.000000E+00   0.000000E+00   0.000000E+00   0.000000E+00   0.000000E+00   0.000000E+00   0.000000E+00   0.000000E+00   0.000000E+00   0.267410E+03   0.255757E+04   0.961408E+04   0.265145E+05   0.548308E+05   0.848442E+05   0.974219E+05   0.805547E+05   0.460497E+05   0.172337E+05   0.375837E+04   0.152710E+03   0.579488E-04   0.467620E-04   0.599662E-05   0.000000E+00   0.000000E+00   0.000000E+00   0.000000E+00   0.466116E-05   0.000000E+00   0.235523E-01   0.431617E+00   0.272323E+01   0.125373E+02   0.444978E+02   0.127128E+03   0.300876E+03   0.602672E+03   0.103943E+04   0.156482E+04   0.207900E+04   0.246299E+04   0.262602E+04   0.253939E+04   0.224262E+04   0.181948E+04   0.136337E+04   0.947911E+03   0.613968E+03   0.371791E+03   0.211175E+03   0.112797E+03   0.568008E+02   0.270268E+02   0.121724E+02   0.519741E+01   0.210766E+01   0.812868E+00   0.298432E+00   0.104390E+00   0.348453E-01   0.111047E-01   0.338058E-02   0.984200E-03   0.274175E-03   0.933128E-04
 0.000000E+00   0.763477E-03   0.255289E-02   0.817736E-02   0.250911E-01   0.737496E-01   0.207657E+00   0.560079E+00   0.144710E+01   0.358163E+01   0.000000E+00   0.000000E+00   0.000000E+00   0.000000E+00   0.000000E+00   0.000000E+00   0.000000E+00   0.119444E+01   0.000000E+00   0.000000E+00   0.000000E+00   0.000000E+00   0.452256E-01   0.000000E+00   0.000000E+00   0.000000E+00   0.000000E+00   0.000000E+00   0.000000E+00   0.300295E+00   0.000000E+00   0.000000E+00   0.000000E+00   0.000000E+00   0.000000E+00   0.000000E+00   0.000000E+00   0.000000E+00   0.000000E+00   0.000000E+00   0.000000E+00   0.213820E-01   0.000000E+00   0.000000E+00   0.000000E+00   0.000000E+00   0.000000E+00   0.000000E+00   0.000000E+00   0.000000E+00   0.000000E+00   0.000000E+00   0.000000E+00   0.000000E+00   0.000000E+00   0.000000E+00   0.000000E+00   0.000000E+00   0.000000E+00   0.000000E+00   0.000000E+00   0.000000E+00   0.000000E+00   0.000000E+00   0.000000E+00   0.000000E+00   0.000000E+00   0.000000E+00   0.000000E+00   0.000000E+00   0.000000E+00   0.335263E+03   0.277807E+04   0.101300E+05   0.273564E+05   0.556819E+05   0.851332E+05   0.968737E+05   0.795766E+05   0.452531E+05   0.168675E+05   0.366867E+04   0.145364E+03   0.579488E-04   0.467620E-04   0.599662E-05   0.000000E+00   0.000000E+00   0.000000E+00   0.000000E+00   0.466116E-05   0.000000E+00   0.224606E-01   0.423935E+00   0.268244E+01   0.123773E+02   0.440134E+02   0.125958E+03   0.298574E+03   0.598935E+03   0.103440E+04   0.155925E+04   0.207413E+04   0.246000E+04   0.262560E+04   0.254148E+04   0.224652E+04   0.182419E+04   0.136797E+04   0.951790E+03   0.616887E+03   0.373784E+03   0.212422E+03   0.113519E+03   0.571889E+02   0.272219E+02   0.122643E+02   0.523810E+01   0.212463E+01   0.819565E+00   0.300932E+00   0.105275E+00   0.351419E-01   0.111994E-01   0.340930E-02   0.992508E-03   0.276461E-03   0.941106E-04
 0.000000E+00   0.763477E-03   0.255289E-02   0.817736E-02   0.250911E-01   0.737496E-01   0.207657E+00   0.560079E+00   0.144710E+01   0.358163E+01   0.000000E+00   0.000000E+00   0.000000E+00   0.000000E+00   0.000000E+00   0.000000E+00   0.000000E+00   0.119444E+01   0.000000E+00   0.000000E+00   0.000000E+00   0.000000E+00   0.452256E-01   0.000000E+00   0.000000E+00   0.000000E+00   0.000000E+00   0.000000E+00   0.000000E+00   0.300295E+00   0.000000E+00   0.000000E+00   0.000000E+00   0.000000E+00   0.000000E+00   0.000000E+00   0.000000E+00   0.000000E+00   0.000000E+00   0.000000E+00   0.000000E+00   0.213820E-01   0.000000E+00   0.000000E+00   0.000000E+00   0.000000E+00   0.000000E+00   0.000000E+00   0.000000E+00   0.000000E+00   0.000000E+00   0.000000E+00   0.000000E+00   0.000000E+00   0.000000E+00   0.000000E+00   0.000000E+00   0.000000E+00   0.000000E+00   0.000000E+00   0.000000E+00   0.000000E+00   0.000000E+00   0.000000E+00   0.000000E+00   0.000000E+00   0.000000E+00   0.000000E+00   0.000000E+00   0.000000E+00   0.000000E+00   0.412204E+03   0.300992E+04   0.106608E+05   0.282034E+05   0.565181E+05   0.853968E+05   0.963085E+05   0.785992E+05   0.444659E+05   0.165068E+05   0.357989E+04   0.138152E+03   0.579488E-04   0.467620E-04   0.599662E-05   0.000000E+00   0.000000E+00   0.000000E+00   0.000000E+00   0.466116E-05   0.000000E+00   0.213990E-01   0.416377E+00   0.264227E+01   0.122194E+02   0.435345E+02   0.124799E+03   0.296290E+03   0.595220E+03   0.102939E+04   0.155370E+04   0.206925E+04   0.245699E+04   0.262516E+04   0.254354E+04   0.225039E+04   0.182888E+04   0.137256E+04   0.955670E+03   0.619811E+03   0.375780E+03   0.213672E+03   0.114243E+03   0.575784E+02   0.274177E+02   0.123566E+02   0.527899E+01   0.214170E+01   0.826300E+00   0.303446E+00   0.106164E+00   0.354403E-01   0.112947E-01   0.343820E-02   0.100087E-02   0.278761E-03   0.949133E-04
 0.000000E+00   0.763477E-03   0.255289E-02   0.817736E-02   0.250911E-01   0.737496E-01   0.207657E+00   0.560079E+00   0.144710E+01   0.358163E+01   0.000000E+00   0.000000E+00   0.000000E+00   0.000000E+00   0.000000E+00   0.000000E+00   0.000000E+00   0.119444E+01   0.000000E+00   0.000000E+00   0.000000E+00   0.000000E+00   0.452256E-01   0.000000E+00   0.000000E+00   0.000000E+00   0.000000E+00   0.000000E+00   0.000000E+00   0.300295E+00   0.000000E+00   0.000000E+00   0.000000E+00   0.000000E+00   0.000000E+00   0.000000E+00   0.000000E+00   0.000000E+00   0.000000E+00   0.000000E+00   0.000000E+00   0.213820E-01   0.000000E+00   0.000000E+00   0.000000E+00   0.000000E+00   0.000000E+00   0.000000E+00   0.000000E+00   0.000000E+00   0.000000E+00   0.000000E+00   0.000000E+00   0.000000E+00   0.000000E+00   0.000000E+00   0.000000E+00   0.000000E+00   0.000000E+00   0.000000E+00   0.000000E+00   0.000000E+00   0.000000E+00   0.000000E+00   0.000000E+00   0.000000E+00   0.000000E+00   0.000000E+00   0.000000E+00   0.000000E+00   0.000000E+00   0.498745E+03   0.325356E+04   0.112063E+05   0.290551E+05   0.573391E+05   0.856352E+05   0.957268E+05   0.776224E+05   0.436878E+05   0.161517E+05   0.349198E+04   0.131073E+03   0.579488E-04   0.467620E-04   0.599662E-05   0.000000E+00   0.000000E+00   0.000000E+00   0.000000E+00   0.466116E-05   0.000000E+00   0.203675E-01   0.408943E+00   0.260272E+01   0.120635E+02   0.430610E+02   0.123651E+03   0.294024E+03   0.591527E+03   0.102440E+04   0.154816E+04   0.206437E+04   0.245396E+04   0.262468E+04   0.254558E+04   0.225425E+04   0.183356E+04   0.137714E+04   0.959551E+03   0.622737E+03   0.377780E+03   0.214926E+03   0.114969E+03   0.579695E+02   0.276144E+02   0.124493E+02   0.532009E+01   0.215886E+01   0.833072E+00   0.305974E+00   0.107059E+00   0.357405E-01   0.113907E-01   0.346727E-02   0.100928E-02   0.281075E-03   0.957207E-04
 0.000000E+00   0.763477E-03   0.255289E-02   0.817736E-02   0.250911E-01   0.737496E-01   0.207657E+00   0.560079E+00   0.144710E+01   0.358163E+01   0.000000E+00   0.000000E+00   0.000000E+00   0.000000E+00   0.000000E+00   0.000000E+00   0.000000E+00   0.119444E+01   0.000000E+00   0.000000E+00   0.000000E+00   0.000000E+00   0.452256E-01   0.000000E+00   0.000000E+00   0.000000E+00   0.000000E+00   0.000000E+00   0.000000E+00   0.300295E+00   0.000000E+00   0.000000E+00   0.000000E+00   0.000000E+00   0.000000E+00   0.000000E+00   0.000000E+00   0.000000E+00   0.000000E+00   0.000000E+00   0.000000E+00   0.213820E-01   0.000000E+00   0.000000E+00   0.000000E+00   0.000000E+00   0.000000E+00   0.000000E+00   0.000000E+00   0.000000E+00   0.000000E+00   0.000000E+00   0.000000E+00   0.000000E+00   0.000000E+00   0.000000E+00   0.000000E+00   0.000000E+00   0.000000E+00   0.000000E+00   0.000000E+00   0.000000E+00   0.000000E+00   0.000000E+00   0.000000E+00   0.000000E+00   0.000000E+00   0.000000E+00   0.000000E+00   0.000000E+00   0.000000E+00   0.595441E+03   0.350939E+04   0.117663E+05   0.299108E+05   0.581443E+05   0.858484E+05   0.951292E+05   0.766462E+05   0.429186E+05   0.158019E+05   0.340491E+04   0.124126E+03   0.579488E-04   0.467620E-04   0.599662E-05   0.000000E+00   0.000000E+00   0.000000E+00   0.000000E+00   0.466116E-05   0.000000E+00   0.193662E-01   0.401632E+00   0.256380E+01   0.119098E+02   0.425931E+02   0.122514E+03   0.291775E+03   0.587858E+03   0.101943E+04   0.154263E+04   0.205949E+04   0.245092E+04   0.262419E+04   0.254759E+04   0.225808E+04   0.183823E+04   0.138172E+04   0.963431E+03   0.625666E+03   0.379784E+03   0.216183E+03   0.115698E+03   0.583619E+02   0.278119E+02   0.125425E+02   0.536139E+01   0.217611E+01   0.839881E+00   0.308516E+00   0.107959E+00   0.360425E-01   0.114872E-01   0.349652E-02   0.101774E-02   0.283403E-03   0.965331E-04
 0.000000E+00   0.763477E-03   0.255289E-02   0.817736E-02   0.250911E-01   0.737496E-01   0.207657E+00   0.560079E+00   0.144710E+01   0.358163E+01   0.000000E+00   0.000000E+00   0.000000E+00   0.000000E+00   0.000000E+00   0.000000E+00   0.000000E+00   0.119444E+01   0.000000E+00   0.000000E+00   0.000000E+00   0.000000E+00   0.452256E-01   0.000000E+00   0.000000E+00   0.000000E+00   0.000000E+00   0.000000E+00   0.000000E+00   0.300295E+00   0.000000E+00   0.000000E+00   0.000000E+00   0.000000E+00   0.000000E+00   0.000000E+00   0.000000E+00   0.000000E+00   0.000000E+00   0.000000E+00   0.000000E+00   0.213820E-01   0.000000E+00   0.000000E+00   0.000000E+00   0.000000E+00   0.000000E+00   0.000000E+00   0.000000E+00   0.000000E+00   0.000000E+00   0.000000E+00   0.000000E+00   0.000000E+00   0.000000E+00   0.000000E+00   0.000000E+00   0.000000E+00   0.000000E+00   0.000000E+00   0.000000E+00   0.000000E+00   0.000000E+00   0.000000E+00   0.000000E+00   0.000000E+00   0.000000E+00   0.000000E+00   0.000000E+00   0.000000E+00   0.000000E+00   0.702890E+03   0.377782E+04   0.123408E+05   0.307699E+05   0.589336E+05   0.860368E+05   0.945160E+05   0.756706E+05   0.421580E+05   0.154573E+05   0.331864E+04   0.117310E+03   0.579488E-04   0.467620E-04   0.599662E-05   0.000000E+00   0.000000E+00   0.000000E+00   0.000000E+00   0.466116E-05   0.000000E+00   0.183951E-01   0.394446E+00   0.252552E+01   0.117582E+02   0.421307E+02   0.121389E+03   0.289546E+03   0.584213E+03   0.101449E+04   0.153711E+04   0.205460E+04   0.244786E+04   0.262367E+04   0.254957E+04   0.226189E+04   0.184288E+04   0.138629E+04   0.967311E+03   0.628597E+03   0.381790E+03   0.217442E+03   0.116429E+03   0.587558E+02   0.280101E+02   0.126360E+02   0.540289E+01   0.219344E+01   0.846727E+00   0.311073E+00   0.108864E+00   0.363463E-01   0.115842E-01   0.352594E-02   0.102625E-02   0.285744E-03   0.973502E-04
 0.000000E+00   0.763477E-03   0.255289E-02   0.817736E-02   0.250911E-01   0.737496E-01   0.207657E+00   0.560079E+00   0.144710E+01   0.358163E+01   0.000000E+00   0.000000E+00   0.000000E+00   0.000000E+00   0.000000E+00   0.000000E+00   0.000000E+00   0.119444E+01   0.000000E+00   0.000000E+00   0.000000E+00   0.000000E+00   0.452256E-01   0.000000E+00   0.000000E+00   0.000000E+00   0.000000E+00   0.000000E+00   0.000000E+00   0.300295E+00   0.000000E+00   0.000000E+00   0.000000E+00   0.000000E+00   0.000000E+00   0.000000E+00   0.000000E+00   0.000000E+00   0.000000E+00   0.000000E+00   0.000000E+00   0.213820E-01   0.000000E+00   0.000000E+00   0.000000E+00   0.000000E+00   0.000000E+00   0.000000E+00   0.000000E+00   0.000000E+00   0.000000E+00   0.000000E+00   0.000000E+00   0.000000E+00   0.000000E+00   0.000000E+00   0.000000E+00   0.000000E+00   0.000000E+00   0.000000E+00   0.000000E+00   0.000000E+00   0.000000E+00   0.000000E+00   0.000000E+00   0.000000E+00   0.000000E+00   0.000000E+00   0.000000E+00   0.000000E+00   0.850984E+00   0.820883E+03   0.405920E+04   0.129294E+05   0.316320E+05   0.597065E+05   0.862003E+05   0.938876E+05   0.746957E+05   0.414057E+05   0.151177E+05   0.323316E+04   0.110627E+03   0.579488E-04   0.467620E-04   0.599662E-05   0.000000E+00   0.000000E+00   0.000000E+00   0.000000E+00   0.466116E-05   0.000000E+00   0.174542E-01   0.387385E+00   0.248786E+01   0.116088E+02   0.416740E+02   0.120275E+03   0.287335E+03   0.580591E+03   0.100957E+04   0.153162E+04   0.204972E+04   0.244479E+04   0.262312E+04   0.255153E+04   0.226568E+04   0.184752E+04   0.139086E+04   0.971188E+03   0.631530E+03   0.383800E+03   0.218705E+03   0.117162E+03   0.591510E+02   0.282092E+02   0.127300E+02   0.544458E+01   0.221087E+01   0.853608E+00   0.313644E+00   0.109775E+00   0.366518E-01   0.116819E-01   0.355554E-02   0.103481E-02   0.288100E-03   0.981721E-04
 0.000000E+00   0.763477E-03   0.255289E-02   0.817736E-02   0.250911E-01   0.737496E-01   0.207657E+00   0.560079E+00   0.144710E+01   0.358163E+01   0.000000E+00   0.000000E+00   0.000000E+00   0.000000E+00   0.000000E+00   0.000000E+00   0.000000E+00   0.119444E+01   0.000000E+00   0.000000E+00   0.000000E+00   0.000000E+00   0.452256E-01   0.000000E+00   0.000000E+00   0.000000E+00   0.000000E+00   0.000000E+00   0.000000E+00   0.300295E+00   0.000000E+00   0.000000E+00   0.000000E+00   0.000000E+00   0.000000E+00   0.000000E+00   0.000000E+00   0.000000E+00   0.000000E+00   0.000000E+00   0.000000E+00   0.213820E-01   0.000000E+00   0.000000E+00   0.000000E+00   0.000000E+00   0.000000E+00   0.000000E+00   0.000000E+00   0.000000E+00   0.000000E+00   0.000000E+00   0.000000E+00   0.000000E+00   0.000000E+00   0.000000E+00   0.000000E+00   0.000000E+00   0.000000E+00   0.000000E+00   0.000000E+00   0.000000E+00   0.000000E+00   0.000000E+00   0.000000E+00   0.000000E+00   0.000000E+00   0.000000E+00   0.000000E+00   0.000000E+00   0.744854E+01   0.945207E+03   0.435389E+04   0.135320E+05   0.324962E+05   0.604627E+05   0.863391E+05   0.932445E+05   0.737214E+05   0.406616E+05   0.147831E+05   0.314843E+04   0.104076E+03   0.579488E-04   0.467620E-04   0.599662E-05   0.000000E+00   0.000000E+00   0.000000E+00   0.000000E+00   0.466116E-05   0.000000E+00   0.165434E-01   0.380447E+00   0.245084E+01   0.114615E+02   0.412229E+02   0.119173E+03   0.285144E+03   0.576995E+03   0.100467E+04   0.152613E+04   0.204484E+04   0.244170E+04   0.262255E+04   0.255346E+04   0.226944E+04   0.185214E+04   0.139541E+04   0.975064E+03   0.634464E+03   0.385813E+03   0.219970E+03   0.117896E+03   0.595475E+02   0.284090E+02   0.128244E+02   0.548646E+01   0.222837E+01   0.860526E+00   0.316229E+00   0.110690E+00   0.369590E-01   0.117801E-01   0.358531E-02   0.104343E-02   0.290469E-03   0.989988E-04
 0.000000E+00   0.763477E-03   0.255289E-02   0.817736E-02   0.250911E-01   0.737496E-01   0.207657E+00   0.560079E+00   0.144710E+01   0.358163E+01   0.000000E+00   0.000000E+00   0.000000E+00   0.000000E+00   0.000000E+00   0.000000E+00   0.000000E+00   0.119444E+01   0.000000E+00   0.000000E+00   0.000000E+00   0.000000E+00   0.452256E-01   0.000000E+00   0.000000E+00   0.000000E+00   0.000000E+00   0.000000E+00   0.000000E+00   0.300295E+00   0.000000E+00   0.000000E+00   0.000000E+00   0.000000E+00   0.000000E+00   0.000000E+00   0.000000E+00   0.000000E+00   0.000000E+00   0.000000E+00   0.000000E+00   0.213820E-01   0.000000E+00   0.000000E+00   0.000000E+00   0.000000E+00   0.000000E+00   0.000000E+00   0.000000E+00   0.000000E+00   0.000000E+00   0.000000E+00   0.000000E+00   0.000000E+00   0.000000E+00   0.000000E+00   0.000000E+00   0.000000E+00   0.000000E+00   0.000000E+00   0.000000E+00   0.000000E+00   0.000000E+00   0.000000E+00   0.000000E+00   0.000000E+00   0.000000E+00   0.000000E+00   0.000000E+00   0.000000E+00   0.208129E+02   0.107557E+04   0.466218E+04   0.141483E+05   0.333621E+05   0.612018E+05   0.864534E+05   0.925869E+05   0.727478E+05   0.399253E+05   0.144533E+05   0.306443E+04   0.976594E+02   0.579488E-04   0.467620E-04   0.599662E-05   0.000000E+00   0.000000E+00   0.000000E+00   0.000000E+00   0.466116E-05   0.000000E+00   0.156626E-01   0.373633E+00   0.241446E+01   0.113164E+02   0.407776E+02   0.118083E+03   0.282972E+03   0.573425E+03   0.999799E+03   0.152067E+04   0.203997E+04   0.243860E+04   0.262195E+04   0.255536E+04   0.227317E+04   0.185674E+04   0.139996E+04   0.978938E+03   0.637400E+03   0.387828E+03   0.221237E+03   0.118633E+03   0.599453E+02   0.286095E+02   0.129191E+02   0.552854E+01   0.224597E+01   0.867479E+00   0.318827E+00   0.111610E+00   0.372680E-01   0.118788E-01   0.361526E-02   0.105209E-02   0.292852E-03   0.998302E-04
 0.000000E+00   0.763477E-03   0.255289E-02   0.817736E-02   0.250911E-01   0.737496E-01   0.207657E+00   0.560079E+00   0.144710E+01   0.358163E+01   0.000000E+00   0.000000E+00   0.000000E+00   0.000000E+00   0.000000E+00   0.000000E+00   0.000000E+00   0.119444E+01   0.000000E+00   0.000000E+00   0.000000E+00   0.000000E+00   0.452256E-01   0.000000E+00   0.000000E+00   0.000000E+00   0.000000E+00   0.000000E+00   0.000000E+00   0.300295E+00   0.000000E+00   0.000000E+00   0.000000E+00   0.000000E+00   0.000000E+00   0.000000E+00   0.000000E+00   0.000000E+00   0.000000E+00   0.000000E+00   0.000000E+00   0.213820E-01   0.000000E+00   0.000000E+00   0.000000E+00   0.000000E+00   0.000000E+00   0.000000E+00   0.000000E+00   0.000000E+00   0.000000E+00   0.000000E+00   0.000000E+00   0.000000E+00   0.000000E+00   0.000000E+00   0.000000E+00   0.000000E+00   0.000000E+00   0.000000E+00   0.000000E+00   0.000000E+00   0.000000E+00   0.000000E+00   0.000000E+00   0.000000E+00   0.000000E+00   0.000000E+00   0.000000E+00   0.000000E+00   0.412367E+02   0.121245E+04   0.498438E+04   0.147781E+05   0.342291E+05   0.619236E+05   0.865432E+05   0.919153E+05   0.717748E+05   0.391966E+05   0.141283E+05   0.298113E+04   0.913791E+02   0.579488E-04   0.467620E-04   0.599662E-05   0.000000E+00   0.000000E+00   0.000000E+00   0.000000E+00   0.466116E-05   0.000000E+00   0.148117E-01   0.366942E+00   0.237872E+01   0.111735E+02   0.403382E+02   0.117005E+03   0.280820E+03   0.569881E+03   0.994955E+03   0.151522E+04   0.203509E+04   0.243549E+04   0.262132E+04   0.255723E+04   0.227689E+04   0.186132E+04   0.140450E+04   0.982808E+03   0.640336E+03   0.389846E+03   0.222507E+03   0.119372E+03   0.603443E+02   0.288108E+02   0.130143E+02   0.557080E+01   0.226365E+01   0.874466E+00   0.321439E+00   0.112536E+00   0.375787E-01   0.119781E-01   0.364538E-02   0.106080E-02   0.295249E-03   0.100666E-03
 0.000000E+00   0.763477E-03   0.255289E-02   0.817736E-02   0.250911E-01   0.737496E-01   0.207657E+00   0.560079E+00   0.144710E+01   0.358163E+01   0.000000E+00   0.000000E+00   0.000000E+00   0.000000E+00   0.000000E+00   0.000000E+00   0.000000E+00   0.119444E+01   0.000000E+00   0.000000E+00   0.000000E+00   0.000000E+00   0.452256E-01   0.000000E+00   0.000000E+00   0.000000E+00   0.000000E+00   0.000000E+00   0.000000E+00   0.300295E+00   0.000000E+00   0.000000E+00   0.000000E+00   0.000000E+00   0.000000E+00   0.000000E+00   0.000000E+00   0.000000E+00   0.000000E+00   0.000000E+00   0.000000E+00   0.213820E-01   0.000000E+00   0.000000E+00   0.000000E+00   0.000000E+00   0.000000E+00   0.000000E+00   0.000000E+00   0.000000E+00   0.000000E+00   0.000000E+00   0.000000E+00   0.000000E+00   0.000000E+00   0.000000E+00   0.000000E+00   0.000000E+00   0.000000E+00   0.000000E+00   0.000000E+00   0.000000E+00   0.000000E+00   0.000000E+00   0.000000E+00   0.000000E+00   0.000000E+00   0.000000E+00   0.000000E+00   0.000000E+00   0.690305E+02   0.135634E+04   0.532075E+04   0.154211E+05   0.350966E+05   0.626277E+05   0.866087E+05   0.912300E+05   0.708025E+05   0.384754E+05   0.138079E+05   0.289852E+04   0.852379E+02   0.579488E-04   0.467620E-04   0.599662E-05   0.000000E+00   0.000000E+00   0.000000E+00   0.000000E+00   0.466116E-05   0.000000E+00   0.139906E-01   0.360375E+00   0.234361E+01   0.110328E+02   0.399045E+02   0.115940E+03   0.278688E+03   0.566363E+03   0.990139E+03   0.150979E+04   0.203022E+04   0.243236E+04   0.262068E+04   0.255907E+04   0.228057E+04   0.186589E+04   0.140903E+04   0.986675E+03   0.643273E+03   0.391865E+03   0.223779E+03   0.120112E+03   0.607446E+02   0.290128E+02   0.131098E+02   0.561324E+01   0.228141E+01   0.881488E+00   0.324065E+00   0.113466E+00   0.378911E-01   0.120780E-01   0.367566E-02   0.106956E-02   0.297659E-03   0.101507E-03
 0.000000E+00   0.763477E-03   0.255289E-02   0.817736E-02   0.250911E-01   0.737496E-01   0.207657E+00   0.560079E+00   0.144710E+01   0.358163E+01   0.000000E+00   0.000000E+00   0.000000E+00   0.000000E+00   0.000000E+00   0.000000E+00   0.000000E+00   0.119444E+01   0.000000E+00   0.000000E+00   0.000000E+00   0.000000E+00   0.452256E-01   0.000000E+00   0.000000E+00   0.000000E+00   0.000000E+00   0.000000E+00   0.000000E+00   0.300295E+00   0.000000E+00   0.000000E+00   0.000000E+00   0.000000E+00   0.000000E+00   0.000000E+00   0.000000E+00   0.000000E+00   0.000000E+00   0.000000E+00   0.000000E+00   0.213820E-01   0.000000E+00   0.000000E+00   0.000000E+00   0.000000E+00   0.000000E+00   0.000000E+00   0.000000E+00   0.000000E+00   0.000000E+00   0.000000E+00   0.000000E+00   0.000000E+00   0.000000E+00   0.000000E+00   0.000000E+00   0.000000E+00   0.000000E+00   0.000000E+00   0.000000E+00   0.000000E+00   0.000000E+00   0.000000E+00   0.000000E+00   0.000000E+00   0.000000E+00   0.000000E+00   0.000000E+00   0.000000E+00   0.104530E+03   0.150777E+04   0.567151E+04   0.160770E+05   0.359638E+05   0.633138E+05   0.866499E+05   0.905312E+05   0.698309E+05   0.377615E+05   0.134920E+05   0.281658E+04   0.792389E+02   0.579488E-04   0.467620E-04   0.599662E-05   0.000000E+00   0.000000E+00   0.000000E+00   0.000000E+00   0.466116E-05   0.000000E+00   0.131989E-01   0.353930E+00   0.230914E+01   0.108943E+02   0.394768E+02   0.114886E+03   0.276578E+03   0.562873E+03   0.985351E+03   0.150438E+04   0.202535E+04   0.242922E+04   0.262000E+04   0.256088E+04   0.228423E+04   0.187044E+04   0.141354E+04   0.990537E+03   0.646209E+03   0.393886E+03   0.225054E+03   0.120855E+03   0.611459E+02   0.292155E+02   0.132057E+02   0.565587E+01   0.229925E+01   0.888545E+00   0.326704E+00   0.114402E+00   0.382052E-01   0.121785E-01   0.370612E-02   0.107837E-02   0.300082E-03   0.102353E-03
 0.000000E+00   0.763477E-03   0.255289E-02   0.817736E-02   0.250911E-01   0.737496E-01   0.207657E+00   0.560079E+00   0.144710E+01   0.358163E+01   0.000000E+00   0.000000E+00   0.000000E+00   0.000000E+00   0.000000E+00   0.000000E+00   0.000000E+00   0.119444E+01   0.000000E+00   0.000000E+00   0.000000E+00   0.000000E+00   0.452256E-01   0.000000E+00   0.000000E+00   0.000000E+00   0.000000E+00   0.000000E+00   0.000000E+00   0.300295E+00   0.000000E+00   0.000000E+00   0.000000E+00   0.000000E+00   0.000000E+00   0.000000E+00   0.000000E+00   0.000000E+00   0.000000E+00   0.000000E+00   0.000000E+00   0.213820E-01   0.000000E+00   0.000000E+00   0.000000E+00   0.000000E+00   0.000000E+00   0.000000E+00   0.000000E+00   0.000000E+00   0.000000E+00   0.000000E+00   0.000000E+00   0.000000E+00   0.000000E+00   0.000000E+00   0.000000E+00   0.000000E+00   0.000000E+00   0.000000E+00   0.000000E+00   0.000000E+00   0.000000E+00   0.000000E+00   0.000000E+00   0.000000E+00   0.000000E+00   0.000000E+00   0.000000E+00   0.000000E+00   0.148102E+03   0.166725E+04   0.603688E+04   0.167455E+05   0.368303E+05   0.639815E+05   0.866670E+05   0.898193E+05   0.688600E+05   0.370546E+05   0.131805E+05   0.273530E+04   0.733863E+02   0.579488E-04   0.467620E-04   0.599662E-05   0.000000E+00   0.000000E+00   0.000000E+00   0.000000E+00   0.466116E-05   0.000000E+00   0.124365E-01   0.347608E+00   0.227531E+01   0.107580E+02   0.390549E+02   0.113846E+03   0.274488E+03   0.559411E+03   0.980591E+03   0.149900E+04   0.202049E+04   0.242607E+04   0.261930E+04   0.256265E+04   0.228786E+04   0.187496E+04   0.141805E+04   0.994394E+03   0.649145E+03   0.395909E+03   0.226330E+03   0.121598E+03   0.615484E+02   0.294188E+02   0.133019E+02   0.569867E+01   0.231717E+01   0.895634E+00   0.329356E+00   0.115342E+00   0.385210E-01   0.122794E-01   0.373674E-02   0.108723E-02   0.302520E-03   0.103203E-03
 0.000000E+00   0.763477E-03   0.255289E-02   0.817736E-02   0.250911E-01   0.737496E-01   0.207657E+00   0.560079E+00   0.144710E+01   0.358163E+01   0.000000E+00   0.000000E+00   0.000000E+00   0.000000E+00   0.000000E+00   0.000000E+00   0.000000E+00   0.119444E+01   0.000000E+00   0.000000E+00   0.000000E+00   0.000000E+00   0.452256E-01   0.000000E+00   0.000000E+00   0.000000E+00   0.000000E+00   0.000000E+00   0.000000E+00   0.300295E+00   0.000000E+00   0.000000E+00   0.000000E+00   0.000000E+00   0.000000E+00   0.000000E+00   0.000000E+00   0.000000E+00   0.000000E+00   0.000000E+00   0.000000E+00   0.213820E-01   0.000000E+00   0.000000E+00   0.000000E+00   0.000000E+00   0.000000E+00   0.000000E+00   0.000000E+00   0.000000E+00   0.000000E+00   0.000000E+00   0.000000E+00   0.000000E+00   0.000000E+00   0.000000E+00   0.000000E+00   0.000000E+00   0.000000E+00   0.000000E+00   0.000000E+00   0.000000E+00   0.000000E+00   0.000000E+00   0.000000E+00   0.000000E+00   0.000000E+00   0.000000E+00   0.000000E+00   0.000000E+00   0.200149E+03   0.183533E+04   0.641704E+04   0.174264E+05   0.376953E+05   0.646307E+05   0.866601E+05   0.890945E+05   0.678899E+05   0.363545E+05   0.128734E+05   0.265465E+04   0.676848E+02   0.579488E-04   0.467620E-04   0.599662E-05   0.000000E+00   0.000000E+00   0.000000E+00   0.000000E+00   0.466116E-05   0.000000E+00   0.117031E-01   0.341408E+00   0.224212E+01   0.106239E+02   0.386390E+02   0.112817E+03   0.272419E+03   0.555978E+03   0.975862E+03   0.149363E+04   0.201564E+04   0.242291E+04   0.261858E+04   0.256440E+04   0.229146E+04   0.187947E+04   0.142254E+04   0.998246E+03   0.652080E+03   0.397933E+03   0.227608E+03   0.122344E+03   0.619520E+02   0.296228E+02   0.133985E+02   0.574164E+01   0.233517E+01   0.902757E+00   0.332022E+00   0.116287E+00   0.388384E-01   0.123809E-01   0.376753E-02   0.109614E-02   0.304970E-03   0.104058E-03
 0.000000E+00   0.763477E-03   0.255289E-02   0.817736E-02   0.250911E-01   0.737496E-01   0.207657E+00   0.560079E+00   0.144710E+01   0.358163E+01   0.000000E+00   0.000000E+00   0.000000E+00   0.000000E+00   0.000000E+00   0.000000E+00   0.000000E+00   0.119444E+01   0.000000E+00   0.000000E+00   0.000000E+00   0.000000E+00   0.452256E-01   0.000000E+00   0.000000E+00   0.000000E+00   0.000000E+00   0.000000E+00   0.000000E+00   0.300295E+00   0.000000E+00   0.000000E+00   0.000000E+00   0.000000E+00   0.000000E+00   0.000000E+00   0.000000E+00   0.000000E+00   0.000000E+00   0.000000E+00   0.000000E+00   0.213820E-01   0.000000E+00   0.000000E+00   0.000000E+00   0.000000E+00   0.000000E+00   0.000000E+00   0.000000E+00   0.000000E+00   0.000000E+00   0.000000E+00   0.000000E+00   0.000000E+00   0.000000E+00   0.000000E+00   0.000000E+00   0.000000E+00   0.000000E+00   0.000000E+00   0.000000E+00   0.000000E+00   0.000000E+00   0.000000E+00   0.000000E+00   0.000000E+00   0.000000E+00   0.000000E+00   0.000000E+00   0.000000E+00   0.261116E+03   0.201253E+04   0.681215E+04   0.181191E+05   0.385583E+05   0.652609E+05   0.866292E+05   0.883572E+05   0.669206E+05   0.356612E+05   0.125706E+05   0.257463E+04   0.621398E+02   0.579488E-04   0.467620E-04   0.599662E-05   0.000000E+00   0.000000E+00   0.000000E+00   0.000000E+00   0.466116E-05   0.000000E+00   0.109984E-01   0.335328E+00   0.220956E+01   0.104920E+02   0.382291E+02   0.111802E+03   0.270371E+03   0.552573E+03   0.971163E+03   0.148829E+04   0.201079E+04   0.241974E+04   0.261783E+04   0.256612E+04   0.229503E+04   0.188395E+04   0.142702E+04   0.100209E+04   0.655013E+03   0.399957E+03   0.228887E+03   0.123090E+03   0.623566E+02   0.298274E+02   0.134954E+02   0.578478E+01   0.235325E+01   0.909913E+00   0.334700E+00   0.117237E+00   0.391575E-01   0.124830E-01   0.379849E-02   0.110510E-02   0.307434E-03   0.104917E-03
 0.000000E+00   0.763477E-03   0.255289E-02   0.817736E-02   0.250911E-01   0.737496E-01   0.207657E+00   0.560079E+00   0.144710E+01   0.358163E+01   0.000000E+00   0.000000E+00   0.000000E+00   0.000000E+00   0.000000E+00   0.000000E+00   0.000000E+00   0.119444E+01   0.000000E+00   0.000000E+00   0.000000E+00   0.000000E+00   0.452256E-01   0.000000E+00   0.000000E+00   0.000000E+00   0.000000E+00   0.000000E+00   0.000000E+00   0.300295E+00   0.000000E+00   0.000000E+00   0.000000E+00   0.000000E+00   0.000000E+00   0.000000E+00   0.000000E+00   0.000000E+00   0.000000E+00   0.000000E+00   0.000000E+00   0.213820E-01   0.000000E+00   0.000000E+00   0.000000E+00   0.000000E+00   0.000000E+00   0.000000E+00   0.000000E+00   0.000000E+00   0.000000E+00   0.000000E+00   0.000000E+00   0.000000E+00   0.000000E+00   0.000000E+00   0.000000E+00   0.000000E+00   0.000000E+00   0.000000E+00   0.000000E+00   0.000000E+00   0.000000E+00   0.000000E+00   0.000000E+00   0.000000E+00   0.000000E+00   0.000000E+00   0.000000E+00   0.000000E+00   0.331487E+03   0.219938E+04   0.722233E+04   0.188235E+05   0.394185E+05   0.658719E+05   0.865745E+05   0.876076E+05   0.659521E+05   0.349743E+05   0.122721E+05   0.249523E+04   0.567574E+02   0.579488E-04   0.467620E-04   0.599662E-05   0.000000E+00   0.000000E+00   0.000000E+00   0.000000E+00   0.466116E-05   0.000000E+00   0.103221E-01   0.329370E+00   0.217764E+01   0.103624E+02   0.378252E+02   0.110799E+03   0.268346E+03   0.549198E+03   0.966495E+03   0.148297E+04   0.200595E+04   0.241655E+04   0.261706E+04   0.256781E+04   0.229857E+04   0.188841E+04   0.143148E+04   0.100593E+04   0.657945E+03   0.401983E+03   0.230168E+03   0.123838E+03   0.627622E+02   0.300326E+02   0.135927E+02   0.582809E+01   0.237140E+01   0.917101E+00   0.337391E+00   0.118191E+00   0.394782E-01   0.125856E-01   0.382961E-02   0.111410E-02   0.309910E-03   0.105781E-03
 0.000000E+00   0.763477E-03   0.255289E-02   0.817736E-02   0.250911E-01   0.737496E-01   0.207657E+00   0.560079E+00   0.144710E+01   0.358163E+01   0.000000E+00   0.000000E+00   0.000000E+00   0.000000E+00   0.000000E+00   0.000000E+00   0.000000E+00   0.119444E+01   0.000000E+00   0.000000E+00   0.000000E+00   0.000000E+00   0.452256E-01   0.000000E+00   0.000000E+00   0.000000E+00   0.000000E+00   0.000000E+00   0.000000E+00   0.300295E+00   0.000000E+00   0.000000E+00   0.000000E+00   0.000000E+00   0.000000E+00   0.000000E+00   0.000000E+00   0.000000E+00   0.000000E+00   0.000000E+00   0.000000E+00   0.213820E-01   0.000000E+00   0.000000E+00   0.000000E+00   0.000000E+00   0.000000E+00   0.000000E+00   0.000000E+00   0.000000E+00   0.000000E+00   0.000000E+00   0.000000E+00   0.000000E+00   0.000000E+00   0.000000E+00   0.000000E+00   0.000000E+00   0.000000E+00   0.000000E+00   0.000000E+00   0.000000E+00   0.000000E+00   0.000000E+00   0.000000E+00   0.000000E+00   0.000000E+00   0.000000E+00   0.000000E+00   0.000000E+00   0.411798E+03   0.239640E+04   0.764770E+04   0.195390E+05   0.402755E+05   0.664633E+05   0.864961E+05   0.868459E+05   0.649844E+05   0.342939E+05   0.119776E+05   0.241644E+04   0.515447E+02   0.579488E-04   0.467620E-04   0.599662E-05   0.000000E+00   0.000000E+00   0.000000E+00   0.000000E+00   0.466116E-05   0.000000E+00   0.967367E-02   0.323531E+00   0.214635E+01   0.102350E+02   0.374274E+02   0.109809E+03   0.266342E+03   0.545853E+03   0.961859E+03   0.147768E+04   0.200112E+04   0.241336E+04   0.261626E+04   0.256946E+04   0.230209E+04   0.189285E+04   0.143593E+04   0.100976E+04   0.660875E+03   0.404008E+03   0.231450E+03   0.124588E+03   0.631687E+02   0.302384E+02   0.136903E+02   0.587157E+01   0.238963E+01   0.924320E+00   0.340094E+00   0.119150E+00   0.398006E-01   0.126887E-01   0.386089E-02   0.112316E-02   0.312400E-03   0.106649E-03
 0.000000E+00   0.763477E-03   0.255289E-02   0.817736E-02   0.250911E-01   0.737496E-01   0.207657E+00   0.560079E+00   0.144710E+01   0.358163E+01   0.000000E+00   0.000000E+00   0.000000E+00   0.000000E+00   0.000000E+00   0.000000E+00   0.000000E+00   0.119444E+01   0.000000E+00   0.000000E+00   0.000000E+00   0.000000E+00   0.452256E-01   0.000000E+00   0.000000E+00   0.000000E+00   0.000000E+00   0.000000E+00   0.000000E+00   0.300295E+00   0.000000E+00   0.000000E+00   0.000000E+00   0.000000E+00   0.000000E+00   0.000000E+00   0.000000E+00   0.000000E+00   0.000000E+00   0.000000E+00   0.000000E+00   0.213820E-01   0.000000E+00   0.000000E+00   0.000000E+00   0.000000E+00   0.000000E+00   0.000000E+00   0.000000E+00   0.000000E+00   0.000000E+00   0.000000E+00   0.000000E+00   0.000000E+00   0.000000E+00   0.000000E+00   0.000000E+00   0.000000E+00   0.000000E+00   0.000000E+00   0.000000E+00   0.000000E+00   0.000000E+00   0.000000E+00   0.000000E+00   0.000000E+00   0.000000E+00   0.000000E+00   0.000000E+00   0.000000E+00   0.502629E+03   0.260409E+04   0.808834E+04   0.202653E+05   0.411285E+05   0.670349E+05   0.863940E+05   0.860724E+05   0.640178E+05   0.336197E+05   0.116873E+05   0.233825E+04   0.465094E+02   0.579488E-04   0.467620E-04   0.599662E-05   0.000000E+00   0.000000E+00   0.000000E+00   0.000000E+00   0.466116E-05   0.000000E+00   0.905285E-02   0.317812E+00   0.211569E+01   0.101098E+02   0.370355E+02   0.108832E+03   0.264361E+03   0.542538E+03   0.957257E+03   0.147241E+04   0.199630E+04   0.241016E+04   0.261544E+04   0.257108E+04   0.230557E+04   0.189726E+04   0.144037E+04   0.101359E+04   0.663801E+03   0.406034E+03   0.232733E+03   0.125338E+03   0.635761E+02   0.304448E+02   0.137882E+02   0.591520E+01   0.240793E+01   0.931570E+00   0.342810E+00   0.120114E+00   0.401245E-01   0.127923E-01   0.389234E-02   0.113225E-02   0.314903E-03   0.107522E-03
 0.000000E+00   0.763477E-03   0.255289E-02   0.817736E-02   0.250911E-01   0.737496E-01   0.207657E+00   0.560079E+00   0.144710E+01   0.358163E+01   0.000000E+00   0.000000E+00   0.000000E+00   0.000000E+00   0.000000E+00   0.000000E+00   0.000000E+00   0.119444E+01   0.000000E+00   0.000000E+00   0.000000E+00   0.000000E+00   0.452256E-01   0.000000E+00   0.000000E+00   0.000000E+00   0.000000E+00   0.000000E+00   0.000000E+00   0.300295E+00   0.000000E+00   0.000000E+00   0.000000E+00   0.000000E+00   0.000000E+00   0.000000E+00   0.000000E+00   0.000000E+00   0.000000E+00   0.000000E+00   0.000000E+00   0.213820E-01   0.000000E+00   0.000000E+00   0.000000E+00   0.000000E+00   0.000000E+00   0.000000E+00   0.000000E+00   0.000000E+00   0.000000E+00   0.000000E+00   0.000000E+00   0.000000E+00   0.000000E+00   0.000000E+00   0.000000E+00   0.000000E+00   0.000000E+00   0.000000E+00   0.000000E+00   0.000000E+00   0.000000E+00   0.000000E+00   0.000000E+00   0.000000E+00   0.000000E+00   0.000000E+00   0.000000E+00   0.291151E+00   0.604321E+03   0.282294E+04   0.854430E+04   0.210020E+05   0.419769E+05   0.675864E+05   0.862683E+05   0.852872E+05   0.630521E+05   0.329516E+05   0.114010E+05   0.226065E+04   0.416601E+02   0.579488E-04   0.467620E-04   0.599662E-05   0.000000E+00   0.000000E+00   0.000000E+00   0.000000E+00   0.466116E-05   0.000000E+00   0.845918E-02   0.312211E+00   0.208566E+01   0.998681E+01   0.366498E+02   0.107868E+03   0.262402E+03   0.539254E+03   0.952687E+03   0.146717E+04   0.199149E+04   0.240694E+04   0.261459E+04   0.257268E+04   0.230902E+04   0.190165E+04   0.144479E+04   0.101740E+04   0.666725E+03   0.408060E+03   0.234018E+03   0.126090E+03   0.639844E+02   0.306517E+02   0.138864E+02   0.595898E+01   0.242630E+01   0.938851E+00   0.345538E+00   0.121082E+00   0.404500E-01   0.128965E-01   0.392394E-02   0.114140E-02   0.317419E-03   0.108400E-03
 0.000000E+00   0.763477E-03   0.255289E-02   0.817736E-02   0.250911E-01   0.737496E-01   0.207657E+00   0.560079E+00   0.144710E+01   0.358163E+01   0.000000E+00   0.000000E+00   0.000000E+00   0.000000E+00   0.000000E+00   0.000000E+00   0.000000E+00   0.119444E+01   0.000000E+00   0.000000E+00   0.000000E+00   0.000000E+00   0.452256E-01   0.000000E+00   0.000000E+00   0.000000E+00   0.000000E+00   0.000000E+00   0.000000E+00   0.300295E+00   0.000000E+00   0.000000E+00   0.000000E+00   0.000000E+00   0.000000E+00   0.000000E+00   0.000000E+00   0.000000E+00   0.000000E+00   0.000000E+00   0.000000E+00   0.213820E-01   0.000000E+00   0.000000E+00   0.000000E+00   0.000000E+00   0.000000E+00   0.000000E+00   0.000000E+00   0.000000E+00   0.000000E+00   0.000000E+00   0.000000E+00   0.000000E+00   0.000000E+00   0.000000E+00   0.000000E+00   0.000000E+00   0.000000E+00   0.000000E+00   0.000000E+00   0.000000E+00   0.000000E+00   0.000000E+00   0.000000E+00   0.000000E+00   0.000000E+00   0.000000E+00   0.000000E+00   0.584744E+01   0.712583E+03   0.305344E+04   0.901560E+04   0.217487E+05   0.428200E+05   0.681172E+05   0.861193E+05   0.844907E+05   0.620874E+05   0.322895E+05   0.111188E+05   0.218365E+04   0.370063E+02   0.579488E-04   0.467620E-04   0.599662E-05   0.000000E+00   0.000000E+00   0.000000E+00   0.000000E+00   0.466116E-05   0.000000E+00   0.789221E-02   0.306728E+00   0.205625E+01   0.986606E+01   0.362702E+02   0.106918E+03   0.260465E+03   0.536002E+03   0.948152E+03   0.146195E+04   0.198669E+04   0.240373E+04   0.261372E+04   0.257423E+04   0.231243E+04   0.190601E+04   0.144919E+04   0.102121E+04   0.669645E+03   0.410085E+03   0.235302E+03   0.126843E+03   0.643934E+02   0.308591E+02   0.139849E+02   0.600291E+01   0.244474E+01   0.946162E+00   0.348278E+00   0.122055E+00   0.407770E-01   0.130011E-01   0.395570E-02   0.115059E-02   0.319947E-03   0.109282E-03
 0.000000E+00   0.763477E-03   0.255289E-02   0.817736E-02   0.250911E-01   0.737496E-01   0.207657E+00   0.560079E+00   0.144710E+01   0.358163E+01   0.000000E+00   0.000000E+00   0.000000E+00   0.000000E+00   0.000000E+00   0.000000E+00   0.000000E+00   0.119444E+01   0.000000E+00   0.000000E+00   0.000000E+00   0.000000E+00   0.452256E-01   0.000000E+00   0.000000E+00   0.000000E+00   0.000000E+00   0.000000E+00   0.000000E+00   0.300295E+00   0.000000E+00   0.000000E+00   0.000000E+00   0.000000E+00   0.000000E+00   0.000000E+00   0.000000E+00   0.000000E+00   0.000000E+00   0.000000E+00   0.000000E+00   0.213820E-01   0.000000E+00   0.000000E+00   0.000000E+00   0.000000E+00   0.000000E+00   0.000000E+00   0.000000E+00   0.000000E+00   0.000000E+00   0.000000E+00   0.000000E+00   0.000000E+00   0.000000E+00   0.000000E+00   0.000000E+00   0.000000E+00   0.000000E+00   0.000000E+00   0.000000E+00   0.000000E+00   0.000000E+00   0.000000E+00   0.000000E+00   0.000000E+00   0.000000E+00   0.000000E+00   0.000000E+00   0.187349E+02   0.826093E+03   0.329603E+04   0.950228E+04   0.225048E+05   0.436574E+05   0.686242E+05   0.859498E+05   0.836829E+05   0.611238E+05   0.316332E+05   0.108405E+05   0.210723E+04   0.325576E+02   0.579488E-04   0.467620E-04   0.599662E-05   0.000000E+00   0.000000E+00   0.000000E+00   0.000000E+00   0.466116E-05   0.000000E+00   0.735152E-02   0.301363E+00   0.202747E+01   0.974754E+01   0.358966E+02   0.105980E+03   0.258552E+03   0.532781E+03   0.943652E+03   0.145677E+04   0.198190E+04   0.240050E+04   0.261282E+04   0.257576E+04   0.231582E+04   0.191034E+04   0.145357E+04   0.102500E+04   0.672560E+03   0.412109E+03   0.236588E+03   0.127596E+03   0.648032E+02   0.310670E+02   0.140837E+02   0.604700E+01   0.246325E+01   0.953502E+00   0.351029E+00   0.123032E+00   0.411056E-01   0.131063E-01   0.398762E-02   0.115983E-02   0.322488E-03   0.110168E-03
 0.000000E+00   0.763477E-03   0.255289E-02   0.817736E-02   0.250911E-01   0.737496E-01   0.207657E+00   0.560079E+00   0.144710E+01   0.358163E+01   0.000000E+00   0.000000E+00   0.000000E+00   0.000000E+00   0.000000E+00   0.000000E+00   0.000000E+00   0.119444E+01   0.000000E+00   0.000000E+00   0.000000E+00   0.000000E+00   0.452256E-01   0.000000E+00   0.000000E+00   0.000000E+00   0.000000E+00   0.000000E+00   0.000000E+00   0.300295E+00   0.000000E+00   0.000000E+00   0.000000E+00   0.000000E+00   0.000000E+00   0.000000E+00   0.000000E+00   0.000000E+00   0.000000E+00   0.000000E+00   0.000000E+00   0.213820E-01   0.000000E+00   0.000000E+00   0.000000E+00   0.000000E+00   0.000000E+00   0.000000E+00   0.000000E+00   0.000000E+00   0.000000E+00   0.000000E+00   0.000000E+00   0.000000E+00   0.000000E+00   0.000000E+00   0.000000E+00   0.000000E+00   0.000000E+00   0.000000E+00   0.000000E+00   0.000000E+00   0.000000E+00   0.000000E+00   0.000000E+00   0.000000E+00   0.000000E+00   0.000000E+00   0.000000E+00   0.393103E+02   0.945280E+03   0.355117E+04   0.100043E+05   0.232699E+05   0.444885E+05   0.691099E+05   0.857572E+05   0.828642E+05   0.601615E+05   0.309827E+05   0.105660E+05   0.203139E+04   0.283259E+02   0.579488E-04   0.467620E-04   0.599662E-05   0.000000E+00   0.000000E+00   0.000000E+00   0.000000E+00   0.466116E-05   0.000000E+00   0.683656E-02   0.296115E+00   0.199931E+01   0.963124E+01   0.355292E+02   0.105056E+03   0.256662E+03   0.529593E+03   0.939188E+03   0.145161E+04   0.197713E+04   0.239727E+04   0.261190E+04   0.257725E+04   0.231917E+04   0.191465E+04   0.145794E+04   0.102879E+04   0.675472E+03   0.414132E+03   0.237874E+03   0.128350E+03   0.652137E+02   0.312754E+02   0.141828E+02   0.609122E+01   0.248183E+01   0.960871E+00   0.353793E+00   0.124013E+00   0.414357E-01   0.132120E-01   0.401970E-02   0.116911E-02   0.325042E-03   0.111059E-03
 0.000000E+00   0.763477E-03   0.255289E-02   0.817736E-02   0.250911E-01   0.737496E-01   0.207657E+00   0.560079E+00   0.144710E+01   0.358163E+01   0.000000E+00   0.000000E+00   0.000000E+00   0.000000E+00   0.000000E+00   0.000000E+00   0.000000E+00   0.119444E+01   0.000000E+00   0.000000E+00   0.000000E+00   0.000000E+00   0.452256E-01   0.000000E+00   0.000000E+00   0.000000E+00   0.000000E+00   0.000000E+00   0.000000E+00   0.300295E+00   0.000000E+00   0.000000E+00   0.000000E+00   0.000000E+00   0.000000E+00   0.000000E+00   0.000000E+00   0.000000E+00   0.000000E+00   0.000000E+00   0.000000E+00   0.213820E-01   0.000000E+00   0.000000E+00   0.000000E+00   0.000000E+00   0.000000E+00   0.000000E+00   0.000000E+00   0.000000E+00   0.000000E+00   0.000000E+00   0.000000E+00   0.000000E+00   0.000000E+00   0.000000E+00   0.000000E+00   0.000000E+00   0.000000E+00   0.000000E+00   0.000000E+00   0.000000E+00   0.000000E+00   0.000000E+00   0.000000E+00   0.000000E+00   0.000000E+00   0.000000E+00   0.000000E+00   0.679417E+02   0.107062E+04   0.381925E+04   0.105216E+05   0.240434E+05   0.453125E+05   0.695740E+05   0.855413E+05   0.820347E+05   0.592004E+05   0.303380E+05   0.102955E+05   0.195614E+04   0.243236E+02   0.579488E-04   0.467620E-04   0.599662E-05   0.000000E+00   0.000000E+00   0.000000E+00   0.000000E+00   0.466116E-05   0.000000E+00   0.634677E-02   0.290982E+00   0.197177E+01   0.951716E+01   0.351680E+02   0.104145E+03   0.254795E+03   0.526438E+03   0.934761E+03   0.144648E+04   0.197237E+04   0.239403E+04   0.261096E+04   0.257871E+04   0.232248E+04   0.191893E+04   0.146228E+04   0.103256E+04   0.678378E+03   0.416153E+03   0.239160E+03   0.129105E+03   0.656249E+02   0.314843E+02   0.142821E+02   0.613558E+01   0.250047E+01   0.968268E+00   0.356567E+00   0.124999E+00   0.417673E-01   0.133181E-01   0.405192E-02   0.117844E-02   0.327608E-03   0.111954E-03
 0.000000E+00   0.763477E-03   0.255289E-02   0.817736E-02   0.250911E-01   0.737496E-01   0.207657E+00   0.560079E+00   0.144710E+01   0.358163E+01   0.000000E+00   0.000000E+00   0.000000E+00   0.000000E+00   0.000000E+00   0.000000E+00   0.000000E+00   0.119444E+01   0.000000E+00   0.000000E+00   0.000000E+00   0.000000E+00   0.452256E-01   0.000000E+00   0.000000E+00   0.000000E+00   0.000000E+00   0.000000E+00   0.000000E+00   0.300295E+00   0.000000E+00   0.000000E+00   0.000000E+00   0.000000E+00   0.000000E+00   0.000000E+00   0.000000E+00   0.000000E+00   0.000000E+00   0.000000E+00   0.000000E+00   0.213820E-01   0.000000E+00   0.000000E+00   0.000000E+00   0.000000E+00   0.000000E+00   0.000000E+00   0.000000E+00   0.000000E+00   0.000000E+00   0.000000E+00   0.000000E+00   0.000000E+00   0.000000E+00   0.000000E+00   0.000000E+00   0.000000E+00   0.000000E+00   0.000000E+00   0.000000E+00   0.000000E+00   0.000000E+00   0.000000E+00   0.000000E+00   0.000000E+00   0.000000E+00   0.000000E+00   0.000000E+00   0.105019E+03   0.120262E+04   0.410067E+04   0.110541E+05   0.248248E+05   0.461288E+05   0.700162E+05   0.853024E+05   0.811946E+05   0.582407E+05   0.296988E+05   0.100289E+05   0.188147E+04   0.205642E+02   0.579488E-04   0.467620E-04   0.599662E-05   0.000000E+00   0.000000E+00   0.000000E+00   0.000000E+00   0.466116E-05   0.000000E+00   0.588161E-02   0.285964E+00   0.194484E+01   0.940527E+01   0.348128E+02   0.103248E+03   0.252952E+03   0.523315E+03   0.930370E+03   0.144139E+04   0.196762E+04   0.239078E+04   0.260999E+04   0.258013E+04   0.232577E+04   0.192318E+04   0.146661E+04   0.103633E+04   0.681279E+03   0.418173E+03   0.240446E+03   0.129861E+03   0.660366E+02   0.316935E+02   0.143817E+02   0.618007E+01   0.251918E+01   0.975693E+00   0.359353E+00   0.125988E+00   0.421004E-01   0.134247E-01   0.408430E-02   0.118781E-02   0.330187E-03   0.112853E-03
 0.000000E+00   0.763477E-03   0.255289E-02   0.817736E-02   0.250911E-01   0.737496E-01   0.207657E+00   0.560079E+00   0.144710E+01   0.358163E+01   0.000000E+00   0.000000E+00   0.000000E+00   0.000000E+00   0.000000E+00   0.000000E+00   0.000000E+00   0.119444E+01   0.000000E+00   0.000000E+00   0.000000E+00   0.000000E+00   0.452256E-01   0.000000E+00   0.000000E+00   0.000000E+00   0.000000E+00   0.000000E+00   0.000000E+00   0.300295E+00   0.000000E+00   0.000000E+00   0.000000E+00   0.000000E+00   0.000000E+00   0.000000E+00   0.000000E+00   0.000000E+00   0.000000E+00   0.000000E+00   0.000000E+00   0.213820E-01   0.000000E+00   0.000000E+00   0.000000E+00   0.000000E+00   0.000000E+00   0.000000E+00   0.000000E+00   0.000000E+00   0.000000E+00   0.000000E+00   0.000000E+00   0.000000E+00   0.000000E+00   0.000000E+00   0.000000E+00   0.000000E+00   0.000000E+00   0.000000E+00   0.000000E+00   0.000000E+00   0.000000E+00   0.000000E+00   0.000000E+00   0.000000E+00   0.000000E+00   0.000000E+00   0.000000E+00   0.150965E+03   0.134181E+04   0.439579E+04   0.116018E+05   0.256136E+05   0.469365E+05   0.704364E+05   0.850405E+05   0.803441E+05   0.572825E+05   0.290652E+05   0.976606E+04   0.180738E+04   0.170618E+02   0.579488E-04   0.467620E-04   0.599662E-05   0.000000E+00   0.000000E+00   0.000000E+00   0.000000E+00   0.466116E-05   0.000000E+00   0.544049E-02   0.281059E+00   0.191851E+01   0.929559E+01   0.344637E+02   0.102364E+03   0.251132E+03   0.520226E+03   0.926017E+03   0.143632E+04   0.196290E+04   0.238753E+04   0.260900E+04   0.258152E+04   0.232901E+04   0.192740E+04   0.147091E+04   0.104008E+04   0.684174E+03   0.420191E+03   0.241732E+03   0.130617E+03   0.664489E+02   0.319032E+02   0.144815E+02   0.622470E+01   0.253795E+01   0.983145E+00   0.362149E+00   0.126982E+00   0.424349E-01   0.135319E-01   0.411683E-02   0.119722E-02   0.332777E-03   0.113756E-03
 0.000000E+00   0.763477E-03   0.255289E-02   0.817736E-02   0.250911E-01   0.737496E-01   0.207657E+00   0.560079E+00   0.144710E+01   0.358163E+01   0.000000E+00   0.000000E+00   0.000000E+00   0.000000E+00   0.000000E+00   0.000000E+00   0.000000E+00   0.119444E+01   0.000000E+00   0.000000E+00   0.000000E+00   0.000000E+00   0.452256E-01   0.000000E+00   0.000000E+00   0.000000E+00   0.000000E+00   0.000000E+00   0.000000E+00   0.300295E+00   0.000000E+00   0.000000E+00   0.000000E+00   0.000000E+00   0.000000E+00   0.000000E+00   0.000000E+00   0.000000E+00   0.000000E+00   0.000000E+00   0.000000E+00   0.213820E-01   0.000000E+00   0.000000E+00   0.000000E+00   0.000000E+00   0.000000E+00   0.000000E+00   0.000000E+00   0.000000E+00   0.000000E+00   0.000000E+00   0.000000E+00   0.000000E+00   0.000000E+00   0.000000E+00   0.000000E+00   0.000000E+00   0.000000E+00   0.000000E+00   0.000000E+00   0.000000E+00   0.000000E+00   0.000000E+00   0.000000E+00   0.000000E+00   0.000000E+00   0.000000E+00   0.000000E+00   0.206240E+03   0.148874E+04   0.470496E+04   0.121644E+05   0.264091E+05   0.477351E+05   0.708342E+05   0.847555E+05   0.794834E+05   0.563260E+05   0.284372E+05   0.950709E+04   0.173387E+04   0.138318E+02   0.579488E-04   0.467620E-04   0.599662E-05   0.000000E+00   0.000000E+00   0.000000E+00   0.000000E+00   0.466116E-05   0.000000E+00   0.502284E-02   0.276268E+00   0.189279E+01   0.918809E+01   0.341208E+02   0.101493E+03   0.249336E+03   0.517171E+03   0.921703E+03   0.143129E+04   0.195818E+04   0.238428E+04   0.260799E+04   0.258288E+04   0.233222E+04   0.193159E+04   0.147519E+04   0.104382E+04   0.687063E+03   0.422207E+03   0.243018E+03   0.131373E+03   0.668617E+02   0.321133E+02   0.145816E+02   0.626944E+01   0.255677E+01   0.990623E+00   0.364957E+00   0.127980E+00   0.427709E-01   0.136394E-01   0.414951E-02   0.120668E-02   0.335380E-03   0.114664E-03
 0.000000E+00   0.763477E-03   0.255289E-02   0.817736E-02   0.250911E-01   0.737496E-01   0.207657E+00   0.560079E+00   0.144710E+01   0.358163E+01   0.000000E+00   0.000000E+00   0.000000E+00   0.000000E+00   0.000000E+00   0.000000E+00   0.000000E+00   0.119444E+01   0.000000E+00   0.000000E+00   0.000000E+00   0.000000E+00   0.452256E-01   0.000000E+00   0.000000E+00   0.000000E+00   0.000000E+00   0.000000E+00   0.000000E+00   0.300295E+00   0.000000E+00   0.000000E+00   0.000000E+00   0.000000E+00   0.000000E+00   0.000000E+00   0.000000E+00   0.000000E+00   0.000000E+00   0.000000E+00   0.000000E+00   0.213820E-01   0.000000E+00   0.000000E+00   0.000000E+00   0.000000E+00   0.000000E+00   0.000000E+00   0.000000E+00   0.000000E+00   0.000000E+00   0.000000E+00   0.000000E+00   0.000000E+00   0.000000E+00   0.000000E+00   0.000000E+00   0.000000E+00   0.000000E+00   0.000000E+00   0.000000E+00   0.000000E+00   0.000000E+00   0.000000E+00   0.000000E+00   0.000000E+00   0.000000E+00   0.000000E+00   0.000000E+00   0.271349E+03   0.164396E+04   0.502848E+04   0.127418E+05   0.272109E+05   0.485238E+05   0.712094E+05   0.844477E+05   0.786127E+05   0.553712E+05   0.278146E+05   0.925194E+04   0.166094E+04   0.108906E+02   0.579488E-04   0.467620E-04   0.599662E-05   0.000000E+00   0.000000E+00   0.000000E+00   0.000000E+00   0.466116E-05   0.000000E+00   0.462803E-02   0.271588E+00   0.186767E+01   0.908277E+01   0.337840E+02   0.100637E+03   0.247564E+03   0.514151E+03   0.917427E+03   0.142630E+04   0.195349E+04   0.238102E+04   0.260695E+04   0.258420E+04   0.233540E+04   0.193576E+04   0.147946E+04   0.104754E+04   0.689945E+03   0.424220E+03   0.244303E+03   0.132130E+03   0.672750E+02   0.323237E+02   0.146819E+02   0.631431E+01   0.257566E+01   0.998127E+00   0.367775E+00   0.128982E+00   0.431082E-01   0.137475E-01   0.418233E-02   0.121618E-02   0.337994E-03   0.115576E-03
 0.000000E+00   0.763477E-03   0.255289E-02   0.817736E-02   0.250911E-01   0.737496E-01   0.207657E+00   0.560079E+00   0.144710E+01   0.358163E+01   0.000000E+00   0.000000E+00   0.000000E+00   0.000000E+00   0.000000E+00   0.000000E+00   0.000000E+00   0.119444E+01   0.000000E+00   0.000000E+00   0.000000E+00   0.000000E+00   0.452256E-01   0.000000E+00   0.000000E+00   0.000000E+00   0.000000E+00   0.000000E+00   0.000000E+00   0.300295E+00   0.000000E+00   0.000000E+00   0.000000E+00   0.000000E+00   0.000000E+00   0.000000E+00   0.000000E+00   0.000000E+00   0.000000E+00   0.000000E+00   0.000000E+00   0.213820E-01   0.000000E+00   0.000000E+00   0.000000E+00   0.000000E+00   0.000000E+00   0.000000E+00   0.000000E+00   0.000000E+00   0.000000E+00   0.000000E+00   0.000000E+00   0.000000E+00   0.000000E+00   0.000000E+00   0.000000E+00   0.000000E+00   0.000000E+00   0.000000E+00   0.000000E+00   0.000000E+00   0.000000E+00   0.000000E+00   0.000000E+00   0.000000E+00   0.000000E+00   0.000000E+00   0.000000E+00   0.346847E+03   0.180803E+04   0.536664E+04   0.133338E+05   0.280181E+05   0.493018E+05   0.715617E+05   0.841171E+05   0.777322E+05   0.544183E+05   0.271976E+05   0.900060E+04   0.158857E+04   0.825586E+01   0.579488E-04   0.467620E-04   0.599662E-05   0.000000E+00   0.000000E+00   0.000000E+00   0.000000E+00   0.466116E-05   0.000000E+00   0.425544E-02   0.267021E+00   0.184314E+01   0.897963E+01   0.334533E+02   0.997931E+02   0.245816E+03   0.511164E+03   0.913191E+03   0.142133E+04   0.194882E+04   0.237777E+04   0.260589E+04   0.258549E+04   0.233854E+04   0.193988E+04   0.148369E+04   0.105125E+04   0.692820E+03   0.426230E+03   0.245587E+03   0.132887E+03   0.676886E+02   0.325344E+02   0.147824E+02   0.635930E+01   0.259460E+01   0.100566E+01   0.370603E+00   0.129988E+00   0.434470E-01   0.138560E-01   0.421530E-02   0.122573E-02   0.340621E-03   0.116492E-03
 0.000000E+00   0.763477E-03   0.255289E-02   0.817736E-02   0.250911E-01   0.737496E-01   0.207657E+00   0.560079E+00   0.144710E+01   0.358163E+01   0.000000E+00   0.000000E+00   0.000000E+00   0.000000E+00   0.000000E+00   0.000000E+00   0.000000E+00   0.119444E+01   0.000000E+00   0.000000E+00   0.000000E+00   0.000000E+00   0.452256E-01   0.000000E+00   0.000000E+00   0.000000E+00   0.000000E+00   0.000000E+00   0.000000E+00   0.300295E+00   0.000000E+00   0.000000E+00   0.000000E+00   0.000000E+00   0.000000E+00   0.000000E+00   0.000000E+00   0.000000E+00   0.000000E+00   0.000000E+00   0.000000E+00   0.213820E-01   0.000000E+00   0.000000E+00   0.000000E+00   0.000000E+00   0.000000E+00   0.000000E+00   0.000000E+00   0.000000E+00   0.000000E+00   0.000000E+00   0.000000E+00   0.000000E+00   0.000000E+00   0.000000E+00   0.000000E+00   0.000000E+00   0.000000E+00   0.000000E+00   0.000000E+00   0.000000E+00   0.000000E+00   0.000000E+00   0.000000E+00   0.000000E+00   0.000000E+00   0.000000E+00   0.000000E+00   0.433342E+03   0.198150E+04   0.571971E+04   0.139403E+05   0.288304E+05   0.500685E+05   0.718909E+05   0.837638E+05   0.768421E+05   0.534674E+05   0.265859E+05   0.875308E+04   0.151677E+04   0.594628E+01   0.579488E-04   0.467620E-04   0.599662E-05   0.000000E+00   0.000000E+00   0.000000E+00   0.000000E+00   0.466116E-05   0.000000E+00   0.390443E-02   0.262563E+00   0.181921E+01   0.887864E+01   0.331286E+02   0.989633E+02   0.244093E+03   0.508213E+03   0.908995E+03   0.141640E+04   0.194416E+04   0.237450E+04   0.260481E+04   0.258674E+04   0.234164E+04   0.194398E+04   0.148791E+04   0.105495E+04   0.695688E+03   0.428237E+03   0.246871E+03   0.133644E+03   0.681026E+02   0.327454E+02   0.148831E+02   0.640439E+01   0.261360E+01   0.101321E+01   0.373441E+00   0.130998E+00   0.437871E-01   0.139650E-01   0.424841E-02   0.123531E-02   0.343259E-03   0.117412E-03
 0.000000E+00   0.763477E-03   0.255289E-02   0.817736E-02   0.250911E-01   0.737496E-01   0.207657E+00   0.560079E+00   0.144710E+01   0.358163E+01   0.000000E+00   0.000000E+00   0.000000E+00   0.000000E+00   0.000000E+00   0.000000E+00   0.000000E+00   0.119444E+01   0.000000E+00   0.000000E+00   0.000000E+00   0.000000E+00   0.452256E-01   0.000000E+00   0.000000E+00   0.000000E+00   0.000000E+00   0.000000E+00   0.000000E+00   0.300295E+00   0.000000E+00   0.000000E+00   0.000000E+00   0.000000E+00   0.000000E+00   0.000000E+00   0.000000E+00   0.000000E+00   0.000000E+00   0.000000E+00   0.000000E+00   0.213820E-01   0.000000E+00   0.000000E+00   0.000000E+00   0.000000E+00   0.000000E+00   0.000000E+00   0.000000E+00   0.000000E+00   0.000000E+00   0.000000E+00   0.000000E+00   0.000000E+00   0.000000E+00   0.000000E+00   0.000000E+00   0.000000E+00   0.000000E+00   0.000000E+00   0.000000E+00   0.000000E+00   0.000000E+00   0.000000E+00   0.000000E+00   0.000000E+00   0.000000E+00   0.000000E+00   0.348886E+01   0.528010E+03   0.216492E+04   0.608791E+04   0.145609E+05   0.296469E+05   0.508231E+05   0.721967E+05   0.833878E+05   0.759426E+05   0.525187E+05   0.259797E+05   0.850937E+04   0.144551E+04   0.398182E+01   0.579488E-04   0.467620E-04   0.599662E-05   0.000000E+00   0.000000E+00   0.000000E+00   0.000000E+00   0.466116E-05   0.000000E+00   0.357434E-02   0.258215E+00   0.179585E+01   0.877981E+01   0.328101E+02   0.981470E+02   0.242393E+03   0.505297E+03   0.904840E+03   0.141151E+04   0.193952E+04   0.237124E+04   0.260371E+04   0.258796E+04   0.234470E+04   0.194804E+04   0.149210E+04   0.105863E+04   0.698547E+03   0.430241E+03   0.248153E+03   0.134401E+03   0.685169E+02   0.329568E+02   0.149840E+02   0.644959E+01   0.263265E+01   0.102079E+01   0.376289E+00   0.132011E+00   0.441285E-01   0.140744E-01   0.428166E-02   0.124494E-02   0.345908E-03   0.118336E-03
 0.000000E+00   0.763477E-03   0.255289E-02   0.817736E-02   0.250911E-01   0.737496E-01   0.207657E+00   0.560079E+00   0.144710E+01   0.358163E+01   0.000000E+00   0.000000E+00   0.000000E+00   0.000000E+00   0.000000E+00   0.000000E+00   0.000000E+00   0.119444E+01   0.000000E+00   0.000000E+00   0.000000E+00   0.000000E+00   0.452256E-01   0.000000E+00   0.000000E+00   0.000000E+00   0.000000E+00   0.000000E+00   0.000000E+00   0.300295E+00   0.000000E+00   0.000000E+00   0.000000E+00   0.000000E+00   0.000000E+00   0.000000E+00   0.000000E+00   0.000000E+00   0.000000E+00   0.000000E+00   0.000000E+00   0.213820E-01   0.000000E+00   0.000000E+00   0.000000E+00   0.000000E+00   0.000000E+00   0.000000E+00   0.000000E+00   0.000000E+00   0.000000E+00   0.000000E+00   0.000000E+00   0.000000E+00   0.000000E+00   0.000000E+00   0.000000E+00   0.000000E+00   0.000000E+00   0.000000E+00   0.000000E+00   0.000000E+00   0.000000E+00   0.000000E+00   0.000000E+00   0.000000E+00   0.000000E+00   0.000000E+00   0.147706E+02   0.627274E+03   0.235883E+04   0.647145E+04   0.151954E+05   0.304670E+05   0.515650E+05   0.724788E+05   0.829894E+05   0.750339E+05   0.515723E+05   0.253789E+05   0.826951E+04   0.137479E+04   0.238369E+01   0.579488E-04   0.467620E-04   0.599662E-05   0.000000E+00   0.000000E+00   0.000000E+00   0.000000E+00   0.466116E-05   0.000000E+00   0.326451E-02   0.253975E+00   0.177308E+01   0.868311E+01   0.324976E+02   0.973443E+02   0.240718E+03   0.502416E+03   0.900726E+03   0.140666E+04   0.193491E+04   0.236798E+04   0.260259E+04   0.258915E+04   0.234773E+04   0.195208E+04   0.149627E+04   0.106230E+04   0.701398E+03   0.432241E+03   0.249435E+03   0.135158E+03   0.689314E+02   0.331683E+02   0.150850E+02   0.649490E+01   0.265175E+01   0.102839E+01   0.379147E+00   0.133028E+00   0.444713E-01   0.141842E-01   0.431505E-02   0.125461E-02   0.348569E-03   0.119264E-03
 0.000000E+00   0.763477E-03   0.255289E-02   0.817736E-02   0.250911E-01   0.737496E-01   0.207657E+00   0.560079E+00   0.144710E+01   0.358163E+01   0.000000E+00   0.000000E+00   0.000000E+00   0.000000E+00   0.000000E+00   0.000000E+00   0.000000E+00   0.119444E+01   0.000000E+00   0.000000E+00   0.000000E+00   0.000000E+00   0.452256E-01   0.000000E+00   0.000000E+00   0.000000E+00   0.000000E+00   0.000000E+00   0.000000E+00   0.300295E+00   0.000000E+00   0.000000E+00   0.000000E+00   0.000000E+00   0.000000E+00   0.000000E+00   0.000000E+00   0.000000E+00   0.000000E+00   0.000000E+00   0.000000E+00   0.213820E-01   0.000000E+00   0.000000E+00   0.000000E+00   0.000000E+00   0.000000E+00   0.000000E+00   0.000000E+00   0.000000E+00   0.000000E+00   0.000000E+00   0.000000E+00   0.000000E+00   0.000000E+00   0.000000E+00   0.000000E+00   0.000000E+00   0.000000E+00   0.000000E+00   0.000000E+00   0.000000E+00   0.000000E+00   0.000000E+00   0.000000E+00   0.000000E+00   0.000000E+00   0.000000E+00   0.342717E+02   0.731491E+03   0.256376E+04   0.687049E+04   0.158434E+05   0.312900E+05   0.522933E+05   0.727369E+05   0.825685E+05   0.741162E+05   0.506284E+05   0.247835E+05   0.803350E+04   0.130436E+04   0.138399E+01   0.579488E-04   0.467620E-04   0.599662E-05   0.000000E+00   0.000000E+00   0.000000E+00   0.000000E+00   0.466116E-05   0.000000E+00   0.297426E-02   0.249844E+00   0.175088E+01   0.858854E+01   0.321911E+02   0.965552E+02   0.239068E+03   0.499571E+03   0.896654E+03   0.140184E+04   0.193032E+04   0.236471E+04   0.260144E+04   0.259030E+04   0.235072E+04   0.195607E+04   0.150041E+04   0.106595E+04   0.704240E+03   0.434237E+03   0.250715E+03   0.135915E+03   0.693461E+02   0.333801E+02   0.151862E+02   0.654030E+01   0.267090E+01   0.103601E+01   0.382014E+00   0.134049E+00   0.448154E-01   0.142945E-01   0.434858E-02   0.126431E-02   0.351242E-03   0.120196E-03
 0.000000E+00   0.763477E-03   0.255289E-02   0.817736E-02   0.250911E-01   0.737496E-01   0.207657E+00   0.560079E+00   0.144710E+01   0.358163E+01   0.000000E+00   0.000000E+00   0.000000E+00   0.000000E+00   0.000000E+00   0.000000E+00   0.000000E+00   0.119444E+01   0.000000E+00   0.000000E+00   0.000000E+00   0.000000E+00   0.452256E-01   0.000000E+00   0.000000E+00   0.000000E+00   0.000000E+00   0.000000E+00   0.000000E+00   0.300295E+00   0.000000E+00   0.000000E+00   0.000000E+00   0.000000E+00   0.000000E+00   0.000000E+00   0.000000E+00   0.000000E+00   0.000000E+00   0.000000E+00   0.000000E+00   0.213820E-01   0.000000E+00   0.000000E+00   0.000000E+00   0.000000E+00   0.000000E+00   0.000000E+00   0.000000E+00   0.000000E+00   0.000000E+00   0.000000E+00   0.000000E+00   0.000000E+00   0.000000E+00   0.000000E+00   0.000000E+00   0.000000E+00   0.000000E+00   0.000000E+00   0.000000E+00   0.000000E+00   0.000000E+00   0.000000E+00   0.000000E+00   0.000000E+00   0.000000E+00   0.000000E+00   0.624123E+02   0.841092E+03   0.278022E+04   0.728518E+04   0.165046E+05   0.321151E+05   0.530075E+05   0.729707E+05   0.821254E+05   0.731898E+05   0.496872E+05   0.241937E+05   0.780140E+04   0.123519E+04   0.000000E+00   0.579488E-04   0.467620E-04   0.599662E-05   0.000000E+00   0.000000E+00   0.000000E+00   0.000000E+00   0.466116E-05   0.000000E+00   0.270289E-02   0.245819E+00   0.172924E+01   0.849608E+01   0.318907E+02   0.957796E+02   0.237442E+03   0.496762E+03   0.892624E+03   0.139706E+04   0.192575E+04   0.236145E+04   0.260028E+04   0.259141E+04   0.235366E+04   0.196003E+04   0.150452E+04   0.106958E+04   0.707072E+03   0.436228E+03   0.251993E+03   0.136671E+03   0.697610E+02   0.335922E+02   0.152876E+02   0.658579E+01   0.269010E+01   0.104365E+01   0.384890E+00   0.135073E+00   0.451607E-01   0.144052E-01   0.438224E-02   0.127406E-02   0.353925E-03   0.121132E-03
 0.000000E+00   0.763477E-03   0.255289E-02   0.817736E-02   0.250911E-01   0.737496E-01   0.207657E+00   0.560079E+00   0.144710E+01   0.358163E+01   0.000000E+00   0.000000E+00   0.000000E+00   0.000000E+00   0.000000E+00   0.000000E+00   0.000000E+00   0.119444E+01   0.000000E+00   0.000000E+00   0.000000E+00   0.000000E+00   0.452256E-01   0.000000E+00   0.000000E+00   0.000000E+00   0.000000E+00   0.000000E+00   0.000000E+00   0.300295E+00   0.000000E+00   0.000000E+00   0.000000E+00   0.000000E+00   0.000000E+00   0.000000E+00   0.000000E+00   0.000000E+00   0.000000E+00   0.000000E+00   0.000000E+00   0.213820E-01   0.000000E+00   0.000000E+00   0.000000E+00   0.000000E+00   0.000000E+00   0.000000E+00   0.000000E+00   0.000000E+00   0.000000E+00   0.000000E+00   0.000000E+00   0.000000E+00   0.000000E+00   0.000000E+00   0.000000E+00   0.000000E+00   0.000000E+00   0.000000E+00   0.000000E+00   0.000000E+00   0.000000E+00   0.000000E+00   0.000000E+00   0.000000E+00   0.000000E+00   0.000000E+00   0.996277E+02   0.956554E+03   0.300869E+04   0.771562E+04   0.171787E+05   0.329417E+05   0.537067E+05   0.731800E+05   0.816603E+05   0.722548E+05   0.487489E+05   0.236093E+05   0.757318E+04   0.116558E+04   0.000000E+00   0.579488E-04   0.467620E-04   0.599662E-05   0.000000E+00   0.000000E+00   0.000000E+00   0.000000E+00   0.466116E-05   0.000000E+00   0.244971E-02   0.241900E+00   0.170817E+01   0.840572E+01   0.315963E+02   0.950177E+02   0.235840E+03   0.493989E+03   0.888636E+03   0.139232E+04   0.192120E+04   0.235819E+04   0.259909E+04   0.259249E+04   0.235657E+04   0.196396E+04   0.150861E+04   0.107319E+04   0.709895E+03   0.438215E+03   0.253270E+03   0.137427E+03   0.701759E+02   0.338043E+02   0.153892E+02   0.663137E+01   0.270934E+01   0.105132E+01   0.387775E+00   0.136101E+00   0.455072E-01   0.145163E-01   0.441603E-02   0.128384E-02   0.356619E-03   0.122072E-03
 0.000000E+00   0.763477E-03   0.255289E-02   0.817736E-02   0.250911E-01   0.737496E-01   0.207657E+00   0.560079E+00   0.144710E+01   0.358163E+01   0.000000E+00   0.000000E+00   0.000000E+00   0.000000E+00   0.000000E+00   0.000000E+00   0.000000E+00   0.119444E+01   0.000000E+00   0.000000E+00   0.000000E+00   0.000000E+00   0.452256E-01   0.000000E+00   0.000000E+00   0.000000E+00   0.000000E+00   0.000000E+00   0.000000E+00   0.300295E+00   0.000000E+00   0.000000E+00   0.000000E+00   0.000000E+00   0.000000E+00   0.000000E+00   0.000000E+00   0.000000E+00   0.000000E+00   0.000000E+00   0.000000E+00   0.213820E-01   0.000000E+00   0.000000E+00   0.000000E+00   0.000000E+00   0.000000E+00   0.000000E+00   0.000000E+00   0.000000E+00   0.000000E+00   0.000000E+00   0.000000E+00   0.000000E+00   0.000000E+00   0.000000E+00   0.000000E+00   0.000000E+00   0.000000E+00   0.000000E+00   0.000000E+00   0.000000E+00   0.000000E+00   0.000000E+00   0.000000E+00   0.000000E+00   0.000000E+00   0.000000E+00   0.146382E+03   0.107839E+04   0.324965E+04   0.816189E+04   0.178652E+05   0.337689E+05   0.543903E+05   0.733643E+05   0.811731E+05   0.713115E+05   0.478136E+05   0.230306E+05   0.734899E+04   0.109678E+04   0.000000E+00   0.579488E-04   0.467620E-04   0.599662E-05   0.000000E+00   0.000000E+00   0.000000E+00   0.000000E+00   0.466116E-05   0.000000E+00   0.221401E-02   0.238086E+00   0.168765E+01   0.831744E+01   0.313079E+02   0.942692E+02   0.234264E+03   0.491252E+03   0.884692E+03   0.138762E+04   0.191668E+04   0.235493E+04   0.259788E+04   0.259354E+04   0.235944E+04   0.196785E+04   0.151267E+04   0.107679E+04   0.712708E+03   0.440197E+03   0.254544E+03   0.138183E+03   0.705908E+02   0.340167E+02   0.154908E+02   0.667703E+01   0.272863E+01   0.105900E+01   0.390668E+00   0.137132E+00   0.458550E-01   0.146279E-01   0.444995E-02   0.129367E-02   0.359325E-03   0.123015E-03
 0.000000E+00   0.763477E-03   0.255289E-02   0.817736E-02   0.250911E-01   0.737496E-01   0.207657E+00   0.560079E+00   0.144710E+01   0.358163E+01   0.000000E+00   0.000000E+00   0.000000E+00   0.000000E+00   0.000000E+00   0.000000E+00   0.000000E+00   0.119444E+01   0.000000E+00   0.000000E+00   0.000000E+00   0.000000E+00   0.452256E-01   0.000000E+00   0.000000E+00   0.000000E+00   0.000000E+00   0.000000E+00   0.000000E+00   0.300295E+00   0.000000E+00   0.000000E+00   0.000000E+00   0.000000E+00   0.000000E+00   0.000000E+00   0.000000E+00   0.000000E+00   0.000000E+00   0.000000E+00   0.000000E+00   0.213820E-01   0.000000E+00   0.000000E+00   0.000000E+00   0.000000E+00   0.000000E+00   0.000000E+00   0.000000E+00   0.000000E+00   0.000000E+00   0.000000E+00   0.000000E+00   0.000000E+00   0.000000E+00   0.000000E+00   0.000000E+00   0.000000E+00   0.000000E+00   0.000000E+00   0.000000E+00   0.000000E+00   0.000000E+00   0.000000E+00   0.000000E+00   0.000000E+00   0.000000E+00   0.000000E+00   0.203177E+03   0.120714E+04   0.350354E+04   0.862402E+04   0.185637E+05   0.345959E+05   0.550576E+05   0.735235E+05   0.806642E+05   0.703602E+05   0.468817E+05   0.224574E+05   0.712878E+04   0.102888E+04   0.000000E+00   0.579488E-04   0.467620E-04   0.599662E-05   0.000000E+00   0.000000E+00   0.000000E+00   0.000000E+00   0.466116E-05   0.000000E+00   0.199510E-02   0.234376E+00   0.166768E+01   0.823123E+01   0.310254E+02   0.935343E+02   0.232712E+03   0.488552E+03   0.880792E+03   0.138296E+04   0.191218E+04   0.235167E+04   0.259666E+04   0.259455E+04   0.236227E+04   0.197170E+04   0.151671E+04   0.108037E+04   0.715510E+03   0.442173E+03   0.255817E+03   0.138938E+03   0.710058E+02   0.342291E+02   0.155926E+02   0.672277E+01   0.274796E+01   0.106671E+01   0.393570E+00   0.138166E+00   0.462040E-01   0.147398E-01   0.448400E-02   0.130353E-02   0.362041E-03   0.123963E-03
 0.000000E+00   0.763477E-03   0.255289E-02   0.817736E-02   0.250911E-01   0.737496E-01   0.207657E+00   0.560079E+00   0.144710E+01   0.358163E+01   0.000000E+00   0.000000E+00   0.000000E+00   0.000000E+00   0.000000E+00   0.000000E+00   0.000000E+00   0.119444E+01   0.000000E+00   0.000000E+00   0.000000E+00   0.000000E+00   0.452256E-01   0.000000E+00   0.000000E+00   0.000000E+00   0.000000E+00   0.000000E+00   0.000000E+00   0.300295E+00   0.000000E+00   0.000000E+00   0.000000E+00   0.000000E+00   0.000000E+00   0.000000E+00   0.000000E+00   0.000000E+00   0.000000E+00   0.000000E+00   0.000000E+00   0.213820E-01   0.000000E+00   0.000000E+00   0.000000E+00   0.000000E+00   0.000000E+00   0.000000E+00   0.000000E+00   0.000000E+00   0.000000E+00   0.000000E+00   0.000000E+00   0.000000E+00   0.000000E+00   0.000000E+00   0.000000E+00   0.000000E+00   0.000000E+00   0.000000E+00   0.000000E+00   0.000000E+00   0.000000E+00   0.000000E+00   0.000000E+00   0.000000E+00   0.000000E+00   0.000000E+00   0.270562E+03   0.134337E+04   0.377078E+04   0.910201E+04   0.192737E+05   0.354219E+05   0.557079E+05   0.736572E+05   0.801337E+05   0.694010E+05   0.459532E+05   0.218899E+05   0.691250E+04   0.961973E+03   0.000000E+00   0.579488E-04   0.467620E-04   0.599662E-05   0.000000E+00   0.000000E+00   0.000000E+00   0.000000E+00   0.466116E-05   0.000000E+00   0.179225E-02   0.230769E+00   0.164826E+01   0.814706E+01   0.307488E+02   0.928129E+02   0.231185E+03   0.485889E+03   0.876935E+03   0.137834E+04   0.190771E+04   0.234842E+04   0.259542E+04   0.259553E+04   0.236506E+04   0.197552E+04   0.152071E+04   0.108393E+04   0.718301E+03   0.444144E+03   0.257087E+03   0.139692E+03   0.714206E+02   0.344417E+02   0.156945E+02   0.676859E+01   0.276733E+01   0.107443E+01   0.396480E+00   0.139203E+00   0.465541E-01   0.148521E-01   0.451818E-02   0.131343E-02   0.364767E-03   0.124914E-03
 0.000000E+00   0.763477E-03   0.255289E-02   0.817736E-02   0.250911E-01   0.737496E-01   0.207657E+00   0.560079E+00   0.144710E+01   0.358163E+01   0.000000E+00   0.000000E+00   0.000000E+00   0.000000E+00   0.000000E+00   0.000000E+00   0.000000E+00   0.119444E+01   0.000000E+00   0.000000E+00   0.000000E+00   0.000000E+00   0.452256E-01   0.000000E+00   0.000000E+00   0.000000E+00   0.000000E+00   0.000000E+00   0.000000E+00   0.300295E+00   0.000000E+00   0.000000E+00   0.000000E+00   0.000000E+00   0.000000E+00   0.000000E+00   0.000000E+00   0.000000E+00   0.000000E+00   0.000000E+00   0.000000E+00   0.213820E-01   0.000000E+00   0.000000E+00   0.000000E+00   0.000000E+00   0.000000E+00   0.000000E+00   0.000000E+00   0.000000E+00   0.000000E+00   0.000000E+00   0.000000E+00   0.000000E+00   0.000000E+00   0.000000E+00   0.000000E+00   0.000000E+00   0.000000E+00   0.000000E+00   0.000000E+00   0.000000E+00   0.000000E+00   0.000000E+00   0.000000E+00   0.000000E+00   0.000000E+00   0.109115E+00   0.349032E+03   0.148763E+04   0.405176E+04   0.959585E+04   0.199946E+05   0.362460E+05   0.563404E+05   0.737651E+05   0.795818E+05   0.684345E+05   0.450284E+05   0.213282E+05   0.670008E+04   0.896148E+03   0.000000E+00   0.579488E-04   0.467620E-04   0.599662E-05   0.000000E+00   0.000000E+00   0.000000E+00   0.000000E+00   0.466116E-05   0.000000E+00   0.160476E-02   0.227264E+00   0.162937E+01   0.806492E+01   0.304781E+02   0.921049E+02   0.229682E+03   0.483262E+03   0.873123E+03   0.137376E+04   0.190327E+04   0.234517E+04   0.259415E+04   0.259647E+04   0.236781E+04   0.197930E+04   0.152469E+04   0.108747E+04   0.721081E+03   0.446110E+03   0.258355E+03   0.140445E+03   0.718354E+02   0.346544E+02   0.157965E+02   0.681447E+01   0.278673E+01   0.108217E+01   0.399398E+00   0.140244E+00   0.469054E-01   0.149648E-01   0.455248E-02   0.132337E-02   0.367504E-03   0.125868E-03
 0.000000E+00   0.763477E-03   0.255289E-02   0.817736E-02   0.250911E-01   0.737496E-01   0.207657E+00   0.560079E+00   0.144710E+01   0.358163E+01   0.000000E+00   0.000000E+00   0.000000E+00   0.000000E+00   0.000000E+00   0.000000E+00   0.000000E+00   0.119444E+01   0.000000E+00   0.000000E+00   0.000000E+00   0.000000E+00   0.452256E-01   0.000000E+00   0.000000E+00   0.000000E+00   0.000000E+00   0.000000E+00   0.000000E+00   0.300295E+00   0.000000E+00   0.000000E+00   0.000000E+00   0.000000E+00   0.000000E+00   0.000000E+00   0.000000E+00   0.000000E+00   0.000000E+00   0.000000E+00   0.000000E+00   0.213820E-01   0.000000E+00   0.000000E+00   0.000000E+00   0.000000E+00   0.000000E+00   0.000000E+00   0.000000E+00   0.000000E+00   0.000000E+00   0.000000E+00   0.000000E+00   0.000000E+00   0.000000E+00   0.000000E+00   0.000000E+00   0.000000E+00   0.000000E+00   0.000000E+00   0.000000E+00   0.000000E+00   0.000000E+00   0.000000E+00   0.000000E+00   0.000000E+00   0.000000E+00   0.544745E+01   0.434127E+03   0.164051E+04   0.434684E+04   0.101054E+05   0.207260E+05   0.370674E+05   0.569546E+05   0.738470E+05   0.790088E+05   0.674607E+05   0.441076E+05   0.207723E+05   0.649146E+04   0.831512E+03   0.000000E+00   0.579488E-04   0.467620E-04   0.599662E-05   0.000000E+00   0.000000E+00   0.000000E+00   0.000000E+00   0.466116E-05   0.000000E+00   0.143192E-02   0.223861E+00   0.161101E+01   0.798480E+01   0.302132E+02   0.914103E+02   0.228204E+03   0.480673E+03   0.869355E+03   0.136922E+04   0.189885E+04   0.234193E+04   0.259287E+04   0.259738E+04   0.237052E+04   0.198305E+04   0.152863E+04   0.109099E+04   0.723848E+03   0.448069E+03   0.259620E+03   0.141198E+03   0.722499E+02   0.348671E+02   0.158986E+02   0.686042E+01   0.280618E+01   0.108993E+01   0.402323E+00   0.141288E+00   0.472578E-01   0.150779E-01   0.458690E-02   0.133334E-02   0.370251E-03   0.126827E-03
 0.000000E+00   0.763477E-03   0.255289E-02   0.817736E-02   0.250911E-01   0.737496E-01   0.207657E+00   0.560079E+00   0.144710E+01   0.358163E+01   0.000000E+00   0.000000E+00   0.000000E+00   0.000000E+00   0.000000E+00   0.000000E+00   0.000000E+00   0.119444E+01   0.000000E+00   0.000000E+00   0.000000E+00   0.000000E+00   0.452256E-01   0.000000E+00   0.000000E+00   0.000000E+00   0.000000E+00   0.000000E+00   0.000000E+00   0.300295E+00   0.000000E+00   0.000000E+00   0.000000E+00   0.000000E+00   0.000000E+00   0.000000E+00   0.000000E+00   0.000000E+00   0.000000E+00   0.000000E+00   0.000000E+00   0.213820E-01   0.000000E+00   0.000000E+00   0.000000E+00   0.000000E+00   0.000000E+00   0.000000E+00   0.000000E+00   0.000000E+00   0.000000E+00   0.000000E+00   0.000000E+00   0.000000E+00   0.000000E+00   0.000000E+00   0.000000E+00   0.000000E+00   0.000000E+00   0.000000E+00   0.000000E+00   0.000000E+00   0.000000E+00   0.000000E+00   0.000000E+00   0.000000E+00   0.000000E+00   0.191739E+02   0.523416E+03   0.180256E+04   0.465636E+04   0.106307E+05   0.214672E+05   0.378851E+05   0.575497E+05   0.739026E+05   0.784147E+05   0.664800E+05   0.431910E+05   0.202224E+05   0.628653E+04   0.768172E+03   0.000000E+00   0.579488E-04   0.467620E-04   0.599662E-05   0.000000E+00   0.000000E+00   0.000000E+00   0.000000E+00   0.466116E-05   0.000000E+00   0.127300E-02   0.220557E+00   0.159318E+01   0.790666E+01   0.299541E+02   0.907290E+02   0.226751E+03   0.478120E+03   0.865631E+03   0.136473E+04   0.189446E+04   0.233869E+04   0.259157E+04   0.259825E+04   0.237319E+04   0.198675E+04   0.153255E+04   0.109449E+04   0.726604E+03   0.450022E+03   0.260883E+03   0.141949E+03   0.726643E+02   0.350798E+02   0.160007E+02   0.690642E+01   0.282565E+01   0.109771E+01   0.405256E+00   0.142334E+00   0.476112E-01   0.151913E-01   0.462144E-02   0.134335E-02   0.373009E-03   0.127789E-03
 0.000000E+00   0.763477E-03   0.255289E-02   0.817736E-02   0.250911E-01   0.737496E-01   0.207657E+00   0.560079E+00   0.144710E+01   0.358163E+01   0.000000E+00   0.000000E+00   0.000000E+00   0.000000E+00   0.000000E+00   0.000000E+00   0.000000E+00   0.119444E+01   0.000000E+00   0.000000E+00   0.000000E+00   0.000000E+00   0.452256E-01   0.000000E+00   0.000000E+00   0.000000E+00   0.000000E+00   0.000000E+00   0.000000E+00   0.300295E+00   0.000000E+00   0.000000E+00   0.000000E+00   0.000000E+00   0.000000E+00   0.000000E+00   0.000000E+00   0.000000E+00   0.000000E+00   0.000000E+00   0.000000E+00   0.213820E-01   0.000000E+00   0.000000E+00   0.000000E+00   0.000000E+00   0.000000E+00   0.000000E+00   0.000000E+00   0.000000E+00   0.000000E+00   0.000000E+00   0.000000E+00   0.000000E+00   0.000000E+00   0.000000E+00   0.000000E+00   0.000000E+00   0.000000E+00   0.000000E+00   0.000000E+00   0.000000E+00   0.000000E+00   0.000000E+00   0.000000E+00   0.000000E+00   0.000000E+00   0.417606E+02   0.617217E+03   0.197434E+04   0.498061E+04   0.111714E+05   0.222176E+05   0.386982E+05   0.581250E+05   0.739316E+05   0.778000E+05   0.654928E+05   0.422788E+05   0.196787E+05   0.608521E+04   0.706246E+03   0.000000E+00   0.579488E-04   0.467620E-04   0.599662E-05   0.000000E+00   0.000000E+00   0.000000E+00   0.000000E+00   0.466116E-05   0.000000E+00   0.112733E-02   0.217352E+00   0.157586E+01   0.783049E+01   0.297007E+02   0.900609E+02   0.225322E+03   0.475604E+03   0.861953E+03   0.136027E+04   0.189010E+04   0.233545E+04   0.259026E+04   0.259909E+04   0.237582E+04   0.199042E+04   0.153643E+04   0.109797E+04   0.729347E+03   0.451969E+03   0.262142E+03   0.142700E+03   0.730783E+02   0.352926E+02   0.161029E+02   0.695249E+01   0.284516E+01   0.110550E+01   0.408196E+00   0.143384E+00   0.479658E-01   0.153052E-01   0.465610E-02   0.135339E-02   0.375776E-03   0.128754E-03
 0.000000E+00   0.763477E-03   0.255289E-02   0.817736E-02   0.250911E-01   0.737496E-01   0.207657E+00   0.560079E+00   0.144710E+01   0.358163E+01   0.000000E+00   0.000000E+00   0.000000E+00   0.000000E+00   0.000000E+00   0.000000E+00   0.000000E+00   0.119444E+01   0.000000E+00   0.000000E+00   0.000000E+00   0.000000E+00   0.452256E-01   0.000000E+00   0.000000E+00   0.000000E+00   0.000000E+00   0.000000E+00   0.000000E+00   0.300295E+00   0.000000E+00   0.000000E+00   0.000000E+00   0.000000E+00   0.000000E+00   0.000000E+00   0.000000E+00   0.000000E+00   0.000000E+00   0.000000E+00   0.000000E+00   0.213820E-01   0.000000E+00   0.000000E+00   0.000000E+00   0.000000E+00   0.000000E+00   0.000000E+00   0.000000E+00   0.000000E+00   0.000000E+00   0.000000E+00   0.000000E+00   0.000000E+00   0.000000E+00   0.000000E+00   0.000000E+00   0.000000E+00   0.000000E+00   0.000000E+00   0.000000E+00   0.000000E+00   0.000000E+00   0.000000E+00   0.000000E+00   0.000000E+00   0.000000E+00   0.736711E+02   0.715928E+03   0.215642E+04   0.531986E+04   0.117275E+05   0.229766E+05   0.395058E+05   0.586799E+05   0.739338E+05   0.771649E+05   0.644994E+05   0.413714E+05   0.191411E+05   0.588738E+04   0.645856E+03   0.000000E+00   0.579488E-04   0.467620E-04   0.599662E-05   0.000000E+00   0.000000E+00   0.000000E+00   0.000000E+00   0.466116E-05   0.000000E+00   0.994178E-03   0.214245E+00   0.155905E+01   0.775627E+01   0.294530E+02   0.894060E+02   0.223918E+03   0.473125E+03   0.858320E+03   0.135587E+04   0.188576E+04   0.233223E+04   0.258892E+04   0.259990E+04   0.237840E+04   0.199404E+04   0.154029E+04   0.110143E+04   0.732078E+03   0.453908E+03   0.263399E+03   0.143449E+03   0.734921E+02   0.355053E+02   0.162052E+02   0.699860E+01   0.286470E+01   0.111331E+01   0.411144E+00   0.144436E+00   0.483214E-01   0.154193E-01   0.469088E-02   0.136347E-02   0.378554E-03   0.129723E-03
 0.000000E+00   0.763477E-03   0.255289E-02   0.817736E-02   0.250911E-01   0.737496E-01   0.207657E+00   0.560079E+00   0.144710E+01   0.358163E+01   0.000000E+00   0.000000E+00   0.000000E+00   0.000000E+00   0.000000E+00   0.000000E+00   0.000000E+00   0.119444E+01   0.000000E+00   0.000000E+00   0.000000E+00   0.000000E+00   0.452256E-01   0.000000E+00   0.000000E+00   0.000000E+00   0.000000E+00   0.000000E+00   0.000000E+00   0.300295E+00   0.000000E+00   0.000000E+00   0.000000E+00   0.000000E+00   0.000000E+00   0.000000E+00   0.000000E+00   0.000000E+00   0.000000E+00   0.000000E+00   0.000000E+00   0.213820E-01   0.000000E+00   0.000000E+00   0.000000E+00   0.000000E+00   0.000000E+00   0.000000E+00   0.000000E+00   0.000000E+00   0.000000E+00   0.000000E+00   0.000000E+00   0.000000E+00   0.000000E+00   0.000000E+00   0.000000E+00   0.000000E+00   0.000000E+00   0.000000E+00   0.000000E+00   0.000000E+00   0.000000E+00   0.000000E+00   0.000000E+00   0.000000E+00   0.000000E+00   0.115382E+03   0.820004E+03   0.234931E+04   0.567433E+04   0.122987E+05   0.237434E+05   0.403070E+05   0.592136E+05   0.739090E+05   0.765096E+05   0.635002E+05   0.404690E+05   0.186101E+05   0.569291E+04   0.587130E+03   0.000000E+00   0.579488E-04   0.467620E-04   0.599662E-05   0.000000E+00   0.000000E+00   0.000000E+00   0.000000E+00   0.466116E-05   0.000000E+00   0.872871E-03   0.211235E+00   0.154273E+01   0.768396E+01   0.292110E+02   0.887642E+02   0.222539E+03   0.470684E+03   0.854733E+03   0.135150E+04   0.188146E+04   0.232900E+04   0.258757E+04   0.260067E+04   0.238095E+04   0.199763E+04   0.154411E+04   0.110486E+04   0.734796E+03   0.455841E+03   0.264652E+03   0.144197E+03   0.739055E+02   0.357180E+02   0.163075E+02   0.704476E+01   0.288428E+01   0.112113E+01   0.414097E+00   0.145491E+00   0.486780E-01   0.155339E-01   0.472577E-02   0.137358E-02   0.381341E-03   0.130695E-03
 0.000000E+00   0.763477E-03   0.255289E-02   0.817736E-02   0.250911E-01   0.737496E-01   0.207657E+00   0.560079E+00   0.144710E+01   0.358163E+01   0.000000E+00   0.000000E+00   0.000000E+00   0.000000E+00   0.000000E+00   0.000000E+00   0.000000E+00   0.119444E+01   0.000000E+00   0.000000E+00   0.000000E+00   0.000000E+00   0.452256E-01   0.000000E+00   0.000000E+00   0.000000E+00   0.000000E+00   0.000000E+00   0.000000E+00   0.300295E+00   0.000000E+00   0.000000E+00   0.000000E+00   0.000000E+00   0.000000E+00   0.000000E+00   0.000000E+00   0.000000E+00   0.000000E+00   0.000000E+00   0.000000E+00   0.213820E-01   0.000000E+00   0.000000E+00   0.000000E+00   0.000000E+00   0.000000E+00   0.000000E+00   0.000000E+00   0.000000E+00   0.000000E+00   0.000000E+00   0.000000E+00   0.000000E+00   0.000000E+00   0.000000E+00   0.000000E+00   0.000000E+00   0.000000E+00   0.000000E+00   0.000000E+00   0.000000E+00   0.000000E+00   0.000000E+00   0.000000E+00   0.000000E+00   0.000000E+00   0.167400E+03   0.929940E+03   0.255353E+04   0.604421E+04   0.128846E+05   0.245174E+05   0.411007E+05   0.597256E+05   0.738569E+05   0.758345E+05   0.624955E+05   0.395719E+05   0.180856E+05   0.550169E+04   0.530206E+03   0.000000E+00   0.579488E-04   0.467620E-04   0.599662E-05   0.000000E+00   0.000000E+00   0.000000E+00   0.000000E+00   0.466116E-05   0.000000E+00   0.762720E-03   0.208320E+00   0.152691E+01   0.761355E+01   0.289745E+02   0.881353E+02   0.221183E+03   0.468279E+03   0.851190E+03   0.134718E+04   0.187719E+04   0.232579E+04   0.258621E+04   0.260140E+04   0.238345E+04   0.200118E+04   0.154791E+04   0.110828E+04   0.737500E+03   0.457767E+03   0.265902E+03   0.144944E+03   0.743186E+02   0.359306E+02   0.164099E+02   0.709096E+01   0.290387E+01   0.112897E+01   0.417058E+00   0.146549E+00   0.490357E-01   0.156487E-01   0.476077E-02   0.138373E-02   0.384137E-03   0.131671E-03
 0.000000E+00   0.763477E-03   0.255289E-02   0.817736E-02   0.250911E-01   0.737496E-01   0.207657E+00   0.560079E+00   0.144710E+01   0.358163E+01   0.000000E+00   0.000000E+00   0.000000E+00   0.000000E+00   0.000000E+00   0.000000E+00   0.000000E+00   0.119444E+01   0.000000E+00   0.000000E+00   0.000000E+00   0.000000E+00   0.452256E-01   0.000000E+00   0.000000E+00   0.000000E+00   0.000000E+00   0.000000E+00   0.000000E+00   0.300295E+00   0.000000E+00   0.000000E+00   0.000000E+00   0.000000E+00   0.000000E+00   0.000000E+00   0.000000E+00   0.000000E+00   0.000000E+00   0.000000E+00   0.000000E+00   0.213820E-01   0.000000E+00   0.000000E+00   0.000000E+00   0.000000E+00   0.000000E+00   0.000000E+00   0.000000E+00   0.000000E+00   0.000000E+00   0.000000E+00   0.000000E+00   0.000000E+00   0.000000E+00   0.000000E+00   0.000000E+00   0.000000E+00   0.000000E+00   0.000000E+00   0.000000E+00   0.000000E+00   0.000000E+00   0.000000E+00   0.000000E+00   0.000000E+00   0.000000E+00   0.230272E+03   0.104626E+04   0.276957E+04   0.642967E+04   0.134851E+05   0.252976E+05   0.418860E+05   0.602151E+05   0.737774E+05   0.751399E+05   0.614859E+05   0.386804E+05   0.175679E+05   0.531355E+04   0.475225E+03   0.000000E+00   0.579488E-04   0.467620E-04   0.599662E-05   0.000000E+00   0.000000E+00   0.000000E+00   0.000000E+00   0.466116E-05   0.000000E+00   0.663056E-03   0.205500E+00   0.151157E+01   0.754502E+01   0.287436E+02   0.875193E+02   0.219852E+03   0.465911E+03   0.847694E+03   0.134290E+04   0.187295E+04   0.232259E+04   0.258483E+04   0.260211E+04   0.238592E+04   0.200469E+04   0.155167E+04   0.111167E+04   0.740190E+03   0.459685E+03   0.267148E+03   0.145689E+03   0.747311E+02   0.361432E+02   0.165123E+02   0.713720E+01   0.292350E+01   0.113682E+01   0.420025E+00   0.147609E+00   0.493943E-01   0.157639E-01   0.479589E-02   0.139391E-02   0.386944E-03   0.132651E-03
 0.000000E+00   0.763477E-03   0.255289E-02   0.817736E-02   0.250911E-01   0.737496E-01   0.207657E+00   0.560079E+00   0.144710E+01   0.358163E+01   0.000000E+00   0.000000E+00   0.000000E+00   0.000000E+00   0.000000E+00   0.000000E+00   0.000000E+00   0.119444E+01   0.000000E+00   0.000000E+00   0.000000E+00   0.000000E+00   0.452256E-01   0.000000E+00   0.000000E+00   0.000000E+00   0.000000E+00   0.000000E+00   0.000000E+00   0.300295E+00   0.000000E+00   0.000000E+00   0.000000E+00   0.000000E+00   0.000000E+00   0.000000E+00   0.000000E+00   0.000000E+00   0.000000E+00   0.000000E+00   0.000000E+00   0.213820E-01   0.000000E+00   0.000000E+00   0.000000E+00   0.000000E+00   0.000000E+00   0.000000E+00   0.000000E+00   0.000000E+00   0.000000E+00   0.000000E+00   0.000000E+00   0.000000E+00   0.000000E+00   0.000000E+00   0.000000E+00   0.000000E+00   0.000000E+00   0.000000E+00   0.000000E+00   0.000000E+00   0.000000E+00   0.000000E+00   0.000000E+00   0.000000E+00   0.142112E+01   0.303173E+03   0.116952E+04   0.299789E+04   0.683079E+04   0.140997E+05   0.260833E+05   0.426618E+05   0.606815E+05   0.736703E+05   0.744261E+05   0.604717E+05   0.377947E+05   0.170571E+05   0.512835E+04   0.422339E+03   0.000000E+00   0.579488E-04   0.467620E-04   0.599662E-05   0.000000E+00   0.000000E+00   0.000000E+00   0.000000E+00   0.466116E-05   0.000000E+00   0.573219E-03   0.202772E+00   0.149671E+01   0.747832E+01   0.285181E+02   0.869159E+02   0.218544E+03   0.463579E+03   0.844242E+03   0.133867E+04   0.186874E+04   0.231939E+04   0.258343E+04   0.260278E+04   0.238834E+04   0.200816E+04   0.155540E+04   0.111504E+04   0.742867E+03   0.461596E+03   0.268391E+03   0.146433E+03   0.751433E+02   0.363557E+02   0.166147E+02   0.718348E+01   0.294315E+01   0.114468E+01   0.422998E+00   0.148672E+00   0.497539E-01   0.158795E-01   0.483111E-02   0.140412E-02   0.389760E-03   0.133633E-03
 0.000000E+00   0.763477E-03   0.255289E-02   0.817736E-02   0.250911E-01   0.737496E-01   0.207657E+00   0.560079E+00   0.144710E+01   0.358163E+01   0.000000E+00   0.000000E+00   0.000000E+00   0.000000E+00   0.000000E+00   0.000000E+00   0.000000E+00   0.119444E+01   0.000000E+00   0.000000E+00   0.000000E+00   0.000000E+00   0.452256E-01   0.000000E+00   0.000000E+00   0.000000E+00   0.000000E+00   0.000000E+00   0.000000E+00   0.300295E+00   0.000000E+00   0.000000E+00   0.000000E+00   0.000000E+00   0.000000E+00   0.000000E+00   0.000000E+00   0.000000E+00   0.000000E+00   0.000000E+00   0.000000E+00   0.213820E-01   0.000000E+00   0.000000E+00   0.000000E+00   0.000000E+00   0.000000E+00   0.000000E+00   0.000000E+00   0.000000E+00   0.000000E+00   0.000000E+00   0.000000E+00   0.000000E+00   0.000000E+00   0.000000E+00   0.000000E+00   0.000000E+00   0.000000E+00   0.000000E+00   0.000000E+00   0.000000E+00   0.000000E+00   0.000000E+00   0.000000E+00   0.000000E+00   0.105971E+02   0.380428E+03   0.130027E+04   0.323892E+04   0.724766E+04   0.147280E+05   0.268736E+05   0.434272E+05   0.611241E+05   0.735355E+05   0.736936E+05   0.594534E+05   0.369152E+05   0.165536E+05   0.494589E+04   0.371704E+03   0.000000E+00   0.579488E-04   0.467620E-04   0.599662E-05   0.000000E+00   0.000000E+00   0.000000E+00   0.000000E+00   0.466116E-05   0.000000E+00   0.492565E-03   0.200137E+00   0.148232E+01   0.741343E+01   0.282979E+02   0.863252E+02   0.217260E+03   0.461284E+03   0.840835E+03   0.133448E+04   0.186455E+04   0.231620E+04   0.258202E+04   0.260342E+04   0.239072E+04   0.201159E+04   0.155909E+04   0.111839E+04   0.745530E+03   0.463500E+03   0.269630E+03   0.147175E+03   0.755549E+02   0.365681E+02   0.167171E+02   0.722979E+01   0.296282E+01   0.115256E+01   0.425977E+00   0.149737E+00   0.501144E-01   0.159954E-01   0.486645E-02   0.141436E-02   0.392585E-03   0.134619E-03
 0.000000E+00   0.763477E-03   0.255289E-02   0.817736E-02   0.250911E-01   0.737496E-01   0.207657E+00   0.560079E+00   0.144710E+01   0.358163E+01   0.000000E+00   0.000000E+00   0.000000E+00   0.000000E+00   0.000000E+00   0.000000E+00   0.000000E+00   0.119444E+01   0.000000E+00   0.000000E+00   0.000000E+00   0.000000E+00   0.452256E-01   0.000000E+00   0.000000E+00   0.000000E+00   0.000000E+00   0.000000E+00   0.000000E+00   0.300295E+00   0.000000E+00   0.000000E+00   0.000000E+00   0.000000E+00   0.000000E+00   0.000000E+00   0.000000E+00   0.000000E+00   0.000000E+00   0.000000E+00   0.000000E+00   0.213820E-01   0.000000E+00   0.000000E+00   0.000000E+00   0.000000E+00   0.000000E+00   0.000000E+00   0.000000E+00   0.000000E+00   0.000000E+00   0.000000E+00   0.000000E+00   0.000000E+00   0.000000E+00   0.000000E+00   0.000000E+00   0.000000E+00   0.000000E+00   0.000000E+00   0.000000E+00   0.000000E+00   0.000000E+00   0.000000E+00   0.000000E+00   0.000000E+00   0.287420E+02   0.461542E+03   0.143907E+04   0.349308E+04   0.768029E+04   0.153696E+05   0.276676E+05   0.441812E+05   0.615424E+05   0.733729E+05   0.729427E+05   0.584315E+05   0.360422E+05   0.160575E+05   0.476601E+04   0.323483E+03   0.000000E+00   0.579488E-04   0.467620E-04   0.599662E-05   0.000000E+00   0.000000E+00   0.000000E+00   0.000000E+00   0.466116E-05   0.000000E+00   0.420467E-03   0.197591E+00   0.146838E+01   0.735033E+01   0.280830E+02   0.857468E+02   0.216000E+03   0.459024E+03   0.837474E+03   0.133034E+04   0.186041E+04   0.231303E+04   0.258059E+04   0.260402E+04   0.239306E+04   0.201498E+04   0.156276E+04   0.112171E+04   0.748178E+03   0.465395E+03   0.270866E+03   0.147916E+03   0.759660E+02   0.367804E+02   0.168196E+02   0.727614E+01   0.298252E+01   0.116045E+01   0.428962E+00   0.150805E+00   0.504759E-01   0.161116E-01   0.490189E-02   0.142464E-02   0.395419E-03   0.135608E-03
 0.000000E+00   0.763477E-03   0.255289E-02   0.817736E-02   0.250911E-01   0.737496E-01   0.207657E+00   0.560079E+00   0.144710E+01   0.358163E+01   0.000000E+00   0.000000E+00   0.000000E+00   0.000000E+00   0.000000E+00   0.000000E+00   0.000000E+00   0.119444E+01   0.000000E+00   0.000000E+00   0.000000E+00   0.000000E+00   0.452256E-01   0.000000E+00   0.000000E+00   0.000000E+00   0.000000E+00   0.000000E+00   0.000000E+00   0.300295E+00   0.000000E+00   0.000000E+00   0.000000E+00   0.000000E+00   0.000000E+00   0.000000E+00   0.000000E+00   0.000000E+00   0.000000E+00   0.000000E+00   0.000000E+00   0.213820E-01   0.000000E+00   0.000000E+00   0.000000E+00   0.000000E+00   0.000000E+00   0.000000E+00   0.000000E+00   0.000000E+00   0.000000E+00   0.000000E+00   0.000000E+00   0.000000E+00   0.000000E+00   0.000000E+00   0.000000E+00   0.000000E+00   0.000000E+00   0.000000E+00   0.000000E+00   0.000000E+00   0.000000E+00   0.000000E+00   0.000000E+00   0.000000E+00   0.563500E+02   0.546810E+03   0.158648E+04   0.376072E+04   0.812867E+04   0.160239E+05   0.284644E+05   0.449227E+05   0.619356E+05   0.731824E+05   0.721739E+05   0.574065E+05   0.351760E+05   0.155690E+05   0.458850E+04   0.277846E+03   0.000000E+00   0.579488E-04   0.467620E-04   0.599662E-05   0.000000E+00   0.000000E+00   0.000000E+00   0.000000E+00   0.466116E-05   0.000000E+00   0.356312E-03   0.195134E+00   0.145488E+01   0.728897E+01   0.278733E+02   0.851807E+02   0.214763E+03   0.456801E+03   0.834157E+03   0.132624E+04   0.185629E+04   0.230986E+04   0.257915E+04   0.260460E+04   0.239536E+04   0.201833E+04   0.156639E+04   0.112501E+04   0.750813E+03   0.467283E+03   0.272098E+03   0.148655E+03   0.763766E+02   0.369925E+02   0.169220E+02   0.732251E+01   0.300224E+01   0.116835E+01   0.431953E+00   0.151875E+00   0.508383E-01   0.162281E-01   0.493743E-02   0.143495E-02   0.398263E-03   0.136601E-03
 0.000000E+00   0.763477E-03   0.255289E-02   0.817736E-02   0.250911E-01   0.737496E-01   0.207657E+00   0.560079E+00   0.144710E+01   0.358163E+01   0.000000E+00   0.000000E+00   0.000000E+00   0.000000E+00   0.000000E+00   0.000000E+00   0.000000E+00   0.119444E+01   0.000000E+00   0.000000E+00   0.000000E+00   0.000000E+00   0.452256E-01   0.000000E+00   0.000000E+00   0.000000E+00   0.000000E+00   0.000000E+00   0.000000E+00   0.300295E+00   0.000000E+00   0.000000E+00   0.000000E+00   0.000000E+00   0.000000E+00   0.000000E+00   0.000000E+00   0.000000E+00   0.000000E+00   0.000000E+00   0.000000E+00   0.213820E-01   0.000000E+00   0.000000E+00   0.000000E+00   0.000000E+00   0.000000E+00   0.000000E+00   0.000000E+00   0.000000E+00   0.000000E+00   0.000000E+00   0.000000E+00   0.000000E+00   0.000000E+00   0.000000E+00   0.000000E+00   0.000000E+00   0.000000E+00   0.000000E+00   0.000000E+00   0.000000E+00   0.000000E+00   0.000000E+00   0.000000E+00   0.000000E+00   0.939065E+02   0.636608E+03   0.174305E+04   0.404217E+04   0.859272E+04   0.166904E+05   0.292629E+05   0.456507E+05   0.623032E+05   0.729639E+05   0.713877E+05   0.563789E+05   0.343170E+05   0.150884E+05   0.441314E+04   0.234969E+03   0.000000E+00   0.579488E-04   0.467620E-04   0.599662E-05   0.000000E+00   0.000000E+00   0.000000E+00   0.000000E+00   0.466116E-05   0.000000E+00   0.299512E-03   0.192764E+00   0.144183E+01   0.722932E+01   0.276688E+02   0.846266E+02   0.213549E+03   0.454613E+03   0.830885E+03   0.132218E+04   0.185220E+04   0.230670E+04   0.257770E+04   0.260514E+04   0.239762E+04   0.202164E+04   0.156999E+04   0.112829E+04   0.753433E+03   0.469163E+03   0.273325E+03   0.149393E+03   0.767865E+02   0.372045E+02   0.170245E+02   0.736890E+01   0.302198E+01   0.117627E+01   0.434949E+00   0.152948E+00   0.512016E-01   0.163449E-01   0.497308E-02   0.144529E-02   0.401116E-03   0.137597E-03
 0.000000E+00   0.763477E-03   0.255289E-02   0.817736E-02   0.250911E-01   0.737496E-01   0.207657E+00   0.560079E+00   0.144710E+01   0.358163E+01   0.000000E+00   0.000000E+00   0.000000E+00   0.000000E+00   0.000000E+00   0.000000E+00   0.000000E+00   0.119444E+01   0.000000E+00   0.000000E+00   0.000000E+00   0.000000E+00   0.452256E-01   0.000000E+00   0.000000E+00   0.000000E+00   0.000000E+00   0.000000E+00   0.000000E+00   0.300295E+00   0.000000E+00   0.000000E+00   0.000000E+00   0.000000E+00   0.000000E+00   0.000000E+00   0.000000E+00   0.000000E+00   0.000000E+00   0.000000E+00   0.000000E+00   0.213820E-01   0.000000E+00   0.000000E+00   0.000000E+00   0.000000E+00   0.000000E+00   0.000000E+00   0.000000E+00   0.000000E+00   0.000000E+00   0.000000E+00   0.000000E+00   0.000000E+00   0.000000E+00   0.000000E+00   0.000000E+00   0.000000E+00   0.000000E+00   0.000000E+00   0.000000E+00   0.000000E+00   0.000000E+00   0.000000E+00   0.000000E+00   0.000000E+00   0.141911E+03   0.731369E+03   0.190930E+04   0.433774E+04   0.907234E+04   0.173685E+05   0.300622E+05   0.463642E+05   0.626446E+05   0.727176E+05   0.705845E+05   0.553493E+05   0.334654E+05   0.146160E+05   0.423971E+04   0.195034E+03   0.000000E+00   0.579488E-04   0.467620E-04   0.599662E-05   0.000000E+00   0.000000E+00   0.000000E+00   0.000000E+00   0.466116E-05   0.000000E+00   0.249495E-03   0.190479E+00   0.142920E+01   0.717136E+01   0.274692E+02   0.840844E+02   0.212357E+03   0.452460E+03   0.827657E+03   0.131817E+04   0.184815E+04   0.230356E+04   0.257623E+04   0.260565E+04   0.239984E+04   0.202491E+04   0.157356E+04   0.113155E+04   0.756038E+03   0.471034E+03   0.274549E+03   0.150129E+03   0.771959E+02   0.374163E+02   0.171269E+02   0.741532E+01   0.304174E+01   0.118419E+01   0.437951E+00   0.154022E+00   0.515658E-01   0.164621E-01   0.500884E-02   0.145566E-02   0.403977E-03   0.138596E-03
 0.000000E+00   0.763477E-03   0.255289E-02   0.817736E-02   0.250911E-01   0.737496E-01   0.207657E+00   0.560079E+00   0.144710E+01   0.358163E+01   0.000000E+00   0.000000E+00   0.000000E+00   0.000000E+00   0.000000E+00   0.000000E+00   0.000000E+00   0.119444E+01   0.000000E+00   0.000000E+00   0.000000E+00   0.000000E+00   0.452256E-01   0.000000E+00   0.000000E+00   0.000000E+00   0.000000E+00   0.000000E+00   0.000000E+00   0.300295E+00   0.000000E+00   0.000000E+00   0.000000E+00   0.000000E+00   0.000000E+00   0.000000E+00   0.000000E+00   0.000000E+00   0.000000E+00   0.000000E+00   0.000000E+00   0.213820E-01   0.000000E+00   0.000000E+00   0.000000E+00   0.000000E+00   0.000000E+00   0.000000E+00   0.000000E+00   0.000000E+00   0.000000E+00   0.000000E+00   0.000000E+00   0.000000E+00   0.000000E+00   0.000000E+00   0.000000E+00   0.000000E+00   0.000000E+00   0.000000E+00   0.000000E+00   0.000000E+00   0.000000E+00   0.000000E+00   0.000000E+00   0.000000E+00   0.200895E+03   0.831569E+03   0.208574E+04   0.464767E+04   0.956733E+04   0.180575E+05   0.308612E+05   0.470622E+05   0.629591E+05   0.724433E+05   0.697649E+05   0.543184E+05   0.326216E+05   0.141519E+05   0.406797E+04   0.158229E+03   0.000000E+00   0.579488E-04   0.467620E-04   0.599662E-05   0.000000E+00   0.000000E+00   0.000000E+00   0.000000E+00   0.466116E-05   0.000000E+00   0.205718E-03   0.188278E+00   0.141699E+01   0.711503E+01   0.272746E+02   0.835538E+02   0.211188E+03   0.450342E+03   0.824473E+03   0.131420E+04   0.184413E+04   0.230042E+04   0.257475E+04   0.260613E+04   0.240202E+04   0.202815E+04   0.157709E+04   0.113478E+04   0.758629E+03   0.472898E+03   0.275769E+03   0.150863E+03   0.776047E+02   0.376280E+02   0.172293E+02   0.746176E+01   0.306152E+01   0.119213E+01   0.440958E+00   0.155100E+00   0.519309E-01   0.165795E-01   0.504469E-02   0.146606E-02   0.406848E-03   0.139598E-03
 0.000000E+00   0.763477E-03   0.255289E-02   0.817736E-02   0.250911E-01   0.737496E-01   0.207657E+00   0.560079E+00   0.144710E+01   0.358163E+01   0.000000E+00   0.000000E+00   0.000000E+00   0.000000E+00   0.000000E+00   0.000000E+00   0.000000E+00   0.119444E+01   0.000000E+00   0.000000E+00   0.000000E+00   0.000000E+00   0.452256E-01   0.000000E+00   0.000000E+00   0.000000E+00   0.000000E+00   0.000000E+00   0.000000E+00   0.300295E+00   0.000000E+00   0.000000E+00   0.000000E+00   0.000000E+00   0.000000E+00   0.000000E+00   0.000000E+00   0.000000E+00   0.000000E+00   0.000000E+00   0.000000E+00   0.213820E-01   0.000000E+00   0.000000E+00   0.000000E+00   0.000000E+00   0.000000E+00   0.000000E+00   0.000000E+00   0.000000E+00   0.000000E+00   0.000000E+00   0.000000E+00   0.000000E+00   0.000000E+00   0.000000E+00   0.000000E+00   0.000000E+00   0.000000E+00   0.000000E+00   0.000000E+00   0.000000E+00   0.000000E+00   0.000000E+00   0.000000E+00   0.421171E+01   0.267222E+03   0.937708E+03   0.227287E+04   0.497216E+04   0.100775E+05   0.187568E+05   0.316588E+05   0.477436E+05   0.632464E+05   0.721413E+05   0.689295E+05   0.532866E+05   0.317860E+05   0.136965E+05   0.389766E+04   0.124747E+03   0.000000E+00   0.579488E-04   0.467620E-04   0.599662E-05   0.000000E+00   0.000000E+00   0.000000E+00   0.000000E+00   0.466116E-05   0.000000E+00   0.167646E-03   0.186158E+00   0.140519E+01   0.706031E+01   0.270847E+02   0.830347E+02   0.210040E+03   0.448257E+03   0.821331E+03   0.131028E+04   0.184014E+04   0.229729E+04   0.257326E+04   0.260658E+04   0.240416E+04   0.203134E+04   0.158059E+04   0.113799E+04   0.761206E+03   0.474754E+03   0.276985E+03   0.151595E+03   0.780129E+02   0.378395E+02   0.173317E+02   0.750822E+01   0.308131E+01   0.120008E+01   0.443971E+00   0.156179E+00   0.522968E-01   0.166973E-01   0.508065E-02   0.147649E-02   0.409728E-03   0.140603E-03
 0.000000E+00   0.763477E-03   0.255289E-02   0.817736E-02   0.250911E-01   0.737496E-01   0.207657E+00   0.560079E+00   0.144710E+01   0.358163E+01   0.000000E+00   0.000000E+00   0.000000E+00   0.000000E+00   0.000000E+00   0.000000E+00   0.000000E+00   0.119444E+01   0.000000E+00   0.000000E+00   0.000000E+00   0.000000E+00   0.452256E-01   0.000000E+00   0.000000E+00   0.000000E+00   0.000000E+00   0.000000E+00   0.000000E+00   0.300295E+00   0.000000E+00   0.000000E+00   0.000000E+00   0.000000E+00   0.000000E+00   0.000000E+00   0.000000E+00   0.000000E+00   0.000000E+00   0.000000E+00   0.000000E+00   0.213820E-01   0.000000E+00   0.000000E+00   0.000000E+00   0.000000E+00   0.000000E+00   0.000000E+00   0.000000E+00   0.000000E+00   0.000000E+00   0.000000E+00   0.000000E+00   0.000000E+00   0.000000E+00   0.000000E+00   0.000000E+00   0.000000E+00   0.000000E+00   0.000000E+00   0.000000E+00   0.000000E+00   0.000000E+00   0.000000E+00   0.000000E+00   0.174726E+02   0.336685E+03   0.105031E+04   0.247115E+04   0.531138E+04   0.106025E+05   0.194655E+05   0.324538E+05   0.484075E+05   0.635057E+05   0.718117E+05   0.680789E+05   0.522547E+05   0.309589E+05   0.132500E+05   0.372850E+04   0.947852E+02   0.000000E+00   0.579488E-04   0.467620E-04   0.599662E-05   0.000000E+00   0.000000E+00   0.000000E+00   0.000000E+00   0.466116E-05   0.000000E+00   0.139086E-03   0.184114E+00   0.139378E+01   0.700714E+01   0.268996E+02   0.825266E+02   0.208914E+03   0.446206E+03   0.818232E+03   0.130640E+04   0.183618E+04   0.229418E+04   0.257176E+04   0.260700E+04   0.240626E+04   0.203450E+04   0.158407E+04   0.114118E+04   0.763768E+03   0.476601E+03   0.278197E+03   0.152326E+03   0.784204E+02   0.380509E+02   0.174341E+02   0.755470E+01   0.310113E+01   0.120804E+01   0.446989E+00   0.157261E+00   0.526637E-01   0.168154E-01   0.511672E-02   0.148696E-02   0.412617E-03   0.141612E-03
 0.000000E+00   0.763477E-03   0.255289E-02   0.817736E-02   0.250911E-01   0.737496E-01   0.207657E+00   0.560079E+00   0.144710E+01   0.358163E+01   0.000000E+00   0.000000E+00   0.000000E+00   0.000000E+00   0.000000E+00   0.000000E+00   0.000000E+00   0.119444E+01   0.000000E+00   0.000000E+00   0.000000E+00   0.000000E+00   0.452256E-01   0.000000E+00   0.000000E+00   0.000000E+00   0.000000E+00   0.000000E+00   0.000000E+00   0.300295E+00   0.000000E+00   0.000000E+00   0.000000E+00   0.000000E+00   0.000000E+00   0.000000E+00   0.000000E+00   0.000000E+00   0.000000E+00   0.000000E+00   0.000000E+00   0.213820E-01   0.000000E+00   0.000000E+00   0.000000E+00   0.000000E+00   0.000000E+00   0.000000E+00   0.000000E+00   0.000000E+00   0.000000E+00   0.000000E+00   0.000000E+00   0.000000E+00   0.000000E+00   0.000000E+00   0.000000E+00   0.000000E+00   0.000000E+00   0.000000E+00   0.000000E+00   0.000000E+00   0.000000E+00   0.000000E+00   0.000000E+00   0.402525E+02   0.409510E+03   0.116990E+04   0.268101E+04   0.566546E+04   0.111422E+05   0.201829E+05   0.332452E+05   0.490529E+05   0.637368E+05   0.714546E+05   0.672136E+05   0.512232E+05   0.301407E+05   0.128127E+05   0.356019E+04   0.685440E+02   0.000000E+00   0.579488E-04   0.467620E-04   0.599662E-05   0.000000E+00   0.000000E+00   0.000000E+00   0.000000E+00   0.466116E-05   0.000000E+00   0.139086E-03   0.182123E+00   0.138275E+01   0.695548E+01   0.267190E+02   0.820295E+02   0.207809E+03   0.444188E+03   0.815175E+03   0.130256E+04   0.183225E+04   0.229108E+04   0.257025E+04   0.260740E+04   0.240833E+04   0.203762E+04   0.158751E+04   0.114434E+04   0.766316E+03   0.478441E+03   0.279405E+03   0.153055E+03   0.788274E+02   0.382621E+02   0.175365E+02   0.760120E+01   0.312097E+01   0.121601E+01   0.450013E+00   0.158345E+00   0.530315E-01   0.169338E-01   0.515288E-02   0.149745E-02   0.415515E-03   0.142624E-03
 0.000000E+00   0.763477E-03   0.255289E-02   0.817736E-02   0.250911E-01   0.737496E-01   0.207657E+00   0.560079E+00   0.144710E+01   0.358163E+01   0.000000E+00   0.000000E+00   0.000000E+00   0.000000E+00   0.000000E+00   0.000000E+00   0.000000E+00   0.119444E+01   0.000000E+00   0.000000E+00   0.000000E+00   0.000000E+00   0.452256E-01   0.000000E+00   0.000000E+00   0.000000E+00   0.000000E+00   0.000000E+00   0.000000E+00   0.300295E+00   0.000000E+00   0.000000E+00   0.000000E+00   0.000000E+00   0.000000E+00   0.000000E+00   0.000000E+00   0.000000E+00   0.000000E+00   0.000000E+00   0.000000E+00   0.213820E-01   0.000000E+00   0.000000E+00   0.000000E+00   0.000000E+00   0.000000E+00   0.000000E+00   0.000000E+00   0.000000E+00   0.000000E+00   0.000000E+00   0.000000E+00   0.000000E+00   0.000000E+00   0.000000E+00   0.000000E+00   0.000000E+00   0.000000E+00   0.000000E+00   0.000000E+00   0.000000E+00   0.000000E+00   0.000000E+00   0.000000E+00   0.729914E+02   0.486017E+03   0.129701E+04   0.290285E+04   0.603447E+04   0.116960E+05   0.209081E+05   0.340319E+05   0.496788E+05   0.639390E+05   0.710704E+05   0.663342E+05   0.501929E+05   0.293316E+05   0.123849E+05   0.339242E+04   0.462288E+02   0.000000E+00   0.579488E-04   0.467620E-04   0.599662E-05   0.000000E+00   0.000000E+00   0.000000E+00   0.000000E+00   0.466116E-05   0.000000E+00   0.139086E-03   0.180212E+00   0.137209E+01   0.690530E+01   0.265428E+02   0.815430E+02   0.206724E+03   0.442202E+03   0.812159E+03   0.129876E+04   0.182835E+04   0.228799E+04   0.256873E+04   0.260776E+04   0.241035E+04   0.204070E+04   0.159092E+04   0.114748E+04   0.768850E+03   0.480273E+03   0.280610E+03   0.153783E+03   0.792337E+02   0.384731E+02   0.176389E+02   0.764772E+01   0.314082E+01   0.122399E+01   0.453041E+00   0.159431E+00   0.534001E-01   0.170525E-01   0.518915E-02   0.150798E-02   0.418422E-03   0.143639E-03
 0.000000E+00   0.763477E-03   0.255289E-02   0.817736E-02   0.250911E-01   0.737496E-01   0.207657E+00   0.560079E+00   0.144710E+01   0.358163E+01   0.000000E+00   0.000000E+00   0.000000E+00   0.000000E+00   0.000000E+00   0.000000E+00   0.000000E+00   0.119444E+01   0.000000E+00   0.000000E+00   0.000000E+00   0.000000E+00   0.452256E-01   0.000000E+00   0.000000E+00   0.000000E+00   0.000000E+00   0.000000E+00   0.000000E+00   0.300295E+00   0.000000E+00   0.000000E+00   0.000000E+00   0.000000E+00   0.000000E+00   0.000000E+00   0.000000E+00   0.000000E+00   0.000000E+00   0.000000E+00   0.000000E+00   0.213820E-01   0.000000E+00   0.000000E+00   0.000000E+00   0.000000E+00   0.000000E+00   0.000000E+00   0.000000E+00   0.000000E+00   0.000000E+00   0.000000E+00   0.000000E+00   0.000000E+00   0.000000E+00   0.000000E+00   0.000000E+00   0.000000E+00   0.000000E+00   0.000000E+00   0.000000E+00   0.000000E+00   0.000000E+00   0.000000E+00   0.000000E+00   0.116135E+03   0.566590E+03   0.143216E+04   0.313703E+04   0.641844E+04   0.122636E+05   0.216401E+05   0.348125E+05   0.502842E+05   0.641121E+05   0.706592E+05   0.654415E+05   0.491643E+05   0.285321E+05   0.119668E+05   0.322483E+04   0.280476E+02   0.000000E+00   0.579488E-04   0.467620E-04   0.599662E-05   0.000000E+00   0.000000E+00   0.000000E+00   0.000000E+00   0.466116E-05   0.000000E+00   0.139086E-03   0.178376E+00   0.136179E+01   0.685654E+01   0.263710E+02   0.810668E+02   0.205659E+03   0.440247E+03   0.809183E+03   0.129500E+04   0.182449E+04   0.228491E+04   0.256719E+04   0.260810E+04   0.241235E+04   0.204375E+04   0.159430E+04   0.115060E+04   0.771371E+03   0.482097E+03   0.281810E+03   0.154508E+03   0.796395E+02   0.386840E+02   0.177412E+02   0.769426E+01   0.316069E+01   0.123198E+01   0.456076E+00   0.160520E+00   0.537696E-01   0.171715E-01   0.522553E-02   0.151854E-02   0.421339E-03   0.144657E-03
 0.000000E+00   0.763477E-03   0.255289E-02   0.817736E-02   0.250911E-01   0.737496E-01   0.207657E+00   0.560079E+00   0.144710E+01   0.358163E+01   0.000000E+00   0.000000E+00   0.000000E+00   0.000000E+00   0.000000E+00   0.000000E+00   0.000000E+00   0.119444E+01   0.000000E+00   0.000000E+00   0.000000E+00   0.000000E+00   0.452256E-01   0.000000E+00   0.000000E+00   0.000000E+00   0.000000E+00   0.000000E+00   0.000000E+00   0.300295E+00   0.000000E+00   0.000000E+00   0.000000E+00   0.000000E+00   0.000000E+00   0.000000E+00   0.000000E+00   0.000000E+00   0.000000E+00   0.000000E+00   0.000000E+00   0.213820E-01   0.000000E+00   0.000000E+00   0.000000E+00   0.000000E+00   0.000000E+00   0.000000E+00   0.000000E+00   0.000000E+00   0.000000E+00   0.000000E+00   0.000000E+00   0.000000E+00   0.000000E+00   0.000000E+00   0.000000E+00   0.000000E+00   0.000000E+00   0.000000E+00   0.000000E+00   0.170513E+00   0.000000E+00   0.000000E+00   0.355902E-01   0.169926E+03   0.651609E+03   0.157577E+04   0.338369E+04   0.681702E+04   0.128441E+05   0.223774E+05   0.355851E+05   0.508675E+05   0.642550E+05   0.702215E+05   0.645370E+05   0.481394E+05   0.277433E+05   0.115742E+05   0.305698E+04   0.000000E+00   0.000000E+00   0.579488E-04   0.467620E-04   0.599662E-05   0.000000E+00   0.000000E+00   0.000000E+00   0.000000E+00   0.466116E-05   0.000000E+00   0.267432E-02   0.324116E+00   0.120918E+01   0.680149E+01   0.262027E+02   0.805993E+02   0.204611E+03   0.438319E+03   0.806240E+03   0.129128E+04   0.182065E+04   0.228184E+04   0.256565E+04   0.260841E+04   0.241431E+04   0.204676E+04   0.159765E+04   0.115371E+04   0.773880E+03   0.483915E+03   0.283008E+03   0.155233E+03   0.800450E+02   0.388948E+02   0.178437E+02   0.774086E+01   0.318060E+01   0.127313E+01   0.437085E+00   0.153998E+00   0.517340E-01   0.164973E-01   0.504682E-02   0.146725E-02   0.403064E-03   0.145458E-03
 0.000000E+00   0.763477E-03   0.255289E-02   0.817736E-02   0.250911E-01   0.737496E-01   0.207657E+00   0.560079E+00   0.144710E+01   0.358163E+01   0.000000E+00   0.000000E+00   0.000000E+00   0.000000E+00   0.000000E+00   0.000000E+00   0.000000E+00   0.119444E+01   0.000000E+00   0.000000E+00   0.000000E+00   0.000000E+00   0.452256E-01   0.000000E+00   0.000000E+00   0.000000E+00   0.000000E+00   0.000000E+00   0.000000E+00   0.300295E+00   0.000000E+00   0.000000E+00   0.000000E+00   0.000000E+00   0.000000E+00   0.000000E+00   0.000000E+00   0.000000E+00   0.000000E+00   0.000000E+00   0.000000E+00   0.213820E-01   0.000000E+00   0.000000E+00   0.000000E+00   0.000000E+00   0.000000E+00   0.000000E+00   0.000000E+00   0.000000E+00   0.000000E+00   0.000000E+00   0.000000E+00   0.000000E+00   0.000000E+00   0.000000E+00   0.000000E+00   0.000000E+00   0.000000E+00   0.000000E+00   0.460946E-01   0.703561E+02   0.163603E+03   0.000000E+00   0.000000E+00   0.141969E+01   0.741428E+03   0.172811E+04   0.364277E+04   0.722950E+04   0.134358E+05   0.231176E+05   0.363468E+05   0.514261E+05   0.643668E+05   0.697581E+05   0.636230E+05   0.471210E+05   0.269671E+05   0.111805E+05   0.287963E+04   0.000000E+00   0.000000E+00   0.579488E-04   0.467620E-04   0.599662E-05   0.000000E+00   0.000000E+00   0.000000E+00   0.000000E+00   0.466116E-05   0.000000E+00   0.255185E-02   0.322812E+00   0.222967E+01   0.577228E+01   0.259884E+02   0.801378E+02   0.203574E+03   0.436408E+03   0.803320E+03   0.128758E+04   0.181682E+04   0.227877E+04   0.256410E+04   0.260870E+04   0.241624E+04   0.204976E+04   0.160099E+04   0.115680E+04   0.776385E+03   0.485731E+03   0.284205E+03   0.155958E+03   0.804509E+02   0.391061E+02   0.179463E+02   0.778757E+01   0.329724E+01   0.118407E+01   0.441005E+00   0.154743E+00   0.520403E-01   0.165976E-01   0.507817E-02   0.147630E-02   0.405722E-03   0.146243E-03
 0.000000E+00   0.763477E-03   0.255289E-02   0.817736E-02   0.250911E-01   0.737496E-01   0.207657E+00   0.560079E+00   0.144710E+01   0.358163E+01   0.000000E+00   0.000000E+00   0.000000E+00   0.000000E+00   0.000000E+00   0.000000E+00   0.000000E+00   0.119444E+01   0.000000E+00   0.000000E+00   0.000000E+00   0.000000E+00   0.452256E-01   0.000000E+00   0.000000E+00   0.000000E+00   0.000000E+00   0.000000E+00   0.000000E+00   0.300295E+00   0.000000E+00   0.000000E+00   0.000000E+00   0.000000E+00   0.000000E+00   0.000000E+00   0.000000E+00   0.000000E+00   0.000000E+00   0.000000E+00   0.000000E+00   0.213820E-01   0.000000E+00   0.000000E+00   0.000000E+00   0.000000E+00   0.000000E+00   0.000000E+00   0.000000E+00   0.000000E+00   0.000000E+00   0.000000E+00   0.000000E+00   0.000000E+00   0.000000E+00   0.000000E+00   0.000000E+00   0.000000E+00   0.000000E+00   0.596450E-02   0.121237E+00   0.142735E+03   0.168093E+03   0.000000E+00   0.000000E+00   0.166291E+01   0.836604E+03   0.188983E+04   0.391481E+04   0.765637E+04   0.140392E+05   0.238611E+05   0.370984E+05   0.519611E+05   0.644482E+05   0.692694E+05   0.626986E+05   0.461073E+05   0.262021E+05   0.107986E+05   0.270535E+04   0.000000E+00   0.000000E+00   0.579488E-04   0.467620E-04   0.599662E-05   0.000000E+00   0.000000E+00   0.000000E+00   0.000000E+00   0.466116E-05   0.000000E+00   0.243346E-02   0.321519E+00   0.221953E+01   0.577996E+01   0.257722E+02   0.796852E+02   0.202554E+03   0.434523E+03   0.800433E+03   0.128391E+04   0.181302E+04   0.227571E+04   0.256254E+04   0.260897E+04   0.241815E+04   0.205272E+04   0.160430E+04   0.115987E+04   0.778878E+03   0.487542E+03   0.285400E+03   0.156682E+03   0.808566E+02   0.393173E+02   0.180490E+02   0.809884E+01   0.305209E+01   0.119405E+01   0.443083E+00   0.155620E+00   0.523520E-01   0.166993E-01   0.510990E-02   0.148546E-02   0.408408E-03   0.147039E-03
 0.000000E+00   0.763477E-03   0.255289E-02   0.817736E-02   0.250911E-01   0.737496E-01   0.207657E+00   0.560079E+00   0.144710E+01   0.358163E+01   0.000000E+00   0.000000E+00   0.000000E+00   0.000000E+00   0.000000E+00   0.000000E+00   0.000000E+00   0.119444E+01   0.000000E+00   0.000000E+00   0.000000E+00   0.000000E+00   0.452256E-01   0.000000E+00   0.000000E+00   0.000000E+00   0.000000E+00   0.000000E+00   0.000000E+00   0.300295E+00   0.000000E+00   0.000000E+00   0.000000E+00   0.000000E+00   0.000000E+00   0.000000E+00   0.000000E+00   0.000000E+00   0.000000E+00   0.000000E+00   0.000000E+00   0.213820E-01   0.000000E+00   0.000000E+00   0.000000E+00   0.000000E+00   0.000000E+00   0.000000E+00   0.000000E+00   0.000000E+00   0.000000E+00   0.000000E+00   0.000000E+00   0.000000E+00   0.000000E+00   0.000000E+00   0.000000E+00   0.000000E+00   0.390025E-03   0.557448E-02   0.204922E+02   0.196785E+03   0.183055E+03   0.000000E+00   0.000000E+00   0.192188E+01   0.937515E+03   0.206117E+04   0.419968E+04   0.809687E+04   0.146528E+05   0.246057E+05   0.378374E+05   0.524705E+05   0.644987E+05   0.687562E+05   0.617660E+05   0.451008E+05   0.254501E+05   0.104292E+05   0.253486E+04   0.000000E+00   0.000000E+00   0.579488E-04   0.467620E-04   0.599662E-05   0.000000E+00   0.000000E+00   0.000000E+00   0.000000E+00   0.466116E-05   0.000000E+00   0.231908E-02   0.320236E+00   0.220947E+01   0.102304E+02   0.212397E+02   0.791149E+02   0.201545E+03   0.432656E+03   0.797569E+03   0.128026E+04   0.180923E+04   0.227266E+04   0.256096E+04   0.260922E+04   0.242004E+04   0.205566E+04   0.160760E+04   0.116294E+04   0.781366E+03   0.489350E+03   0.286594E+03   0.157406E+03   0.812625E+02   0.395287E+02   0.181519E+02   0.813831E+01   0.308354E+01   0.119902E+01   0.445525E+00   0.156514E+00   0.526680E-01   0.168022E-01   0.514199E-02   0.149472E-02   0.411121E-03   0.147846E-03
 0.000000E+00   0.763477E-03   0.255289E-02   0.817736E-02   0.250911E-01   0.737496E-01   0.207657E+00   0.560079E+00   0.144710E+01   0.358163E+01   0.000000E+00   0.000000E+00   0.000000E+00   0.000000E+00   0.000000E+00   0.000000E+00   0.000000E+00   0.119444E+01   0.000000E+00   0.000000E+00   0.000000E+00   0.000000E+00   0.452256E-01   0.000000E+00   0.000000E+00   0.000000E+00   0.000000E+00   0.000000E+00   0.000000E+00   0.300295E+00   0.000000E+00   0.000000E+00   0.000000E+00   0.000000E+00   0.000000E+00   0.000000E+00   0.000000E+00   0.000000E+00   0.000000E+00   0.000000E+00   0.000000E+00   0.213820E-01   0.000000E+00   0.000000E+00   0.000000E+00   0.000000E+00   0.000000E+00   0.000000E+00   0.000000E+00   0.000000E+00   0.000000E+00   0.000000E+00   0.000000E+00   0.000000E+00   0.000000E+00   0.000000E+00   0.000000E+00   0.000000E+00   0.274563E-02   0.321887E-02   0.679112E+02   0.235137E+03   0.200083E+03   0.000000E+00   0.000000E+00   0.219734E+01   0.104502E+04   0.224325E+04   0.449885E+04   0.855305E+04   0.152794E+05   0.253552E+05   0.385682E+05   0.529588E+05   0.645207E+05   0.682176E+05   0.608203E+05   0.440945E+05   0.247047E+05   0.100683E+05   0.236640E+04   0.000000E+00   0.000000E+00   0.579488E-04   0.467620E-04   0.599662E-05   0.000000E+00   0.000000E+00   0.000000E+00   0.000000E+00   0.466116E-05   0.000000E+00   0.220866E-02   0.318964E+00   0.219948E+01   0.101813E+02   0.212807E+02   0.784922E+02   0.200567E+03   0.430835E+03   0.794764E+03   0.127668E+04   0.180550E+04   0.226963E+04   0.255939E+04   0.260944E+04   0.242187E+04   0.205855E+04   0.161085E+04   0.116597E+04   0.783829E+03   0.491143E+03   0.287780E+03   0.158126E+03   0.816666E+02   0.397394E+02   0.182544E+02   0.817787E+01   0.311485E+01   0.120384E+01   0.448027E+00   0.157421E+00   0.529883E-01   0.169064E-01   0.517443E-02   0.150409E-02   0.413860E-03   0.148664E-03
 0.000000E+00   0.763477E-03   0.255289E-02   0.817736E-02   0.250911E-01   0.737496E-01   0.207657E+00   0.560079E+00   0.144710E+01   0.358163E+01   0.000000E+00   0.000000E+00   0.000000E+00   0.000000E+00   0.000000E+00   0.000000E+00   0.000000E+00   0.119444E+01   0.000000E+00   0.000000E+00   0.000000E+00   0.000000E+00   0.452256E-01   0.000000E+00   0.000000E+00   0.000000E+00   0.000000E+00   0.000000E+00   0.000000E+00   0.300295E+00   0.000000E+00   0.000000E+00   0.000000E+00   0.000000E+00   0.000000E+00   0.000000E+00   0.000000E+00   0.000000E+00   0.000000E+00   0.000000E+00   0.000000E+00   0.213820E-01   0.000000E+00   0.000000E+00   0.000000E+00   0.000000E+00   0.000000E+00   0.000000E+00   0.000000E+00   0.000000E+00   0.000000E+00   0.000000E+00   0.000000E+00   0.000000E+00   0.000000E+00   0.000000E+00   0.000000E+00   0.000000E+00   0.298076E-02   0.496174E+01   0.126790E+03   0.273618E+03   0.214397E+03   0.000000E+00   0.000000E+00   0.247306E+01   0.115912E+04   0.243557E+04   0.481082E+04   0.902188E+04   0.159142E+05   0.261027E+05   0.392831E+05   0.534191E+05   0.645110E+05   0.676561E+05   0.598692E+05   0.430980E+05   0.239741E+05   0.972003E+04   0.220257E+04   0.000000E+00   0.000000E+00   0.579488E-04   0.467620E-04   0.599662E-05   0.000000E+00   0.000000E+00   0.000000E+00   0.000000E+00   0.466116E-05   0.000000E+00   0.210213E-02   0.317702E+00   0.218958E+01   0.101326E+02   0.213200E+02   0.778744E+02   0.199599E+03   0.429025E+03   0.791974E+03   0.127311E+04   0.180177E+04   0.226659E+04   0.255780E+04   0.260964E+04   0.242369E+04   0.206143E+04   0.161409E+04   0.116899E+04   0.786291E+03   0.492936E+03   0.288966E+03   0.158847E+03   0.820714E+02   0.399506E+02   0.190554E+02   0.752586E+01   0.313959E+01   0.120891E+01   0.450589E+00   0.158341E+00   0.533124E-01   0.170117E-01   0.520719E-02   0.151355E-02   0.416624E-03   0.149493E-03
 0.000000E+00   0.763477E-03   0.255289E-02   0.817736E-02   0.250911E-01   0.737496E-01   0.207657E+00   0.560079E+00   0.144710E+01   0.358163E+01   0.000000E+00   0.000000E+00   0.000000E+00   0.000000E+00   0.000000E+00   0.000000E+00   0.000000E+00   0.119444E+01   0.000000E+00   0.000000E+00   0.000000E+00   0.000000E+00   0.452256E-01   0.000000E+00   0.000000E+00   0.000000E+00   0.000000E+00   0.000000E+00   0.000000E+00   0.300295E+00   0.000000E+00   0.000000E+00   0.000000E+00   0.000000E+00   0.000000E+00   0.000000E+00   0.000000E+00   0.000000E+00   0.000000E+00   0.000000E+00   0.000000E+00   0.213820E-01   0.000000E+00   0.000000E+00   0.000000E+00   0.000000E+00   0.000000E+00   0.000000E+00   0.000000E+00   0.000000E+00   0.000000E+00   0.000000E+00   0.000000E+00   0.000000E+00   0.000000E+00   0.000000E+00   0.000000E+00   0.000000E+00   0.298076E-02   0.338272E+02   0.173933E+03   0.319166E+03   0.224255E+03   0.000000E+00   0.000000E+00   0.278966E+01   0.128048E+04   0.263884E+04   0.513633E+04   0.950422E+04   0.165580E+05   0.268496E+05   0.399838E+05   0.538533E+05   0.644709E+05   0.670714E+05   0.589104E+05   0.421082E+05   0.232553E+05   0.938224E+04   0.204261E+04   0.000000E+00   0.000000E+00   0.579488E-04   0.467620E-04   0.599662E-05   0.000000E+00   0.000000E+00   0.000000E+00   0.000000E+00   0.466116E-05   0.000000E+00   0.199942E-02   0.316451E+00   0.217976E+01   0.100843E+02   0.213576E+02   0.772687E+02   0.198648E+03   0.427240E+03   0.789216E+03   0.126958E+04   0.179807E+04   0.226357E+04   0.255620E+04   0.260982E+04   0.242548E+04   0.206427E+04   0.161731E+04   0.117200E+04   0.788741E+03   0.494723E+03   0.290150E+03   0.159567E+03   0.824759E+02   0.401618E+02   0.191388E+02   0.760331E+01   0.315150E+01   0.121497E+01   0.453196E+00   0.159274E+00   0.536403E-01   0.171182E-01   0.524027E-02   0.152310E-02   0.419410E-03   0.150331E-03
 0.000000E+00   0.763477E-03   0.255289E-02   0.817736E-02   0.250911E-01   0.737496E-01   0.207657E+00   0.560079E+00   0.144710E+01   0.358163E+01   0.000000E+00   0.000000E+00   0.000000E+00   0.000000E+00   0.000000E+00   0.000000E+00   0.000000E+00   0.119444E+01   0.000000E+00   0.000000E+00   0.000000E+00   0.000000E+00   0.452256E-01   0.000000E+00   0.000000E+00   0.000000E+00   0.000000E+00   0.000000E+00   0.000000E+00   0.300295E+00   0.000000E+00   0.000000E+00   0.000000E+00   0.000000E+00   0.000000E+00   0.000000E+00   0.000000E+00   0.000000E+00   0.000000E+00   0.000000E+00   0.000000E+00   0.213820E-01   0.000000E+00   0.000000E+00   0.000000E+00   0.000000E+00   0.000000E+00   0.000000E+00   0.000000E+00   0.000000E+00   0.000000E+00   0.000000E+00   0.000000E+00   0.000000E+00   0.000000E+00   0.000000E+00   0.000000E+00   0.000000E+00   0.108597E+01   0.829930E+02   0.212190E+03   0.374610E+03   0.227716E+03   0.000000E+00   0.000000E+00   0.311607E+01   0.140985E+04   0.285391E+04   0.547637E+04   0.100013E+05   0.172126E+05   0.275977E+05   0.406726E+05   0.542637E+05   0.644018E+05   0.664630E+05   0.579413E+05   0.411210E+05   0.225446E+05   0.905252E+04   0.188566E+04   0.000000E+00   0.000000E+00   0.579488E-04   0.467620E-04   0.599662E-05   0.000000E+00   0.000000E+00   0.000000E+00   0.000000E+00   0.466116E-05   0.000000E+00   0.190047E-02   0.315211E+00   0.217002E+01   0.100363E+02   0.213934E+02   0.766841E+02   0.197724E+03   0.425497E+03   0.786513E+03   0.126610E+04   0.179441E+04   0.226057E+04   0.255460E+04   0.260997E+04   0.242722E+04   0.206707E+04   0.162048E+04   0.117497E+04   0.791169E+03   0.496497E+03   0.291327E+03   0.160283E+03   0.828787E+02   0.403722E+02   0.192224E+02   0.768035E+01   0.316299E+01   0.122121E+01   0.455841E+00   0.160217E+00   0.539717E-01   0.172257E-01   0.527365E-02   0.153274E-02   0.422220E-03   0.151179E-03
 0.000000E+00   0.763477E-03   0.255289E-02   0.817736E-02   0.250911E-01   0.737496E-01   0.207657E+00   0.560079E+00   0.144710E+01   0.358163E+01   0.000000E+00   0.000000E+00   0.000000E+00   0.000000E+00   0.000000E+00   0.000000E+00   0.000000E+00   0.119444E+01   0.000000E+00   0.000000E+00   0.000000E+00   0.000000E+00   0.452256E-01   0.000000E+00   0.000000E+00   0.000000E+00   0.000000E+00   0.000000E+00   0.000000E+00   0.300295E+00   0.000000E+00   0.000000E+00   0.000000E+00   0.000000E+00   0.000000E+00   0.000000E+00   0.000000E+00   0.000000E+00   0.000000E+00   0.000000E+00   0.000000E+00   0.213820E-01   0.000000E+00   0.000000E+00   0.000000E+00   0.000000E+00   0.000000E+00   0.000000E+00   0.000000E+00   0.000000E+00   0.000000E+00   0.000000E+00   0.000000E+00   0.000000E+00   0.000000E+00   0.000000E+00   0.000000E+00   0.000000E+00   0.200945E+02   0.130455E+03   0.249087E+03   0.441012E+03   0.222126E+03   0.000000E+00   0.000000E+00   0.346144E+01   0.154741E+04   0.308062E+04   0.583013E+04   0.105113E+05   0.178750E+05   0.283433E+05   0.413453E+05   0.546470E+05   0.643023E+05   0.658326E+05   0.569658E+05   0.401412E+05   0.218460E+05   0.873241E+04   0.173303E+04   0.000000E+00   0.000000E+00   0.579488E-04   0.467620E-04   0.599662E-05   0.000000E+00   0.000000E+00   0.000000E+00   0.000000E+00   0.466116E-05   0.000000E+00   0.180522E-02   0.313983E+00   0.216037E+01   0.998867E+01   0.214277E+02   0.761118E+02   0.196818E+03   0.423778E+03   0.783842E+03   0.126266E+04   0.179078E+04   0.225758E+04   0.255299E+04   0.261009E+04   0.242893E+04   0.206983E+04   0.162363E+04   0.117792E+04   0.793584E+03   0.498263E+03   0.292500E+03   0.160998E+03   0.832811E+02   0.405826E+02   0.193065E+02   0.775723E+01   0.317407E+01   0.122763E+01   0.458521E+00   0.161171E+00   0.543065E-01   0.173343E-01   0.530732E-02   0.154247E-02   0.425051E-03   0.152037E-03
 0.000000E+00   0.763477E-03   0.255289E-02   0.817736E-02   0.250911E-01   0.737496E-01   0.207657E+00   0.560079E+00   0.144710E+01   0.358163E+01   0.000000E+00   0.000000E+00   0.000000E+00   0.000000E+00   0.000000E+00   0.000000E+00   0.000000E+00   0.119444E+01   0.000000E+00   0.000000E+00   0.000000E+00   0.000000E+00   0.452256E-01   0.000000E+00   0.000000E+00   0.000000E+00   0.000000E+00   0.000000E+00   0.000000E+00   0.300295E+00   0.000000E+00   0.000000E+00   0.000000E+00   0.000000E+00   0.000000E+00   0.000000E+00   0.000000E+00   0.000000E+00   0.000000E+00   0.000000E+00   0.000000E+00   0.213820E-01   0.000000E+00   0.000000E+00   0.000000E+00   0.000000E+00   0.000000E+00   0.000000E+00   0.000000E+00   0.000000E+00   0.000000E+00   0.000000E+00   0.000000E+00   0.000000E+00   0.000000E+00   0.000000E+00   0.000000E+00   0.499640E+00   0.608434E+02   0.169141E+03   0.290876E+03   0.517202E+03   0.205460E+03   0.000000E+00   0.000000E+00   0.380060E+01   0.169282E+04   0.331781E+04   0.619516E+04   0.110301E+05   0.185389E+05   0.290783E+05   0.419936E+05   0.549967E+05   0.641706E+05   0.651842E+05   0.559932E+05   0.391795E+05   0.211681E+05   0.842570E+04   0.158727E+04   0.000000E+00   0.000000E+00   0.579488E-04   0.467620E-04   0.599662E-05   0.000000E+00   0.000000E+00   0.000000E+00   0.000000E+00   0.466116E-05   0.000000E+00   0.171359E-02   0.312767E+00   0.215080E+01   0.994144E+01   0.351643E+02   0.620533E+02   0.195677E+03   0.422046E+03   0.781152E+03   0.125919E+04   0.178713E+04   0.225458E+04   0.255137E+04   0.261022E+04   0.243065E+04   0.207262E+04   0.162679E+04   0.118090E+04   0.796016E+03   0.500042E+03   0.293681E+03   0.161718E+03   0.836862E+02   0.407945E+02   0.193916E+02   0.783456E+01   0.318475E+01   0.123423E+01   0.461233E+00   0.162135E+00   0.546445E-01   0.174438E-01   0.534127E-02   0.155228E-02   0.427904E-03   0.152903E-03
 0.000000E+00   0.763477E-03   0.255289E-02   0.817736E-02   0.250911E-01   0.737496E-01   0.207657E+00   0.560079E+00   0.144710E+01   0.358163E+01   0.000000E+00   0.000000E+00   0.000000E+00   0.000000E+00   0.000000E+00   0.000000E+00   0.000000E+00   0.119444E+01   0.000000E+00   0.000000E+00   0.000000E+00   0.000000E+00   0.452256E-01   0.000000E+00   0.000000E+00   0.000000E+00   0.000000E+00   0.000000E+00   0.000000E+00   0.300295E+00   0.000000E+00   0.000000E+00   0.000000E+00   0.000000E+00   0.000000E+00   0.000000E+00   0.000000E+00   0.000000E+00   0.000000E+00   0.000000E+00   0.000000E+00   0.213820E-01   0.000000E+00   0.000000E+00   0.000000E+00   0.000000E+00   0.000000E+00   0.000000E+00   0.000000E+00   0.000000E+00   0.000000E+00   0.000000E+00   0.000000E+00   0.000000E+00   0.000000E+00   0.000000E+00   0.000000E+00   0.164190E+02   0.104525E+03   0.203046E+03   0.341230E+03   0.600823E+03   0.178123E+03   0.000000E+00   0.000000E+00   0.421071E+01   0.184727E+04   0.356720E+04   0.657400E+04   0.115614E+05   0.192096E+05   0.298095E+05   0.426252E+05   0.553196E+05   0.640096E+05   0.645151E+05   0.550146E+05   0.382243E+05   0.205012E+05   0.812678E+04   0.144584E+04   0.000000E+00   0.000000E+00   0.579488E-04   0.467620E-04   0.599662E-05   0.000000E+00   0.000000E+00   0.000000E+00   0.000000E+00   0.466116E-05   0.000000E+00   0.162552E-02   0.311563E+00   0.214133E+01   0.989460E+01   0.350029E+02   0.621988E+02   0.194260E+03   0.420349E+03   0.778501E+03   0.125576E+04   0.178351E+04   0.225159E+04   0.254975E+04   0.261032E+04   0.243234E+04   0.207536E+04   0.162993E+04   0.118385E+04   0.798432E+03   0.501812E+03   0.294857E+03   0.162435E+03   0.840905E+02   0.410060E+02   0.194770E+02   0.791162E+01   0.319507E+01   0.124101E+01   0.463974E+00   0.163109E+00   0.549856E-01   0.175543E-01   0.537548E-02   0.156218E-02   0.430777E-03   0.153779E-03
 0.000000E+00   0.763477E-03   0.255289E-02   0.817736E-02   0.250911E-01   0.737496E-01   0.207657E+00   0.560079E+00   0.144710E+01   0.358163E+01   0.000000E+00   0.000000E+00   0.000000E+00   0.000000E+00   0.000000E+00   0.000000E+00   0.000000E+00   0.119444E+01   0.000000E+00   0.000000E+00   0.000000E+00   0.000000E+00   0.452256E-01   0.000000E+00   0.000000E+00   0.000000E+00   0.000000E+00   0.000000E+00   0.000000E+00   0.300295E+00   0.000000E+00   0.000000E+00   0.000000E+00   0.000000E+00   0.000000E+00   0.000000E+00   0.000000E+00   0.000000E+00   0.000000E+00   0.000000E+00   0.000000E+00   0.213820E-01   0.000000E+00   0.000000E+00   0.000000E+00   0.000000E+00   0.000000E+00   0.000000E+00   0.000000E+00   0.000000E+00   0.000000E+00   0.000000E+00   0.000000E+00   0.000000E+00   0.000000E+00   0.000000E+00   0.117001E+01   0.531411E+02   0.141155E+03   0.237946E+03   0.400938E+03   0.690318E+03   0.140138E+03   0.000000E+00   0.000000E+00   0.462635E+01   0.201147E+04   0.382954E+04   0.696746E+04   0.121061E+05   0.198884E+05   0.305385E+05   0.432419E+05   0.556172E+05   0.638201E+05   0.638243E+05   0.540278E+05   0.372727E+05   0.198429E+05   0.783377E+04   0.130824E+04   0.000000E+00   0.000000E+00   0.579488E-04   0.467620E-04   0.599662E-05   0.000000E+00   0.000000E+00   0.000000E+00   0.000000E+00   0.466116E-05   0.000000E+00   0.154094E-02   0.310371E+00   0.213194E+01   0.984814E+01   0.348426E+02   0.623388E+02   0.192890E+03   0.418700E+03   0.775908E+03   0.125240E+04   0.177994E+04   0.224862E+04   0.254812E+04   0.261039E+04   0.243398E+04   0.207805E+04   0.163301E+04   0.118676E+04   0.800823E+03   0.503565E+03   0.296025E+03   0.163148E+03   0.844928E+02   0.412167E+02   0.195626E+02   0.798817E+01   0.320506E+01   0.124798E+01   0.466741E+00   0.164091E+00   0.553296E-01   0.176656E-01   0.540995E-02   0.157215E-02   0.433669E-03   0.154663E-03
 0.000000E+00   0.763477E-03   0.255289E-02   0.817736E-02   0.250911E-01   0.737496E-01   0.207657E+00   0.560079E+00   0.144710E+01   0.358163E+01   0.000000E+00   0.000000E+00   0.000000E+00   0.000000E+00   0.000000E+00   0.000000E+00   0.000000E+00   0.119444E+01   0.000000E+00   0.000000E+00   0.000000E+00   0.000000E+00   0.452256E-01   0.000000E+00   0.000000E+00   0.000000E+00   0.000000E+00   0.000000E+00   0.000000E+00   0.300295E+00   0.000000E+00   0.000000E+00   0.000000E+00   0.000000E+00   0.000000E+00   0.000000E+00   0.000000E+00   0.000000E+00   0.000000E+00   0.000000E+00   0.000000E+00   0.213820E-01   0.000000E+00   0.000000E+00   0.000000E+00   0.000000E+00   0.000000E+00   0.000000E+00   0.000000E+00   0.000000E+00   0.000000E+00   0.000000E+00   0.000000E+00   0.000000E+00   0.000000E+00   0.000000E+00   0.192434E+02   0.919421E+02   0.172553E+03   0.278434E+03   0.469109E+03   0.784254E+03   0.912170E+02   0.000000E+00   0.000000E+00   0.506435E+01   0.218534E+04   0.410419E+04   0.737406E+04   0.126617E+05   0.205712E+05   0.312603E+05   0.438387E+05   0.558859E+05   0.636012E+05   0.631146E+05   0.530380E+05   0.363305E+05   0.191978E+05   0.754842E+04   0.117596E+04   0.000000E+00   0.000000E+00   0.579488E-04   0.467620E-04   0.599662E-05   0.000000E+00   0.000000E+00   0.000000E+00   0.000000E+00   0.466116E-05   0.000000E+00   0.145979E-02   0.309192E+00   0.212264E+01   0.980208E+01   0.346835E+02   0.624731E+02   0.191545E+03   0.417079E+03   0.773344E+03   0.124907E+04   0.177639E+04   0.224567E+04   0.254648E+04   0.261044E+04   0.243559E+04   0.208072E+04   0.163608E+04   0.118965E+04   0.803203E+03   0.505314E+03   0.297189E+03   0.163860E+03   0.848947E+02   0.414274E+02   0.196486E+02   0.806454E+01   0.321474E+01   0.125511E+01   0.469530E+00   0.165083E+00   0.556765E-01   0.177779E-01   0.544467E-02   0.158219E-02   0.436580E-03   0.155555E-03
 0.000000E+00   0.763477E-03   0.255289E-02   0.817736E-02   0.250911E-01   0.737496E-01   0.207657E+00   0.560079E+00   0.144710E+01   0.358163E+01   0.000000E+00   0.000000E+00   0.000000E+00   0.000000E+00   0.000000E+00   0.000000E+00   0.000000E+00   0.119444E+01   0.000000E+00   0.000000E+00   0.000000E+00   0.000000E+00   0.452256E-01   0.000000E+00   0.000000E+00   0.000000E+00   0.000000E+00   0.000000E+00   0.000000E+00   0.300295E+00   0.000000E+00   0.000000E+00   0.000000E+00   0.000000E+00   0.000000E+00   0.000000E+00   0.000000E+00   0.000000E+00   0.000000E+00   0.000000E+00   0.000000E+00   0.213820E-01   0.000000E+00   0.000000E+00   0.000000E+00   0.000000E+00   0.000000E+00   0.000000E+00   0.000000E+00   0.000000E+00   0.000000E+00   0.000000E+00   0.000000E+00   0.000000E+00   0.000000E+00   0.437636E+01   0.544766E+02   0.124859E+03   0.203299E+03   0.326810E+03   0.543913E+03   0.883420E+03   0.300611E+02   0.000000E+00   0.000000E+00   0.552778E+01   0.236910E+04   0.439111E+04   0.779337E+04   0.132272E+05   0.212567E+05   0.319733E+05   0.444141E+05   0.561249E+05   0.633532E+05   0.623872E+05   0.520468E+05   0.353990E+05   0.185670E+05   0.727051E+04   0.104944E+04   0.000000E+00   0.000000E+00   0.579488E-04   0.467620E-04   0.599662E-05   0.000000E+00   0.000000E+00   0.000000E+00   0.000000E+00   0.466116E-05   0.000000E+00   0.138198E-02   0.308026E+00   0.211343E+01   0.975642E+01   0.345256E+02   0.626020E+02   0.190219E+03   0.415481E+03   0.770804E+03   0.124576E+04   0.177287E+04   0.224272E+04   0.254484E+04   0.261047E+04   0.243718E+04   0.208336E+04   0.163912E+04   0.119253E+04   0.805576E+03   0.507058E+03   0.298353E+03   0.164572E+03   0.852966E+02   0.416381E+02   0.197350E+02   0.814076E+01   0.322414E+01   0.126243E+01   0.472341E+00   0.166083E+00   0.560260E-01   0.178910E-01   0.547963E-02   0.159231E-02   0.439510E-03   0.156456E-03
 0.000000E+00   0.763477E-03   0.255289E-02   0.817736E-02   0.250911E-01   0.737496E-01   0.207657E+00   0.560079E+00   0.144710E+01   0.358163E+01   0.000000E+00   0.000000E+00   0.000000E+00   0.000000E+00   0.000000E+00   0.000000E+00   0.000000E+00   0.119444E+01   0.000000E+00   0.000000E+00   0.000000E+00   0.000000E+00   0.452256E-01   0.000000E+00   0.000000E+00   0.000000E+00   0.000000E+00   0.000000E+00   0.000000E+00   0.300295E+00   0.000000E+00   0.000000E+00   0.000000E+00   0.000000E+00   0.000000E+00   0.000000E+00   0.000000E+00   0.000000E+00   0.000000E+00   0.000000E+00   0.000000E+00   0.213820E-01   0.000000E+00   0.000000E+00   0.000000E+00   0.000000E+00   0.000000E+00   0.000000E+00   0.000000E+00   0.000000E+00   0.000000E+00   0.000000E+00   0.000000E+00   0.000000E+00   0.202364E+00   0.288531E+02   0.881331E+02   0.153142E+03   0.237874E+03   0.382704E+03   0.629899E+03   0.938687E+03   0.000000E+00   0.000000E+00   0.000000E+00   0.601766E+01   0.256299E+04   0.469030E+04   0.822504E+04   0.138019E+05   0.219437E+05   0.326762E+05   0.449673E+05   0.563339E+05   0.630766E+05   0.616430E+05   0.510552E+05   0.344787E+05   0.179507E+05   0.699955E+04   0.928936E+03   0.000000E+00   0.000000E+00   0.579488E-04   0.467620E-04   0.599662E-05   0.000000E+00   0.000000E+00   0.000000E+00   0.000000E+00   0.466116E-05   0.000000E+00   0.130746E-02   0.306874E+00   0.210431E+01   0.971117E+01   0.343689E+02   0.627256E+02   0.188912E+03   0.413904E+03   0.768286E+03   0.124248E+04   0.176936E+04   0.223978E+04   0.254319E+04   0.261049E+04   0.243874E+04   0.208598E+04   0.164215E+04   0.119540E+04   0.807941E+03   0.508798E+03   0.299514E+03   0.165283E+03   0.856986E+02   0.418491E+02   0.198220E+02   0.821686E+01   0.323327E+01   0.126991E+01   0.475169E+00   0.167092E+00   0.563781E-01   0.180048E-01   0.551482E-02   0.160251E-02   0.442457E-03   0.157365E-03
 0.000000E+00   0.763477E-03   0.255289E-02   0.817736E-02   0.250911E-01   0.737496E-01   0.207657E+00   0.560079E+00   0.144710E+01   0.358163E+01   0.000000E+00   0.000000E+00   0.000000E+00   0.000000E+00   0.000000E+00   0.000000E+00   0.000000E+00   0.119444E+01   0.000000E+00   0.000000E+00   0.000000E+00   0.000000E+00   0.452256E-01   0.000000E+00   0.000000E+00   0.000000E+00   0.000000E+00   0.000000E+00   0.000000E+00   0.300295E+00   0.000000E+00   0.000000E+00   0.000000E+00   0.000000E+00   0.000000E+00   0.000000E+00   0.000000E+00   0.000000E+00   0.000000E+00   0.000000E+00   0.000000E+00   0.213820E-01   0.000000E+00   0.000000E+00   0.000000E+00   0.000000E+00   0.000000E+00   0.000000E+00   0.000000E+00   0.000000E+00   0.000000E+00   0.000000E+00   0.000000E+00   0.000000E+00   0.136500E+02   0.609468E+02   0.116565E+03   0.180631E+03   0.279228E+03   0.443322E+03   0.738523E+03   0.940064E+03   0.000000E+00   0.000000E+00   0.000000E+00   0.653459E+01   0.276723E+04   0.500172E+04   0.866867E+04   0.143849E+05   0.226311E+05   0.333679E+05   0.454974E+05   0.565128E+05   0.627719E+05   0.608831E+05   0.500642E+05   0.335703E+05   0.173493E+05   0.673499E+04   0.814726E+03   0.000000E+00   0.000000E+00   0.579488E-04   0.467620E-04   0.599662E-05   0.000000E+00   0.000000E+00   0.000000E+00   0.000000E+00   0.466116E-05   0.000000E+00   0.123615E-02   0.305736E+00   0.209529E+01   0.966632E+01   0.342135E+02   0.628439E+02   0.187621E+03   0.412346E+03   0.765789E+03   0.123921E+04   0.176587E+04   0.223684E+04   0.254153E+04   0.261049E+04   0.244029E+04   0.208858E+04   0.164516E+04   0.119826E+04   0.810300E+03   0.510536E+03   0.300675E+03   0.165994E+03   0.861007E+02   0.420602E+02   0.199094E+02   0.829283E+01   0.324216E+01   0.127757E+01   0.478014E+00   0.168108E+00   0.567327E-01   0.181195E-01   0.555024E-02   0.161277E-02   0.445422E-03   0.158282E-03
 0.000000E+00   0.763477E-03   0.255289E-02   0.817736E-02   0.250911E-01   0.737496E-01   0.207657E+00   0.560079E+00   0.144710E+01   0.358163E+01   0.000000E+00   0.000000E+00   0.000000E+00   0.000000E+00   0.000000E+00   0.000000E+00   0.000000E+00   0.119444E+01   0.000000E+00   0.000000E+00   0.000000E+00   0.000000E+00   0.452256E-01   0.000000E+00   0.000000E+00   0.000000E+00   0.000000E+00   0.000000E+00   0.000000E+00   0.300295E+00   0.000000E+00   0.000000E+00   0.000000E+00   0.000000E+00   0.000000E+00   0.000000E+00   0.000000E+00   0.000000E+00   0.000000E+00   0.000000E+00   0.000000E+00   0.213820E-01   0.000000E+00   0.000000E+00   0.000000E+00   0.000000E+00   0.000000E+00   0.000000E+00   0.000000E+00   0.000000E+00   0.000000E+00   0.000000E+00   0.000000E+00   0.645347E+01   0.422876E+02   0.892199E+02   0.141368E+03   0.211748E+03   0.325524E+03   0.518590E+03   0.840138E+03   0.937553E+03   0.000000E+00   0.000000E+00   0.000000E+00   0.707902E+01   0.298197E+04   0.532528E+04   0.912384E+04   0.149755E+05   0.233179E+05   0.340472E+05   0.460037E+05   0.566613E+05   0.624395E+05   0.601083E+05   0.490747E+05   0.326742E+05   0.167630E+05   0.647631E+04   0.707058E+03   0.000000E+00   0.000000E+00   0.579488E-04   0.467620E-04   0.599662E-05   0.000000E+00   0.000000E+00   0.000000E+00   0.000000E+00   0.466116E-05   0.000000E+00   0.116797E-02   0.304611E+00   0.208637E+01   0.962190E+01   0.340592E+02   0.629571E+02   0.186346E+03   0.410807E+03   0.763309E+03   0.123597E+04   0.176239E+04   0.223391E+04   0.253987E+04   0.261047E+04   0.244181E+04   0.209116E+04   0.164816E+04   0.120111E+04   0.812654E+03   0.512271E+03   0.301835E+03   0.166705E+03   0.865032E+02   0.422716E+02   0.199973E+02   0.836870E+01   0.325082E+01   0.128539E+01   0.480872E+00   0.169132E+00   0.570897E-01   0.182349E-01   0.558588E-02   0.162310E-02   0.448404E-03   0.159206E-03
 0.000000E+00   0.763477E-03   0.255289E-02   0.817736E-02   0.250911E-01   0.737496E-01   0.207657E+00   0.560079E+00   0.144710E+01   0.358163E+01   0.000000E+00   0.000000E+00   0.000000E+00   0.000000E+00   0.000000E+00   0.000000E+00   0.000000E+00   0.119444E+01   0.000000E+00   0.000000E+00   0.000000E+00   0.000000E+00   0.452256E-01   0.000000E+00   0.000000E+00   0.000000E+00   0.000000E+00   0.000000E+00   0.000000E+00   0.300295E+00   0.000000E+00   0.000000E+00   0.000000E+00   0.000000E+00   0.000000E+00   0.000000E+00   0.000000E+00   0.000000E+00   0.000000E+00   0.000000E+00   0.000000E+00   0.213820E-01   0.000000E+00   0.000000E+00   0.000000E+00   0.000000E+00   0.000000E+00   0.000000E+00   0.000000E+00   0.000000E+00   0.000000E+00   0.000000E+00   0.348259E+01   0.305596E+02   0.693575E+02   0.112987E+03   0.166471E+03   0.247834E+03   0.378554E+03   0.608089E+03   0.925855E+03   0.937547E+03   0.000000E+00   0.000000E+00   0.000000E+00   0.765128E+01   0.320735E+04   0.566082E+04   0.959005E+04   0.155728E+05   0.240027E+05   0.347129E+05   0.464853E+05   0.567793E+05   0.620803E+05   0.593198E+05   0.480876E+05   0.317909E+05   0.161921E+05   0.622298E+04   0.606181E+03   0.000000E+00   0.000000E+00   0.579488E-04   0.467620E-04   0.599662E-05   0.000000E+00   0.000000E+00   0.000000E+00   0.000000E+00   0.466116E-05   0.000000E+00   0.110286E-02   0.303501E+00   0.207754E+01   0.957789E+01   0.339063E+02   0.630653E+02   0.185085E+03   0.409284E+03   0.760847E+03   0.123274E+04   0.175893E+04   0.223099E+04   0.253821E+04   0.261044E+04   0.244332E+04   0.209373E+04   0.165114E+04   0.120396E+04   0.815004E+03   0.514005E+03   0.302995E+03   0.167416E+03   0.869060E+02   0.424833E+02   0.200858E+02   0.844446E+01   0.325928E+01   0.129337E+01   0.483743E+00   0.170163E+00   0.574491E-01   0.183511E-01   0.562174E-02   0.163350E-02   0.451402E-03   0.160138E-03
 0.000000E+00   0.763477E-03   0.255289E-02   0.817736E-02   0.250911E-01   0.737496E-01   0.207657E+00   0.560079E+00   0.144710E+01   0.358163E+01   0.000000E+00   0.000000E+00   0.000000E+00   0.000000E+00   0.000000E+00   0.000000E+00   0.000000E+00   0.119444E+01   0.000000E+00   0.000000E+00   0.000000E+00   0.000000E+00   0.452256E-01   0.000000E+00   0.000000E+00   0.000000E+00   0.000000E+00   0.000000E+00   0.000000E+00   0.300295E+00   0.000000E+00   0.000000E+00   0.000000E+00   0.000000E+00   0.000000E+00   0.000000E+00   0.000000E+00   0.000000E+00   0.000000E+00   0.000000E+00   0.000000E+00   0.213820E-01   0.000000E+00   0.000000E+00   0.000000E+00   0.000000E+00   0.000000E+00   0.000000E+00   0.000000E+00   0.000000E+00   0.000000E+00   0.259578E+01   0.239921E+02   0.556747E+02   0.921646E+02   0.134840E+03   0.195078E+03   0.288341E+03   0.444185E+03   0.698687E+03   0.100370E+04   0.938637E+03   0.000000E+00   0.000000E+00   0.000000E+00   0.825167E+01   0.344345E+04   0.600818E+04   0.100668E+05   0.161758E+05   0.246846E+05   0.353641E+05   0.469417E+05   0.568670E+05   0.616949E+05   0.585186E+05   0.471040E+05   0.309209E+05   0.156368E+05   0.597444E+04   0.512328E+03   0.000000E+00   0.000000E+00   0.579488E-04   0.467620E-04   0.599662E-05   0.000000E+00   0.000000E+00   0.000000E+00   0.000000E+00   0.466116E-05   0.000000E+00   0.104075E-02   0.302406E+00   0.206882E+01   0.953432E+01   0.337546E+02   0.631685E+02   0.183837E+03   0.407776E+03   0.758400E+03   0.122953E+04   0.175547E+04   0.222806E+04   0.253653E+04   0.261040E+04   0.244482E+04   0.209628E+04   0.165411E+04   0.120679E+04   0.817349E+03   0.515737E+03   0.304155E+03   0.168128E+03   0.873092E+02   0.426954E+02   0.201748E+02   0.852014E+01   0.326756E+01   0.130152E+01   0.486623E+00   0.171202E+00   0.578106E-01   0.184680E-01   0.565780E-02   0.164397E-02   0.454417E-03   0.161077E-03
 0.000000E+00   0.763477E-03   0.255289E-02   0.817736E-02   0.250911E-01   0.737496E-01   0.207657E+00   0.560079E+00   0.144710E+01   0.358163E+01   0.000000E+00   0.000000E+00   0.000000E+00   0.000000E+00   0.000000E+00   0.000000E+00   0.000000E+00   0.119444E+01   0.000000E+00   0.000000E+00   0.000000E+00   0.000000E+00   0.452256E-01   0.000000E+00   0.000000E+00   0.000000E+00   0.000000E+00   0.000000E+00   0.000000E+00   0.300295E+00   0.000000E+00   0.000000E+00   0.000000E+00   0.000000E+00   0.000000E+00   0.000000E+00   0.000000E+00   0.000000E+00   0.000000E+00   0.000000E+00   0.000000E+00   0.213820E-01   0.000000E+00   0.000000E+00   0.000000E+00   0.000000E+00   0.000000E+00   0.000000E+00   0.000000E+00   0.000000E+00   0.301408E+01   0.210101E+02   0.468406E+02   0.771042E+02   0.112015E+03   0.158342E+03   0.227524E+03   0.336376E+03   0.521285E+03   0.780669E+03   0.108422E+04   0.933788E+03   0.000000E+00   0.000000E+00   0.000000E+00   0.884432E+01   0.368758E+04   0.636277E+04   0.105469E+05   0.167745E+05   0.253505E+05   0.359864E+05   0.473603E+05   0.569173E+05   0.612855E+05   0.577167E+05   0.461427E+05   0.300682E+05   0.155953E+05   0.569411E+04   0.000000E+00   0.000000E+00   0.000000E+00   0.579488E-04   0.467620E-04   0.599662E-05   0.000000E+00   0.000000E+00   0.000000E+00   0.000000E+00   0.466116E-05   0.000000E+00   0.981554E-03   0.301327E+00   0.206019E+01   0.949117E+01   0.336042E+02   0.632668E+02   0.182508E+03   0.406205E+03   0.755860E+03   0.122622E+04   0.175193E+04   0.222508E+04   0.253485E+04   0.261040E+04   0.244638E+04   0.209892E+04   0.165717E+04   0.120970E+04   0.819751E+03   0.517508E+03   0.305339E+03   0.168854E+03   0.877200E+02   0.429112E+02   0.202657E+02   0.859705E+01   0.327561E+01   0.130981E+01   0.489512E+00   0.172249E+00   0.581743E-01   0.185856E-01   0.569407E-02   0.165449E-02   0.457446E-03   0.162023E-03
 0.000000E+00   0.763477E-03   0.255289E-02   0.817736E-02   0.250911E-01   0.737496E-01   0.207657E+00   0.560079E+00   0.144710E+01   0.358163E+01   0.000000E+00   0.000000E+00   0.000000E+00   0.000000E+00   0.000000E+00   0.000000E+00   0.000000E+00   0.119444E+01   0.000000E+00   0.000000E+00   0.000000E+00   0.000000E+00   0.452256E-01   0.000000E+00   0.000000E+00   0.000000E+00   0.000000E+00   0.000000E+00   0.000000E+00   0.300295E+00   0.000000E+00   0.000000E+00   0.000000E+00   0.000000E+00   0.000000E+00   0.000000E+00   0.000000E+00   0.000000E+00   0.000000E+00   0.000000E+00   0.000000E+00   0.213820E-01   0.000000E+00   0.000000E+00   0.000000E+00   0.000000E+00   0.000000E+00   0.000000E+00   0.000000E+00   0.482000E+01   0.205519E+02   0.414698E+02   0.664946E+02   0.952983E+02   0.132090E+03   0.185028E+03   0.264714E+03   0.395595E+03   0.601154E+03   0.854226E+03   0.117351E+04   0.926194E+03   0.000000E+00   0.000000E+00   0.000000E+00   0.952509E+01   0.394460E+04   0.673208E+04   0.110416E+05   0.173845E+05   0.260208E+05   0.366032E+05   0.477628E+05   0.569437E+05   0.608508E+05   0.568955E+05   0.451730E+05   0.292158E+05   0.150953E+05   0.536537E+04   0.000000E+00   0.000000E+00   0.000000E+00   0.579488E-04   0.467620E-04   0.599662E-05   0.000000E+00   0.000000E+00   0.000000E+00   0.000000E+00   0.466116E-05   0.000000E+00   0.925205E-03   0.300262E+00   0.205167E+01   0.944847E+01   0.334552E+02   0.633604E+02   0.181265E+03   0.404710E+03   0.753420E+03   0.122302E+04   0.174848E+04   0.222216E+04   0.253317E+04   0.261034E+04   0.244786E+04   0.210146E+04   0.166014E+04   0.121254E+04   0.822102E+03   0.519246E+03   0.306504E+03   0.169569E+03   0.881258E+02   0.431247E+02   0.203561E+02   0.867284E+01   0.328353E+01   0.131826E+01   0.492408E+00   0.173302E+00   0.585401E-01   0.187039E-01   0.573054E-02   0.166508E-02   0.460492E-03   0.162977E-03
 0.000000E+00   0.763477E-03   0.255289E-02   0.817736E-02   0.250911E-01   0.737496E-01   0.207657E+00   0.560079E+00   0.144710E+01   0.358163E+01   0.000000E+00   0.000000E+00   0.000000E+00   0.000000E+00   0.000000E+00   0.000000E+00   0.000000E+00   0.119444E+01   0.000000E+00   0.000000E+00   0.000000E+00   0.000000E+00   0.452256E-01   0.000000E+00   0.000000E+00   0.000000E+00   0.000000E+00   0.000000E+00   0.000000E+00   0.300295E+00   0.000000E+00   0.000000E+00   0.000000E+00   0.000000E+00   0.000000E+00   0.000000E+00   0.000000E+00   0.000000E+00   0.000000E+00   0.000000E+00   0.000000E+00   0.213820E-01   0.000000E+00   0.000000E+00   0.000000E+00   0.000000E+00   0.000000E+00   0.518455E+00   0.825708E+01   0.216090E+02   0.387142E+02   0.590328E+02   0.830222E+02   0.112911E+03   0.154563E+03   0.215270E+03   0.309979E+03   0.464018E+03   0.675750E+03   0.925530E+03   0.127363E+04   0.911257E+03   0.000000E+00   0.000000E+00   0.000000E+00   0.102013E+02   0.421577E+04   0.711032E+04   0.115461E+05   0.179992E+05   0.266869E+05   0.372047E+05   0.481406E+05   0.569414E+05   0.603922E+05   0.560628E+05   0.442065E+05   0.283786E+05   0.146079E+05   0.504241E+04   0.000000E+00   0.000000E+00   0.000000E+00   0.579488E-04   0.467620E-04   0.599662E-05   0.000000E+00   0.000000E+00   0.000000E+00   0.000000E+00   0.466116E-05   0.000000E+00   0.871623E-03   0.299214E+00   0.204325E+01   0.940621E+01   0.333075E+02   0.634494E+02   0.180047E+03   0.403239E+03   0.751009E+03   0.121985E+04   0.174505E+04   0.221924E+04   0.253148E+04   0.261027E+04   0.244932E+04   0.210397E+04   0.166309E+04   0.121535E+04   0.824442E+03   0.520978E+03   0.307665E+03   0.170283E+03   0.885310E+02   0.433381E+02   0.204467E+02   0.874834E+01   0.329132E+01   0.132686E+01   0.495308E+00   0.174363E+00   0.589079E-01   0.188228E-01   0.576720E-02   0.167574E-02   0.463552E-03   0.163938E-03
 0.000000E+00   0.763477E-03   0.255289E-02   0.817736E-02   0.250911E-01   0.737496E-01   0.207657E+00   0.560079E+00   0.144710E+01   0.358163E+01   0.000000E+00   0.000000E+00   0.000000E+00   0.000000E+00   0.000000E+00   0.000000E+00   0.000000E+00   0.119444E+01   0.000000E+00   0.000000E+00   0.000000E+00   0.000000E+00   0.452256E-01   0.000000E+00   0.000000E+00   0.000000E+00   0.000000E+00   0.000000E+00   0.000000E+00   0.300295E+00   0.000000E+00   0.000000E+00   0.000000E+00   0.000000E+00   0.000000E+00   0.000000E+00   0.000000E+00   0.000000E+00   0.000000E+00   0.000000E+00   0.000000E+00   0.213820E-01   0.000000E+00   0.000000E+00   0.000000E+00   0.380115E-01   0.382706E+01   0.122123E+02   0.234653E+02   0.374873E+02   0.541348E+02   0.737731E+02   0.986755E+02   0.132267E+03   0.179971E+03   0.251133E+03   0.365128E+03   0.534587E+03   0.743285E+03   0.100114E+04   0.138370E+04   0.886204E+03   0.000000E+00   0.000000E+00   0.000000E+00   0.109003E+02   0.450454E+04   0.749366E+04   0.120589E+05   0.186163E+05   0.273459E+05   0.377884E+05   0.484917E+05   0.569098E+05   0.599106E+05   0.552212E+05   0.432460E+05   0.275591E+05   0.141349E+05   0.472680E+04   0.000000E+00   0.000000E+00   0.000000E+00   0.579488E-04   0.467620E-04   0.599662E-05   0.000000E+00   0.000000E+00   0.000000E+00   0.000000E+00   0.466116E-05   0.000000E+00   0.820715E-03   0.298182E+00   0.203494E+01   0.936440E+01   0.331611E+02   0.635339E+02   0.178841E+03   0.401782E+03   0.748612E+03   0.121669E+04   0.174164E+04   0.221633E+04   0.252979E+04   0.261018E+04   0.245076E+04   0.210648E+04   0.166603E+04   0.121817E+04   0.826778E+03   0.522708E+03   0.308827E+03   0.170998E+03   0.889367E+02   0.435518E+02   0.205379E+02   0.882374E+01   0.329899E+01   0.133559E+01   0.498214E+00   0.175430E+00   0.592776E-01   0.189424E-01   0.580405E-02   0.168645E-02   0.466627E-03   0.164905E-03
 0.000000E+00   0.763477E-03   0.255289E-02   0.817736E-02   0.250911E-01   0.737496E-01   0.207657E+00   0.560079E+00   0.144710E+01   0.358163E+01   0.000000E+00   0.000000E+00   0.000000E+00   0.000000E+00   0.000000E+00   0.000000E+00   0.000000E+00   0.119444E+01   0.000000E+00   0.000000E+00   0.000000E+00   0.000000E+00   0.452256E-01   0.000000E+00   0.000000E+00   0.000000E+00   0.000000E+00   0.000000E+00   0.000000E+00   0.300295E+00   0.000000E+00   0.000000E+00   0.000000E+00   0.000000E+00   0.000000E+00   0.000000E+00   0.000000E+00   0.000000E+00   0.000000E+00   0.000000E+00   0.000000E+00   0.213820E-01   0.000000E+00   0.151440E+00   0.317841E+01   0.869035E+01   0.161023E+02   0.255459E+02   0.370785E+02   0.507779E+02   0.671408E+02   0.877053E+02   0.115666E+03   0.154121E+03   0.209544E+03   0.295356E+03   0.426984E+03   0.600906E+03   0.807542E+03   0.108445E+04   0.150664E+04   0.846659E+03   0.000000E+00   0.000000E+00   0.000000E+00   0.116515E+02   0.480529E+04   0.788641E+04   0.125794E+05   0.192347E+05   0.279969E+05   0.383532E+05   0.488157E+05   0.568489E+05   0.594069E+05   0.543717E+05   0.422918E+05   0.267576E+05   0.136762E+05   0.441896E+04   0.000000E+00   0.000000E+00   0.000000E+00   0.579488E-04   0.467620E-04   0.599662E-05   0.000000E+00   0.000000E+00   0.000000E+00   0.000000E+00   0.466116E-05   0.000000E+00   0.772431E-03   0.297167E+00   0.202673E+01   0.932305E+01   0.330161E+02   0.636139E+02   0.177646E+03   0.400337E+03   0.746227E+03   0.121355E+04   0.173823E+04   0.221342E+04   0.252809E+04   0.261008E+04   0.245218E+04   0.210896E+04   0.166895E+04   0.122097E+04   0.829111E+03   0.524438E+03   0.309989E+03   0.171713E+03   0.893431E+02   0.437660E+02   0.206297E+02   0.889904E+01   0.330656E+01   0.134447E+01   0.501121E+00   0.176505E+00   0.596492E-01   0.190626E-01   0.584108E-02   0.169722E-02   0.469716E-03   0.165879E-03
 0.000000E+00   0.763477E-03   0.255289E-02   0.817736E-02   0.250911E-01   0.737496E-01   0.207657E+00   0.560079E+00   0.144710E+01   0.358163E+01   0.000000E+00   0.000000E+00   0.000000E+00   0.000000E+00   0.000000E+00   0.000000E+00   0.000000E+00   0.119444E+01   0.000000E+00   0.000000E+00   0.000000E+00   0.000000E+00   0.452256E-01   0.000000E+00   0.000000E+00   0.000000E+00   0.000000E+00   0.000000E+00   0.000000E+00   0.300295E+00   0.000000E+00   0.000000E+00   0.000000E+00   0.000000E+00   0.000000E+00   0.000000E+00   0.000000E+00   0.000000E+00   0.000000E+00   0.000000E+00   0.477362E-01   0.140214E+01   0.420219E+01   0.804368E+01   0.130854E+02   0.195007E+02   0.274244E+02   0.369744E+02   0.483645E+02   0.621637E+02   0.796271E+02   0.102801E+03   0.134822E+03   0.179308E+03   0.245802E+03   0.347630E+03   0.489273E+03   0.661389E+03   0.873985E+03   0.117600E+04   0.164974E+04   0.784608E+03   0.000000E+00   0.000000E+00   0.000000E+00   0.124486E+02   0.511593E+04   0.828918E+04   0.131068E+05   0.198536E+05   0.286388E+05   0.388986E+05   0.491124E+05   0.567593E+05   0.588820E+05   0.535154E+05   0.413443E+05   0.259740E+05   0.132314E+05   0.411916E+04   0.000000E+00   0.000000E+00   0.000000E+00   0.579488E-04   0.467620E-04   0.599662E-05   0.000000E+00   0.000000E+00   0.000000E+00   0.000000E+00   0.466116E-05   0.000000E+00   0.726700E-03   0.296170E+00   0.201863E+01   0.928216E+01   0.328724E+02   0.636895E+02   0.176460E+03   0.398903E+03   0.743854E+03   0.121041E+04   0.173484E+04   0.221051E+04   0.252638E+04   0.260997E+04   0.245360E+04   0.211144E+04   0.167187E+04   0.122378E+04   0.831443E+03   0.526168E+03   0.311152E+03   0.172429E+03   0.897501E+02   0.439806E+02   0.207219E+02   0.897427E+01   0.331405E+01   0.135347E+01   0.504031E+00   0.177586E+00   0.600226E-01   0.191835E-01   0.587830E-02   0.170805E-02   0.472819E-03   0.166860E-03
 0.000000E+00   0.763477E-03   0.255289E-02   0.817736E-02   0.250911E-01   0.737496E-01   0.207657E+00   0.560079E+00   0.144710E+01   0.358163E+01   0.000000E+00   0.000000E+00   0.000000E+00   0.000000E+00   0.000000E+00   0.000000E+00   0.000000E+00   0.119444E+01   0.000000E+00   0.000000E+00   0.000000E+00   0.000000E+00   0.452256E-01   0.000000E+00   0.000000E+00   0.000000E+00   0.000000E+00   0.000000E+00   0.000000E+00   0.300295E+00   0.000000E+00   0.000000E+00   0.000000E+00   0.000000E+00   0.000000E+00   0.000000E+00   0.472974E-01   0.812949E+00   0.198206E+01   0.359541E+01   0.574700E+01   0.854380E+01   0.121178E+02   0.166249E+02   0.221490E+02   0.288369E+02   0.368551E+02   0.464993E+02   0.583516E+02   0.734377E+02   0.932616E+02   0.119814E+03   0.156817E+03   0.209932E+03   0.289815E+03   0.403609E+03   0.547252E+03   0.719137E+03   0.945787E+03   0.127883E+04   0.181435E+04   0.694722E+03   0.000000E+00   0.000000E+00   0.000000E+00   0.132831E+02   0.543514E+04   0.870217E+04   0.136406E+05   0.204722E+05   0.292708E+05   0.394238E+05   0.493816E+05   0.566414E+05   0.583368E+05   0.526532E+05   0.404040E+05   0.252081E+05   0.128000E+05   0.382763E+04   0.000000E+00   0.000000E+00   0.000000E+00   0.579488E-04   0.467620E-04   0.599662E-05   0.000000E+00   0.000000E+00   0.000000E+00   0.000000E+00   0.466116E-05   0.000000E+00   0.683448E-03   0.295190E+00   0.201065E+01   0.924174E+01   0.327302E+02   0.637609E+02   0.175284E+03   0.397480E+03   0.741492E+03   0.120729E+04   0.173145E+04   0.220760E+04   0.252467E+04   0.260986E+04   0.245500E+04   0.211390E+04   0.167478E+04   0.122657E+04   0.833773E+03   0.527898E+03   0.312315E+03   0.173146E+03   0.901577E+02   0.441956E+02   0.208147E+02   0.904940E+01   0.332145E+01   0.136261E+01   0.506942E+00   0.178674E+00   0.603977E-01   0.193049E-01   0.591570E-02   0.171894E-02   0.475936E-03   0.167848E-03
 0.000000E+00   0.763477E-03   0.255289E-02   0.817736E-02   0.250911E-01   0.737496E-01   0.207657E+00   0.560079E+00   0.144710E+01   0.358163E+01   0.000000E+00   0.000000E+00   0.000000E+00   0.000000E+00   0.000000E+00   0.000000E+00   0.000000E+00   0.119444E+01   0.000000E+00   0.000000E+00   0.000000E+00   0.000000E+00   0.452256E-01   0.000000E+00   0.000000E+00   0.000000E+00   0.000000E+00   0.000000E+00   0.000000E+00   0.300295E+00   0.362003E+00   0.802138E+00   0.103653E+01   0.150938E+01   0.215344E+01   0.298848E+01   0.405680E+01   0.541442E+01   0.712701E+01   0.926915E+01   0.119238E+02   0.151820E+02   0.191437E+02   0.239560E+02   0.296931E+02   0.365877E+02   0.449712E+02   0.553871E+02   0.686579E+02   0.859042E+02   0.108639E+03   0.139357E+03   0.183436E+03   0.247527E+03   0.339035E+03   0.457909E+03   0.600565E+03   0.778411E+03   0.102466E+04   0.139765E+04   0.199670E+04   0.574131E+03   0.000000E+00   0.000000E+00   0.000000E+00   0.141469E+02   0.576221E+04   0.912526E+04   0.141800E+05   0.210895E+05   0.298920E+05   0.399283E+05   0.496233E+05   0.564956E+05   0.577720E+05   0.517861E+05   0.394710E+05   0.244600E+05   0.123815E+05   0.354461E+04   0.000000E+00   0.000000E+00   0.000000E+00   0.579488E-04   0.467620E-04   0.599662E-05   0.000000E+00   0.000000E+00   0.000000E+00   0.000000E+00   0.466116E-05   0.000000E+00   0.642600E-03   0.294228E+00   0.200278E+01   0.920181E+01   0.325895E+02   0.638281E+02   0.174118E+03   0.396068E+03   0.739142E+03   0.120419E+04   0.172807E+04   0.220470E+04   0.252296E+04   0.260973E+04   0.245638E+04   0.211636E+04   0.167768E+04   0.122936E+04   0.836100E+03   0.529627E+03   0.313479E+03   0.173864E+03   0.905659E+02   0.444111E+02   0.209080E+02   0.912445E+01   0.332880E+01   0.137186E+01   0.509852E+00   0.179769E+00   0.607745E-01   0.194270E-01   0.595327E-02   0.172988E-02   0.479066E-03   0.168842E-03
 0.000000E+00   0.763477E-03   0.255289E-02   0.817736E-02   0.250911E-01   0.737496E-01   0.207657E+00   0.560079E+00   0.144710E+01   0.358163E+01   0.000000E+00   0.000000E+00   0.000000E+00   0.000000E+00   0.000000E+00   0.000000E+00   0.000000E+00   0.119444E+01   0.000000E+00   0.211537E+00   0.157357E+01   0.124919E+01   0.117321E+01   0.136787E+01   0.103965E+01   0.104506E+01   0.123992E+01   0.147771E+01   0.176786E+01   0.212205E+01   0.255452E+01   0.308255E+01   0.372693E+01   0.451234E+01   0.547007E+01   0.663049E+01   0.803807E+01   0.974072E+01   0.117937E+02   0.142607E+02   0.172155E+02   0.207466E+02   0.249669E+02   0.300719E+02   0.361982E+02   0.437102E+02   0.530791E+02   0.649519E+02   0.801862E+02   0.999911E+02   0.126387E+03   0.163024E+03   0.216246E+03   0.290674E+03   0.388643E+03   0.507846E+03   0.652247E+03   0.842013E+03   0.111347E+04   0.153493E+04   0.219131E+04   0.421501E+03   0.000000E+00   0.000000E+00   0.000000E+00   0.150342E+02   0.609696E+04   0.955814E+04   0.147243E+05   0.217048E+05   0.305016E+05   0.404116E+05   0.498374E+05   0.563225E+05   0.571886E+05   0.509149E+05   0.385460E+05   0.237294E+05   0.119752E+05   0.327035E+04   0.000000E+00   0.000000E+00   0.000000E+00   0.579488E-04   0.467620E-04   0.599662E-05   0.000000E+00   0.000000E+00   0.000000E+00   0.000000E+00   0.466116E-05   0.000000E+00   0.604085E-03   0.293286E+00   0.199502E+01   0.916236E+01   0.324502E+02   0.638913E+02   0.172961E+03   0.394667E+03   0.736802E+03   0.120109E+04   0.172470E+04   0.220180E+04   0.252124E+04   0.260958E+04   0.245776E+04   0.211880E+04   0.168057E+04   0.123215E+04   0.838426E+03   0.531356E+03   0.314643E+03   0.174582E+03   0.909748E+02   0.446270E+02   0.210019E+02   0.919940E+01   0.333610E+01   0.138124E+01   0.512762E+00   0.180871E+00   0.611529E-01   0.195496E-01   0.599102E-02   0.174088E-02   0.482210E-03   0.169842E-03
 0.000000E+00   0.763477E-03   0.255289E-02   0.817736E-02   0.250911E-01   0.737496E-01   0.207657E+00   0.560079E+00   0.144710E+01   0.358163E+01   0.000000E+00   0.000000E+00   0.000000E+00   0.000000E+00   0.171140E+01   0.281341E+01   0.332525E+01   0.632240E+01   0.713148E+01   0.301963E+01   0.212624E+01   0.197429E+01   0.199832E+01   0.210919E+01   0.228309E+01   0.251383E+01   0.280248E+01   0.315419E+01   0.357708E+01   0.408192E+01   0.468213E+01   0.539405E+01   0.623731E+01   0.723536E+01   0.841934E+01   0.980874E+01   0.114512E+02   0.133927E+02   0.156887E+02   0.184076E+02   0.216367E+02   0.254903E+02   0.301246E+02   0.358034E+02   0.427178E+02   0.513044E+02   0.620756E+02   0.757224E+02   0.932673E+02   0.116407E+03   0.147997E+03   0.192222E+03   0.254365E+03   0.335346E+03   0.434971E+03   0.554548E+03   0.705691E+03   0.912018E+03   0.121597E+04   0.168936E+04   0.239427E+04   0.235565E+03   0.000000E+00   0.000000E+00   0.000000E+00   0.159411E+02   0.643950E+04   0.100003E+05   0.152730E+05   0.223170E+05   0.310987E+05   0.408732E+05   0.500239E+05   0.561226E+05   0.565873E+05   0.500404E+05   0.376292E+05   0.230163E+05   0.115803E+05   0.300508E+04   0.000000E+00   0.000000E+00   0.000000E+00   0.579488E-04   0.467620E-04   0.599662E-05   0.000000E+00   0.000000E+00   0.000000E+00   0.000000E+00   0.466116E-05   0.000000E+00   0.567829E-03   0.292363E+00   0.198738E+01   0.912341E+01   0.323123E+02   0.639505E+02   0.171815E+03   0.393276E+03   0.734475E+03   0.119801E+04   0.172134E+04   0.219890E+04   0.251952E+04   0.260943E+04   0.245912E+04   0.212123E+04   0.168346E+04   0.123493E+04   0.840749E+03   0.533084E+03   0.315808E+03   0.175301E+03   0.913843E+02   0.448433E+02   0.210962E+02   0.927425E+01   0.334337E+01   0.139072E+01   0.515670E+00   0.181980E+00   0.615328E-01   0.196728E-01   0.602893E-02   0.175194E-02   0.485367E-03   0.170849E-03
 0.000000E+00   0.763477E-03   0.255289E-02   0.817736E-02   0.250911E-01   0.737496E-01   0.207657E+00   0.560079E+00   0.144710E+01   0.358163E+01   0.000000E+00   0.000000E+00   0.000000E+00   0.000000E+00   0.171140E+01   0.281344E+01   0.332520E+01   0.662957E+01   0.186696E+02   0.246225E+02   0.830077E+01   0.443670E+01   0.377590E+01   0.366141E+01   0.375671E+01   0.397781E+01   0.429772E+01   0.470917E+01   0.521403E+01   0.581963E+01   0.653727E+01   0.738183E+01   0.837219E+01   0.953202E+01   0.108953E+02   0.124772E+02   0.143310E+02   0.165114E+02   0.190851E+02   0.221377E+02   0.257800E+02   0.301569E+02   0.354589E+02   0.419924E+02   0.499615E+02   0.598476E+02   0.722471E+02   0.880655E+02   0.108752E+03   0.136567E+03   0.174610E+03   0.226189E+03   0.294380E+03   0.377719E+03   0.477669E+03   0.601009E+03   0.763269E+03   0.991227E+03   0.133454E+04   0.185663E+04   0.260226E+04   0.168471E+02   0.000000E+00   0.000000E+00   0.000000E+00   0.168657E+02   0.679007E+04   0.104513E+05   0.158251E+05   0.229254E+05   0.316827E+05   0.413128E+05   0.501829E+05   0.558965E+05   0.559693E+05   0.491634E+05   0.367212E+05   0.223204E+05   0.111963E+05   0.274904E+04   0.000000E+00   0.000000E+00   0.000000E+00   0.579488E-04   0.467620E-04   0.599662E-05   0.000000E+00   0.000000E+00   0.000000E+00   0.000000E+00   0.466116E-05   0.000000E+00   0.533764E-03   0.291459E+00   0.197987E+01   0.908496E+01   0.321760E+02   0.640058E+02   0.170677E+03   0.391895E+03   0.732158E+03   0.119494E+04   0.171799E+04   0.219601E+04   0.251779E+04   0.260927E+04   0.246047E+04   0.212364E+04   0.168633E+04   0.123771E+04   0.843070E+03   0.534813E+03   0.316974E+03   0.176021E+03   0.917945E+02   0.450600E+02   0.211910E+02   0.934900E+01   0.335062E+01   0.140031E+01   0.518577E+00   0.183096E+00   0.619143E-01   0.197966E-01   0.606701E-02   0.176305E-02   0.488536E-03   0.171862E-03
 0.000000E+00   0.763477E-03   0.255289E-02   0.817736E-02   0.250911E-01   0.737496E-01   0.207657E+00   0.560079E+00   0.144710E+01   0.358163E+01   0.000000E+00   0.000000E+00   0.000000E+00   0.000000E+00   0.171140E+01   0.281347E+01   0.332517E+01   0.662957E+01   0.186777E+02   0.399321E+02   0.439848E+02   0.114737E+02   0.630172E+01   0.541178E+01   0.524860E+01   0.537351E+01   0.567151E+01   0.610456E+01   0.666139E+01   0.734319E+01   0.815870E+01   0.912233E+01   0.102539E+02   0.115794E+02   0.131382E+02   0.149501E+02   0.170710E+02   0.195708E+02   0.225294E+02   0.260475E+02   0.302536E+02   0.353111E+02   0.414324E+02   0.489650E+02   0.581519E+02   0.696028E+02   0.841338E+02   0.102978E+03   0.127915E+03   0.161229E+03   0.205308E+03   0.261889E+03   0.332685E+03   0.416645E+03   0.518936E+03   0.649899E+03   0.827050E+03   0.108358E+04   0.146244E+04   0.208462E+04   0.253235E+04   0.000000E+00   0.000000E+00   0.000000E+00   0.000000E+00   0.178075E+02   0.714897E+04   0.109104E+05   0.163801E+05   0.235292E+05   0.322528E+05   0.417297E+05   0.503144E+05   0.556448E+05   0.553352E+05   0.482846E+05   0.358224E+05   0.216417E+05   0.108222E+05   0.250249E+04   0.000000E+00   0.000000E+00   0.000000E+00   0.579488E-04   0.467620E-04   0.599662E-05   0.000000E+00   0.000000E+00   0.000000E+00   0.000000E+00   0.466116E-05   0.000000E+00   0.501817E-03   0.290577E+00   0.197247E+01   0.904703E+01   0.320412E+02   0.640573E+02   0.169550E+03   0.390524E+03   0.729853E+03   0.119188E+04   0.171464E+04   0.219312E+04   0.251605E+04   0.260910E+04   0.246180E+04   0.212605E+04   0.168920E+04   0.124048E+04   0.845388E+03   0.536541E+03   0.318140E+03   0.176741E+03   0.922052E+02   0.452772E+02   0.212864E+02   0.942364E+01   0.335786E+01   0.141001E+01   0.521481E+00   0.184218E+00   0.622972E-01   0.199210E-01   0.610525E-02   0.177421E-02   0.491719E-03   0.172881E-03
 0.000000E+00   0.763477E-03   0.255289E-02   0.817736E-02   0.250911E-01   0.737496E-01   0.207657E+00   0.560079E+00   0.144710E+01   0.358163E+01   0.000000E+00   0.000000E+00   0.000000E+00   0.000000E+00   0.171140E+01   0.281350E+01   0.332514E+01   0.662957E+01   0.186777E+02   0.400784E+02   0.815848E+02   0.441008E+02   0.107249E+02   0.750453E+01   0.682675E+01   0.677569E+01   0.701990E+01   0.746189E+01   0.806864E+01   0.883250E+01   0.975897E+01   0.108622E+02   0.121637E+02   0.136928E+02   0.154952E+02   0.175953E+02   0.200506E+02   0.229452E+02   0.263692E+02   0.304367E+02   0.352937E+02   0.411312E+02   0.482073E+02   0.569579E+02   0.677302E+02   0.813262E+02   0.987727E+02   0.121445E+03   0.151008E+03   0.189162E+03   0.237248E+03   0.296087E+03   0.367877E+03   0.453628E+03   0.561411E+03   0.703109E+03   0.900517E+03   0.118695E+04   0.161457E+04   0.232606E+04   0.239826E+04   0.000000E+00   0.000000E+00   0.000000E+00   0.000000E+00   0.187667E+02   0.751642E+04   0.113769E+05   0.169372E+05   0.241275E+05   0.328083E+05   0.421239E+05   0.504187E+05   0.553683E+05   0.546860E+05   0.474049E+05   0.349332E+05   0.209800E+05   0.104573E+05   0.226569E+04   0.000000E+00   0.000000E+00   0.000000E+00   0.579488E-04   0.467620E-04   0.599662E-05   0.000000E+00   0.000000E+00   0.000000E+00   0.000000E+00   0.466116E-05   0.000000E+00   0.471918E-03   0.289715E+00   0.196521E+01   0.900962E+01   0.319080E+02   0.641051E+02   0.168432E+03   0.389164E+03   0.727560E+03   0.118884E+04   0.171131E+04   0.219023E+04   0.251432E+04   0.260892E+04   0.246313E+04   0.212844E+04   0.169205E+04   0.124325E+04   0.847705E+03   0.538268E+03   0.319306E+03   0.177462E+03   0.926165E+02   0.454948E+02   0.213822E+02   0.949818E+01   0.336510E+01   0.141980E+01   0.524382E+00   0.185347E+00   0.626815E-01   0.200459E-01   0.614365E-02   0.178542E-02   0.494913E-03   0.173907E-03
 0.000000E+00   0.763477E-03   0.255289E-02   0.817736E-02   0.250911E-01   0.737496E-01   0.207657E+00   0.560079E+00   0.144710E+01   0.358163E+01   0.000000E+00   0.000000E+00   0.000000E+00   0.000000E+00   0.171140E+01   0.281353E+01   0.332511E+01   0.662957E+01   0.186777E+02   0.400784E+02   0.905080E+02   0.112997E+03   0.212681E+02   0.102265E+02   0.863790E+01   0.832338E+01   0.849071E+01   0.893959E+01   0.960450E+01   0.104654E+02   0.115231E+02   0.127910E+02   0.142919E+02   0.160583E+02   0.181420E+02   0.205712E+02   0.234099E+02   0.267547E+02   0.307133E+02   0.354237E+02   0.410677E+02   0.478897E+02   0.562253E+02   0.666274E+02   0.795364E+02   0.958686E+02   0.116663E+03   0.143117E+03   0.176436E+03   0.217658E+03   0.267629E+03   0.327501E+03   0.401052E+03   0.491081E+03   0.606980E+03   0.763313E+03   0.985364E+03   0.129888E+04   0.181669E+04   0.249317E+04   0.227533E+04   0.000000E+00   0.000000E+00   0.000000E+00   0.000000E+00   0.197438E+02   0.789257E+04   0.118504E+05   0.174957E+05   0.247194E+05   0.333485E+05   0.424948E+05   0.504959E+05   0.550674E+05   0.540226E+05   0.465247E+05   0.340542E+05   0.203352E+05   0.101007E+05   0.203888E+04   0.000000E+00   0.000000E+00   0.000000E+00   0.579488E-04   0.467620E-04   0.599662E-05   0.000000E+00   0.000000E+00   0.000000E+00   0.000000E+00   0.466116E-05   0.000000E+00   0.443996E-03   0.288876E+00   0.195807E+01   0.897274E+01   0.317764E+02   0.641493E+02   0.167324E+03   0.387813E+03   0.725278E+03   0.118581E+04   0.170799E+04   0.218734E+04   0.251257E+04   0.260873E+04   0.246444E+04   0.213082E+04   0.169490E+04   0.124601E+04   0.850018E+03   0.539994E+03   0.320473E+03   0.178184E+03   0.930284E+02   0.457127E+02   0.214786E+02   0.957261E+01   0.337236E+01   0.142968E+01   0.527281E+00   0.186482E+00   0.630671E-01   0.201713E-01   0.618221E-02   0.179668E-02   0.498120E-03   0.174938E-03
 0.000000E+00   0.763477E-03   0.255289E-02   0.817736E-02   0.250911E-01   0.737496E-01   0.207657E+00   0.560079E+00   0.144710E+01   0.358163E+01   0.000000E+00   0.000000E+00   0.000000E+00   0.000000E+00   0.171140E+01   0.281356E+01   0.332508E+01   0.662957E+01   0.186777E+02   0.400784E+02   0.905708E+02   0.184774E+03   0.521441E+02   0.140339E+02   0.108112E+02   0.101132E+02   0.101691E+02   0.106167E+02   0.113435E+02   0.123123E+02   0.135177E+02   0.149719E+02   0.166999E+02   0.187388E+02   0.211492E+02   0.239657E+02   0.272684E+02   0.311695E+02   0.358077E+02   0.413573E+02   0.480478E+02   0.561824E+02   0.661616E+02   0.786124E+02   0.939632E+02   0.113088E+03   0.136842E+03   0.166099E+03   0.201683E+03   0.244433E+03   0.295517E+03   0.357084E+03   0.434364E+03   0.530836E+03   0.657759E+03   0.833671E+03   0.107599E+04   0.144414E+04   0.202141E+04   0.260554E+04   0.216575E+04   0.000000E+00   0.000000E+00   0.000000E+00   0.000000E+00   0.207395E+02   0.827741E+04   0.123300E+05   0.180547E+05   0.253043E+05   0.338728E+05   0.428424E+05   0.505462E+05   0.547429E+05   0.533459E+05   0.456449E+05   0.331858E+05   0.197072E+05   0.975174E+04   0.182235E+04   0.000000E+00   0.000000E+00   0.000000E+00   0.579488E-04   0.467620E-04   0.599662E-05   0.000000E+00   0.000000E+00   0.000000E+00   0.000000E+00   0.466116E-05   0.000000E+00   0.417982E-03   0.288058E+00   0.195106E+01   0.893640E+01   0.316463E+02   0.641900E+02   0.166225E+03   0.386472E+03   0.723007E+03   0.118279E+04   0.170467E+04   0.218446E+04   0.251083E+04   0.260852E+04   0.246573E+04   0.213319E+04   0.169774E+04   0.124876E+04   0.852329E+03   0.541721E+03   0.321640E+03   0.178906E+03   0.934408E+02   0.459311E+02   0.215753E+02   0.964692E+01   0.337963E+01   0.143964E+01   0.530176E+00   0.187624E+00   0.634540E-01   0.202973E-01   0.622092E-02   0.180800E-02   0.501338E-03   0.175975E-03
 0.000000E+00   0.763477E-03   0.255289E-02   0.817736E-02   0.250911E-01   0.737496E-01   0.207657E+00   0.560079E+00   0.144710E+01   0.358163E+01   0.000000E+00   0.000000E+00   0.000000E+00   0.000000E+00   0.171140E+01   0.281360E+01   0.332505E+01   0.662957E+01   0.186777E+02   0.400784E+02   0.905708E+02   0.233494E+03   0.121574E+03   0.197285E+02   0.134616E+02   0.122106E+02   0.121078E+02   0.125465E+02   0.133443E+02   0.144416E+02   0.158256E+02   0.175081E+02   0.195178E+02   0.218992E+02   0.247255E+02   0.280417E+02   0.319485E+02   0.365769E+02   0.420985E+02   0.487198E+02   0.567036E+02   0.663803E+02   0.781617E+02   0.926706E+02   0.110218E+03   0.131550E+03   0.157324E+03   0.188235E+03   0.225090E+03   0.269030E+03   0.321912E+03   0.386768E+03   0.469503E+03   0.574691E+03   0.717080E+03   0.910302E+03   0.118347E+04   0.162368E+04   0.218137E+04   0.270929E+04   0.205671E+04   0.000000E+00   0.000000E+00   0.000000E+00   0.000000E+00   0.217542E+02   0.867084E+04   0.128152E+05   0.186136E+05   0.258813E+05   0.343805E+05   0.431662E+05   0.505698E+05   0.543954E+05   0.526568E+05   0.447660E+05   0.323284E+05   0.190959E+05   0.940948E+04   0.161637E+04   0.000000E+00   0.000000E+00   0.000000E+00   0.579488E-04   0.467620E-04   0.599662E-05   0.000000E+00   0.000000E+00   0.000000E+00   0.000000E+00   0.466116E-05   0.000000E+00   0.393809E-03   0.287264E+00   0.194418E+01   0.890061E+01   0.315180E+02   0.642273E+02   0.165136E+03   0.385142E+03   0.720749E+03   0.117978E+04   0.170137E+04   0.218157E+04   0.250908E+04   0.260831E+04   0.246702E+04   0.213555E+04   0.170057E+04   0.125151E+04   0.854638E+03   0.543446E+03   0.322807E+03   0.179629E+03   0.938539E+02   0.461499E+02   0.216726E+02   0.972112E+01   0.338695E+01   0.144969E+01   0.533068E+00   0.188773E+00   0.638422E-01   0.204238E-01   0.625978E-02   0.181936E-02   0.504569E-03   0.177018E-03
 0.000000E+00   0.763477E-03   0.255289E-02   0.817736E-02   0.250911E-01   0.737496E-01   0.207657E+00   0.560079E+00   0.144710E+01   0.358163E+01   0.000000E+00   0.000000E+00   0.000000E+00   0.000000E+00   0.171140E+01   0.281363E+01   0.332501E+01   0.662957E+01   0.186777E+02   0.400784E+02   0.905708E+02   0.257901E+03   0.231706E+03   0.289685E+02   0.167821E+02   0.147452E+02   0.144407E+02   0.148716E+02   0.157637E+02   0.170282E+02   0.186431E+02   0.206196E+02   0.229907E+02   0.258090E+02   0.291612E+02   0.331004E+02   0.377457E+02   0.432381E+02   0.497703E+02   0.575603E+02   0.668735E+02   0.780272E+02   0.913970E+02   0.107561E+03   0.126696E+03   0.149475E+03   0.176509E+03   0.208566E+03   0.246718E+03   0.292582E+03   0.348559E+03   0.418030E+03   0.508095E+03   0.625729E+03   0.783019E+03   0.995702E+03   0.132384E+04   0.180037E+04   0.229593E+04   0.283173E+04   0.193662E+04   0.000000E+00   0.000000E+00   0.000000E+00   0.000000E+00   0.227881E+02   0.907264E+04   0.133052E+05   0.191716E+05   0.264496E+05   0.348713E+05   0.434662E+05   0.505671E+05   0.540257E+05   0.519562E+05   0.438885E+05   0.314825E+05   0.185011E+05   0.907310E+04   0.142121E+04   0.000000E+00   0.000000E+00   0.000000E+00   0.579488E-04   0.467620E-04   0.599662E-05   0.000000E+00   0.000000E+00   0.000000E+00   0.000000E+00   0.466116E-05   0.000000E+00   0.371411E-03   0.286494E+00   0.193744E+01   0.886537E+01   0.313912E+02   0.642613E+02   0.164057E+03   0.383820E+03   0.718502E+03   0.117679E+04   0.169807E+04   0.217870E+04   0.250732E+04   0.260809E+04   0.246829E+04   0.213790E+04   0.170339E+04   0.125425E+04   0.856943E+03   0.545171E+03   0.323974E+03   0.180353E+03   0.942674E+02   0.463690E+02   0.217703E+02   0.979521E+01   0.339430E+01   0.145981E+01   0.535956E+00   0.189928E+00   0.642315E-01   0.205508E-01   0.629879E-02   0.183078E-02   0.507811E-03   0.178067E-03
 0.000000E+00   0.763477E-03   0.255289E-02   0.817736E-02   0.250911E-01   0.737496E-01   0.207657E+00   0.560079E+00   0.144710E+01   0.358163E+01   0.000000E+00   0.000000E+00   0.000000E+00   0.000000E+00   0.171140E+01   0.281367E+01   0.332498E+01   0.662957E+01   0.186777E+02   0.400784E+02   0.905708E+02   0.265049E+03   0.375153E+03   0.459858E+02   0.211682E+02   0.179570E+02   0.173653E+02   0.177735E+02   0.187747E+02   0.202383E+02   0.221277E+02   0.244505E+02   0.272414E+02   0.305578E+02   0.344954E+02   0.391084E+02   0.445262E+02   0.508833E+02   0.583799E+02   0.672260E+02   0.776694E+02   0.899987E+02   0.104552E+03   0.121888E+03   0.142120E+03   0.165965E+03   0.194139E+03   0.227623E+03   0.267811E+03   0.316620E+03   0.376698E+03   0.452413E+03   0.552899E+03   0.683165E+03   0.854632E+03   0.110485E+04   0.148539E+04   0.194158E+04   0.239290E+04   0.297862E+04   0.179799E+04   0.000000E+00   0.000000E+00   0.000000E+00   0.000000E+00   0.238407E+02   0.948249E+04   0.137994E+05   0.197280E+05   0.270086E+05   0.353444E+05   0.437421E+05   0.505383E+05   0.536345E+05   0.512449E+05   0.430130E+05   0.306484E+05   0.179225E+05   0.874179E+04   0.123717E+04   0.000000E+00   0.000000E+00   0.000000E+00   0.579488E-04   0.467620E-04   0.599662E-05   0.000000E+00   0.000000E+00   0.000000E+00   0.000000E+00   0.466116E-05   0.000000E+00   0.350723E-03   0.285748E+00   0.193084E+01   0.883071E+01   0.312662E+02   0.642920E+02   0.162987E+03   0.382509E+03   0.716267E+03   0.117380E+04   0.169478E+04   0.217582E+04   0.250556E+04   0.260786E+04   0.246955E+04   0.214023E+04   0.170620E+04   0.125699E+04   0.859246E+03   0.546894E+03   0.325142E+03   0.181077E+03   0.946815E+02   0.465886E+02   0.218685E+02   0.986918E+01   0.340171E+01   0.146999E+01   0.538841E+00   0.191090E+00   0.646220E-01   0.206783E-01   0.633795E-02   0.184224E-02   0.511064E-03   0.179121E-03
 0.000000E+00   0.763477E-03   0.255289E-02   0.817736E-02   0.250911E-01   0.737496E-01   0.207657E+00   0.560079E+00   0.144710E+01   0.358163E+01   0.000000E+00   0.000000E+00   0.000000E+00   0.000000E+00   0.171140E+01   0.281370E+01   0.332494E+01   0.662957E+01   0.186777E+02   0.400784E+02   0.905708E+02   0.265148E+03   0.533744E+03   0.832238E+02   0.272892E+02   0.220668E+02   0.209919E+02   0.212888E+02   0.223654E+02   0.240215E+02   0.261868E+02   0.288550E+02   0.320617E+02   0.358833E+02   0.403525E+02   0.455857E+02   0.516937E+02   0.587914E+02   0.670830E+02   0.767676E+02   0.880798E+02   0.101297E+03   0.116756E+03   0.135048E+03   0.156299E+03   0.181351E+03   0.211079E+03   0.246656E+03   0.289628E+03   0.342177E+03   0.407881E+03   0.492353E+03   0.603547E+03   0.745106E+03   0.942612E+03   0.124119E+04   0.163581E+04   0.204641E+04   0.249610E+04   0.316096E+04   0.162243E+04   0.000000E+00   0.000000E+00   0.000000E+00   0.000000E+00   0.249114E+02   0.990001E+04   0.142973E+05   0.202820E+05   0.275575E+05   0.357995E+05   0.439939E+05   0.504838E+05   0.532226E+05   0.505238E+05   0.421402E+05   0.298265E+05   0.173601E+05   0.841473E+04   0.106453E+04   0.000000E+00   0.000000E+00   0.000000E+00   0.579488E-04   0.467620E-04   0.599662E-05   0.000000E+00   0.000000E+00   0.000000E+00   0.000000E+00   0.466116E-05   0.000000E+00   0.331685E-03   0.285027E+00   0.192438E+01   0.879663E+01   0.311429E+02   0.643197E+02   0.161927E+03   0.381207E+03   0.714044E+03   0.117084E+04   0.169151E+04   0.217295E+04   0.250380E+04   0.260761E+04   0.247079E+04   0.214255E+04   0.170900E+04   0.125972E+04   0.861546E+03   0.548617E+03   0.326310E+03   0.181802E+03   0.950961E+02   0.468085E+02   0.219672E+02   0.994303E+01   0.340917E+01   0.148025E+01   0.541723E+00   0.192258E+00   0.650135E-01   0.208063E-01   0.637725E-02   0.185375E-02   0.514328E-03   0.180181E-03
 0.000000E+00   0.763477E-03   0.255289E-02   0.817736E-02   0.250911E-01   0.737496E-01   0.207657E+00   0.560079E+00   0.144710E+01   0.358163E+01   0.000000E+00   0.000000E+00   0.000000E+00   0.000000E+00   0.171140E+01   0.281374E+01   0.332490E+01   0.662957E+01   0.186777E+02   0.400784E+02   0.905708E+02   0.265148E+03   0.675096E+03   0.168858E+03   0.362820E+02   0.271651E+02   0.252179E+02   0.252659E+02   0.263351E+02   0.281108E+02   0.304884E+02   0.334456E+02   0.370054E+02   0.412405E+02   0.461746E+02   0.519236E+02   0.585974E+02   0.662981E+02   0.752339E+02   0.856067E+02   0.976569E+02   0.111678E+03   0.128037E+03   0.147401E+03   0.169943E+03   0.196623E+03   0.228417E+03   0.266613E+03   0.313106E+03   0.370890E+03   0.444181E+03   0.537400E+03   0.658107E+03   0.818995E+03   0.105599E+04   0.138402E+04   0.175402E+04   0.213479E+04   0.261823E+04   0.339252E+04   0.138621E+04   0.000000E+00   0.000000E+00   0.000000E+00   0.000000E+00   0.259993E+02   0.103248E+05   0.147980E+05   0.208329E+05   0.280956E+05   0.362361E+05   0.442216E+05   0.504039E+05   0.527905E+05   0.497938E+05   0.412704E+05   0.290172E+05   0.168136E+05   0.809112E+04   0.903599E+03   0.000000E+00   0.000000E+00   0.000000E+00   0.579488E-04   0.467620E-04   0.599662E-05   0.000000E+00   0.000000E+00   0.000000E+00   0.000000E+00   0.466116E-05   0.000000E+00   0.314238E-03   0.284332E+00   0.191807E+01   0.876314E+01   0.310213E+02   0.643442E+02   0.160877E+03   0.379914E+03   0.711833E+03   0.116788E+04   0.168824E+04   0.217009E+04   0.250203E+04   0.260736E+04   0.247203E+04   0.214486E+04   0.171179E+04   0.126245E+04   0.863842E+03   0.550339E+03   0.327478E+03   0.182527E+03   0.955112E+02   0.470287E+02   0.220662E+02   0.100168E+02   0.341671E+01   0.149056E+01   0.544602E+00   0.193433E+00   0.654061E-01   0.209349E-01   0.641669E-02   0.186531E-02   0.517604E-03   0.181247E-03
 0.000000E+00   0.763477E-03   0.255289E-02   0.817736E-02   0.250911E-01   0.737496E-01   0.207657E+00   0.560079E+00   0.144710E+01   0.358163E+01   0.000000E+00   0.000000E+00   0.000000E+00   0.000000E+00   0.171140E+01   0.281378E+01   0.332486E+01   0.662957E+01   0.186777E+02   0.400784E+02   0.905708E+02   0.265148E+03   0.768905E+03   0.331577E+03   0.505573E+02   0.332672E+02   0.298373E+02   0.294120E+02   0.303518E+02   0.321669E+02   0.346887E+02   0.378667E+02   0.417100E+02   0.462862E+02   0.516098E+02   0.577991E+02   0.649656E+02   0.732171E+02   0.827588E+02   0.938160E+02   0.106652E+03   0.121592E+03   0.139051E+03   0.159762E+03   0.183921E+03   0.212580E+03   0.246883E+03   0.288522E+03   0.339961E+03   0.404304E+03   0.484767E+03   0.585927E+03   0.722316E+03   0.914833E+03   0.118417E+04   0.150711E+04   0.184399E+04   0.222553E+04   0.277433E+04   0.366154E+04   0.108161E+04   0.000000E+00   0.000000E+00   0.000000E+00   0.000000E+00   0.271030E+02   0.107562E+05   0.153011E+05   0.213800E+05   0.286223E+05   0.366537E+05   0.444249E+05   0.502992E+05   0.523392E+05   0.490557E+05   0.404042E+05   0.282208E+05   0.162829E+05   0.777017E+04   0.754686E+03   0.000000E+00   0.000000E+00   0.000000E+00   0.579488E-04   0.467620E-04   0.599662E-05   0.000000E+00   0.000000E+00   0.000000E+00   0.000000E+00   0.466116E-05   0.000000E+00   0.298324E-03   0.283663E+00   0.191190E+01   0.873025E+01   0.309016E+02   0.643658E+02   0.159836E+03   0.378631E+03   0.709634E+03   0.116494E+04   0.168499E+04   0.216723E+04   0.250026E+04   0.260710E+04   0.247324E+04   0.214715E+04   0.171457E+04   0.126517E+04   0.866136E+03   0.552060E+03   0.328646E+03   0.183252E+03   0.959267E+02   0.472494E+02   0.221658E+02   0.100904E+02   0.342432E+01   0.150092E+01   0.547477E+00   0.194613E+00   0.657997E-01   0.210639E-01   0.645626E-02   0.187691E-02   0.520890E-03   0.182318E-03
 0.000000E+00   0.763477E-03   0.255289E-02   0.817736E-02   0.250911E-01   0.737496E-01   0.207657E+00   0.560079E+00   0.144710E+01   0.358163E+01   0.000000E+00   0.000000E+00   0.000000E+00   0.000000E+00   0.171140E+01   0.281382E+01   0.332482E+01   0.662957E+01   0.186777E+02   0.400784E+02   0.905708E+02   0.265148E+03   0.809021E+03   0.569381E+03   0.763594E+02   0.404503E+02   0.346877E+02   0.335640E+02   0.342527E+02   0.360390E+02   0.386543E+02   0.420115E+02   0.461034E+02   0.509930E+02   0.566883E+02   0.633127E+02   0.709846E+02   0.798247E+02   0.900404E+02   0.101887E+03   0.115650E+03   0.131686E+03   0.150444E+03   0.172730E+03   0.198816E+03   0.229992E+03   0.267732E+03   0.313973E+03   0.370948E+03   0.441123E+03   0.528581E+03   0.643127E+03   0.805581E+03   0.102791E+04   0.130343E+04   0.160139E+04   0.192205E+04   0.233426E+04   0.297280E+04   0.394387E+04   0.712261E+03   0.000000E+00   0.000000E+00   0.000000E+00   0.000000E+00   0.282210E+02   0.111939E+05   0.158058E+05   0.219226E+05   0.291370E+05   0.370520E+05   0.446041E+05   0.501700E+05   0.518693E+05   0.483103E+05   0.395421E+05   0.274376E+05   0.157675E+05   0.745111E+04   0.618104E+03   0.000000E+00   0.000000E+00   0.000000E+00   0.579488E-04   0.467620E-04   0.599662E-05   0.000000E+00   0.000000E+00   0.000000E+00   0.000000E+00   0.466116E-05   0.000000E+00   0.283892E-03   0.283023E+00   0.190589E+01   0.869798E+01   0.307836E+02   0.643845E+02   0.158805E+03   0.377358E+03   0.707447E+03   0.116201E+04   0.168174E+04   0.216437E+04   0.249849E+04   0.260682E+04   0.247445E+04   0.214943E+04   0.171734E+04   0.126788E+04   0.868426E+03   0.553780E+03   0.329814E+03   0.183978E+03   0.963428E+02   0.474704E+02   0.222657E+02   0.101639E+02   0.343201E+01   0.151133E+01   0.550350E+00   0.195800E+00   0.661942E-01   0.211934E-01   0.649598E-02   0.188856E-02   0.524187E-03   0.183395E-03
 0.000000E+00   0.763477E-03   0.255289E-02   0.817736E-02   0.250911E-01   0.737496E-01   0.207657E+00   0.560079E+00   0.144710E+01   0.358163E+01   0.000000E+00   0.000000E+00   0.000000E+00   0.000000E+00   0.171140E+01   0.281386E+01   0.332478E+01   0.662957E+01   0.186777E+02   0.400784E+02   0.905708E+02   0.265148E+03   0.815234E+03   0.843243E+03   0.130233E+03   0.489789E+02   0.397496E+02   0.376971E+02   0.380700E+02   0.397945E+02   0.424891E+02   0.460234E+02   0.503724E+02   0.555945E+02   0.616933E+02   0.687986E+02   0.770372E+02   0.865435E+02   0.975252E+02   0.110268E+03   0.125088E+03   0.142387E+03   0.162698E+03   0.186983E+03   0.215653E+03   0.250169E+03   0.291980E+03   0.342728E+03   0.404527E+03   0.481252E+03   0.581035E+03   0.717367E+03   0.905685E+03   0.113857E+04   0.139836E+04   0.167570E+04   0.200482E+04   0.247499E+04   0.320565E+04   0.422410E+04   0.282221E+03   0.000000E+00   0.000000E+00   0.000000E+00   0.000000E+00   0.293517E+02   0.116374E+05   0.163116E+05   0.224600E+05   0.296390E+05   0.374306E+05   0.447590E+05   0.500168E+05   0.513817E+05   0.475584E+05   0.386846E+05   0.266680E+05   0.152673E+05   0.713317E+04   0.494178E+03   0.000000E+00   0.000000E+00   0.000000E+00   0.579488E-04   0.467620E-04   0.599662E-05   0.000000E+00   0.000000E+00   0.000000E+00   0.000000E+00   0.466116E-05   0.000000E+00   0.270891E-03   0.282410E+00   0.190004E+01   0.866633E+01   0.306676E+02   0.644005E+02   0.157783E+03   0.376093E+03   0.705272E+03   0.115910E+04   0.167851E+04   0.216151E+04   0.249671E+04   0.260654E+04   0.247564E+04   0.215170E+04   0.172010E+04   0.127058E+04   0.870713E+03   0.555498E+03   0.330982E+03   0.184704E+03   0.967592E+02   0.476917E+02   0.223661E+02   0.102372E+02   0.343980E+01   0.152178E+01   0.553221E+00   0.196993E+00   0.665896E-01   0.213234E-01   0.653582E-02   0.190026E-02   0.527495E-03   0.184477E-03
 0.000000E+00   0.763477E-03   0.255289E-02   0.817736E-02   0.250911E-01   0.737496E-01   0.207657E+00   0.560079E+00   0.144710E+01   0.358163E+01   0.000000E+00   0.000000E+00   0.000000E+00   0.000000E+00   0.171140E+01   0.281390E+01   0.332474E+01   0.662957E+01   0.186777E+02   0.400784E+02   0.905708E+02   0.265148E+03   0.815234E+03   0.109276E+04   0.243125E+03   0.593425E+02   0.451328E+02   0.419553E+02   0.419786E+02   0.436148E+02   0.463967E+02   0.501265E+02   0.547589E+02   0.603477E+02   0.668920E+02   0.745296E+02   0.833986E+02   0.936537E+02   0.105515E+03   0.119321E+03   0.135446E+03   0.154374E+03   0.176728E+03   0.203562E+03   0.235235E+03   0.273118E+03   0.318567E+03   0.373630E+03   0.442053E+03   0.530626E+03   0.649216E+03   0.806703E+03   0.100611E+04   0.122977E+04   0.147085E+04   0.174510E+04   0.210765E+04   0.265086E+04   0.348166E+04   0.426749E+04   0.000000E+00   0.000000E+00   0.000000E+00   0.000000E+00   0.000000E+00   0.304933E+02   0.120859E+05   0.168178E+05   0.229914E+05   0.301278E+05   0.377893E+05   0.448898E+05   0.498400E+05   0.508771E+05   0.468008E+05   0.378322E+05   0.259121E+05   0.147819E+05   0.681564E+04   0.383240E+03   0.000000E+00   0.000000E+00   0.000000E+00   0.579488E-04   0.467620E-04   0.599662E-05   0.000000E+00   0.000000E+00   0.000000E+00   0.000000E+00   0.466116E-05   0.000000E+00   0.259276E-03   0.281826E+00   0.189434E+01   0.863533E+01   0.305533E+02   0.644138E+02   0.156771E+03   0.374838E+03   0.703110E+03   0.115620E+04   0.167529E+04   0.215866E+04   0.249493E+04   0.260625E+04   0.247682E+04   0.215396E+04   0.172285E+04   0.127328E+04   0.872996E+03   0.557215E+03   0.332150E+03   0.185431E+03   0.971761E+02   0.479133E+02   0.224668E+02   0.103105E+02   0.344767E+01   0.153228E+01   0.556089E+00   0.198192E+00   0.669859E-01   0.214538E-01   0.657579E-02   0.191199E-02   0.530812E-03   0.185564E-03
 0.000000E+00   0.763477E-03   0.255289E-02   0.817736E-02   0.250911E-01   0.737496E-01   0.207657E+00   0.560079E+00   0.144710E+01   0.358163E+01   0.000000E+00   0.000000E+00   0.000000E+00   0.000000E+00   0.171140E+01   0.281395E+01   0.332469E+01   0.662957E+01   0.186777E+02   0.400784E+02   0.905708E+02   0.265148E+03   0.815234E+03   0.128606E+04   0.440398E+03   0.723489E+02   0.510201E+02   0.464759E+02   0.460843E+02   0.476424E+02   0.505243E+02   0.544748E+02   0.594283E+02   0.654364E+02   0.724982E+02   0.807669E+02   0.904016E+02   0.101588E+03   0.114568E+03   0.129730E+03   0.147490E+03   0.168350E+03   0.192928E+03   0.222268E+03   0.256677E+03   0.297766E+03   0.347627E+03   0.409783E+03   0.489746E+03   0.594548E+03   0.730026E+03   0.896466E+03   0.109049E+04   0.129916E+04   0.153282E+04   0.182474E+04   0.224184E+04   0.284792E+04   0.386973E+04   0.386460E+04   0.000000E+00   0.000000E+00   0.000000E+00   0.000000E+00   0.000000E+00   0.316439E+02   0.125392E+05   0.173238E+05   0.235163E+05   0.306028E+05   0.381277E+05   0.449966E+05   0.496402E+05   0.503563E+05   0.460382E+05   0.369852E+05   0.251702E+05   0.143110E+05   0.649778E+04   0.285629E+03   0.000000E+00   0.000000E+00   0.000000E+00   0.579488E-04   0.467620E-04   0.599662E-05   0.000000E+00   0.000000E+00   0.000000E+00   0.000000E+00   0.466116E-05   0.000000E+00   0.257973E-03   0.281264E+00   0.188880E+01   0.860497E+01   0.304411E+02   0.644245E+02   0.155768E+03   0.373593E+03   0.700961E+03   0.115331E+04   0.167207E+04   0.215582E+04   0.249315E+04   0.260594E+04   0.247799E+04   0.215620E+04   0.172559E+04   0.127597E+04   0.875275E+03   0.558931E+03   0.333318E+03   0.186158E+03   0.975935E+02   0.481353E+02   0.225680E+02   0.103836E+02   0.345565E+01   0.154280E+01   0.558956E+00   0.199397E+00   0.673829E-01   0.215848E-01   0.661589E-02   0.192378E-02   0.534140E-03   0.186656E-03
 0.000000E+00   0.763477E-03   0.255289E-02   0.817736E-02   0.250911E-01   0.737496E-01   0.207657E+00   0.560079E+00   0.144710E+01   0.358163E+01   0.000000E+00   0.000000E+00   0.000000E+00   0.000000E+00   0.171140E+01   0.281399E+01   0.332465E+01   0.662957E+01   0.186777E+02   0.400784E+02   0.905708E+02   0.265148E+03   0.815234E+03   0.142057E+04   0.725402E+03   0.890791E+02   0.575344E+02   0.513973E+02   0.505590E+02   0.520568E+02   0.550828E+02   0.593188E+02   0.646787E+02   0.712139E+02   0.789236E+02   0.879756E+02   0.985445E+02   0.110834E+03   0.125081E+03   0.141696E+03   0.161094E+03   0.183790E+03   0.210455E+03   0.242342E+03   0.280123E+03   0.326199E+03   0.383678E+03   0.456804E+03   0.550351E+03   0.667917E+03   0.809681E+03   0.971977E+03   0.115486E+04   0.135570E+04   0.159829E+04   0.192952E+04   0.239228E+04   0.314313E+04   0.410093E+04   0.348040E+04   0.000000E+00   0.000000E+00   0.000000E+00   0.000000E+00   0.000000E+00   0.327039E+02   0.129940E+05   0.178256E+05   0.240301E+05   0.310594E+05   0.384418E+05   0.450766E+05   0.494170E+05   0.498217E+05   0.452756E+05   0.361501E+05   0.244554E+05   0.141091E+05   0.612854E+04   0.000000E+00   0.000000E+00   0.000000E+00   0.000000E+00   0.579488E-04   0.467620E-04   0.599662E-05   0.000000E+00   0.000000E+00   0.000000E+00   0.000000E+00   0.466116E-05   0.000000E+00   0.257973E-03   0.280732E+00   0.188343E+01   0.857527E+01   0.303307E+02   0.644327E+02   0.154734E+03   0.372324E+03   0.698776E+03   0.115038E+04   0.166883E+04   0.215295E+04   0.249135E+04   0.260565E+04   0.247918E+04   0.215848E+04   0.172837E+04   0.127870E+04   0.877580E+03   0.560665E+03   0.334497E+03   0.186892E+03   0.980148E+02   0.483594E+02   0.226704E+02   0.104573E+02   0.346371E+01   0.155335E+01   0.561821E+00   0.200607E+00   0.677808E-01   0.217161E-01   0.665611E-02   0.193560E-02   0.537477E-03   0.187754E-03
 0.000000E+00   0.763477E-03   0.255289E-02   0.817736E-02   0.250911E-01   0.737496E-01   0.207657E+00   0.560079E+00   0.144710E+01   0.358163E+01   0.000000E+00   0.000000E+00   0.000000E+00   0.000000E+00   0.171140E+01   0.281404E+01   0.332460E+01   0.662957E+01   0.186777E+02   0.400784E+02   0.905708E+02   0.265148E+03   0.815234E+03   0.150582E+04   0.109055E+04   0.111215E+03   0.649812E+02   0.570007E+02   0.556868E+02   0.571453E+02   0.603596E+02   0.649418E+02   0.708109E+02   0.778960E+02   0.863108E+02   0.961874E+02   0.107707E+03   0.121085E+03   0.136561E+03   0.154597E+03   0.175689E+03   0.200508E+03   0.230001E+03   0.265875E+03   0.309273E+03   0.363078E+03   0.430337E+03   0.514111E+03   0.616494E+03   0.737611E+03   0.875707E+03   0.102958E+04   0.120618E+04   0.141195E+04   0.168289E+04   0.205045E+04   0.260267E+04   0.345136E+04   0.417522E+04   0.315765E+04   0.000000E+00   0.000000E+00   0.000000E+00   0.000000E+00   0.000000E+00   0.339402E+02   0.134538E+05   0.183280E+05   0.245385E+05   0.315039E+05   0.387377E+05   0.451349E+05   0.491726E+05   0.492717E+05   0.445070E+05   0.353170E+05   0.237558E+05   0.136627E+05   0.573408E+04   0.000000E+00   0.000000E+00   0.000000E+00   0.000000E+00   0.579488E-04   0.467620E-04   0.599662E-05   0.000000E+00   0.000000E+00   0.000000E+00   0.000000E+00   0.466116E-05   0.000000E+00   0.257973E-03   0.280233E+00   0.187823E+01   0.854625E+01   0.302224E+02   0.644385E+02   0.153735E+03   0.371084E+03   0.696633E+03   0.114751E+04   0.166562E+04   0.215010E+04   0.248956E+04   0.260533E+04   0.248033E+04   0.216071E+04   0.173110E+04   0.128139E+04   0.879863E+03   0.562385E+03   0.335669E+03   0.187623E+03   0.984343E+02   0.485827E+02   0.227726E+02   0.105305E+02   0.347189E+01   0.156392E+01   0.564685E+00   0.201823E+00   0.681794E-01   0.218480E-01   0.669645E-02   0.194747E-02   0.540825E-03   0.188856E-03
 0.000000E+00   0.763477E-03   0.255289E-02   0.817736E-02   0.250911E-01   0.737496E-01   0.207657E+00   0.560079E+00   0.144710E+01   0.358163E+01   0.000000E+00   0.000000E+00   0.000000E+00   0.000000E+00   0.171140E+01   0.281409E+01   0.332455E+01   0.662957E+01   0.186777E+02   0.400784E+02   0.905708E+02   0.265148E+03   0.815234E+03   0.155256E+04   0.152650E+04   0.142438E+03   0.738115E+02   0.634751E+02   0.615416E+02   0.629275E+02   0.662727E+02   0.711805E+02   0.775110E+02   0.851763E+02   0.942957E+02   0.105016E+03   0.117548E+03   0.132162E+03   0.149152E+03   0.169124E+03   0.192748E+03   0.220929E+03   0.254876E+03   0.296552E+03   0.347008E+03   0.408686E+03   0.483460E+03   0.572552E+03   0.676181E+03   0.793886E+03   0.925919E+03   0.107528E+04   0.125576E+04   0.148286E+04   0.178332E+04   0.220654E+04   0.287990E+04   0.364290E+04   0.422064E+04   0.286073E+04   0.000000E+00   0.000000E+00   0.000000E+00   0.000000E+00   0.000000E+00   0.351176E+02   0.139175E+05   0.188294E+05   0.250398E+05   0.319346E+05   0.390141E+05   0.451707E+05   0.489073E+05   0.487074E+05   0.437342E+05   0.344881E+05   0.230697E+05   0.132306E+05   0.534731E+04   0.000000E+00   0.000000E+00   0.000000E+00   0.000000E+00   0.579488E-04   0.467620E-04   0.599662E-05   0.000000E+00   0.000000E+00   0.000000E+00   0.000000E+00   0.466116E-05   0.000000E+00   0.257973E-03   0.279768E+00   0.187321E+01   0.851792E+01   0.301161E+02   0.644419E+02   0.152758E+03   0.369864E+03   0.694520E+03   0.114466E+04   0.166244E+04   0.214727E+04   0.248777E+04   0.260500E+04   0.248146E+04   0.216291E+04   0.173381E+04   0.128406E+04   0.882133E+03   0.564097E+03   0.336837E+03   0.188351E+03   0.988530E+02   0.488057E+02   0.228750E+02   0.106033E+02   0.348018E+01   0.157452E+01   0.567549E+00   0.203044E+00   0.685786E-01   0.219802E-01   0.673691E-02   0.195937E-02   0.544181E-03   0.189964E-03
 0.000000E+00   0.763477E-03   0.255289E-02   0.817736E-02   0.250911E-01   0.737496E-01   0.207657E+00   0.560079E+00   0.144710E+01   0.358163E+01   0.000000E+00   0.000000E+00   0.000000E+00   0.000000E+00   0.171140E+01   0.281414E+01   0.332451E+01   0.662957E+01   0.186777E+02   0.400784E+02   0.905708E+02   0.265148E+03   0.815234E+03   0.156999E+04   0.202101E+04   0.190253E+03   0.840928E+02   0.706702E+02   0.679405E+02   0.691766E+02   0.726800E+02   0.779563E+02   0.848353E+02   0.932229E+02   0.103263E+03   0.115143E+03   0.129132E+03   0.145584E+03   0.164878E+03   0.187747E+03   0.214975E+03   0.247535E+03   0.286594E+03   0.333914E+03   0.389887E+03   0.456120E+03   0.533424E+03   0.622232E+03   0.722932E+03   0.836592E+03   0.966110E+03   0.111952E+04   0.131731E+04   0.156837E+04   0.190665E+04   0.242991E+04   0.312617E+04   0.372272E+04   0.431268E+04   0.255472E+04   0.000000E+00   0.000000E+00   0.000000E+00   0.000000E+00   0.000000E+00   0.362865E+02   0.143838E+05   0.193284E+05   0.255322E+05   0.323499E+05   0.392698E+05   0.451834E+05   0.486212E+05   0.481300E+05   0.429590E+05   0.336658E+05   0.223983E+05   0.128127E+05   0.497037E+04   0.000000E+00   0.000000E+00   0.000000E+00   0.000000E+00   0.579488E-04   0.467620E-04   0.599662E-05   0.000000E+00   0.000000E+00   0.000000E+00   0.000000E+00   0.466116E-05   0.000000E+00   0.257973E-03   0.279337E+00   0.186836E+01   0.849029E+01   0.300118E+02   0.644432E+02   0.151793E+03   0.368656E+03   0.692422E+03   0.114183E+04   0.165927E+04   0.214444E+04   0.248597E+04   0.260466E+04   0.248257E+04   0.216510E+04   0.173651E+04   0.128673E+04   0.884396E+03   0.565807E+03   0.338004E+03   0.189079E+03   0.992718E+02   0.490289E+02   0.229777E+02   0.106760E+02   0.348859E+01   0.158512E+01   0.570412E+00   0.204271E+00   0.689786E-01   0.221129E-01   0.677748E-02   0.197132E-02   0.547548E-03   0.191077E-03
 0.000000E+00   0.763477E-03   0.255289E-02   0.817736E-02   0.250911E-01   0.737496E-01   0.207657E+00   0.560079E+00   0.144710E+01   0.358163E+01   0.000000E+00   0.000000E+00   0.000000E+00   0.000000E+00   0.171140E+01   0.281419E+01   0.332445E+01   0.662957E+01   0.186777E+02   0.400784E+02   0.905708E+02   0.265148E+03   0.815234E+03   0.157099E+04   0.255571E+04   0.264781E+03   0.959362E+02   0.788400E+02   0.752850E+02   0.764628E+02   0.802830E+02   0.861466E+02   0.938566E+02   0.103316E+03   0.114699E+03   0.128228E+03   0.144220E+03   0.163071E+03   0.185187E+03   0.211295E+03   0.242129E+03   0.278506E+03   0.321309E+03   0.371928E+03   0.430123E+03   0.497089E+03   0.573493E+03   0.660197E+03   0.758622E+03   0.871706E+03   0.100632E+04   0.117441E+04   0.139179E+04   0.167108E+04   0.208522E+04   0.267399E+04   0.327006E+04   0.376982E+04   0.448718E+04   0.219560E+04   0.000000E+00   0.000000E+00   0.000000E+00   0.000000E+00   0.000000E+00   0.374536E+02   0.148522E+05   0.198242E+05   0.260151E+05   0.327492E+05   0.395045E+05   0.451732E+05   0.483150E+05   0.475403E+05   0.421823E+05   0.328510E+05   0.217417E+05   0.124084E+05   0.460381E+04   0.000000E+00   0.000000E+00   0.000000E+00   0.000000E+00   0.579488E-04   0.467620E-04   0.599662E-05   0.000000E+00   0.000000E+00   0.000000E+00   0.000000E+00   0.466116E-05   0.000000E+00   0.257973E-03   0.278942E+00   0.186369E+01   0.846338E+01   0.299097E+02   0.644423E+02   0.150839E+03   0.367458E+03   0.690339E+03   0.113902E+04   0.165612E+04   0.214163E+04   0.248417E+04   0.260430E+04   0.248367E+04   0.216728E+04   0.173919E+04   0.128938E+04   0.886655E+03   0.567514E+03   0.339169E+03   0.189807E+03   0.996908E+02   0.492523E+02   0.230808E+02   0.107485E+02   0.349712E+01   0.159573E+01   0.573276E+00   0.205502E+00   0.693791E-01   0.222461E-01   0.681816E-02   0.198331E-02   0.550923E-03   0.192194E-03
 0.000000E+00   0.763477E-03   0.255289E-02   0.817736E-02   0.250911E-01   0.737496E-01   0.207657E+00   0.560079E+00   0.144710E+01   0.358163E+01   0.000000E+00   0.000000E+00   0.000000E+00   0.000000E+00   0.171140E+01   0.281424E+01   0.332440E+01   0.662957E+01   0.186777E+02   0.400784E+02   0.905708E+02   0.265148E+03   0.815234E+03   0.157099E+04   0.311258E+04   0.378102E+03   0.110516E+03   0.890689E+02   0.846178E+02   0.858423E+02   0.901796E+02   0.968222E+02   0.105523E+03   0.116270E+03   0.129189E+03   0.144504E+03   0.162523E+03   0.183617E+03   0.208135E+03   0.236692E+03   0.269891E+03   0.308344E+03   0.352703E+03   0.404183E+03   0.462351E+03   0.528570E+03   0.603883E+03   0.689883E+03   0.789628E+03   0.909075E+03   0.105666E+04   0.124041E+04   0.148076E+04   0.181840E+04   0.230446E+04   0.285586E+04   0.333322E+04   0.384920E+04   0.477174E+04   0.172570E+04   0.000000E+00   0.000000E+00   0.000000E+00   0.000000E+00   0.000000E+00   0.386185E+02   0.153220E+05   0.203162E+05   0.264879E+05   0.331323E+05   0.397180E+05   0.451403E+05   0.479892E+05   0.469391E+05   0.414046E+05   0.320442E+05   0.210998E+05   0.120166E+05   0.424802E+04   0.000000E+00   0.000000E+00   0.000000E+00   0.000000E+00   0.579488E-04   0.467620E-04   0.599662E-05   0.000000E+00   0.000000E+00   0.000000E+00   0.000000E+00   0.466116E-05   0.000000E+00   0.257973E-03   0.278584E+00   0.185921E+01   0.843721E+01   0.298097E+02   0.644394E+02   0.149894E+03   0.366269E+03   0.688269E+03   0.113622E+04   0.165298E+04   0.213881E+04   0.248237E+04   0.260394E+04   0.248475E+04   0.216943E+04   0.174186E+04   0.129203E+04   0.888909E+03   0.569218E+03   0.340335E+03   0.190535E+03   0.100110E+03   0.494760E+02   0.231842E+02   0.108209E+02   0.350578E+01   0.160635E+01   0.576141E+00   0.206739E+00   0.697802E-01   0.223796E-01   0.685895E-02   0.199533E-02   0.554307E-03   0.193316E-03
 0.000000E+00   0.763477E-03   0.255289E-02   0.817736E-02   0.250911E-01   0.737496E-01   0.207657E+00   0.560079E+00   0.144710E+01   0.358163E+01   0.000000E+00   0.000000E+00   0.000000E+00   0.000000E+00   0.171140E+01   0.281429E+01   0.332435E+01   0.662957E+01   0.186777E+02   0.400784E+02   0.905708E+02   0.265148E+03   0.815234E+03   0.157099E+04   0.367642E+04   0.557448E+03   0.130539E+03   0.102449E+03   0.965200E+02   0.974827E+02   0.102122E+03   0.109410E+03   0.119000E+03   0.130830E+03   0.144990E+03   0.161669E+03   0.181127E+03   0.203678E+03   0.229601E+03   0.259390E+03   0.293576E+03   0.332692E+03   0.377356E+03   0.428854E+03   0.486819E+03   0.552968E+03   0.629075E+03   0.718241E+03   0.825340E+03   0.956101E+03   0.111638E+04   0.131975E+04   0.160755E+04   0.201031E+04   0.249514E+04   0.295002E+04   0.337707E+04   0.401117E+04   0.512887E+04   0.112855E+04   0.000000E+00   0.000000E+00   0.000000E+00   0.000000E+00   0.000000E+00   0.397794E+02   0.157929E+05   0.208039E+05   0.269502E+05   0.334987E+05   0.399105E+05   0.450850E+05   0.476445E+05   0.463272E+05   0.406264E+05   0.312462E+05   0.204726E+05   0.116364E+05   0.390335E+04   0.000000E+00   0.000000E+00   0.000000E+00   0.000000E+00   0.579488E-04   0.467620E-04   0.599662E-05   0.000000E+00   0.000000E+00   0.000000E+00   0.000000E+00   0.466116E-05   0.000000E+00   0.257973E-03   0.278263E+00   0.185493E+01   0.841179E+01   0.297119E+02   0.644345E+02   0.148959E+03   0.365090E+03   0.686214E+03   0.113344E+04   0.164985E+04   0.213601E+04   0.248056E+04   0.260356E+04   0.248582E+04   0.217158E+04   0.174452E+04   0.129466E+04   0.891158E+03   0.570921E+03   0.341499E+03   0.191263E+03   0.100530E+03   0.496999E+02   0.232880E+02   0.108932E+02   0.351457E+01   0.161697E+01   0.579007E+00   0.207980E+00   0.701819E-01   0.225136E-01   0.689984E-02   0.200739E-02   0.557699E-03   0.194443E-03
 0.000000E+00   0.763477E-03   0.255289E-02   0.817736E-02   0.250911E-01   0.737496E-01   0.207657E+00   0.560079E+00   0.144710E+01   0.358163E+01   0.000000E+00   0.000000E+00   0.000000E+00   0.000000E+00   0.171140E+01   0.281435E+01   0.332429E+01   0.662957E+01   0.186777E+02   0.400784E+02   0.905708E+02   0.265148E+03   0.815234E+03   0.157099E+04   0.419208E+04   0.864589E+03   0.159509E+03   0.118806E+03   0.109989E+03   0.110037E+03   0.114516E+03   0.122029E+03   0.132077E+03   0.144515E+03   0.159376E+03   0.176802E+03   0.197012E+03   0.220280E+03   0.246860E+03   0.277176E+03   0.311784E+03   0.351235E+03   0.396213E+03   0.448198E+03   0.507166E+03   0.575639E+03   0.656439E+03   0.753174E+03   0.869683E+03   0.101100E+04   0.118962E+04   0.143325E+04   0.177665E+04   0.219297E+04   0.261027E+04   0.299260E+04   0.346271E+04   0.426809E+04   0.549583E+04   0.417619E+03   0.000000E+00   0.000000E+00   0.000000E+00   0.000000E+00   0.000000E+00   0.409346E+02   0.162643E+05   0.212867E+05   0.274014E+05   0.338482E+05   0.400818E+05   0.450077E+05   0.472814E+05   0.457054E+05   0.398482E+05   0.304574E+05   0.198601E+05   0.112666E+05   0.357015E+04   0.000000E+00   0.000000E+00   0.000000E+00   0.000000E+00   0.579488E-04   0.467620E-04   0.599662E-05   0.000000E+00   0.000000E+00   0.000000E+00   0.000000E+00   0.466116E-05   0.000000E+00   0.257973E-03   0.277982E+00   0.185083E+01   0.838713E+01   0.296163E+02   0.644278E+02   0.148033E+03   0.363920E+03   0.684172E+03   0.113067E+04   0.164673E+04   0.213321E+04   0.247876E+04   0.260318E+04   0.248688E+04   0.217371E+04   0.174717E+04   0.129729E+04   0.893402E+03   0.572621E+03   0.342663E+03   0.191991E+03   0.100949E+03   0.499240E+02   0.233920E+02   0.109654E+02   0.352348E+01   0.162758E+01   0.581874E+00   0.209225E+00   0.705840E-01   0.226479E-01   0.694084E-02   0.201949E-02   0.561100E-03   0.195574E-03
 0.000000E+00   0.763477E-03   0.255289E-02   0.817736E-02   0.250911E-01   0.737496E-01   0.207657E+00   0.560079E+00   0.144710E+01   0.358163E+01   0.000000E+00   0.000000E+00   0.000000E+00   0.000000E+00   0.171140E+01   0.281441E+01   0.332423E+01   0.662957E+01   0.186777E+02   0.400784E+02   0.905708E+02   0.265148E+03   0.815234E+03   0.157099E+04   0.457898E+04   0.137108E+04   0.202419E+03   0.137165E+03   0.123506E+03   0.121841E+03   0.125646E+03   0.132963E+03   0.143075E+03   0.155734E+03   0.170915E+03   0.188722E+03   0.209349E+03   0.233058E+03   0.260114E+03   0.290911E+03   0.326094E+03   0.366344E+03   0.412603E+03   0.466799E+03   0.529380E+03   0.603209E+03   0.690788E+03   0.795068E+03   0.921237E+03   0.108106E+04   0.129557E+04   0.158443E+04   0.194435E+04   0.231458E+04   0.266155E+04   0.304209E+04   0.362348E+04   0.464541E+04   0.539116E+04   0.000000E+00   0.000000E+00   0.000000E+00   0.000000E+00   0.000000E+00   0.000000E+00   0.420822E+02   0.167357E+05   0.217642E+05   0.278412E+05   0.341805E+05   0.402320E+05   0.449087E+05   0.469008E+05   0.450744E+05   0.390704E+05   0.296783E+05   0.192621E+05   0.109061E+05   0.324881E+04   0.000000E+00   0.000000E+00   0.000000E+00   0.000000E+00   0.579488E-04   0.467620E-04   0.599662E-05   0.000000E+00   0.000000E+00   0.000000E+00   0.000000E+00   0.466116E-05   0.000000E+00   0.257973E-03   0.277740E+00   0.184695E+01   0.836326E+01   0.295231E+02   0.644192E+02   0.147118E+03   0.362761E+03   0.682146E+03   0.112792E+04   0.164363E+04   0.213041E+04   0.247695E+04   0.260279E+04   0.248792E+04   0.217582E+04   0.174981E+04   0.129991E+04   0.895640E+03   0.574318E+03   0.343825E+03   0.192719E+03   0.101369E+03   0.501483E+02   0.234964E+02   0.110375E+02   0.353252E+01   0.163818E+01   0.584744E+00   0.210475E+00   0.709866E-01   0.227826E-01   0.698193E-02   0.203163E-02   0.564510E-03   0.196710E-03
 0.000000E+00   0.763477E-03   0.255289E-02   0.817736E-02   0.250911E-01   0.737496E-01   0.207657E+00   0.560079E+00   0.144710E+01   0.358163E+01   0.000000E+00   0.000000E+00   0.000000E+00   0.000000E+00   0.171140E+01   0.281447E+01   0.332418E+01   0.662957E+01   0.186777E+02   0.400784E+02   0.905708E+02   0.265148E+03   0.815234E+03   0.157099E+04   0.479806E+04   0.209136E+04   0.269359E+03   0.156729E+03   0.136114E+03   0.132127E+03   0.134951E+03   0.141860E+03   0.151869E+03   0.164612E+03   0.180009E+03   0.198140E+03   0.219198E+03   0.243468E+03   0.271290E+03   0.303114E+03   0.339782E+03   0.382192E+03   0.431501E+03   0.489769E+03   0.557239E+03   0.636551E+03   0.730672E+03   0.845268E+03   0.990966E+03   0.118304E+04   0.143323E+04   0.173441E+04   0.206135E+04   0.237179E+04   0.269747E+04   0.314388E+04   0.387201E+04   0.515040E+04   0.462894E+04   0.000000E+00   0.000000E+00   0.000000E+00   0.000000E+00   0.000000E+00   0.000000E+00   0.432204E+02   0.172068E+05   0.222357E+05   0.282690E+05   0.344954E+05   0.403612E+05   0.447885E+05   0.465031E+05   0.444349E+05   0.382937E+05   0.289095E+05   0.186788E+05   0.105538E+05   0.293969E+04   0.000000E+00   0.000000E+00   0.000000E+00   0.000000E+00   0.579488E-04   0.467620E-04   0.599662E-05   0.000000E+00   0.000000E+00   0.000000E+00   0.000000E+00   0.466116E-05   0.000000E+00   0.257973E-03   0.277540E+00   0.184326E+01   0.834019E+01   0.294321E+02   0.644090E+02   0.146212E+03   0.361611E+03   0.680134E+03   0.112519E+04   0.164054E+04   0.212763E+04   0.247514E+04   0.260238E+04   0.248894E+04   0.217792E+04   0.175243E+04   0.130252E+04   0.897873E+03   0.576013E+03   0.344987E+03   0.193447E+03   0.101789E+03   0.503728E+02   0.236011E+02   0.111094E+02   0.354170E+01   0.164877E+01   0.587617E+00   0.211729E+00   0.713897E-01   0.229177E-01   0.702312E-02   0.204380E-02   0.567927E-03   0.197850E-03
 0.000000E+00   0.763477E-03   0.255289E-02   0.817736E-02   0.250911E-01   0.737496E-01   0.207657E+00   0.560079E+00   0.144710E+01   0.358163E+01   0.000000E+00   0.000000E+00   0.000000E+00   0.000000E+00   0.171140E+01   0.281453E+01   0.332411E+01   0.662957E+01   0.186777E+02   0.400784E+02   0.905708E+02   0.265148E+03   0.815234E+03   0.157099E+04   0.488075E+04   0.295832E+04   0.381142E+03   0.177254E+03   0.147723E+03   0.141108E+03   0.142889E+03   0.149399E+03   0.159358E+03   0.172292E+03   0.188088E+03   0.206829E+03   0.228746E+03   0.254186E+03   0.283576E+03   0.317406E+03   0.356604E+03   0.402067E+03   0.454895E+03   0.517186E+03   0.589516E+03   0.675964E+03   0.782276E+03   0.917184E+03   0.109079E+04   0.130891E+04   0.156509E+04   0.183932E+04   0.211819E+04   0.240311E+04   0.276615E+04   0.330837E+04   0.430381E+04   0.529717E+04   0.397574E+04   0.000000E+00   0.000000E+00   0.000000E+00   0.000000E+00   0.000000E+00   0.000000E+00   0.443476E+02   0.176769E+05   0.227009E+05   0.286845E+05   0.347927E+05   0.404695E+05   0.446475E+05   0.460891E+05   0.437877E+05   0.375184E+05   0.281511E+05   0.181102E+05   0.102085E+05   0.264321E+04   0.000000E+00   0.000000E+00   0.000000E+00   0.000000E+00   0.579488E-04   0.467620E-04   0.599662E-05   0.000000E+00   0.000000E+00   0.000000E+00   0.000000E+00   0.466116E-05   0.000000E+00   0.257973E-03   0.277382E+00   0.183979E+01   0.831794E+01   0.293436E+02   0.643972E+02   0.145316E+03   0.360472E+03   0.678138E+03   0.112247E+04   0.163747E+04   0.212485E+04   0.247332E+04   0.260197E+04   0.248995E+04   0.218000E+04   0.175503E+04   0.130512E+04   0.900100E+03   0.577704E+03   0.346147E+03   0.194174E+03   0.102209E+03   0.505974E+02   0.237061E+02   0.111812E+02   0.355100E+01   0.165934E+01   0.590493E+00   0.212986E+00   0.717931E-01   0.230532E-01   0.706439E-02   0.205600E-02   0.571352E-03   0.198995E-03
 0.000000E+00   0.763477E-03   0.255289E-02   0.817736E-02   0.250911E-01   0.737496E-01   0.207657E+00   0.560079E+00   0.144710E+01   0.358163E+01   0.000000E+00   0.000000E+00   0.000000E+00   0.000000E+00   0.171140E+01   0.281459E+01   0.332405E+01   0.662957E+01   0.186777E+02   0.400784E+02   0.905708E+02   0.265148E+03   0.815234E+03   0.157099E+04   0.489222E+04   0.386466E+04   0.572059E+03   0.198722E+03   0.158875E+03   0.149707E+03   0.150654E+03   0.157020E+03   0.167232E+03   0.180716E+03   0.197327E+03   0.217152E+03   0.240428E+03   0.267518E+03   0.298864E+03   0.334919E+03   0.376677E+03   0.425183E+03   0.481957E+03   0.550036E+03   0.631384E+03   0.731795E+03   0.857542E+03   0.101441E+04   0.120427E+04   0.142162E+04   0.165396E+04   0.188998E+04   0.214705E+04   0.245390E+04   0.288077E+04   0.363268E+04   0.463601E+04   0.523368E+04   0.343516E+04   0.000000E+00   0.000000E+00   0.000000E+00   0.000000E+00   0.000000E+00   0.000000E+00   0.454619E+02   0.181457E+05   0.231593E+05   0.290873E+05   0.350723E+05   0.405569E+05   0.444860E+05   0.456594E+05   0.431335E+05   0.367450E+05   0.274038E+05   0.175562E+05   0.986917E+04   0.235978E+04   0.000000E+00   0.000000E+00   0.000000E+00   0.000000E+00   0.579488E-04   0.467620E-04   0.599662E-05   0.000000E+00   0.000000E+00   0.000000E+00   0.000000E+00   0.466116E-05   0.000000E+00   0.257973E-03   0.277267E+00   0.183654E+01   0.829653E+01   0.292574E+02   0.643840E+02   0.144431E+03   0.359343E+03   0.676157E+03   0.111977E+04   0.163441E+04   0.212207E+04   0.247151E+04   0.260154E+04   0.249095E+04   0.218207E+04   0.175763E+04   0.130771E+04   0.902320E+03   0.579392E+03   0.347306E+03   0.194901E+03   0.102629E+03   0.508222E+02   0.238114E+02   0.112529E+02   0.356044E+01   0.166988E+01   0.593372E+00   0.214247E+00   0.721969E-01   0.231891E-01   0.710575E-02   0.206824E-02   0.574784E-03   0.200144E-03
 0.000000E+00   0.763477E-03   0.255289E-02   0.817736E-02   0.250911E-01   0.737496E-01   0.207657E+00   0.560079E+00   0.144710E+01   0.358163E+01   0.000000E+00   0.000000E+00   0.000000E+00   0.000000E+00   0.171140E+01   0.281465E+01   0.332399E+01   0.662957E+01   0.186777E+02   0.400784E+02   0.905708E+02   0.265148E+03   0.815234E+03   0.157099E+04   0.489222E+04   0.471852E+04   0.876738E+03   0.221699E+03   0.170829E+03   0.159328E+03   0.159669E+03   0.166104E+03   0.176765E+03   0.190973E+03   0.208541E+03   0.229544E+03   0.254237E+03   0.283029E+03   0.316478E+03   0.355205E+03   0.400601E+03   0.454287E+03   0.518552E+03   0.597265E+03   0.692494E+03   0.808874E+03   0.949091E+03   0.111300E+04   0.129647E+04   0.149216E+04   0.169521E+04   0.191616E+04   0.218809E+04   0.254006E+04   0.312212E+04   0.399742E+04   0.471213E+04   0.520685E+04   0.292556E+04   0.000000E+00   0.000000E+00   0.000000E+00   0.000000E+00   0.000000E+00   0.000000E+00   0.465617E+02   0.186128E+05   0.236104E+05   0.294771E+05   0.353339E+05   0.406237E+05   0.443046E+05   0.452147E+05   0.424730E+05   0.359739E+05   0.266676E+05   0.170170E+05   0.953456E+04   0.208982E+04   0.000000E+00   0.000000E+00   0.000000E+00   0.000000E+00   0.579488E-04   0.467620E-04   0.599662E-05   0.000000E+00   0.000000E+00   0.000000E+00   0.000000E+00   0.466116E-05   0.000000E+00   0.257973E-03   0.277197E+00   0.183351E+01   0.827596E+01   0.291737E+02   0.643692E+02   0.143556E+03   0.358225E+03   0.674193E+03   0.111709E+04   0.163137E+04   0.211931E+04   0.246969E+04   0.260111E+04   0.249192E+04   0.218412E+04   0.176021E+04   0.131029E+04   0.904534E+03   0.581077E+03   0.348463E+03   0.195627E+03   0.103049E+03   0.510471E+02   0.239170E+02   0.113245E+02   0.357002E+01   0.168041E+01   0.596256E+00   0.215511E+00   0.726010E-01   0.233252E-01   0.714719E-02   0.208051E-02   0.578224E-03   0.201296E-03
 0.000000E+00   0.763477E-03   0.255289E-02   0.817736E-02   0.250911E-01   0.737496E-01   0.207657E+00   0.560079E+00   0.144710E+01   0.358163E+01   0.000000E+00   0.000000E+00   0.000000E+00   0.000000E+00   0.171140E+01   0.281472E+01   0.332393E+01   0.662957E+01   0.186777E+02   0.400784E+02   0.905708E+02   0.265148E+03   0.815234E+03   0.157099E+04   0.489222E+04   0.549601E+04   0.131667E+04   0.247607E+03   0.184333E+03   0.170332E+03   0.170021E+03   0.176524E+03   0.187678E+03   0.202713E+03   0.221443E+03   0.243997E+03   0.270743E+03   0.302268E+03   0.339388E+03   0.383000E+03   0.434865E+03   0.496847E+03   0.571162E+03   0.661028E+03   0.766576E+03   0.889646E+03   0.102953E+04   0.118355E+04   0.134812E+04   0.152320E+04   0.171875E+04   0.195162E+04   0.225849E+04   0.272830E+04   0.345582E+04   0.418813E+04   0.466318E+04   0.534920E+04   0.233803E+04   0.000000E+00   0.000000E+00   0.000000E+00   0.000000E+00   0.000000E+00   0.000000E+00   0.476499E+02   0.190754E+05   0.240824E+05   0.298270E+05   0.355776E+05   0.406700E+05   0.441037E+05   0.447557E+05   0.418068E+05   0.352058E+05   0.259431E+05   0.164924E+05   0.920371E+04   0.183382E+04   0.000000E+00   0.000000E+00   0.000000E+00   0.000000E+00   0.579488E-04   0.467620E-04   0.599662E-05   0.000000E+00   0.000000E+00   0.000000E+00   0.000000E+00   0.466116E-05   0.000000E+00   0.257973E-03   0.277170E+00   0.183069E+01   0.825624E+01   0.290925E+02   0.643532E+02   0.142690E+03   0.357117E+03   0.672243E+03   0.111443E+04   0.162834E+04   0.211656E+04   0.246788E+04   0.260067E+04   0.249289E+04   0.218615E+04   0.176277E+04   0.131286E+04   0.906742E+03   0.582758E+03   0.349619E+03   0.196353E+03   0.103469E+03   0.512722E+02   0.240228E+02   0.113959E+02   0.357973E+01   0.169090E+01   0.599144E+00   0.216779E+00   0.730055E-01   0.234618E-01   0.718872E-02   0.209281E-02   0.581671E-03   0.202453E-03
 0.000000E+00   0.763477E-03   0.255289E-02   0.817736E-02   0.250911E-01   0.737496E-01   0.207657E+00   0.560079E+00   0.144710E+01   0.358163E+01   0.000000E+00   0.000000E+00   0.000000E+00   0.000000E+00   0.171140E+01   0.281478E+01   0.332386E+01   0.662957E+01   0.186777E+02   0.400784E+02   0.905708E+02   0.265148E+03   0.815234E+03   0.157099E+04   0.489222E+04   0.619356E+04   0.190555E+04   0.277089E+03   0.199505E+03   0.182973E+03   0.182230E+03   0.189182E+03   0.201369E+03   0.217963E+03   0.238808E+03   0.264116E+03   0.294365E+03   0.330257E+03   0.372688E+03   0.422534E+03   0.481342E+03   0.550470E+03   0.631187E+03   0.725403E+03   0.831388E+03   0.949558E+03   0.107864E+04   0.121799E+04   0.137064E+04   0.154485E+04   0.175127E+04   0.201415E+04   0.241622E+04   0.301946E+04   0.369712E+04   0.419426E+04   0.466860E+04   0.569890E+04   0.146692E+04   0.000000E+00   0.000000E+00   0.000000E+00   0.000000E+00   0.000000E+00   0.000000E+00   0.146190E+03   0.195322E+05   0.245544E+05   0.301580E+05   0.358032E+05   0.406961E+05   0.438837E+05   0.442831E+05   0.411354E+05   0.344409E+05   0.252302E+05   0.159823E+05   0.887530E+04   0.159209E+04   0.000000E+00   0.000000E+00   0.000000E+00   0.000000E+00   0.579488E-04   0.467620E-04   0.599662E-05   0.000000E+00   0.000000E+00   0.000000E+00   0.000000E+00   0.466116E-05   0.000000E+00   0.260248E-03   0.277168E+00   0.182813E+01   0.823739E+01   0.290138E+02   0.643360E+02   0.141836E+03   0.356020E+03   0.670312E+03   0.111178E+04   0.162533E+04   0.211381E+04   0.246606E+04   0.260021E+04   0.249384E+04   0.218817E+04   0.176532E+04   0.131542E+04   0.908941E+03   0.584435E+03   0.350773E+03   0.197079E+03   0.103889E+03   0.514972E+02   0.241288E+02   0.114672E+02   0.358957E+01   0.170136E+01   0.602038E+00   0.218049E+00   0.734102E-01   0.235986E-01   0.723032E-02   0.210514E-02   0.585125E-03   0.203615E-03
 0.000000E+00   0.763477E-03   0.255289E-02   0.817736E-02   0.250911E-01   0.737496E-01   0.207657E+00   0.560079E+00   0.144710E+01   0.358163E+01   0.000000E+00   0.000000E+00   0.000000E+00   0.000000E+00   0.171140E+01   0.281485E+01   0.332379E+01   0.662957E+01   0.186777E+02   0.400784E+02   0.905708E+02   0.265148E+03   0.815234E+03   0.157099E+04   0.489222E+04   0.682711E+04   0.264538E+04   0.311264E+03   0.218655E+03   0.199901E+03   0.199191E+03   0.207161E+03   0.221030E+03   0.239870E+03   0.263492E+03   0.292086E+03   0.326079E+03   0.366065E+03   0.412729E+03   0.466604E+03   0.528695E+03   0.599722E+03   0.680177E+03   0.771280E+03   0.870776E+03   0.979874E+03   0.110010E+04   0.123541E+04   0.139158E+04   0.157637E+04   0.181222E+04   0.215662E+04   0.267173E+04   0.326729E+04   0.376307E+04   0.412833E+04   0.509458E+04   0.395609E+04   0.000000E+00   0.000000E+00   0.000000E+00   0.000000E+00   0.000000E+00   0.000000E+00   0.000000E+00   0.263323E+04   0.199957E+05   0.250279E+05   0.304855E+05   0.360205E+05   0.407093E+05   0.436480E+05   0.437944E+05   0.404503E+05   0.336654E+05   0.245135E+05   0.154739E+05   0.853814E+04   0.135756E+04   0.000000E+00   0.000000E+00   0.000000E+00   0.000000E+00   0.579488E-04   0.467620E-04   0.599662E-05   0.000000E+00   0.000000E+00   0.000000E+00   0.000000E+00   0.466116E-05   0.000000E+00   0.267981E-03   0.277160E+00   0.182584E+01   0.821944E+01   0.289376E+02   0.643175E+02   0.141114E+03   0.355035E+03   0.668546E+03   0.110933E+04   0.162250E+04   0.211118E+04   0.246427E+04   0.259969E+04   0.249465E+04   0.219002E+04   0.176771E+04   0.131784E+04   0.911040E+03   0.586044E+03   0.351885E+03   0.197780E+03   0.104297E+03   0.517162E+02   0.242324E+02   0.115362E+02   0.359962E+01   0.171179E+01   0.604937E+00   0.219322E+00   0.738152E-01   0.237358E-01   0.727200E-02   0.211750E-02   0.588586E-03   0.204779E-03
 0.000000E+00   0.763477E-03   0.255289E-02   0.817736E-02   0.250911E-01   0.737496E-01   0.207657E+00   0.560079E+00   0.144710E+01   0.358163E+01   0.000000E+00   0.000000E+00   0.000000E+00   0.000000E+00   0.171140E+01   0.281492E+01   0.332372E+01   0.662957E+01   0.186777E+02   0.400784E+02   0.905708E+02   0.265148E+03   0.815234E+03   0.157099E+04   0.489222E+04   0.741354E+04   0.354294E+04   0.358820E+03   0.245608E+03   0.223263E+03   0.221959E+03   0.230511E+03   0.245610E+03   0.266092E+03   0.291613E+03   0.322218E+03   0.358164E+03   0.399829E+03   0.447631E+03   0.501797E+03   0.562912E+03   0.631439E+03   0.707785E+03   0.793645E+03   0.888060E+03   0.994445E+03   0.111603E+04   0.125676E+04   0.142449E+04   0.164136E+04   0.195068E+04   0.238534E+04   0.290481E+04   0.336750E+04   0.368998E+04   0.439351E+04   0.489610E+04   0.110611E+04   0.000000E+00   0.000000E+00   0.000000E+00   0.000000E+00   0.000000E+00   0.000000E+00   0.000000E+00   0.518989E+04   0.204664E+05   0.254948E+05   0.308081E+05   0.362258E+05   0.407068E+05   0.433952E+05   0.432902E+05   0.397540E+05   0.328840E+05   0.237982E+05   0.149716E+05   0.819393E+04   0.113439E+04   0.000000E+00   0.000000E+00   0.000000E+00   0.000000E+00   0.579488E-04   0.467620E-04   0.599662E-05   0.000000E+00   0.000000E+00   0.000000E+00   0.000000E+00   0.466116E-05   0.000000E+00   0.281328E-03   0.277147E+00   0.182385E+01   0.820239E+01   0.288641E+02   0.642981E+02   0.140490E+03   0.354133E+03   0.666905E+03   0.110702E+04   0.161979E+04   0.210863E+04   0.246249E+04   0.259913E+04   0.249537E+04   0.219175E+04   0.176998E+04   0.132016E+04   0.913062E+03   0.587602E+03   0.352966E+03   0.198464E+03   0.104695E+03   0.519308E+02   0.243342E+02   0.116034E+02   0.360991E+01   0.172218E+01   0.607842E+00   0.220596E+00   0.742204E-01   0.238732E-01   0.731374E-02   0.212989E-02   0.592053E-03   0.205948E-03
 0.000000E+00   0.763477E-03   0.255289E-02   0.817736E-02   0.250911E-01   0.737496E-01   0.207657E+00   0.560079E+00   0.144710E+01   0.358163E+01   0.000000E+00   0.000000E+00   0.000000E+00   0.000000E+00   0.171140E+01   0.281499E+01   0.332365E+01   0.662957E+01   0.186777E+02   0.400784E+02   0.905708E+02   0.265148E+03   0.815234E+03   0.157099E+04   0.489222E+04   0.790865E+04   0.464481E+04   0.438210E+03   0.280947E+03   0.250474E+03   0.246413E+03   0.253962E+03   0.268813E+03   0.289379E+03   0.315071E+03   0.345741E+03   0.381472E+03   0.422477E+03   0.469039E+03   0.521351E+03   0.580001E+03   0.645888E+03   0.720125E+03   0.805325E+03   0.901151E+03   0.101111E+04   0.113921E+04   0.129501E+04   0.149936E+04   0.178263E+04   0.215955E+04   0.259409E+04   0.301284E+04   0.330761E+04   0.382333E+04   0.469450E+04   0.277201E+04   0.000000E+00   0.000000E+00   0.000000E+00   0.000000E+00   0.000000E+00   0.000000E+00   0.000000E+00   0.000000E+00   0.780299E+04   0.209412E+05   0.259463E+05   0.311206E+05   0.364136E+05   0.406846E+05   0.431237E+05   0.427726E+05   0.390519E+05   0.321048E+05   0.230934E+05   0.144827E+05   0.784690E+04   0.927927E+03   0.000000E+00   0.000000E+00   0.000000E+00   0.000000E+00   0.579488E-04   0.467620E-04   0.599662E-05   0.000000E+00   0.000000E+00   0.000000E+00   0.000000E+00   0.466116E-05   0.000000E+00   0.300519E-03   0.277128E+00   0.182215E+01   0.818628E+01   0.287932E+02   0.642776E+02   0.139898E+03   0.353261E+03   0.665309E+03   0.110475E+04   0.161713E+04   0.210611E+04   0.246073E+04   0.259854E+04   0.249605E+04   0.219344E+04   0.177220E+04   0.132245E+04   0.915059E+03   0.589142E+03   0.354036E+03   0.199143E+03   0.105091E+03   0.521442E+02   0.244356E+02   0.116699E+02   0.362039E+01   0.173252E+01   0.610754E+00   0.221873E+00   0.746259E-01   0.240110E-01   0.735555E-02   0.214231E-02   0.595526E-03   0.207121E-03
 0.000000E+00   0.763477E-03   0.255289E-02   0.817736E-02   0.250911E-01   0.737496E-01   0.207657E+00   0.560079E+00   0.144710E+01   0.358163E+01   0.000000E+00   0.000000E+00   0.000000E+00   0.000000E+00   0.171140E+01   0.281507E+01   0.332357E+01   0.662957E+01   0.186777E+02   0.400784E+02   0.905708E+02   0.265148E+03   0.815234E+03   0.157099E+04   0.489222E+04   0.822617E+04   0.599036E+04   0.579556E+03   0.321739E+03   0.276368E+03   0.267021E+03   0.271952E+03   0.285209E+03   0.304607E+03   0.329273E+03   0.358917E+03   0.393560E+03   0.433438E+03   0.478956E+03   0.530558E+03   0.589030E+03   0.655606E+03   0.731543E+03   0.819579E+03   0.920103E+03   0.103965E+04   0.118888E+04   0.138496E+04   0.164568E+04   0.197284E+04   0.234021E+04   0.268964E+04   0.296266E+04   0.337298E+04   0.420898E+04   0.370173E+04   0.508765E+03   0.000000E+00   0.000000E+00   0.000000E+00   0.000000E+00   0.000000E+00   0.000000E+00   0.000000E+00   0.000000E+00   0.104696E+05   0.214194E+05   0.263800E+05   0.314224E+05   0.365829E+05   0.406421E+05   0.428337E+05   0.422422E+05   0.383455E+05   0.313297E+05   0.224009E+05   0.140081E+05   0.749689E+04   0.739766E+03   0.000000E+00   0.000000E+00   0.000000E+00   0.000000E+00   0.579488E-04   0.467620E-04   0.599662E-05   0.000000E+00   0.000000E+00   0.000000E+00   0.000000E+00   0.466116E-05   0.000000E+00   0.325829E-03   0.277102E+00   0.182076E+01   0.817112E+01   0.287251E+02   0.642562E+02   0.139327E+03   0.352408E+03   0.663742E+03   0.110253E+04   0.161450E+04   0.210361E+04   0.245896E+04   0.259794E+04   0.249671E+04   0.219509E+04   0.177440E+04   0.132471E+04   0.917038E+03   0.590672E+03   0.355101E+03   0.199818E+03   0.105485E+03   0.523570E+02   0.245370E+02   0.117361E+02   0.363108E+01   0.174281E+01   0.613672E+00   0.223152E+00   0.750315E-01   0.241490E-01   0.739741E-02   0.215475E-02   0.599004E-03   0.208296E-03
 0.000000E+00   0.763477E-03   0.255289E-02   0.817736E-02   0.250911E-01   0.737496E-01   0.207657E+00   0.560079E+00   0.144710E+01   0.358163E+01   0.000000E+00   0.000000E+00   0.000000E+00   0.000000E+00   0.171140E+01   0.281514E+01   0.332350E+01   0.662957E+01   0.186777E+02   0.400784E+02   0.905708E+02   0.265148E+03   0.815234E+03   0.157099E+04   0.489222E+04   0.835400E+04   0.748640E+04   0.843694E+03   0.364954E+03   0.297551E+03   0.281424E+03   0.283182E+03   0.294615E+03   0.312849E+03   0.336761E+03   0.365975E+03   0.400515E+03   0.440656E+03   0.486854E+03   0.539621E+03   0.599756E+03   0.668822E+03   0.748955E+03   0.844978E+03   0.960829E+03   0.110722E+04   0.129535E+04   0.153230E+04   0.181395E+04   0.212131E+04   0.240942E+04   0.264054E+04   0.300534E+04   0.372892E+04   0.382071E+04   0.152194E+04   0.000000E+00   0.000000E+00   0.000000E+00   0.000000E+00   0.000000E+00   0.000000E+00   0.000000E+00   0.000000E+00   0.819499E+01   0.130513E+05   0.218992E+05   0.267956E+05   0.317127E+05   0.367330E+05   0.405792E+05   0.425256E+05   0.417001E+05   0.376356E+05   0.305597E+05   0.217218E+05   0.135482E+05   0.714318E+04   0.570963E+03   0.000000E+00   0.000000E+00   0.000000E+00   0.000000E+00   0.579488E-04   0.467620E-04   0.599662E-05   0.000000E+00   0.000000E+00   0.000000E+00   0.000000E+00   0.466116E-05   0.000000E+00   0.357560E-03   0.277071E+00   0.181968E+01   0.815693E+01   0.286597E+02   0.642341E+02   0.138770E+03   0.351570E+03   0.662199E+03   0.110032E+04   0.161189E+04   0.210113E+04   0.245720E+04   0.259733E+04   0.249734E+04   0.219672E+04   0.177657E+04   0.132695E+04   0.919005E+03   0.592194E+03   0.356161E+03   0.200491E+03   0.105878E+03   0.525693E+02   0.246384E+02   0.118019E+02   0.364195E+01   0.175305E+01   0.616598E+00   0.224432E+00   0.754372E-01   0.242873E-01   0.743934E-02   0.216722E-02   0.602489E-03   0.209476E-03
 0.000000E+00   0.763477E-03   0.255289E-02   0.817736E-02   0.250911E-01   0.737496E-01   0.207657E+00   0.560079E+00   0.144710E+01   0.358163E+01   0.000000E+00   0.000000E+00   0.000000E+00   0.000000E+00   0.171140E+01   0.281522E+01   0.332342E+01   0.662957E+01   0.186777E+02   0.400784E+02   0.905708E+02   0.265148E+03   0.815234E+03   0.157099E+04   0.489222E+04   0.837630E+04   0.891754E+04   0.132449E+04   0.408641E+03   0.314597E+03   0.292098E+03   0.291416E+03   0.301801E+03   0.319674E+03   0.343661E+03   0.373294E+03   0.408584E+03   0.449875E+03   0.497830E+03   0.553416E+03   0.618228E+03   0.695259E+03   0.788544E+03   0.904797E+03   0.104779E+04   0.122370E+04   0.143362E+04   0.167264E+04   0.192456E+04   0.215469E+04   0.235797E+04   0.268844E+04   0.332386E+04   0.359364E+04   0.231212E+04   0.689806E+03   0.000000E+00   0.000000E+00   0.000000E+00   0.000000E+00   0.000000E+00   0.000000E+00   0.000000E+00   0.000000E+00   0.194196E+02   0.151114E+05   0.223765E+05   0.271913E+05   0.319889E+05   0.368623E+05   0.404949E+05   0.421996E+05   0.411478E+05   0.369251E+05   0.297987E+05   0.210595E+05   0.131050E+05   0.678711E+04   0.423319E+03   0.000000E+00   0.000000E+00   0.000000E+00   0.000000E+00   0.579488E-04   0.467620E-04   0.599662E-05   0.000000E+00   0.000000E+00   0.000000E+00   0.000000E+00   0.466116E-05   0.000000E+00   0.396060E-03   0.277032E+00   0.181891E+01   0.814372E+01   0.285972E+02   0.642111E+02   0.138200E+03   0.350723E+03   0.660645E+03   0.109811E+04   0.160927E+04   0.209864E+04   0.245543E+04   0.259672E+04   0.249798E+04   0.219836E+04   0.177875E+04   0.132920E+04   0.920980E+03   0.593722E+03   0.357225E+03   0.201168E+03   0.106273E+03   0.527827E+02   0.247404E+02   0.118680E+02   0.365300E+01   0.176323E+01   0.619531E+00   0.225713E+00   0.758431E-01   0.244258E-01   0.748132E-02   0.217972E-02   0.605978E-03   0.210659E-03
 0.000000E+00   0.763477E-03   0.255289E-02   0.817736E-02   0.250911E-01   0.737496E-01   0.207657E+00   0.560079E+00   0.144710E+01   0.358163E+01   0.000000E+00   0.000000E+00   0.000000E+00   0.000000E+00   0.171140E+01   0.281530E+01   0.332334E+01   0.662957E+01   0.186777E+02   0.400784E+02   0.905708E+02   0.265148E+03   0.815234E+03   0.157099E+04   0.489222E+04   0.837630E+04   0.101383E+05   0.207742E+04   0.451575E+03   0.330096E+03   0.302370E+03   0.300039E+03   0.310016E+03   0.328176E+03   0.353035E+03   0.384213E+03   0.421963E+03   0.467043E+03   0.520717E+03   0.584721E+03   0.661389E+03   0.754122E+03   0.866218E+03   0.100185E+04   0.115979E+04   0.134062E+04   0.153870E+04   0.173816E+04   0.191931E+04   0.210799E+04   0.243228E+04   0.298173E+04   0.327300E+04   0.235985E+04   0.188369E+04   0.440700E+03   0.000000E+00   0.000000E+00   0.000000E+00   0.000000E+00   0.000000E+00   0.000000E+00   0.000000E+00   0.000000E+00   0.285097E+02   0.167073E+05   0.228476E+05   0.275676E+05   0.322494E+05   0.369699E+05   0.403891E+05   0.418565E+05   0.405869E+05   0.362158E+05   0.290487E+05   0.204156E+05   0.126790E+05   0.642895E+04   0.297585E+03   0.000000E+00   0.000000E+00   0.000000E+00   0.000000E+00   0.579488E-04   0.467620E-04   0.599662E-05   0.000000E+00   0.000000E+00   0.000000E+00   0.000000E+00   0.466116E-05   0.000000E+00   0.441739E-03   0.276986E+00   0.181846E+01   0.813151E+01   0.285375E+02   0.641875E+02   0.137603E+03   0.349858E+03   0.659063E+03   0.109587E+04   0.160663E+04   0.209613E+04   0.245366E+04   0.259612E+04   0.249864E+04   0.220003E+04   0.178096E+04   0.133148E+04   0.922975E+03   0.595265E+03   0.358300E+03   0.201850E+03   0.106671E+03   0.529979E+02   0.248434E+02   0.119345E+02   0.366420E+01   0.177335E+01   0.622472E+00   0.226995E+00   0.762490E-01   0.245646E-01   0.752334E-02   0.219223E-02   0.609473E-03   0.211845E-03
 0.000000E+00   0.763477E-03   0.255289E-02   0.817736E-02   0.250911E-01   0.737496E-01   0.207657E+00   0.560079E+00   0.144710E+01   0.358163E+01   0.000000E+00   0.000000E+00   0.000000E+00   0.000000E+00   0.171140E+01   0.281538E+01   0.332326E+01   0.662957E+01   0.186777E+02   0.400784E+02   0.905708E+02   0.265148E+03   0.815234E+03   0.157099E+04   0.489222E+04   0.837630E+04   0.111680E+05   0.307764E+04   0.491383E+03   0.345951E+03   0.314978E+03   0.312537E+03   0.323760E+03   0.344213E+03   0.372458E+03   0.408300E+03   0.452231E+03   0.505220E+03   0.568589E+03   0.643788E+03   0.732242E+03   0.835867E+03   0.955848E+03   0.109383E+04   0.124439E+04   0.140168E+04   0.155472E+04   0.170462E+04   0.189652E+04   0.222646E+04   0.270349E+04   0.292189E+04   0.218483E+04   0.192719E+04   0.232331E+04   0.000000E+00   0.000000E+00   0.000000E+00   0.000000E+00   0.000000E+00   0.000000E+00   0.000000E+00   0.000000E+00   0.000000E+00   0.355899E+02   0.179432E+05   0.233105E+05   0.279260E+05   0.324940E+05   0.370564E+05   0.402628E+05   0.414974E+05   0.400180E+05   0.355081E+05   0.283097E+05   0.197897E+05   0.122689E+05   0.606760E+04   0.193761E+03   0.000000E+00   0.000000E+00   0.000000E+00   0.000000E+00   0.579488E-04   0.467620E-04   0.599662E-05   0.000000E+00   0.000000E+00   0.000000E+00   0.000000E+00   0.466116E-05   0.000000E+00   0.495067E-03   0.276934E+00   0.181835E+01   0.812034E+01   0.284807E+02   0.641634E+02   0.136983E+03   0.348976E+03   0.657459E+03   0.109360E+04   0.160396E+04   0.209360E+04   0.245188E+04   0.259552E+04   0.249932E+04   0.220171E+04   0.178319E+04   0.133378E+04   0.924987E+03   0.596820E+03   0.359382E+03   0.202537E+03   0.107073E+03   0.532146E+02   0.249472E+02   0.120015E+02   0.367553E+01   0.178342E+01   0.625421E+00   0.228277E+00   0.766550E-01   0.247035E-01   0.756541E-02   0.220477E-02   0.612973E-03   0.213034E-03
 0.000000E+00   0.763477E-03   0.255289E-02   0.817736E-02   0.250911E-01   0.737496E-01   0.207657E+00   0.560079E+00   0.144710E+01   0.358163E+01   0.000000E+00   0.000000E+00   0.000000E+00   0.000000E+00   0.171140E+01   0.281546E+01   0.332318E+01   0.662957E+01   0.186777E+02   0.400784E+02   0.905708E+02   0.265148E+03   0.815234E+03   0.157099E+04   0.489222E+04   0.837630E+04   0.121144E+05   0.425955E+04   0.528913E+03   0.369550E+03   0.338106E+03   0.337503E+03   0.351786E+03   0.376262E+03   0.409379E+03   0.450821E+03   0.500868E+03   0.560133E+03   0.629402E+03   0.709425E+03   0.800455E+03   0.902920E+03   0.101536E+04   0.113565E+04   0.125597E+04   0.137854E+04   0.152186E+04   0.173360E+04   0.206540E+04   0.246026E+04   0.254934E+04   0.192781E+04   0.172350E+04   0.287459E+04   0.166821E+04   0.000000E+00   0.000000E+00   0.000000E+00   0.000000E+00   0.000000E+00   0.000000E+00   0.000000E+00   0.000000E+00   0.000000E+00   0.408840E+02   0.189104E+05   0.237614E+05   0.282664E+05   0.327208E+05   0.371209E+05   0.401159E+05   0.411230E+05   0.394432E+05   0.348044E+05   0.275838E+05   0.192031E+05   0.120256E+05   0.564819E+04   0.000000E+00   0.000000E+00   0.000000E+00   0.000000E+00   0.000000E+00   0.579488E-04   0.467620E-04   0.599662E-05   0.000000E+00   0.000000E+00   0.000000E+00   0.000000E+00   0.466116E-05   0.000000E+00   0.556549E-03   0.276910E+00   0.181831E+01   0.811045E+01   0.284269E+02   0.641387E+02   0.136318E+03   0.348061E+03   0.655806E+03   0.109127E+04   0.160124E+04   0.209104E+04   0.245009E+04   0.259494E+04   0.250003E+04   0.220344E+04   0.178547E+04   0.133612E+04   0.927032E+03   0.598399E+03   0.360480E+03   0.203233E+03   0.107479E+03   0.534340E+02   0.250524E+02   0.120694E+02   0.368697E+01   0.179342E+01   0.628379E+00   0.229559E+00   0.770611E-01   0.248427E-01   0.760753E-02   0.221733E-02   0.616476E-03   0.214227E-03
 0.000000E+00   0.763477E-03   0.255289E-02   0.817736E-02   0.250911E-01   0.737496E-01   0.207657E+00   0.560079E+00   0.144710E+01   0.358163E+01   0.000000E+00   0.000000E+00   0.000000E+00   0.000000E+00   0.171140E+01   0.281555E+01   0.332309E+01   0.662957E+01   0.186777E+02   0.400784E+02   0.905708E+02   0.265148E+03   0.815234E+03   0.157099E+04   0.489222E+04   0.837630E+04   0.130709E+05   0.558004E+04   0.587790E+03   0.410839E+03   0.376062E+03   0.375335E+03   0.390825E+03   0.417161E+03   0.452404E+03   0.495898E+03   0.547532E+03   0.607383E+03   0.675409E+03   0.751135E+03   0.833105E+03   0.920340E+03   0.101209E+04   0.111250E+04   0.122961E+04   0.138933E+04   0.162263E+04   0.193413E+04   0.221264E+04   0.213883E+04   0.163192E+04   0.156321E+04   0.239464E+04   0.436403E+04   0.000000E+00   0.000000E+00   0.000000E+00   0.000000E+00   0.000000E+00   0.000000E+00   0.000000E+00   0.000000E+00   0.000000E+00   0.000000E+00   0.449065E+02   0.196902E+05   0.242028E+05   0.285938E+05   0.329334E+05   0.371672E+05   0.399510E+05   0.407345E+05   0.388610E+05   0.341011E+05   0.268640E+05   0.186390E+05   0.116255E+05   0.521131E+04   0.000000E+00   0.000000E+00   0.000000E+00   0.000000E+00   0.000000E+00   0.579488E-04   0.467620E-04   0.599662E-05   0.000000E+00   0.000000E+00   0.000000E+00   0.000000E+00   0.466116E-05   0.000000E+00   0.626684E-03   0.276935E+00   0.181822E+01   0.810198E+01   0.283762E+02   0.641135E+02   0.135660E+03   0.347155E+03   0.654169E+03   0.108896E+04   0.159853E+04   0.208849E+04   0.244830E+04   0.259435E+04   0.250072E+04   0.220516E+04   0.178774E+04   0.133844E+04   0.929069E+03   0.599974E+03   0.361576E+03   0.203929E+03   0.107885E+03   0.536534E+02   0.251577E+02   0.121372E+02   0.369854E+01   0.180335E+01   0.631345E+00   0.230842E+00   0.774672E-01   0.249820E-01   0.764967E-02   0.222991E-02   0.619984E-03   0.215422E-03
 0.000000E+00   0.763477E-03   0.255289E-02   0.817736E-02   0.250911E-01   0.737496E-01   0.207657E+00   0.560079E+00   0.144710E+01   0.358163E+01   0.000000E+00   0.000000E+00   0.000000E+00   0.000000E+00   0.171140E+01   0.281564E+01   0.332301E+01   0.662957E+01   0.186777E+02   0.400784E+02   0.905708E+02   0.265148E+03   0.815234E+03   0.157099E+04   0.489222E+04   0.837630E+04   0.139418E+05   0.712702E+04   0.707886E+03   0.468134E+03   0.419542E+03   0.413310E+03   0.425867E+03   0.450064E+03   0.483043E+03   0.523433E+03   0.570433E+03   0.623472E+03   0.682166E+03   0.746554E+03   0.817536E+03   0.899181E+03   0.999779E+03   0.113403E+04   0.131414E+04   0.154721E+04   0.179283E+04   0.190406E+04   0.169655E+04   0.135045E+04   0.141805E+04   0.215954E+04   0.396222E+04   0.284036E+04   0.000000E+00   0.000000E+00   0.000000E+00   0.000000E+00   0.000000E+00   0.000000E+00   0.000000E+00   0.000000E+00   0.000000E+00   0.000000E+00   0.478444E+02   0.203419E+05   0.246335E+05   0.289092E+05   0.331315E+05   0.371953E+05   0.397685E+05   0.403325E+05   0.382722E+05   0.333991E+05   0.261520E+05   0.180873E+05   0.112415E+05   0.478663E+04   0.000000E+00   0.000000E+00   0.000000E+00   0.000000E+00   0.000000E+00   0.579488E-04   0.467620E-04   0.599662E-05   0.000000E+00   0.000000E+00   0.000000E+00   0.000000E+00   0.466116E-05   0.000000E+00   0.705993E-03   0.277010E+00   0.181806E+01   0.809498E+01   0.283286E+02   0.640880E+02   0.135009E+03   0.346258E+03   0.652545E+03   0.108667E+04   0.159584E+04   0.208594E+04   0.244651E+04   0.259375E+04   0.250140E+04   0.220686E+04   0.178999E+04   0.134076E+04   0.931100E+03   0.601545E+03   0.362670E+03   0.204624E+03   0.108291E+03   0.538727E+02   0.252632E+02   0.122049E+02   0.371023E+01   0.181322E+01   0.634319E+00   0.232124E+00   0.778732E-01   0.251215E-01   0.769185E-02   0.224250E-02   0.623496E-03   0.216620E-03
 0.000000E+00   0.763477E-03   0.255289E-02   0.817736E-02   0.250911E-01   0.737496E-01   0.207657E+00   0.560079E+00   0.144710E+01   0.358163E+01   0.000000E+00   0.000000E+00   0.000000E+00   0.000000E+00   0.171140E+01   0.281572E+01   0.332292E+01   0.662957E+01   0.186777E+02   0.400784E+02   0.905708E+02   0.265148E+03   0.815234E+03   0.157099E+04   0.489222E+04   0.837630E+04   0.144934E+05   0.901243E+04   0.948590E+03   0.534664E+03   0.455887E+03   0.437187E+03   0.441808E+03   0.459432E+03   0.486149E+03   0.520369E+03   0.561730E+03   0.610891E+03   0.669728E+03   0.741651E+03   0.831580E+03   0.946269E+03   0.109228E+04   0.127071E+04   0.145310E+04   0.156681E+04   0.150468E+04   0.127572E+04   0.113080E+04   0.129949E+04   0.210237E+04   0.356165E+04   0.293431E+04   0.122757E+03   0.000000E+00   0.000000E+00   0.000000E+00   0.000000E+00   0.000000E+00   0.000000E+00   0.000000E+00   0.000000E+00   0.000000E+00   0.000000E+00   0.246539E+04   0.209171E+05   0.250612E+05   0.292214E+05   0.333231E+05   0.372116E+05   0.395722E+05   0.399168E+05   0.376720E+05   0.326893E+05   0.254372E+05   0.175368E+05   0.108624E+05   0.436450E+04   0.000000E+00   0.000000E+00   0.000000E+00   0.000000E+00   0.000000E+00   0.579488E-04   0.467620E-04   0.599662E-05   0.000000E+00   0.000000E+00   0.000000E+00   0.000000E+00   0.466116E-05   0.000000E+00   0.794933E-03   0.277137E+00   0.181785E+01   0.808947E+01   0.282841E+02   0.640622E+02   0.134470E+03   0.345461E+03   0.651070E+03   0.108455E+04   0.159331E+04   0.208350E+04   0.244475E+04   0.259310E+04   0.250197E+04   0.220841E+04   0.179210E+04   0.134295E+04   0.933036E+03   0.603051E+03   0.363725E+03   0.205296E+03   0.108685E+03   0.540863E+02   0.253663E+02   0.122704E+02   0.372211E+01   0.182301E+01   0.637303E+00   0.233405E+00   0.782792E-01   0.252612E-01   0.773405E-02   0.225511E-02   0.627011E-03   0.217821E-03
 0.000000E+00   0.763477E-03   0.255289E-02   0.817736E-02   0.250911E-01   0.737496E-01   0.207657E+00   0.560079E+00   0.144710E+01   0.358163E+01   0.000000E+00   0.000000E+00   0.000000E+00   0.000000E+00   0.171140E+01   0.281581E+01   0.332283E+01   0.662957E+01   0.186777E+02   0.400784E+02   0.905708E+02   0.265148E+03   0.815234E+03   0.157099E+04   0.489222E+04   0.837630E+04   0.146841E+05   0.110006E+05   0.145986E+04   0.604001E+03   0.476158E+03   0.442944E+03   0.441424E+03   0.456869E+03   0.484651E+03   0.523613E+03   0.574307E+03   0.638380E+03   0.718190E+03   0.816028E+03   0.931919E+03   0.105924E+04   0.117728E+04   0.124540E+04   0.121136E+04   0.108218E+04   0.963620E+03   0.982768E+03   0.128103E+04   0.216032E+04   0.325291E+04   0.260285E+04   0.194388E+03   0.000000E+00   0.000000E+00   0.000000E+00   0.000000E+00   0.000000E+00   0.000000E+00   0.000000E+00   0.000000E+00   0.000000E+00   0.000000E+00   0.000000E+00   0.503818E+04   0.214466E+05   0.254852E+05   0.295299E+05   0.335069E+05   0.372151E+05   0.393614E+05   0.394874E+05   0.370610E+05   0.319728E+05   0.247221E+05   0.169888E+05   0.104881E+05   0.394754E+04   0.000000E+00   0.000000E+00   0.000000E+00   0.000000E+00   0.000000E+00   0.579488E-04   0.467620E-04   0.599662E-05   0.000000E+00   0.000000E+00   0.000000E+00   0.000000E+00   0.466116E-05   0.000000E+00   0.893824E-03   0.277316E+00   0.181757E+01   0.808544E+01   0.282428E+02   0.640362E+02   0.134037E+03   0.344756E+03   0.649731E+03   0.108259E+04   0.159092E+04   0.208116E+04   0.244302E+04   0.259240E+04   0.250243E+04   0.220983E+04   0.179406E+04   0.134503E+04   0.934885E+03   0.604498E+03   0.364742E+03   0.205947E+03   0.109068E+03   0.542945E+02   0.254672E+02   0.123339E+02   0.373422E+01   0.183273E+01   0.640296E+00   0.234685E+00   0.786852E-01   0.254010E-01   0.777627E-02   0.226774E-02   0.630529E-03   0.219024E-03
 0.000000E+00   0.763477E-03   0.255289E-02   0.817736E-02   0.250911E-01   0.737496E-01   0.207657E+00   0.560079E+00   0.144710E+01   0.358163E+01   0.000000E+00   0.000000E+00   0.000000E+00   0.000000E+00   0.171140E+01   0.281590E+01   0.332274E+01   0.662957E+01   0.186777E+02   0.400784E+02   0.905708E+02   0.265148E+03   0.815234E+03   0.157099E+04   0.489222E+04   0.837630E+04   0.147133E+05   0.126694E+05   0.241951E+04   0.681682E+03   0.504631E+03   0.467023E+03   0.469473E+03   0.492679E+03   0.530823E+03   0.581852E+03   0.644660E+03   0.717415E+03   0.795702E+03   0.870205E+03   0.924903E+03   0.939245E+03   0.902606E+03   0.833118E+03   0.777093E+03   0.790123E+03   0.943449E+03   0.140673E+04   0.227187E+04   0.292462E+04   0.207538E+04   0.119004E+03   0.000000E+00   0.000000E+00   0.000000E+00   0.000000E+00   0.000000E+00   0.000000E+00   0.000000E+00   0.000000E+00   0.000000E+00   0.000000E+00   0.000000E+00   0.000000E+00   0.768409E+04   0.219483E+05   0.259002E+05   0.298294E+05   0.336768E+05   0.372018E+05   0.391341E+05   0.390450E+05   0.364430E+05   0.312558E+05   0.240157E+05   0.164503E+05   0.101224E+05   0.354420E+04   0.000000E+00   0.000000E+00   0.000000E+00   0.000000E+00   0.000000E+00   0.579488E-04   0.467620E-04   0.599662E-05   0.000000E+00   0.000000E+00   0.000000E+00   0.000000E+00   0.466116E-05   0.000000E+00   0.100308E-02   0.277549E+00   0.181722E+01   0.808291E+01   0.282046E+02   0.640099E+02   0.133640E+03   0.344085E+03   0.648445E+03   0.108068E+04   0.158859E+04   0.207886E+04   0.244130E+04   0.259168E+04   0.250285E+04   0.221120E+04   0.179598E+04   0.134706E+04   0.936700E+03   0.605923E+03   0.365746E+03   0.206591E+03   0.109448E+03   0.545009E+02   0.255673E+02   0.123967E+02   0.374652E+01   0.184238E+01   0.643298E+00   0.235964E+00   0.790911E-01   0.255408E-01   0.781852E-02   0.228038E-02   0.634051E-03   0.220230E-03
 0.000000E+00   0.763477E-03   0.255289E-02   0.817736E-02   0.250911E-01   0.737496E-01   0.207657E+00   0.560079E+00   0.144710E+01   0.358163E+01   0.000000E+00   0.000000E+00   0.000000E+00   0.000000E+00   0.171140E+01   0.281599E+01   0.332265E+01   0.662957E+01   0.186777E+02   0.400784E+02   0.905708E+02   0.265148E+03   0.815234E+03   0.157099E+04   0.489222E+04   0.837630E+04   0.147139E+05   0.139633E+05   0.384155E+04   0.824713E+03   0.584492E+03   0.535458E+03   0.533375E+03   0.551574E+03   0.580050E+03   0.612327E+03   0.642100E+03   0.662505E+03   0.667290E+03   0.653980E+03   0.627875E+03   0.603096E+03   0.599040E+03   0.638800E+03   0.765233E+03   0.107408E+04   0.164667E+04   0.231127E+04   0.247113E+04   0.135557E+04   0.709992E+01   0.000000E+00   0.000000E+00   0.000000E+00   0.000000E+00   0.000000E+00   0.000000E+00   0.000000E+00   0.000000E+00   0.000000E+00   0.000000E+00   0.000000E+00   0.000000E+00   0.000000E+00   0.103842E+05   0.224359E+05   0.263056E+05   0.301190E+05   0.338316E+05   0.371708E+05   0.388900E+05   0.385902E+05   0.358193E+05   0.305398E+05   0.233205E+05   0.159229E+05   0.976445E+04   0.315687E+04   0.000000E+00   0.000000E+00   0.000000E+00   0.000000E+00   0.000000E+00   0.579488E-04   0.467620E-04   0.599662E-05   0.000000E+00   0.000000E+00   0.000000E+00   0.000000E+00   0.466116E-05   0.000000E+00   0.112315E-02   0.277838E+00   0.181682E+01   0.808190E+01   0.281696E+02   0.639836E+02   0.133264E+03   0.343437E+03   0.647193E+03   0.107882E+04   0.158630E+04   0.207659E+04   0.243958E+04   0.259095E+04   0.250324E+04   0.221253E+04   0.179786E+04   0.134907E+04   0.938495E+03   0.607334E+03   0.366742E+03   0.207230E+03   0.109825E+03   0.547064E+02   0.256672E+02   0.124590E+02   0.375899E+01   0.185195E+01   0.646310E+00   0.237241E+00   0.794969E-01   0.256808E-01   0.786079E-02   0.229304E-02   0.637576E-03   0.221438E-03
 0.000000E+00   0.763477E-03   0.255289E-02   0.817736E-02   0.250911E-01   0.737496E-01   0.207657E+00   0.560079E+00   0.144710E+01   0.358163E+01   0.000000E+00   0.000000E+00   0.000000E+00   0.000000E+00   0.171140E+01   0.281608E+01   0.332256E+01   0.662957E+01   0.186777E+02   0.400784E+02   0.905708E+02   0.265148E+03   0.815234E+03   0.157099E+04   0.489222E+04   0.837630E+04   0.147139E+05   0.146229E+05   0.571160E+04   0.122030E+04   0.697961E+03   0.568894E+03   0.517007E+03   0.490108E+03   0.472387E+03   0.457879E+03   0.445146E+03   0.435774E+03   0.433457E+03   0.443352E+03   0.473328E+03   0.539450E+03   0.676352E+03   0.936609E+03   0.134771E+04   0.182953E+04   0.211955E+04   0.179698E+04   0.561434E+03   0.000000E+00   0.000000E+00   0.000000E+00   0.000000E+00   0.000000E+00   0.000000E+00   0.000000E+00   0.000000E+00   0.000000E+00   0.000000E+00   0.000000E+00   0.000000E+00   0.000000E+00   0.000000E+00   0.473345E+01   0.130766E+05   0.229184E+05   0.267018E+05   0.303984E+05   0.339708E+05   0.371220E+05   0.386295E+05   0.381235E+05   0.351904E+05   0.298255E+05   0.226375E+05   0.154074E+05   0.941255E+04   0.278680E+04   0.000000E+00   0.000000E+00   0.000000E+00   0.000000E+00   0.000000E+00   0.579488E-04   0.467620E-04   0.599662E-05   0.000000E+00   0.000000E+00   0.000000E+00   0.000000E+00   0.466116E-05   0.000000E+00   0.125450E-02   0.278185E+00   0.181644E+01   0.808177E+01   0.281383E+02   0.639572E+02   0.132906E+03   0.342808E+03   0.645971E+03   0.107699E+04   0.158404E+04   0.207433E+04   0.243787E+04   0.259021E+04   0.250360E+04   0.221383E+04   0.179972E+04   0.135105E+04   0.940270E+03   0.608733E+03   0.367730E+03   0.207866E+03   0.110200E+03   0.549109E+02   0.257669E+02   0.125209E+02   0.377164E+01   0.186143E+01   0.649332E+00   0.238517E+00   0.799027E-01   0.258209E-01   0.790307E-02   0.230571E-02   0.641103E-03   0.222649E-03
 0.000000E+00   0.763477E-03   0.255289E-02   0.817736E-02   0.250911E-01   0.737496E-01   0.207657E+00   0.560079E+00   0.144710E+01   0.358163E+01   0.000000E+00   0.000000E+00   0.000000E+00   0.000000E+00   0.171140E+01   0.281617E+01   0.332247E+01   0.662957E+01   0.186777E+02   0.400784E+02   0.905708E+02   0.265148E+03   0.815234E+03   0.157099E+04   0.489222E+04   0.837630E+04   0.147139E+05   0.146991E+05   0.696032E+04   0.229738E+04   0.809869E+03   0.480014E+03   0.378574E+03   0.337359E+03   0.321949E+03   0.322542E+03   0.337149E+03   0.368641E+03   0.425280E+03   0.521854E+03   0.678142E+03   0.910733E+03   0.121232E+04   0.152580E+04   0.172402E+04   0.155572E+04   0.901876E+03   0.532877E+03   0.000000E+00   0.000000E+00   0.000000E+00   0.000000E+00   0.000000E+00   0.000000E+00   0.000000E+00   0.000000E+00   0.000000E+00   0.000000E+00   0.000000E+00   0.000000E+00   0.000000E+00   0.000000E+00   0.000000E+00   0.152821E+02   0.153359E+05   0.233996E+05   0.270877E+05   0.306660E+05   0.340927E+05   0.370549E+05   0.383527E+05   0.376460E+05   0.345582E+05   0.291152E+05   0.219692E+05   0.149059E+05   0.906625E+04   0.243659E+04   0.000000E+00   0.000000E+00   0.000000E+00   0.000000E+00   0.000000E+00   0.579488E-04   0.467620E-04   0.599662E-05   0.000000E+00   0.000000E+00   0.000000E+00   0.000000E+00   0.466116E-05   0.000000E+00   0.139754E-02   0.278592E+00   0.181630E+01   0.808137E+01   0.281118E+02   0.639307E+02   0.132546E+03   0.342181E+03   0.644752E+03   0.107517E+04   0.158179E+04   0.207208E+04   0.243616E+04   0.258946E+04   0.250397E+04   0.221512E+04   0.180156E+04   0.135302E+04   0.942044E+03   0.610131E+03   0.368719E+03   0.208502E+03   0.110575E+03   0.551158E+02   0.258668E+02   0.125828E+02   0.378443E+01   0.187084E+01   0.652364E+00   0.239791E+00   0.803085E-01   0.259611E-01   0.794537E-02   0.231840E-02   0.644633E-03   0.223862E-03
 0.000000E+00   0.763477E-03   0.255289E-02   0.817736E-02   0.250911E-01   0.737496E-01   0.207657E+00   0.560079E+00   0.144710E+01   0.358163E+01   0.000000E+00   0.000000E+00   0.000000E+00   0.000000E+00   0.171140E+01   0.281626E+01   0.332238E+01   0.662957E+01   0.186777E+02   0.400784E+02   0.905708E+02   0.265148E+03   0.815234E+03   0.157099E+04   0.489222E+04   0.837630E+04   0.147139E+05   0.147006E+05   0.729761E+04   0.395705E+04   0.758707E+03   0.351220E+03   0.304259E+03   0.308535E+03   0.339128E+03   0.393941E+03   0.476561E+03   0.592029E+03   0.742917E+03   0.923445E+03   0.111471E+04   0.128199E+04   0.133393E+04   0.112303E+04   0.712618E+03   0.870405E+03   0.698146E+03   0.000000E+00   0.000000E+00   0.000000E+00   0.000000E+00   0.000000E+00   0.000000E+00   0.000000E+00   0.000000E+00   0.000000E+00   0.000000E+00   0.000000E+00   0.000000E+00   0.000000E+00   0.000000E+00   0.000000E+00   0.000000E+00   0.237091E+02   0.171449E+05   0.238808E+05   0.274625E+05   0.309202E+05   0.341962E+05   0.369689E+05   0.380599E+05   0.371587E+05   0.339245E+05   0.284111E+05   0.213179E+05   0.144202E+05   0.872501E+04   0.210837E+04   0.000000E+00   0.000000E+00   0.000000E+00   0.000000E+00   0.000000E+00   0.579488E-04   0.467620E-04   0.599662E-05   0.000000E+00   0.000000E+00   0.000000E+00   0.000000E+00   0.466116E-05   0.000000E+00   0.155263E-02   0.279060E+00   0.181638E+01   0.808066E+01   0.280900E+02   0.639042E+02   0.132163E+03   0.341539E+03   0.643514E+03   0.107332E+04   0.157951E+04   0.206982E+04   0.243444E+04   0.258872E+04   0.250434E+04   0.221644E+04   0.180343E+04   0.135501E+04   0.943832E+03   0.611539E+03   0.369714E+03   0.209142E+03   0.110953E+03   0.553220E+02   0.259674E+02   0.126451E+02   0.379736E+01   0.188017E+01   0.655407E+00   0.241062E+00   0.807141E-01   0.261014E-01   0.798768E-02   0.233109E-02   0.648165E-03   0.225078E-03
 0.000000E+00   0.763477E-03   0.255289E-02   0.817736E-02   0.250911E-01   0.737496E-01   0.207657E+00   0.560079E+00   0.144710E+01   0.358163E+01   0.000000E+00   0.000000E+00   0.000000E+00   0.000000E+00   0.171140E+01   0.281636E+01   0.332229E+01   0.662957E+01   0.186777E+02   0.400784E+02   0.905708E+02   0.265148E+03   0.815234E+03   0.157099E+04   0.489222E+04   0.837630E+04   0.147139E+05   0.147009E+05   0.825109E+04   0.534727E+04   0.452761E+03   0.415493E+03   0.447902E+03   0.505435E+03   0.580971E+03   0.670352E+03   0.769161E+03   0.869122E+03   0.949424E+03   0.966485E+03   0.859350E+03   0.638507E+03   0.513756E+03   0.902615E+03   0.168332E+04   0.106964E+03   0.000000E+00   0.000000E+00   0.000000E+00   0.000000E+00   0.000000E+00   0.000000E+00   0.000000E+00   0.000000E+00   0.000000E+00   0.000000E+00   0.000000E+00   0.000000E+00   0.000000E+00   0.000000E+00   0.000000E+00   0.000000E+00   0.000000E+00   0.300949E+02   0.186048E+05   0.243630E+05   0.278272E+05   0.311610E+05   0.342816E+05   0.368645E+05   0.377519E+05   0.366624E+05   0.332898E+05   0.277137E+05   0.206831E+05   0.139503E+05   0.838690E+04   0.180238E+04   0.000000E+00   0.000000E+00   0.000000E+00   0.000000E+00   0.000000E+00   0.579488E-04   0.467620E-04   0.599662E-05   0.000000E+00   0.000000E+00   0.000000E+00   0.000000E+00   0.466116E-05   0.000000E+00   0.172029E-02   0.279592E+00   0.181671E+01   0.807964E+01   0.280731E+02   0.638778E+02   0.131759E+03   0.340885E+03   0.642258E+03   0.107145E+04   0.157722E+04   0.206754E+04   0.243272E+04   0.258799E+04   0.250473E+04   0.221777E+04   0.180531E+04   0.135702E+04   0.945633E+03   0.612958E+03   0.370716E+03   0.209786E+03   0.111334E+03   0.555294E+02   0.260688E+02   0.127079E+02   0.381040E+01   0.188941E+01   0.658459E+00   0.242332E+00   0.811197E-01   0.262417E-01   0.803000E-02   0.234380E-02   0.651700E-03   0.226295E-03
 0.000000E+00   0.763477E-03   0.255289E-02   0.817736E-02   0.250911E-01   0.737496E-01   0.207657E+00   0.560079E+00   0.144710E+01   0.358163E+01   0.000000E+00   0.000000E+00   0.000000E+00   0.000000E+00   0.171140E+01   0.281646E+01   0.332219E+01   0.662957E+01   0.186777E+02   0.400784E+02   0.905708E+02   0.265148E+03   0.815234E+03   0.157099E+04   0.489222E+04   0.837630E+04   0.147139E+05   0.147009E+05   0.122079E+05   0.414908E+04   0.676570E+03   0.643901E+03   0.650055E+03   0.667899E+03   0.680158E+03   0.668274E+03   0.613755E+03   0.512590E+03   0.403196E+03   0.393909E+03   0.634098E+03   0.130576E+04   0.204890E+04   0.295551E+03   0.000000E+00   0.000000E+00   0.000000E+00   0.000000E+00   0.000000E+00   0.000000E+00   0.000000E+00   0.000000E+00   0.000000E+00   0.000000E+00   0.000000E+00   0.000000E+00   0.000000E+00   0.000000E+00   0.000000E+00   0.000000E+00   0.000000E+00   0.000000E+00   0.000000E+00   0.344869E+02   0.198130E+05   0.248471E+05   0.281827E+05   0.313888E+05   0.343496E+05   0.367429E+05   0.374297E+05   0.361579E+05   0.326542E+05   0.270231E+05   0.200641E+05   0.134954E+05   0.804971E+04   0.151851E+04   0.000000E+00   0.000000E+00   0.000000E+00   0.000000E+00   0.000000E+00   0.579488E-04   0.467620E-04   0.599662E-05   0.000000E+00   0.000000E+00   0.000000E+00   0.000000E+00   0.466116E-05   0.000000E+00   0.190143E-02   0.280194E+00   0.181728E+01   0.807828E+01   0.280612E+02   0.638515E+02   0.131342E+03   0.340224E+03   0.640993E+03   0.106958E+04   0.157492E+04   0.206526E+04   0.243100E+04   0.258725E+04   0.250512E+04   0.221910E+04   0.180720E+04   0.135904E+04   0.947441E+03   0.614381E+03   0.371722E+03   0.210433E+03   0.111716E+03   0.557377E+02   0.261706E+02   0.127709E+02   0.382354E+01   0.189857E+01   0.661522E+00   0.243598E+00   0.815251E-01   0.263820E-01   0.807232E-02   0.235652E-02   0.655236E-03   0.227515E-03
 0.000000E+00   0.763477E-03   0.255289E-02   0.817736E-02   0.250911E-01   0.737496E-01   0.207657E+00   0.560079E+00   0.144710E+01   0.358163E+01   0.000000E+00   0.000000E+00   0.000000E+00   0.000000E+00   0.171140E+01   0.281656E+01   0.332208E+01   0.662957E+01   0.186777E+02   0.400784E+02   0.905708E+02   0.265148E+03   0.815234E+03   0.157099E+04   0.489222E+04   0.837630E+04   0.147139E+05   0.147009E+05   0.147807E+05   0.428815E+04   0.106333E+04   0.711751E+03   0.513768E+03   0.377857E+03   0.304746E+03   0.323746E+03   0.465193E+03   0.763461E+03   0.128347E+04   0.210548E+04   0.136758E+04   0.000000E+00   0.000000E+00   0.430245E-01   0.000000E+00   0.000000E+00   0.000000E+00   0.000000E+00   0.000000E+00   0.000000E+00   0.000000E+00   0.000000E+00   0.000000E+00   0.000000E+00   0.000000E+00   0.000000E+00   0.000000E+00   0.000000E+00   0.000000E+00   0.000000E+00   0.000000E+00   0.000000E+00   0.000000E+00   0.371303E+02   0.208632E+05   0.253335E+05   0.285303E+05   0.316040E+05   0.344012E+05   0.366047E+05   0.370940E+05   0.356457E+05   0.320179E+05   0.263391E+05   0.194599E+05   0.130548E+05   0.771124E+04   0.125669E+04   0.000000E+00   0.000000E+00   0.000000E+00   0.000000E+00   0.000000E+00   0.579488E-04   0.467620E-04   0.599662E-05   0.000000E+00   0.000000E+00   0.000000E+00   0.000000E+00   0.466116E-05   0.000000E+00   0.209714E-02   0.280870E+00   0.181812E+01   0.807656E+01   0.280548E+02   0.638253E+02   0.130920E+03   0.339565E+03   0.639731E+03   0.106771E+04   0.157262E+04   0.206298E+04   0.242928E+04   0.258651E+04   0.250550E+04   0.222043E+04   0.180909E+04   0.136105E+04   0.949247E+03   0.615804E+03   0.372728E+03   0.211080E+03   0.112098E+03   0.559463E+02   0.262728E+02   0.128341E+02   0.383677E+01   0.190764E+01   0.664594E+00   0.244861E+00   0.819303E-01   0.265223E-01   0.811462E-02   0.236924E-02   0.658772E-03   0.228736E-03
 0.000000E+00   0.763477E-03   0.255289E-02   0.817736E-02   0.250911E-01   0.737496E-01   0.207657E+00   0.560079E+00   0.144710E+01   0.358163E+01   0.000000E+00   0.000000E+00   0.000000E+00   0.000000E+00   0.171140E+01   0.281667E+01   0.332197E+01   0.662957E+01   0.186777E+02   0.400784E+02   0.905708E+02   0.265148E+03   0.815234E+03   0.157099E+04   0.489222E+04   0.837630E+04   0.147139E+05   0.147009E+05   0.150208E+05   0.578059E+04   0.175383E+04   0.573672E+03   0.646152E+03   0.861532E+03   0.121904E+04   0.191437E+04   0.228227E+04   0.160483E+03   0.000000E+00   0.000000E+00   0.000000E+00   0.000000E+00   0.000000E+00   0.430245E-01   0.000000E+00   0.000000E+00   0.000000E+00   0.000000E+00   0.000000E+00   0.000000E+00   0.000000E+00   0.000000E+00   0.000000E+00   0.000000E+00   0.000000E+00   0.000000E+00   0.000000E+00   0.000000E+00   0.000000E+00   0.000000E+00   0.000000E+00   0.000000E+00   0.000000E+00   0.365411E+02   0.218659E+05   0.258229E+05   0.288711E+05   0.318074E+05   0.344372E+05   0.364509E+05   0.367456E+05   0.351264E+05   0.313808E+05   0.256616E+05   0.188696E+05   0.126277E+05   0.736934E+04   0.101707E+04   0.000000E+00   0.000000E+00   0.000000E+00   0.000000E+00   0.000000E+00   0.579488E-04   0.467620E-04   0.599662E-05   0.000000E+00   0.000000E+00   0.000000E+00   0.000000E+00   0.466116E-05   0.000000E+00   0.230835E-02   0.281627E+00   0.181926E+01   0.807456E+01   0.280535E+02   0.637997E+02   0.130503E+03   0.338915E+03   0.638485E+03   0.106585E+04   0.157034E+04   0.206071E+04   0.242756E+04   0.258577E+04   0.250587E+04   0.222174E+04   0.181096E+04   0.136305E+04   0.951044E+03   0.617221E+03   0.373731E+03   0.211726E+03   0.112480E+03   0.561547E+02   0.263750E+02   0.128972E+02   0.385009E+01   0.191662E+01   0.667674E+00   0.246120E+00   0.823351E-01   0.266625E-01   0.815690E-02   0.238196E-02   0.662309E-03   0.229958E-03
 0.000000E+00   0.763477E-03   0.255289E-02   0.817736E-02   0.250911E-01   0.737496E-01   0.207657E+00   0.560079E+00   0.144710E+01   0.358163E+01   0.000000E+00   0.000000E+00   0.000000E+00   0.000000E+00   0.171140E+01   0.281682E+01   0.332182E+01   0.662957E+01   0.186777E+02   0.400784E+02   0.905708E+02   0.265148E+03   0.815234E+03   0.157099E+04   0.489222E+04   0.837630E+04   0.147139E+05   0.147009E+05   0.173322E+05   0.904095E+04   0.234071E+04   0.261539E+04   0.512103E+03   0.000000E+00   0.000000E+00   0.000000E+00   0.243652E-01   0.000000E+00   0.000000E+00   0.000000E+00   0.000000E+00   0.000000E+00   0.000000E+00   0.430245E-01   0.000000E+00   0.000000E+00   0.000000E+00   0.000000E+00   0.000000E+00   0.000000E+00   0.000000E+00   0.000000E+00   0.000000E+00   0.000000E+00   0.000000E+00   0.000000E+00   0.000000E+00   0.000000E+00   0.000000E+00   0.000000E+00   0.000000E+00   0.000000E+00   0.000000E+00   0.251417E+02   0.231295E+05   0.263170E+05   0.292069E+05   0.320000E+05   0.344592E+05   0.362827E+05   0.363853E+05   0.345999E+05   0.307421E+05   0.249896E+05   0.182912E+05   0.122122E+05   0.702107E+04   0.799469E+03   0.000000E+00   0.000000E+00   0.000000E+00   0.000000E+00   0.000000E+00   0.579488E-04   0.467620E-04   0.599662E-05   0.000000E+00   0.000000E+00   0.000000E+00   0.000000E+00   0.466116E-05   0.000000E+00   0.253748E-02   0.282480E+00   0.182073E+01   0.807352E+01   0.280520E+02   0.637798E+02   0.130111E+03   0.338293E+03   0.637280E+03   0.106405E+04   0.156810E+04   0.205848E+04   0.242585E+04   0.258501E+04   0.250621E+04   0.222302E+04   0.181279E+04   0.136501E+04   0.952814E+03   0.618620E+03   0.374724E+03   0.212366E+03   0.112858E+03   0.563617E+02   0.264766E+02   0.129598E+02   0.386348E+01   0.192550E+01   0.670760E+00   0.247374E+00   0.827393E-01   0.268026E-01   0.819913E-02   0.239468E-02   0.665843E-03   0.231182E-03
 0.000000E+00   0.763477E-03   0.255289E-02   0.817736E-02   0.250911E-01   0.737496E-01   0.207657E+00   0.560079E+00   0.144710E+01   0.358163E+01   0.000000E+00   0.000000E+00   0.000000E+00   0.000000E+00   0.171140E+01   0.281699E+01   0.332165E+01   0.662957E+01   0.186777E+02   0.400784E+02   0.905708E+02   0.265148E+03   0.815234E+03   0.157099E+04   0.489222E+04   0.837630E+04   0.147139E+05   0.147009E+05   0.191692E+05   0.115009E+05   0.200119E+04   0.846499E+02   0.000000E+00   0.000000E+00   0.000000E+00   0.000000E+00   0.243652E-01   0.000000E+00   0.000000E+00   0.000000E+00   0.000000E+00   0.000000E+00   0.000000E+00   0.430245E-01   0.000000E+00   0.000000E+00   0.000000E+00   0.000000E+00   0.000000E+00   0.000000E+00   0.000000E+00   0.000000E+00   0.000000E+00   0.000000E+00   0.000000E+00   0.000000E+00   0.000000E+00   0.000000E+00   0.000000E+00   0.000000E+00   0.000000E+00   0.000000E+00   0.000000E+00   0.143658E+02   0.251258E+05   0.268205E+05   0.295418E+05   0.321854E+05   0.344703E+05   0.361021E+05   0.360136E+05   0.340654E+05   0.300990E+05   0.243195E+05   0.177204E+05   0.118048E+05   0.666106E+04   0.602910E+03   0.000000E+00   0.000000E+00   0.000000E+00   0.000000E+00   0.000000E+00   0.579488E-04   0.467620E-04   0.599662E-05   0.000000E+00   0.000000E+00   0.000000E+00   0.000000E+00   0.466116E-05   0.000000E+00   0.279022E-02   0.283461E+00   0.182268E+01   0.807419E+01   0.280481E+02   0.637691E+02   0.129792E+03   0.337742E+03   0.636181E+03   0.106237E+04   0.156599E+04   0.205632E+04   0.242417E+04   0.258422E+04   0.250647E+04   0.222418E+04   0.181451E+04   0.136688E+04   0.954514E+03   0.619972E+03   0.375686E+03   0.212988E+03   0.113228E+03   0.565642E+02   0.265764E+02   0.130209E+02   0.387696E+01   0.193425E+01   0.673845E+00   0.248620E+00   0.831420E-01   0.269422E-01   0.824124E-02   0.240737E-02   0.669369E-03   0.232404E-03
 0.000000E+00   0.763477E-03   0.255289E-02   0.817736E-02   0.250911E-01   0.737496E-01   0.207657E+00   0.560079E+00   0.144710E+01   0.358163E+01   0.000000E+00   0.000000E+00   0.000000E+00   0.000000E+00   0.171140E+01   0.281711E+01   0.332154E+01   0.662957E+01   0.186777E+02   0.400784E+02   0.905708E+02   0.265148E+03   0.815234E+03   0.157099E+04   0.489222E+04   0.837630E+04   0.147139E+05   0.147009E+05   0.193274E+05   0.125068E+05   0.145783E+04   0.836946E+02   0.000000E+00   0.000000E+00   0.000000E+00   0.000000E+00   0.243652E-01   0.000000E+00   0.000000E+00   0.000000E+00   0.000000E+00   0.000000E+00   0.000000E+00   0.430245E-01   0.000000E+00   0.000000E+00   0.000000E+00   0.000000E+00   0.000000E+00   0.000000E+00   0.000000E+00   0.000000E+00   0.000000E+00   0.000000E+00   0.000000E+00   0.000000E+00   0.000000E+00   0.000000E+00   0.000000E+00   0.000000E+00   0.000000E+00   0.000000E+00   0.000000E+00   0.105244E+02   0.274244E+05   0.273343E+05   0.298754E+05   0.323628E+05   0.344702E+05   0.359088E+05   0.356309E+05   0.335232E+05   0.294524E+05   0.236525E+05   0.171581E+05   0.114057E+05   0.628808E+04   0.429838E+03   0.000000E+00   0.000000E+00   0.000000E+00   0.000000E+00   0.000000E+00   0.579488E-04   0.467620E-04   0.599662E-05   0.000000E+00   0.000000E+00   0.000000E+00   0.000000E+00   0.466116E-05   0.000000E+00   0.306328E-02   0.284551E+00   0.182501E+01   0.807624E+01   0.280424E+02   0.637659E+02   0.129542E+03   0.337257E+03   0.635179E+03   0.106080E+04   0.156397E+04   0.205424E+04   0.242251E+04   0.258339E+04   0.250666E+04   0.222525E+04   0.181613E+04   0.136867E+04   0.956148E+03   0.621278E+03   0.376620E+03   0.213594E+03   0.113589E+03   0.567626E+02   0.266744E+02   0.130806E+02   0.389054E+01   0.194291E+01   0.676933E+00   0.249860E+00   0.835439E-01   0.270815E-01   0.828327E-02   0.242005E-02   0.672892E-03   0.233626E-03
 0.000000E+00   0.763477E-03   0.255289E-02   0.817736E-02   0.250911E-01   0.737496E-01   0.207657E+00   0.560079E+00   0.144710E+01   0.358163E+01   0.000000E+00   0.000000E+00   0.000000E+00   0.000000E+00   0.171140E+01   0.281722E+01   0.332142E+01   0.662957E+01   0.186777E+02   0.400784E+02   0.905708E+02   0.265148E+03   0.815234E+03   0.157099E+04   0.489222E+04   0.837630E+04   0.147139E+05   0.147009E+05   0.195382E+05   0.127426E+05   0.145700E+04   0.835464E+02   0.000000E+00   0.000000E+00   0.000000E+00   0.000000E+00   0.243652E-01   0.000000E+00   0.000000E+00   0.000000E+00   0.000000E+00   0.000000E+00   0.000000E+00   0.430245E-01   0.000000E+00   0.000000E+00   0.000000E+00   0.000000E+00   0.000000E+00   0.000000E+00   0.000000E+00   0.000000E+00   0.000000E+00   0.000000E+00   0.000000E+00   0.000000E+00   0.000000E+00   0.000000E+00   0.000000E+00   0.000000E+00   0.000000E+00   0.000000E+00   0.000000E+00   0.741937E+01   0.298949E+05   0.278550E+05   0.302018E+05   0.325266E+05   0.344540E+05   0.357005E+05   0.352371E+05   0.329764E+05   0.288075E+05   0.230048E+05   0.169679E+05   0.110226E+05   0.582484E+04   0.000000E+00   0.000000E+00   0.000000E+00   0.000000E+00   0.000000E+00   0.000000E+00   0.579488E-04   0.467620E-04   0.599662E-05   0.000000E+00   0.000000E+00   0.000000E+00   0.000000E+00   0.466116E-05   0.000000E+00   0.335448E-02   0.285740E+00   0.182768E+01   0.807945E+01   0.280395E+02   0.637614E+02   0.129284E+03   0.336767E+03   0.634172E+03   0.105922E+04   0.156196E+04   0.205216E+04   0.242085E+04   0.258257E+04   0.250684E+04   0.222632E+04   0.181776E+04   0.137046E+04   0.957786E+03   0.622587E+03   0.377556E+03   0.214203E+03   0.113951E+03   0.569616E+02   0.267728E+02   0.131406E+02   0.390419E+01   0.195147E+01   0.680029E+00   0.251095E+00   0.839453E-01   0.272207E-01   0.832526E-02   0.243272E-02   0.676412E-03   0.234848E-03
 0.000000E+00   0.763477E-03   0.255289E-02   0.817736E-02   0.250911E-01   0.737496E-01   0.207657E+00   0.560079E+00   0.144710E+01   0.358163E+01   0.000000E+00   0.000000E+00   0.000000E+00   0.000000E+00   0.171140E+01   0.281733E+01   0.332131E+01   0.662957E+01   0.186777E+02   0.400784E+02   0.905708E+02   0.265148E+03   0.815234E+03   0.157099E+04   0.489222E+04   0.837630E+04   0.147139E+05   0.147009E+05   0.196869E+05   0.129072E+05   0.145633E+04   0.833963E+02   0.000000E+00   0.000000E+00   0.000000E+00   0.000000E+00   0.243652E-01   0.000000E+00   0.000000E+00   0.000000E+00   0.000000E+00   0.000000E+00   0.000000E+00   0.430245E-01   0.000000E+00   0.000000E+00   0.000000E+00   0.000000E+00   0.000000E+00   0.000000E+00   0.000000E+00   0.000000E+00   0.000000E+00   0.000000E+00   0.000000E+00   0.000000E+00   0.000000E+00   0.000000E+00   0.000000E+00   0.000000E+00   0.000000E+00   0.000000E+00   0.000000E+00   0.512649E+01   0.324890E+05   0.284031E+05   0.305265E+05   0.326817E+05   0.344262E+05   0.354797E+05   0.348330E+05   0.324231E+05   0.281591E+05   0.223753E+05   0.164099E+05   0.106584E+05   0.529870E+04   0.000000E+00   0.000000E+00   0.000000E+00   0.000000E+00   0.000000E+00   0.000000E+00   0.579488E-04   0.467620E-04   0.599662E-05   0.000000E+00   0.000000E+00   0.000000E+00   0.000000E+00   0.466116E-05   0.000000E+00   0.366420E-02   0.287029E+00   0.183070E+01   0.808383E+01   0.280440E+02   0.637479E+02   0.129092E+03   0.336336E+03   0.633251E+03   0.105775E+04   0.156004E+04   0.205014E+04   0.241921E+04   0.258172E+04   0.250696E+04   0.222731E+04   0.181930E+04   0.137217E+04   0.959366E+03   0.623857E+03   0.378468E+03   0.214797E+03   0.114306E+03   0.571570E+02   0.268697E+02   0.131993E+02   0.391797E+01   0.195993E+01   0.683131E+00   0.252325E+00   0.843463E-01   0.273597E-01   0.836721E-02   0.244538E-02   0.679931E-03   0.236072E-03
 0.000000E+00   0.763477E-03   0.255289E-02   0.817736E-02   0.250911E-01   0.737496E-01   0.207657E+00   0.560079E+00   0.144710E+01   0.358163E+01   0.000000E+00   0.000000E+00   0.000000E+00   0.000000E+00   0.171140E+01   0.281745E+01   0.332119E+01   0.662957E+01   0.186777E+02   0.400784E+02   0.905708E+02   0.265148E+03   0.815234E+03   0.157099E+04   0.489222E+04   0.837630E+04   0.147139E+05   0.147009E+05   0.197854E+05   0.130195E+05   0.145566E+04   0.832459E+02   0.000000E+00   0.000000E+00   0.000000E+00   0.000000E+00   0.243652E-01   0.000000E+00   0.000000E+00   0.000000E+00   0.000000E+00   0.000000E+00   0.000000E+00   0.430245E-01   0.000000E+00   0.000000E+00   0.000000E+00   0.000000E+00   0.000000E+00   0.000000E+00   0.000000E+00   0.000000E+00   0.000000E+00   0.000000E+00   0.000000E+00   0.000000E+00   0.000000E+00   0.000000E+00   0.000000E+00   0.000000E+00   0.000000E+00   0.000000E+00   0.000000E+00   0.331251E+01   0.351770E+05   0.289749E+05   0.308494E+05   0.328280E+05   0.343867E+05   0.352466E+05   0.344187E+05   0.318640E+05   0.275079E+05   0.217580E+05   0.158559E+05   0.103077E+05   0.478084E+04   0.000000E+00   0.000000E+00   0.000000E+00   0.000000E+00   0.000000E+00   0.000000E+00   0.579488E-04   0.467620E-04   0.599662E-05   0.000000E+00   0.000000E+00   0.000000E+00   0.000000E+00   0.466116E-05   0.000000E+00   0.399288E-02   0.288424E+00   0.183407E+01   0.808938E+01   0.280561E+02   0.637252E+02   0.128965E+03   0.335960E+03   0.632411E+03   0.105637E+04   0.155821E+04   0.204818E+04   0.241759E+04   0.258085E+04   0.250702E+04   0.222821E+04   0.182075E+04   0.137381E+04   0.960890E+03   0.625088E+03   0.379356E+03   0.215377E+03   0.114653E+03   0.573489E+02   0.269651E+02   0.132567E+02   0.393186E+01   0.196830E+01   0.686240E+00   0.253550E+00   0.847467E-01   0.274985E-01   0.840911E-02   0.245805E-02   0.683449E-03   0.237296E-03
 0.000000E+00   0.763477E-03   0.255289E-02   0.817736E-02   0.250911E-01   0.737496E-01   0.207657E+00   0.560079E+00   0.144710E+01   0.358163E+01   0.000000E+00   0.000000E+00   0.000000E+00   0.000000E+00   0.171140E+01   0.281757E+01   0.332107E+01   0.662957E+01   0.186777E+02   0.400784E+02   0.905708E+02   0.265148E+03   0.815234E+03   0.157099E+04   0.489222E+04   0.837630E+04   0.147139E+05   0.147009E+05   0.198454E+05   0.130902E+05   0.145498E+04   0.830929E+02   0.000000E+00   0.000000E+00   0.000000E+00   0.000000E+00   0.243652E-01   0.000000E+00   0.000000E+00   0.000000E+00   0.000000E+00   0.000000E+00   0.000000E+00   0.430245E-01   0.000000E+00   0.000000E+00   0.000000E+00   0.000000E+00   0.000000E+00   0.000000E+00   0.000000E+00   0.000000E+00   0.000000E+00   0.000000E+00   0.000000E+00   0.000000E+00   0.000000E+00   0.000000E+00   0.000000E+00   0.000000E+00   0.000000E+00   0.000000E+00   0.000000E+00   0.192059E+01   0.379158E+05   0.295843E+05   0.311689E+05   0.329640E+05   0.343342E+05   0.350008E+05   0.339947E+05   0.313002E+05   0.268565E+05   0.211527E+05   0.153102E+05   0.996533E+04   0.427950E+04   0.000000E+00   0.000000E+00   0.000000E+00   0.000000E+00   0.000000E+00   0.000000E+00   0.579488E-04   0.467620E-04   0.599662E-05   0.000000E+00   0.000000E+00   0.000000E+00   0.000000E+00   0.466116E-05   0.000000E+00   0.434104E-02   0.289927E+00   0.183780E+01   0.809612E+01   0.280757E+02   0.636933E+02   0.128881E+03   0.335620E+03   0.631627E+03   0.105506E+04   0.155644E+04   0.204627E+04   0.241598E+04   0.257995E+04   0.250704E+04   0.222906E+04   0.182215E+04   0.137541E+04   0.962377E+03   0.626294E+03   0.380228E+03   0.215949E+03   0.114996E+03   0.575385E+02   0.270595E+02   0.133134E+02   0.394587E+01   0.197657E+01   0.689356E+00   0.254769E+00   0.851466E-01   0.276372E-01   0.845096E-02   0.247070E-02   0.686963E-03   0.238521E-03
 0.000000E+00   0.763477E-03   0.255289E-02   0.817736E-02   0.250911E-01   0.737496E-01   0.207657E+00   0.560079E+00   0.144710E+01   0.358163E+01   0.000000E+00   0.000000E+00   0.000000E+00   0.000000E+00   0.171140E+01   0.281769E+01   0.332095E+01   0.662957E+01   0.186777E+02   0.400784E+02   0.905708E+02   0.265148E+03   0.815234E+03   0.157099E+04   0.489222E+04   0.837630E+04   0.147139E+05   0.147009E+05   0.198778E+05   0.131285E+05   0.145428E+04   0.829347E+02   0.000000E+00   0.000000E+00   0.000000E+00   0.000000E+00   0.243652E-01   0.000000E+00   0.000000E+00   0.000000E+00   0.000000E+00   0.000000E+00   0.000000E+00   0.430245E-01   0.000000E+00   0.000000E+00   0.000000E+00   0.000000E+00   0.000000E+00   0.000000E+00   0.000000E+00   0.000000E+00   0.000000E+00   0.000000E+00   0.000000E+00   0.000000E+00   0.000000E+00   0.000000E+00   0.000000E+00   0.000000E+00   0.000000E+00   0.000000E+00   0.000000E+00   0.914040E+00   0.406420E+05   0.302714E+05   0.314848E+05   0.330894E+05   0.342686E+05   0.347424E+05   0.335614E+05   0.307320E+05   0.262067E+05   0.205582E+05   0.147756E+05   0.962808E+04   0.379763E+04   0.000000E+00   0.000000E+00   0.000000E+00   0.000000E+00   0.000000E+00   0.000000E+00   0.579488E-04   0.467620E-04   0.599662E-05   0.000000E+00   0.000000E+00   0.000000E+00   0.000000E+00   0.466116E-05   0.000000E+00   0.470940E-02   0.291545E+00   0.184193E+01   0.810408E+01   0.281031E+02   0.636518E+02   0.128832E+03   0.335312E+03   0.630888E+03   0.105380E+04   0.155472E+04   0.204440E+04   0.241439E+04   0.257905E+04   0.250702E+04   0.222986E+04   0.182350E+04   0.137695E+04   0.963832E+03   0.627478E+03   0.381087E+03   0.216512E+03   0.115335E+03   0.577262E+02   0.271532E+02   0.133695E+02   0.395997E+01   0.198474E+01   0.692477E+00   0.255982E+00   0.855459E-01   0.277755E-01   0.849275E-02   0.248334E-02   0.690475E-03   0.239746E-03
 0.000000E+00   0.763477E-03   0.255289E-02   0.817736E-02   0.250911E-01   0.737496E-01   0.207657E+00   0.560079E+00   0.144710E+01   0.358163E+01   0.000000E+00   0.000000E+00   0.000000E+00   0.000000E+00   0.171140E+01   0.281782E+01   0.332082E+01   0.662957E+01   0.186777E+02   0.400784E+02   0.905708E+02   0.265148E+03   0.815234E+03   0.157099E+04   0.489222E+04   0.837630E+04   0.147139E+05   0.147009E+05   0.198921E+05   0.131435E+05   0.145352E+04   0.827655E+02   0.000000E+00   0.000000E+00   0.000000E+00   0.000000E+00   0.243652E-01   0.000000E+00   0.000000E+00   0.000000E+00   0.000000E+00   0.000000E+00   0.000000E+00   0.430245E-01   0.000000E+00   0.000000E+00   0.000000E+00   0.000000E+00   0.000000E+00   0.000000E+00   0.000000E+00   0.000000E+00   0.000000E+00   0.000000E+00   0.000000E+00   0.000000E+00   0.000000E+00   0.000000E+00   0.000000E+00   0.000000E+00   0.000000E+00   0.000000E+00   0.000000E+00   0.262344E+00   0.432333E+05   0.311371E+05   0.317971E+05   0.332043E+05   0.341901E+05   0.344717E+05   0.331194E+05   0.301599E+05   0.255602E+05   0.199728E+05   0.142544E+05   0.929333E+04   0.333677E+04   0.000000E+00   0.000000E+00   0.000000E+00   0.000000E+00   0.000000E+00   0.000000E+00   0.579488E-04   0.467620E-04   0.599662E-05   0.000000E+00   0.000000E+00   0.000000E+00   0.000000E+00   0.466116E-05   0.000000E+00   0.509915E-02   0.293287E+00   0.184647E+01   0.811332E+01   0.281388E+02   0.636002E+02   0.128819E+03   0.335034E+03   0.630195E+03   0.105259E+04   0.155306E+04   0.204256E+04   0.241281E+04   0.257813E+04   0.250696E+04   0.223062E+04   0.182480E+04   0.137846E+04   0.965256E+03   0.628641E+03   0.381932E+03   0.217069E+03   0.115670E+03   0.579121E+02   0.272462E+02   0.134249E+02   0.397416E+01   0.199281E+01   0.695602E+00   0.257188E+00   0.859445E-01   0.279136E-01   0.853447E-02   0.249597E-02   0.693983E-03   0.240971E-03
 0.000000E+00   0.763477E-03   0.255289E-02   0.817736E-02   0.250911E-01   0.737496E-01   0.207657E+00   0.560079E+00   0.144710E+01   0.358163E+01   0.000000E+00   0.000000E+00   0.000000E+00   0.000000E+00   0.171140E+01   0.281797E+01   0.332067E+01   0.662957E+01   0.186777E+02   0.400784E+02   0.905708E+02   0.265148E+03   0.815234E+03   0.157099E+04   0.489222E+04   0.837630E+04   0.147139E+05   0.147009E+05   0.198962E+05   0.131446E+05   0.145268E+04   0.825751E+02   0.000000E+00   0.000000E+00   0.000000E+00   0.000000E+00   0.243652E-01   0.000000E+00   0.000000E+00   0.000000E+00   0.000000E+00   0.000000E+00   0.000000E+00   0.430245E-01   0.000000E+00   0.000000E+00   0.000000E+00   0.000000E+00   0.000000E+00   0.000000E+00   0.000000E+00   0.000000E+00   0.000000E+00   0.000000E+00   0.000000E+00   0.000000E+00   0.000000E+00   0.000000E+00   0.000000E+00   0.000000E+00   0.000000E+00   0.000000E+00   0.000000E+00   0.000000E+00   0.454446E+05   0.324067E+05   0.321064E+05   0.333087E+05   0.341080E+05   0.341805E+05   0.326693E+05   0.295837E+05   0.249186E+05   0.193950E+05   0.137483E+05   0.895845E+04   0.289829E+04   0.000000E+00   0.000000E+00   0.000000E+00   0.000000E+00   0.000000E+00   0.000000E+00   0.579488E-04   0.467620E-04   0.599662E-05   0.000000E+00   0.000000E+00   0.000000E+00   0.000000E+00   0.466116E-05   0.000000E+00   0.551240E-02   0.295167E+00   0.185148E+01   0.812398E+01   0.281846E+02   0.635392E+02   0.128816E+03   0.334809E+03   0.629548E+03   0.105143E+04   0.155144E+04   0.204076E+04   0.241124E+04   0.257719E+04   0.250687E+04   0.223132E+04   0.182605E+04   0.137993E+04   0.966648E+03   0.629782E+03   0.382764E+03   0.217618E+03   0.116001E+03   0.580960E+02   0.273383E+02   0.134797E+02   0.398843E+01   0.200077E+01   0.698729E+00   0.258387E+00   0.863422E-01   0.280514E-01   0.857609E-02   0.250858E-02   0.697486E-03   0.242195E-03
 0.000000E+00   0.763477E-03   0.255289E-02   0.817736E-02   0.250911E-01   0.737496E-01   0.207657E+00   0.560079E+00   0.144710E+01   0.358163E+01   0.000000E+00   0.000000E+00   0.000000E+00   0.000000E+00   0.171140E+01   0.281812E+01   0.332052E+01   0.662957E+01   0.186777E+02   0.400784E+02   0.905708E+02   0.265148E+03   0.815234E+03   0.157099E+04   0.489222E+04   0.837630E+04   0.147139E+05   0.147009E+05   0.198983E+05   0.131436E+05   0.145181E+04   0.823797E+02   0.000000E+00   0.000000E+00   0.000000E+00   0.000000E+00   0.243652E-01   0.000000E+00   0.000000E+00   0.000000E+00   0.000000E+00   0.000000E+00   0.000000E+00   0.430245E-01   0.000000E+00   0.000000E+00   0.000000E+00   0.000000E+00   0.000000E+00   0.000000E+00   0.000000E+00   0.000000E+00   0.000000E+00   0.000000E+00   0.000000E+00   0.000000E+00   0.000000E+00   0.000000E+00   0.000000E+00   0.000000E+00   0.000000E+00   0.000000E+00   0.000000E+00   0.000000E+00   0.470963E+05   0.342374E+05   0.324133E+05   0.334000E+05   0.340368E+05   0.338577E+05   0.322116E+05   0.290039E+05   0.242831E+05   0.188237E+05   0.132585E+05   0.862086E+04   0.248363E+04   0.000000E+00   0.000000E+00   0.000000E+00   0.000000E+00   0.000000E+00   0.000000E+00   0.579488E-04   0.467620E-04   0.599662E-05   0.000000E+00   0.000000E+00   0.000000E+00   0.000000E+00   0.466116E-05   0.000000E+00   0.595108E-02   0.297199E+00   0.185701E+01   0.813617E+01   0.282420E+02   0.634689E+02   0.128809E+03   0.334653E+03   0.628947E+03   0.105034E+04   0.154988E+04   0.203900E+04   0.240969E+04   0.257624E+04   0.250675E+04   0.223198E+04   0.182726E+04   0.138135E+04   0.968007E+03   0.630901E+03   0.383582E+03   0.218158E+03   0.116328E+03   0.582779E+02   0.274297E+02   0.135339E+02   0.400274E+01   0.200862E+01   0.701855E+00   0.259578E+00   0.867386E-01   0.281886E-01   0.861759E-02   0.252116E-02   0.700980E-03   0.243418E-03
 0.000000E+00   0.763477E-03   0.255289E-02   0.817736E-02   0.250911E-01   0.737496E-01   0.207657E+00   0.560079E+00   0.144710E+01   0.358163E+01   0.000000E+00   0.000000E+00   0.000000E+00   0.000000E+00   0.171140E+01   0.281825E+01   0.332040E+01   0.662957E+01   0.186777E+02   0.400784E+02   0.905708E+02   0.265148E+03   0.815234E+03   0.157099E+04   0.489222E+04   0.837630E+04   0.147139E+05   0.147009E+05   0.199000E+05   0.131427E+05   0.145106E+04   0.822125E+02   0.000000E+00   0.000000E+00   0.000000E+00   0.000000E+00   0.243652E-01   0.000000E+00   0.000000E+00   0.000000E+00   0.000000E+00   0.000000E+00   0.000000E+00   0.430245E-01   0.000000E+00   0.000000E+00   0.000000E+00   0.000000E+00   0.000000E+00   0.000000E+00   0.000000E+00   0.000000E+00   0.000000E+00   0.000000E+00   0.000000E+00   0.000000E+00   0.000000E+00   0.000000E+00   0.000000E+00   0.000000E+00   0.000000E+00   0.000000E+00   0.000000E+00   0.000000E+00   0.484081E+05   0.364018E+05   0.327183E+05   0.334795E+05   0.339550E+05   0.335233E+05   0.317469E+05   0.284207E+05   0.236551E+05   0.182586E+05   0.127861E+05   0.827844E+04   0.209472E+04   0.000000E+00   0.000000E+00   0.000000E+00   0.000000E+00   0.000000E+00   0.000000E+00   0.579488E-04   0.467620E-04   0.599662E-05   0.000000E+00   0.000000E+00   0.000000E+00   0.000000E+00   0.466116E-05   0.000000E+00   0.641357E-02   0.299376E+00   0.186303E+01   0.814972E+01   0.283101E+02   0.633901E+02   0.128797E+03   0.334556E+03   0.628388E+03   0.104929E+04   0.154837E+04   0.203727E+04   0.240815E+04   0.257528E+04   0.250659E+04   0.223260E+04   0.182842E+04   0.138274E+04   0.969336E+03   0.631999E+03   0.384387E+03   0.218692E+03   0.116651E+03   0.584580E+02   0.275203E+02   0.135876E+02   0.401711E+01   0.201637E+01   0.704982E+00   0.260761E+00   0.871340E-01   0.283254E-01   0.865900E-02   0.253372E-02   0.704469E-03   0.244641E-03
 0.000000E+00   0.763477E-03   0.255289E-02   0.817736E-02   0.250911E-01   0.737496E-01   0.207657E+00   0.560079E+00   0.144710E+01   0.358163E+01   0.000000E+00   0.000000E+00   0.000000E+00   0.000000E+00   0.171140E+01   0.281837E+01   0.332027E+01   0.662957E+01   0.186777E+02   0.400784E+02   0.905708E+02   0.265148E+03   0.815234E+03   0.157099E+04   0.489222E+04   0.837630E+04   0.147139E+05   0.147009E+05   0.199017E+05   0.131419E+05   0.145036E+04   0.820543E+02   0.000000E+00   0.000000E+00   0.000000E+00   0.000000E+00   0.243652E-01   0.000000E+00   0.000000E+00   0.000000E+00   0.000000E+00   0.000000E+00   0.000000E+00   0.430245E-01   0.000000E+00   0.000000E+00   0.000000E+00   0.000000E+00   0.000000E+00   0.000000E+00   0.000000E+00   0.000000E+00   0.000000E+00   0.000000E+00   0.000000E+00   0.000000E+00   0.000000E+00   0.000000E+00   0.000000E+00   0.000000E+00   0.000000E+00   0.000000E+00   0.000000E+00   0.000000E+00   0.494887E+05   0.387875E+05   0.330216E+05   0.335504E+05   0.338584E+05   0.331799E+05   0.312757E+05   0.278349E+05   0.230357E+05   0.176996E+05   0.123318E+05   0.792911E+04   0.173335E+04   0.000000E+00   0.000000E+00   0.000000E+00   0.000000E+00   0.000000E+00   0.000000E+00   0.579488E-04   0.467620E-04   0.599662E-05   0.000000E+00   0.000000E+00   0.000000E+00   0.000000E+00   0.466116E-05   0.000000E+00   0.689825E-02   0.301690E+00   0.186952E+01   0.816448E+01   0.283877E+02   0.633036E+02   0.128782E+03   0.334514E+03   0.627865E+03   0.104828E+04   0.154690E+04   0.203557E+04   0.240662E+04   0.257431E+04   0.250641E+04   0.223318E+04   0.182954E+04   0.138409E+04   0.970639E+03   0.633079E+03   0.385182E+03   0.219219E+03   0.116971E+03   0.586366E+02   0.276102E+02   0.136408E+02   0.403155E+01   0.202401E+01   0.708113E+00   0.261937E+00   0.875287E-01   0.284619E-01   0.870033E-02   0.254626E-02   0.707954E-03   0.245863E-03
 0.000000E+00   0.763477E-03   0.255289E-02   0.817736E-02   0.250911E-01   0.737496E-01   0.207657E+00   0.560079E+00   0.144710E+01   0.358163E+01   0.000000E+00   0.000000E+00   0.000000E+00   0.000000E+00   0.171140E+01   0.281849E+01   0.332015E+01   0.662957E+01   0.186777E+02   0.400784E+02   0.905708E+02   0.265148E+03   0.815234E+03   0.157099E+04   0.489222E+04   0.837630E+04   0.147139E+05   0.147009E+05   0.199033E+05   0.131412E+05   0.144966E+04   0.818970E+02   0.000000E+00   0.000000E+00   0.000000E+00   0.000000E+00   0.243652E-01   0.000000E+00   0.000000E+00   0.000000E+00   0.000000E+00   0.000000E+00   0.000000E+00   0.430245E-01   0.000000E+00   0.000000E+00   0.000000E+00   0.000000E+00   0.000000E+00   0.000000E+00   0.000000E+00   0.000000E+00   0.000000E+00   0.000000E+00   0.000000E+00   0.000000E+00   0.000000E+00   0.000000E+00   0.000000E+00   0.000000E+00   0.000000E+00   0.000000E+00   0.000000E+00   0.000000E+00   0.503745E+05   0.413548E+05   0.333235E+05   0.336151E+05   0.337445E+05   0.328291E+05   0.307984E+05   0.272472E+05   0.224254E+05   0.171468E+05   0.118954E+05   0.757081E+04   0.140115E+04   0.000000E+00   0.000000E+00   0.000000E+00   0.000000E+00   0.000000E+00   0.000000E+00   0.579488E-04   0.467620E-04   0.599662E-05   0.000000E+00   0.000000E+00   0.000000E+00   0.000000E+00   0.466116E-05   0.000000E+00   0.740501E-02   0.304144E+00   0.187648E+01   0.818039E+01   0.284748E+02   0.632096E+02   0.128769E+03   0.334506E+03   0.627392E+03   0.104732E+04   0.154547E+04   0.203391E+04   0.240510E+04   0.257333E+04   0.250619E+04   0.223373E+04   0.183062E+04   0.138541E+04   0.971917E+03   0.634142E+03   0.385965E+03   0.219740E+03   0.117288E+03   0.588136E+02   0.276996E+02   0.136935E+02   0.404605E+01   0.203156E+01   0.711247E+00   0.263106E+00   0.879227E-01   0.285981E-01   0.874158E-02   0.255879E-02   0.711434E-03   0.247085E-03
 0.000000E+00   0.763477E-03   0.255289E-02   0.817736E-02   0.250911E-01   0.737496E-01   0.207657E+00   0.560079E+00   0.144710E+01   0.358163E+01   0.000000E+00   0.000000E+00   0.000000E+00   0.000000E+00   0.171140E+01   0.281861E+01   0.332003E+01   0.662957E+01   0.186777E+02   0.400784E+02   0.905708E+02   0.265148E+03   0.815234E+03   0.157099E+04   0.489222E+04   0.837630E+04   0.147139E+05   0.147009E+05   0.199050E+05   0.131404E+05   0.144896E+04   0.817400E+02   0.000000E+00   0.000000E+00   0.000000E+00   0.000000E+00   0.243652E-01   0.000000E+00   0.000000E+00   0.000000E+00   0.000000E+00   0.000000E+00   0.000000E+00   0.430245E-01   0.000000E+00   0.000000E+00   0.000000E+00   0.000000E+00   0.000000E+00   0.000000E+00   0.000000E+00   0.000000E+00   0.000000E+00   0.000000E+00   0.000000E+00   0.000000E+00   0.000000E+00   0.000000E+00   0.000000E+00   0.000000E+00   0.000000E+00   0.000000E+00   0.000000E+00   0.000000E+00   0.510925E+05   0.440728E+05   0.336251E+05   0.336751E+05   0.336122E+05   0.324720E+05   0.303155E+05   0.266582E+05   0.218244E+05   0.166008E+05   0.114767E+05   0.720157E+04   0.109975E+04   0.000000E+00   0.000000E+00   0.000000E+00   0.000000E+00   0.000000E+00   0.000000E+00   0.579488E-04   0.467620E-04   0.599662E-05   0.000000E+00   0.000000E+00   0.000000E+00   0.000000E+00   0.466116E-05   0.000000E+00   0.793402E-02   0.306740E+00   0.188392E+01   0.819743E+01   0.285715E+02   0.631081E+02   0.128773E+03   0.334479E+03   0.627005E+03   0.104639E+04   0.154408E+04   0.203227E+04   0.240359E+04   0.257234E+04   0.250595E+04   0.223423E+04   0.183167E+04   0.138669E+04   0.973169E+03   0.635187E+03   0.386737E+03   0.220255E+03   0.117601E+03   0.589890E+02   0.277883E+02   0.137458E+02   0.406061E+01   0.203901E+01   0.714384E+00   0.264269E+00   0.883160E-01   0.287339E-01   0.878276E-02   0.257130E-02   0.714910E-03   0.248306E-03
 0.000000E+00   0.763477E-03   0.255289E-02   0.817736E-02   0.250911E-01   0.737496E-01   0.207657E+00   0.560079E+00   0.144710E+01   0.358163E+01   0.000000E+00   0.000000E+00   0.000000E+00   0.000000E+00   0.171140E+01   0.281873E+01   0.331991E+01   0.662957E+01   0.186777E+02   0.400784E+02   0.905708E+02   0.265148E+03   0.815234E+03   0.157099E+04   0.489222E+04   0.837630E+04   0.147139E+05   0.147009E+05   0.199066E+05   0.131396E+05   0.144826E+04   0.815830E+02   0.000000E+00   0.000000E+00   0.000000E+00   0.000000E+00   0.243652E-01   0.000000E+00   0.000000E+00   0.000000E+00   0.000000E+00   0.000000E+00   0.000000E+00   0.430245E-01   0.000000E+00   0.000000E+00   0.000000E+00   0.000000E+00   0.000000E+00   0.000000E+00   0.000000E+00   0.000000E+00   0.000000E+00   0.000000E+00   0.000000E+00   0.000000E+00   0.000000E+00   0.000000E+00   0.000000E+00   0.000000E+00   0.000000E+00   0.000000E+00   0.000000E+00   0.000000E+00   0.516655E+05   0.469132E+05   0.339298E+05   0.337309E+05   0.334615E+05   0.321094E+05   0.298272E+05   0.260691E+05   0.212326E+05   0.160623E+05   0.110747E+05   0.681954E+04   0.830833E+03   0.000000E+00   0.000000E+00   0.000000E+00   0.000000E+00   0.000000E+00   0.000000E+00   0.579488E-04   0.467620E-04   0.599662E-05   0.000000E+00   0.000000E+00   0.000000E+00   0.000000E+00   0.466116E-05   0.000000E+00   0.848543E-02   0.309483E+00   0.189187E+01   0.821559E+01   0.286779E+02   0.629991E+02   0.128796E+03   0.334429E+03   0.626707E+03   0.104552E+04   0.154273E+04   0.203066E+04   0.240209E+04   0.257134E+04   0.250569E+04   0.223470E+04   0.183267E+04   0.138794E+04   0.974395E+03   0.636214E+03   0.387499E+03   0.220764E+03   0.117911E+03   0.591629E+02   0.278764E+02   0.137975E+02   0.407521E+01   0.204636E+01   0.717523E+00   0.265424E+00   0.887085E-01   0.288694E-01   0.882385E-02   0.258379E-02   0.718381E-03   0.249527E-03
 0.000000E+00   0.763477E-03   0.255289E-02   0.817736E-02   0.250911E-01   0.737496E-01   0.207657E+00   0.560079E+00   0.144710E+01   0.358163E+01   0.000000E+00   0.000000E+00   0.000000E+00   0.000000E+00   0.171140E+01   0.281886E+01   0.331978E+01   0.662957E+01   0.186777E+02   0.400784E+02   0.905708E+02   0.265148E+03   0.815234E+03   0.157099E+04   0.489222E+04   0.837630E+04   0.147139E+05   0.147009E+05   0.199088E+05   0.131399E+05   0.144755E+04   0.814247E+02   0.000000E+00   0.000000E+00   0.000000E+00   0.000000E+00   0.243652E-01   0.000000E+00   0.000000E+00   0.000000E+00   0.000000E+00   0.000000E+00   0.000000E+00   0.430245E-01   0.000000E+00   0.000000E+00   0.000000E+00   0.000000E+00   0.000000E+00   0.000000E+00   0.000000E+00   0.000000E+00   0.000000E+00   0.000000E+00   0.000000E+00   0.000000E+00   0.000000E+00   0.000000E+00   0.000000E+00   0.000000E+00   0.000000E+00   0.000000E+00   0.000000E+00   0.105256E+00   0.521111E+05   0.498400E+05   0.342522E+05   0.337825E+05   0.332932E+05   0.317419E+05   0.293339E+05   0.254808E+05   0.206499E+05   0.155321E+05   0.106883E+05   0.642301E+04   0.596141E+03   0.000000E+00   0.000000E+00   0.000000E+00   0.000000E+00   0.000000E+00   0.000000E+00   0.579488E-04   0.467620E-04   0.599662E-05   0.000000E+00   0.000000E+00   0.000000E+00   0.000000E+00   0.466116E-05   0.000000E+00   0.905957E-02   0.312375E+00   0.190034E+01   0.823485E+01   0.287942E+02   0.628827E+02   0.128839E+03   0.334355E+03   0.626499E+03   0.104468E+04   0.154142E+04   0.202908E+04   0.240061E+04   0.257033E+04   0.250539E+04   0.223513E+04   0.183364E+04   0.138916E+04   0.975595E+03   0.637224E+03   0.388249E+03   0.221266E+03   0.118218E+03   0.593351E+02   0.279638E+02   0.138488E+02   0.408987E+01   0.205361E+01   0.720664E+00   0.266572E+00   0.891003E-01   0.290045E-01   0.886487E-02   0.259626E-02   0.721847E-03   0.250748E-03
 0.000000E+00   0.763477E-03   0.255289E-02   0.817736E-02   0.250911E-01   0.737496E-01   0.207657E+00   0.560079E+00   0.144710E+01   0.358163E+01   0.000000E+00   0.000000E+00   0.000000E+00   0.000000E+00   0.171140E+01   0.281898E+01   0.331966E+01   0.662957E+01   0.186777E+02   0.400784E+02   0.905708E+02   0.265148E+03   0.815234E+03   0.157099E+04   0.489222E+04   0.837630E+04   0.147139E+05   0.147009E+05   0.199135E+05   0.131450E+05   0.144685E+04   0.812687E+02   0.000000E+00   0.000000E+00   0.000000E+00   0.000000E+00   0.243652E-01   0.000000E+00   0.000000E+00   0.000000E+00   0.000000E+00   0.000000E+00   0.000000E+00   0.430245E-01   0.000000E+00   0.000000E+00   0.000000E+00   0.000000E+00   0.000000E+00   0.000000E+00   0.000000E+00   0.000000E+00   0.000000E+00   0.000000E+00   0.000000E+00   0.000000E+00   0.000000E+00   0.000000E+00   0.000000E+00   0.000000E+00   0.000000E+00   0.000000E+00   0.000000E+00   0.255685E+00   0.524371E+05   0.528344E+05   0.345793E+05   0.338249E+05   0.331062E+05   0.313689E+05   0.288376E+05   0.248854E+05   0.203921E+05   0.152029E+05   0.103222E+05   0.592469E+04   0.000000E+00   0.000000E+00   0.000000E+00   0.000000E+00   0.000000E+00   0.000000E+00   0.000000E+00   0.579488E-04   0.467620E-04   0.599662E-05   0.000000E+00   0.000000E+00   0.000000E+00   0.000000E+00   0.466116E-05   0.000000E+00   0.965642E-02   0.315420E+00   0.190934E+01   0.825517E+01   0.289168E+02   0.627528E+02   0.128862E+03   0.334284E+03   0.626183E+03   0.104378E+04   0.154006E+04   0.202747E+04   0.239911E+04   0.256934E+04   0.250513E+04   0.223561E+04   0.183466E+04   0.139042E+04   0.976829E+03   0.638257E+03   0.389015E+03   0.221778E+03   0.118530E+03   0.595100E+02   0.280525E+02   0.139012E+02   0.410450E+01   0.206077E+01   0.723807E+00   0.267712E+00   0.894913E-01   0.291392E-01   0.890580E-02   0.260872E-02   0.725308E-03   0.251967E-03
 0.000000E+00   0.763477E-03   0.255289E-02   0.817736E-02   0.250911E-01   0.737496E-01   0.207657E+00   0.560079E+00   0.144710E+01   0.358163E+01   0.000000E+00   0.000000E+00   0.000000E+00   0.000000E+00   0.171140E+01   0.281910E+01   0.331954E+01   0.662957E+01   0.186777E+02   0.400784E+02   0.905708E+02   0.265148E+03   0.815234E+03   0.157099E+04   0.489222E+04   0.837630E+04   0.147139E+05   0.147009E+05   0.199214E+05   0.131555E+05   0.144615E+04   0.811123E+02   0.000000E+00   0.000000E+00   0.000000E+00   0.000000E+00   0.243652E-01   0.000000E+00   0.000000E+00   0.000000E+00   0.000000E+00   0.000000E+00   0.000000E+00   0.430245E-01   0.000000E+00   0.000000E+00   0.000000E+00   0.000000E+00   0.000000E+00   0.000000E+00   0.000000E+00   0.000000E+00   0.000000E+00   0.000000E+00   0.000000E+00   0.000000E+00   0.000000E+00   0.000000E+00   0.000000E+00   0.000000E+00   0.000000E+00   0.000000E+00   0.000000E+00   0.454605E+00   0.526647E+05   0.558763E+05   0.349269E+05   0.338624E+05   0.329052E+05   0.309915E+05   0.283399E+05   0.242868E+05   0.198982E+05   0.146404E+05   0.998339E+04   0.532226E+04   0.000000E+00   0.000000E+00   0.000000E+00   0.000000E+00   0.000000E+00   0.000000E+00   0.000000E+00   0.579488E-04   0.467620E-04   0.599662E-05   0.000000E+00   0.000000E+00   0.000000E+00   0.000000E+00   0.466116E-05   0.000000E+00   0.102761E-01   0.318619E+00   0.191890E+01   0.827653E+01   0.290498E+02   0.626168E+02   0.128904E+03   0.334211E+03   0.625975E+03   0.104295E+04   0.153876E+04   0.202589E+04   0.239763E+04   0.256833E+04   0.250484E+04   0.223604E+04   0.183562E+04   0.139163E+04   0.978026E+03   0.639265E+03   0.389764E+03   0.222280E+03   0.118837E+03   0.596825E+02   0.281402E+02   0.139528E+02   0.411916E+01   0.206783E+01   0.726952E+00   0.268845E+00   0.898815E-01   0.292735E-01   0.894664E-02   0.262115E-02   0.728764E-03   0.253187E-03
 0.000000E+00   0.763477E-03   0.255289E-02   0.817736E-02   0.250911E-01   0.737496E-01   0.207657E+00   0.560079E+00   0.144710E+01   0.358163E+01   0.000000E+00   0.000000E+00   0.000000E+00   0.000000E+00   0.171140E+01   0.281922E+01   0.331942E+01   0.662957E+01   0.186777E+02   0.400784E+02   0.905708E+02   0.265148E+03   0.815234E+03   0.157099E+04   0.489222E+04   0.837630E+04   0.147139E+05   0.147009E+05   0.199331E+05   0.131725E+05   0.144544E+04   0.809537E+02   0.000000E+00   0.000000E+00   0.000000E+00   0.000000E+00   0.243652E-01   0.000000E+00   0.000000E+00   0.000000E+00   0.000000E+00   0.000000E+00   0.000000E+00   0.430245E-01   0.000000E+00   0.000000E+00   0.000000E+00   0.000000E+00   0.000000E+00   0.000000E+00   0.000000E+00   0.000000E+00   0.000000E+00   0.000000E+00   0.000000E+00   0.000000E+00   0.000000E+00   0.000000E+00   0.000000E+00   0.000000E+00   0.000000E+00   0.000000E+00   0.000000E+00   0.665690E+00   0.528108E+05   0.589289E+05   0.353170E+05   0.338955E+05   0.326929E+05   0.306102E+05   0.278381E+05   0.237043E+05   0.193872E+05   0.140937E+05   0.966151E+04   0.472972E+04   0.000000E+00   0.000000E+00   0.000000E+00   0.000000E+00   0.000000E+00   0.000000E+00   0.000000E+00   0.579488E-04   0.467620E-04   0.599662E-05   0.000000E+00   0.000000E+00   0.000000E+00   0.000000E+00   0.466116E-05   0.000000E+00   0.109190E-01   0.321977E+00   0.192902E+01   0.829891E+01   0.291951E+02   0.624767E+02   0.128992E+03   0.334092E+03   0.625950E+03   0.104224E+04   0.153755E+04   0.202439E+04   0.239617E+04   0.256729E+04   0.250448E+04   0.223638E+04   0.183649E+04   0.139276E+04   0.979161E+03   0.640230E+03   0.390487E+03   0.222767E+03   0.119136E+03   0.598509E+02   0.282260E+02   0.140031E+02   0.413388E+01   0.207480E+01   0.730097E+00   0.269971E+00   0.902709E-01   0.294074E-01   0.898739E-02   0.263356E-02   0.732215E-03   0.254405E-03
 0.000000E+00   0.763477E-03   0.255289E-02   0.817736E-02   0.250911E-01   0.737496E-01   0.207657E+00   0.560079E+00   0.144710E+01   0.358163E+01   0.000000E+00   0.000000E+00   0.000000E+00   0.000000E+00   0.171140E+01   0.281935E+01   0.331929E+01   0.662957E+01   0.186777E+02   0.400784E+02   0.905708E+02   0.265148E+03   0.815234E+03   0.157099E+04   0.489222E+04   0.837630E+04   0.147139E+05   0.147009E+05   0.199491E+05   0.131961E+05   0.144471E+04   0.807901E+02   0.000000E+00   0.000000E+00   0.000000E+00   0.000000E+00   0.243652E-01   0.000000E+00   0.000000E+00   0.000000E+00   0.000000E+00   0.000000E+00   0.000000E+00   0.430245E-01   0.000000E+00   0.000000E+00   0.000000E+00   0.000000E+00   0.000000E+00   0.000000E+00   0.000000E+00   0.000000E+00   0.000000E+00   0.000000E+00   0.000000E+00   0.000000E+00   0.000000E+00   0.000000E+00   0.000000E+00   0.000000E+00   0.000000E+00   0.000000E+00   0.000000E+00   0.881960E+00   0.528877E+05   0.619259E+05   0.357944E+05   0.339217E+05   0.324698E+05   0.302253E+05   0.273305E+05   0.231410E+05   0.188621E+05   0.135663E+05   0.934627E+04   0.416018E+04   0.000000E+00   0.000000E+00   0.000000E+00   0.000000E+00   0.000000E+00   0.000000E+00   0.000000E+00   0.579488E-04   0.467620E-04   0.599662E-05   0.000000E+00   0.000000E+00   0.000000E+00   0.000000E+00   0.466116E-05   0.000000E+00   0.115858E-01   0.325499E+00   0.193975E+01   0.832231E+01   0.293514E+02   0.623298E+02   0.129105E+03   0.333994E+03   0.625886E+03   0.104169E+04   0.153640E+04   0.202293E+04   0.239473E+04   0.256625E+04   0.250408E+04   0.223667E+04   0.183731E+04   0.139385E+04   0.980262E+03   0.641171E+03   0.391194E+03   0.223245E+03   0.119430E+03   0.600170E+02   0.283109E+02   0.140527E+02   0.414862E+01   0.208167E+01   0.733241E+00   0.271088E+00   0.906594E-01   0.295408E-01   0.902805E-02   0.264595E-02   0.735659E-03   0.255623E-03
 0.000000E+00   0.763477E-03   0.255289E-02   0.817736E-02   0.250911E-01   0.737496E-01   0.207657E+00   0.560079E+00   0.144710E+01   0.358163E+01   0.000000E+00   0.000000E+00   0.000000E+00   0.000000E+00   0.171140E+01   0.281949E+01   0.331915E+01   0.662957E+01   0.186777E+02   0.400784E+02   0.905708E+02   0.265148E+03   0.815234E+03   0.157099E+04   0.489222E+04   0.837630E+04   0.147139E+05   0.147009E+05   0.199693E+05   0.132262E+05   0.144393E+04   0.806146E+02   0.000000E+00   0.000000E+00   0.000000E+00   0.000000E+00   0.243652E-01   0.000000E+00   0.000000E+00   0.000000E+00   0.000000E+00   0.000000E+00   0.000000E+00   0.430245E-01   0.000000E+00   0.000000E+00   0.000000E+00   0.000000E+00   0.000000E+00   0.000000E+00   0.000000E+00   0.000000E+00   0.000000E+00   0.000000E+00   0.000000E+00   0.000000E+00   0.000000E+00   0.000000E+00   0.000000E+00   0.000000E+00   0.000000E+00   0.000000E+00   0.000000E+00   0.109974E+01   0.529100E+05   0.647409E+05   0.364674E+05   0.339401E+05   0.322373E+05   0.298371E+05   0.268169E+05   0.225964E+05   0.183255E+05   0.130603E+05   0.903121E+04   0.361842E+04   0.000000E+00   0.000000E+00   0.000000E+00   0.000000E+00   0.000000E+00   0.000000E+00   0.000000E+00   0.579488E-04   0.467620E-04   0.599662E-05   0.000000E+00   0.000000E+00   0.000000E+00   0.000000E+00   0.466116E-05   0.000000E+00   0.122777E-01   0.329195E+00   0.195113E+01   0.834674E+01   0.295190E+02   0.621751E+02   0.129241E+03   0.333920E+03   0.625773E+03   0.104130E+04   0.153530E+04   0.202150E+04   0.239330E+04   0.256519E+04   0.250365E+04   0.223692E+04   0.183809E+04   0.139490E+04   0.981334E+03   0.642092E+03   0.391889E+03   0.223715E+03   0.119720E+03   0.601812E+02   0.283950E+02   0.141018E+02   0.416338E+01   0.208845E+01   0.736384E+00   0.272197E+00   0.910469E-01   0.296737E-01   0.906859E-02   0.265830E-02   0.739096E-03   0.256839E-03
 0.000000E+00   0.763477E-03   0.255289E-02   0.817736E-02   0.250911E-01   0.737496E-01   0.207657E+00   0.560079E+00   0.144710E+01   0.358163E+01   0.000000E+00   0.000000E+00   0.000000E+00   0.000000E+00   0.171140E+01   0.281965E+01   0.331899E+01   0.662957E+01   0.186777E+02   0.400784E+02   0.905708E+02   0.265148E+03   0.815234E+03   0.157099E+04   0.489222E+04   0.837630E+04   0.147139E+05   0.147009E+05   0.199942E+05   0.132627E+05   0.144301E+04   0.804116E+02   0.000000E+00   0.000000E+00   0.000000E+00   0.000000E+00   0.243652E-01   0.000000E+00   0.000000E+00   0.000000E+00   0.000000E+00   0.000000E+00   0.000000E+00   0.430245E-01   0.000000E+00   0.000000E+00   0.000000E+00   0.000000E+00   0.000000E+00   0.000000E+00   0.000000E+00   0.000000E+00   0.000000E+00   0.000000E+00   0.000000E+00   0.000000E+00   0.000000E+00   0.000000E+00   0.000000E+00   0.000000E+00   0.000000E+00   0.000000E+00   0.000000E+00   0.131555E+01   0.528933E+05   0.671188E+05   0.375739E+05   0.339508E+05   0.319966E+05   0.294460E+05   0.262979E+05   0.220685E+05   0.177798E+05   0.125770E+05   0.871222E+04   0.310613E+04   0.000000E+00   0.000000E+00   0.000000E+00   0.000000E+00   0.000000E+00   0.000000E+00   0.000000E+00   0.579488E-04   0.467620E-04   0.599662E-05   0.000000E+00   0.000000E+00   0.000000E+00   0.000000E+00   0.466116E-05   0.000000E+00   0.129976E-01   0.333082E+00   0.196324E+01   0.837233E+01   0.296992E+02   0.620116E+02   0.129399E+03   0.333869E+03   0.625607E+03   0.104105E+04   0.153424E+04   0.202010E+04   0.239188E+04   0.256412E+04   0.250319E+04   0.223713E+04   0.183883E+04   0.139591E+04   0.982374E+03   0.642991E+03   0.392570E+03   0.224178E+03   0.120006E+03   0.603434E+02   0.284782E+02   0.141503E+02   0.417812E+01   0.209512E+01   0.739520E+00   0.273297E+00   0.914329E-01   0.298060E-01   0.910899E-02   0.267062E-02   0.742523E-03   0.258053E-03
 0.000000E+00   0.763477E-03   0.255289E-02   0.817736E-02   0.250911E-01   0.737496E-01   0.207657E+00   0.560079E+00   0.144710E+01   0.358163E+01   0.000000E+00   0.000000E+00   0.000000E+00   0.000000E+00   0.171140E+01   0.281981E+01   0.331883E+01   0.662957E+01   0.186777E+02   0.400784E+02   0.905708E+02   0.265148E+03   0.815234E+03   0.157099E+04   0.489222E+04   0.837630E+04   0.147139E+05   0.147009E+05   0.200234E+05   0.133056E+05   0.144209E+04   0.802049E+02   0.000000E+00   0.000000E+00   0.000000E+00   0.000000E+00   0.243652E-01   0.000000E+00   0.000000E+00   0.000000E+00   0.000000E+00   0.000000E+00   0.000000E+00   0.430245E-01   0.000000E+00   0.000000E+00   0.000000E+00   0.000000E+00   0.000000E+00   0.000000E+00   0.000000E+00   0.000000E+00   0.000000E+00   0.000000E+00   0.000000E+00   0.000000E+00   0.000000E+00   0.000000E+00   0.000000E+00   0.000000E+00   0.000000E+00   0.000000E+00   0.000000E+00   0.152537E+01   0.528529E+05   0.688914E+05   0.392655E+05   0.339541E+05   0.317494E+05   0.290517E+05   0.257753E+05   0.215545E+05   0.172278E+05   0.121168E+05   0.838551E+04   0.262491E+04   0.000000E+00   0.000000E+00   0.000000E+00   0.000000E+00   0.000000E+00   0.000000E+00   0.000000E+00   0.579488E-04   0.467620E-04   0.599662E-05   0.000000E+00   0.000000E+00   0.000000E+00   0.000000E+00   0.466116E-05   0.000000E+00   0.137485E-01   0.337181E+00   0.197617E+01   0.839921E+01   0.298934E+02   0.618382E+02   0.129582E+03   0.333845E+03   0.625382E+03   0.104099E+04   0.153324E+04   0.201874E+04   0.239048E+04   0.256304E+04   0.250270E+04   0.223729E+04   0.183951E+04   0.139688E+04   0.983379E+03   0.643866E+03   0.393236E+03   0.224632E+03   0.120288E+03   0.605033E+02   0.285604E+02   0.141982E+02   0.419282E+01   0.210167E+01   0.742647E+00   0.274386E+00   0.918172E-01   0.299376E-01   0.914921E-02   0.268289E-02   0.745939E-03   0.259264E-03
 0.000000E+00   0.763477E-03   0.255289E-02   0.817736E-02   0.250911E-01   0.737496E-01   0.207657E+00   0.560079E+00   0.144710E+01   0.358163E+01   0.000000E+00   0.000000E+00   0.000000E+00   0.000000E+00   0.171140E+01   0.281994E+01   0.331870E+01   0.662957E+01   0.186777E+02   0.400784E+02   0.905708E+02   0.265148E+03   0.815234E+03   0.157099E+04   0.489222E+04   0.837630E+04   0.147139E+05   0.147009E+05   0.200565E+05   0.133546E+05   0.144135E+04   0.800386E+02   0.000000E+00   0.000000E+00   0.000000E+00   0.000000E+00   0.243652E-01   0.000000E+00   0.000000E+00   0.000000E+00   0.000000E+00   0.000000E+00   0.000000E+00   0.430245E-01   0.000000E+00   0.000000E+00   0.000000E+00   0.000000E+00   0.000000E+00   0.000000E+00   0.000000E+00   0.000000E+00   0.000000E+00   0.000000E+00   0.000000E+00   0.000000E+00   0.000000E+00   0.000000E+00   0.000000E+00   0.000000E+00   0.000000E+00   0.000000E+00   0.000000E+00   0.172791E+01   0.527981E+05   0.702977E+05   0.412907E+05   0.339505E+05   0.314968E+05   0.286537E+05   0.252517E+05   0.210512E+05   0.166728E+05   0.116800E+05   0.804812E+04   0.217714E+04   0.000000E+00   0.000000E+00   0.000000E+00   0.000000E+00   0.000000E+00   0.000000E+00   0.000000E+00   0.579488E-04   0.467620E-04   0.599662E-05   0.000000E+00   0.000000E+00   0.000000E+00   0.000000E+00   0.466116E-05   0.000000E+00   0.145270E-01   0.341471E+00   0.198986E+01   0.842708E+01   0.300999E+02   0.616565E+02   0.129786E+03   0.333845E+03   0.625154E+03   0.104094E+04   0.153236E+04   0.201742E+04   0.238909E+04   0.256194E+04   0.250217E+04   0.223741E+04   0.184015E+04   0.139780E+04   0.984355E+03   0.644720E+03   0.393889E+03   0.225078E+03   0.120565E+03   0.606613E+02   0.286418E+02   0.142456E+02   0.420751E+01   0.210813E+01   0.745768E+00   0.275467E+00   0.922000E-01   0.300685E-01   0.918929E-02   0.269513E-02   0.749345E-03   0.260472E-03
 0.000000E+00   0.763477E-03   0.255289E-02   0.817736E-02   0.250911E-01   0.737496E-01   0.207657E+00   0.560079E+00   0.144710E+01   0.358163E+01   0.000000E+00   0.000000E+00   0.000000E+00   0.000000E+00   0.171140E+01   0.282006E+01   0.331858E+01   0.662957E+01   0.186777E+02   0.400784E+02   0.905708E+02   0.265148E+03   0.815234E+03   0.157099E+04   0.489222E+04   0.837630E+04   0.147139E+05   0.147009E+05   0.200938E+05   0.134094E+05   0.144067E+04   0.798868E+02   0.000000E+00   0.000000E+00   0.000000E+00   0.000000E+00   0.243652E-01   0.000000E+00   0.000000E+00   0.000000E+00   0.000000E+00   0.000000E+00   0.000000E+00   0.430245E-01   0.000000E+00   0.000000E+00   0.000000E+00   0.000000E+00   0.000000E+00   0.000000E+00   0.000000E+00   0.000000E+00   0.000000E+00   0.000000E+00   0.000000E+00   0.000000E+00   0.000000E+00   0.000000E+00   0.000000E+00   0.000000E+00   0.000000E+00   0.000000E+00   0.000000E+00   0.192264E+01   0.527332E+05   0.714591E+05   0.435206E+05   0.339408E+05   0.312396E+05   0.282516E+05   0.247298E+05   0.205554E+05   0.161182E+05   0.112662E+05   0.769742E+04   0.176512E+04   0.000000E+00   0.000000E+00   0.000000E+00   0.000000E+00   0.000000E+00   0.000000E+00   0.000000E+00   0.579488E-04   0.467620E-04   0.599662E-05   0.000000E+00   0.000000E+00   0.000000E+00   0.000000E+00   0.466116E-05   0.000000E+00   0.153307E-01   0.345934E+00   0.200426E+01   0.845573E+01   0.303173E+02   0.614677E+02   0.130009E+03   0.333864E+03   0.624956E+03   0.104082E+04   0.153165E+04   0.201612E+04   0.238771E+04   0.256084E+04   0.250163E+04   0.223749E+04   0.184075E+04   0.139870E+04   0.985306E+03   0.645557E+03   0.394531E+03   0.225518E+03   0.120839E+03   0.608175E+02   0.287225E+02   0.142926E+02   0.422218E+01   0.211450E+01   0.748887E+00   0.276539E+00   0.925820E-01   0.301990E-01   0.922926E-02   0.270733E-02   0.752744E-03   0.261680E-03
 0.000000E+00   0.763477E-03   0.255289E-02   0.817736E-02   0.250911E-01   0.737496E-01   0.207657E+00   0.560079E+00   0.144710E+01   0.358163E+01   0.000000E+00   0.000000E+00   0.000000E+00   0.000000E+00   0.171140E+01   0.282017E+01   0.331847E+01   0.662957E+01   0.186777E+02   0.400784E+02   0.905708E+02   0.265148E+03   0.815234E+03   0.157099E+04   0.489222E+04   0.837630E+04   0.147139E+05   0.147009E+05   0.201353E+05   0.134694E+05   0.144000E+04   0.797385E+02   0.000000E+00   0.000000E+00   0.000000E+00   0.000000E+00   0.243652E-01   0.000000E+00   0.000000E+00   0.000000E+00   0.000000E+00   0.000000E+00   0.000000E+00   0.430245E-01   0.000000E+00   0.000000E+00   0.000000E+00   0.000000E+00   0.000000E+00   0.000000E+00   0.000000E+00   0.000000E+00   0.000000E+00   0.000000E+00   0.000000E+00   0.000000E+00   0.000000E+00   0.000000E+00   0.000000E+00   0.000000E+00   0.000000E+00   0.000000E+00   0.000000E+00   0.210898E+01   0.526615E+05   0.724124E+05   0.459128E+05   0.339263E+05   0.309789E+05   0.278447E+05   0.242120E+05   0.200641E+05   0.155674E+05   0.108742E+05   0.733101E+04   0.139088E+04   0.000000E+00   0.000000E+00   0.000000E+00   0.000000E+00   0.000000E+00   0.000000E+00   0.000000E+00   0.579488E-04   0.467620E-04   0.599662E-05   0.000000E+00   0.000000E+00   0.000000E+00   0.000000E+00   0.466116E-05   0.000000E+00   0.161592E-01   0.350565E+00   0.201936E+01   0.848505E+01   0.305453E+02   0.612723E+02   0.130250E+03   0.333902E+03   0.624786E+03   0.104063E+04   0.153110E+04   0.201486E+04   0.238634E+04   0.255973E+04   0.250105E+04   0.223754E+04   0.184132E+04   0.139956E+04   0.986232E+03   0.646376E+03   0.395161E+03   0.225952E+03   0.121110E+03   0.609722E+02   0.288025E+02   0.143391E+02   0.423686E+01   0.212078E+01   0.752003E+00   0.277603E+00   0.929630E-01   0.303290E-01   0.926914E-02   0.271951E-02   0.756137E-03   0.262886E-03
 0.000000E+00   0.763477E-03   0.255289E-02   0.817736E-02   0.250911E-01   0.737496E-01   0.207657E+00   0.560079E+00   0.144710E+01   0.358163E+01   0.000000E+00   0.000000E+00   0.000000E+00   0.000000E+00   0.171140E+01   0.282029E+01   0.331835E+01   0.662957E+01   0.186777E+02   0.400784E+02   0.905708E+02   0.265148E+03   0.815234E+03   0.157099E+04   0.489222E+04   0.837630E+04   0.147139E+05   0.147009E+05   0.201810E+05   0.135344E+05   0.143934E+04   0.795922E+02   0.000000E+00   0.000000E+00   0.000000E+00   0.000000E+00   0.243652E-01   0.000000E+00   0.000000E+00   0.000000E+00   0.000000E+00   0.000000E+00   0.000000E+00   0.430245E-01   0.000000E+00   0.000000E+00   0.000000E+00   0.000000E+00   0.000000E+00   0.000000E+00   0.000000E+00   0.000000E+00   0.000000E+00   0.000000E+00   0.000000E+00   0.000000E+00   0.000000E+00   0.000000E+00   0.000000E+00   0.000000E+00   0.000000E+00   0.000000E+00   0.000000E+00   0.228666E+01   0.525856E+05   0.731842E+05   0.484352E+05   0.339089E+05   0.307155E+05   0.274328E+05   0.237005E+05   0.195745E+05   0.150235E+05   0.105022E+05   0.694675E+04   0.105643E+04   0.000000E+00   0.000000E+00   0.000000E+00   0.000000E+00   0.000000E+00   0.000000E+00   0.000000E+00   0.579488E-04   0.467620E-04   0.599662E-05   0.000000E+00   0.000000E+00   0.000000E+00   0.000000E+00   0.466116E-05   0.000000E+00   0.170128E-01   0.355365E+00   0.203520E+01   0.851501E+01   0.307838E+02   0.610704E+02   0.130508E+03   0.333959E+03   0.624644E+03   0.104037E+04   0.153071E+04   0.201361E+04   0.238498E+04   0.255862E+04   0.250046E+04   0.223756E+04   0.184185E+04   0.140039E+04   0.987133E+03   0.647179E+03   0.395782E+03   0.226380E+03   0.121377E+03   0.611253E+02   0.288818E+02   0.143852E+02   0.425153E+01   0.212697E+01   0.755117E+00   0.278659E+00   0.933432E-01   0.304585E-01   0.930892E-02   0.273167E-02   0.759524E-03   0.264092E-03
 0.000000E+00   0.763477E-03   0.255289E-02   0.817736E-02   0.250911E-01   0.737496E-01   0.207657E+00   0.560079E+00   0.144710E+01   0.358163E+01   0.000000E+00   0.000000E+00   0.000000E+00   0.000000E+00   0.171140E+01   0.282040E+01   0.331824E+01   0.662957E+01   0.186777E+02   0.400784E+02   0.905708E+02   0.265148E+03   0.815234E+03   0.157099E+04   0.489222E+04   0.837630E+04   0.147139E+05   0.147009E+05   0.202309E+05   0.136038E+05   0.143869E+04   0.794459E+02   0.000000E+00   0.000000E+00   0.000000E+00   0.000000E+00   0.243652E-01   0.000000E+00   0.000000E+00   0.000000E+00   0.000000E+00   0.000000E+00   0.000000E+00   0.430245E-01   0.000000E+00   0.000000E+00   0.000000E+00   0.000000E+00   0.000000E+00   0.000000E+00   0.000000E+00   0.000000E+00   0.000000E+00   0.000000E+00   0.000000E+00   0.000000E+00   0.000000E+00   0.000000E+00   0.000000E+00   0.000000E+00   0.000000E+00   0.000000E+00   0.000000E+00   0.245558E+01   0.525076E+05   0.737963E+05   0.510514E+05   0.339007E+05   0.304498E+05   0.270160E+05   0.231968E+05   0.190848E+05   0.144894E+05   0.101480E+05   0.654278E+04   0.763831E+03   0.000000E+00   0.000000E+00   0.000000E+00   0.000000E+00   0.000000E+00   0.000000E+00   0.000000E+00   0.579488E-04   0.467620E-04   0.599662E-05   0.000000E+00   0.000000E+00   0.000000E+00   0.000000E+00   0.466116E-05   0.000000E+00   0.178922E-01   0.360332E+00   0.205179E+01   0.854556E+01   0.310328E+02   0.608623E+02   0.130784E+03   0.334034E+03   0.624530E+03   0.104003E+04   0.153048E+04   0.201240E+04   0.238364E+04   0.255749E+04   0.249983E+04   0.223754E+04   0.184235E+04   0.140119E+04   0.988011E+03   0.647964E+03   0.396391E+03   0.226802E+03   0.121641E+03   0.612768E+02   0.289605E+02   0.144309E+02   0.426619E+01   0.213308E+01   0.758228E+00   0.279708E+00   0.937225E-01   0.305875E-01   0.934861E-02   0.274380E-02   0.762905E-03   0.265296E-03
 0.000000E+00   0.763477E-03   0.255289E-02   0.817736E-02   0.250911E-01   0.737496E-01   0.207657E+00   0.560079E+00   0.144710E+01   0.358163E+01   0.000000E+00   0.000000E+00   0.000000E+00   0.000000E+00   0.171140E+01   0.282052E+01   0.331813E+01   0.662957E+01   0.186777E+02   0.400784E+02   0.905708E+02   0.265148E+03   0.815234E+03   0.157099E+04   0.489222E+04   0.837630E+04   0.147139E+05   0.147009E+05   0.202849E+05   0.136773E+05   0.143805E+04   0.793036E+02   0.000000E+00   0.000000E+00   0.000000E+00   0.000000E+00   0.243652E-01   0.000000E+00   0.000000E+00   0.000000E+00   0.000000E+00   0.000000E+00   0.000000E+00   0.430245E-01   0.000000E+00   0.000000E+00   0.000000E+00   0.000000E+00   0.000000E+00   0.000000E+00   0.000000E+00   0.000000E+00   0.000000E+00   0.000000E+00   0.000000E+00   0.000000E+00   0.000000E+00   0.000000E+00   0.000000E+00   0.000000E+00   0.000000E+00   0.000000E+00   0.000000E+00   0.261565E+01   0.524296E+05   0.742697E+05   0.537411E+05   0.338983E+05   0.301823E+05   0.265948E+05   0.227018E+05   0.185932E+05   0.139679E+05   0.980908E+04   0.611745E+04   0.515220E+03   0.000000E+00   0.000000E+00   0.000000E+00   0.000000E+00   0.000000E+00   0.000000E+00   0.000000E+00   0.579488E-04   0.467620E-04   0.599662E-05   0.000000E+00   0.000000E+00   0.000000E+00   0.000000E+00   0.466116E-05   0.000000E+00   0.187980E-01   0.365467E+00   0.206914E+01   0.857667E+01   0.312924E+02   0.606480E+02   0.131078E+03   0.334128E+03   0.624444E+03   0.103963E+04   0.153040E+04   0.201121E+04   0.238230E+04   0.255636E+04   0.249919E+04   0.223749E+04   0.184281E+04   0.140196E+04   0.988864E+03   0.648733E+03   0.396990E+03   0.227217E+03   0.121902E+03   0.614267E+02   0.290384E+02   0.144762E+02   0.428084E+01   0.213910E+01   0.761337E+00   0.280749E+00   0.941009E-01   0.307160E-01   0.938820E-02   0.275590E-02   0.766280E-03   0.266499E-03
 0.000000E+00   0.763477E-03   0.255289E-02   0.817736E-02   0.250911E-01   0.737496E-01   0.207657E+00   0.560079E+00   0.144710E+01   0.358163E+01   0.000000E+00   0.000000E+00   0.000000E+00   0.000000E+00   0.171140E+01   0.282062E+01   0.331802E+01   0.662957E+01   0.186777E+02   0.400784E+02   0.905708E+02   0.265148E+03   0.815234E+03   0.157099E+04   0.489222E+04   0.837630E+04   0.147139E+05   0.147009E+05   0.203399E+05   0.137499E+05   0.143742E+04   0.791646E+02   0.000000E+00   0.000000E+00   0.000000E+00   0.000000E+00   0.243652E-01   0.000000E+00   0.000000E+00   0.000000E+00   0.000000E+00   0.000000E+00   0.000000E+00   0.430245E-01   0.000000E+00   0.000000E+00   0.000000E+00   0.000000E+00   0.000000E+00   0.000000E+00   0.000000E+00   0.000000E+00   0.000000E+00   0.000000E+00   0.000000E+00   0.000000E+00   0.000000E+00   0.000000E+00   0.000000E+00   0.000000E+00   0.000000E+00   0.000000E+00   0.000000E+00   0.260341E+01   0.523572E+05   0.746175E+05   0.564806E+05   0.338973E+05   0.299118E+05   0.261614E+05   0.224312E+05   0.183370E+05   0.134652E+05   0.949111E+04   0.554336E+04   0.000000E+00   0.000000E+00   0.000000E+00   0.000000E+00   0.000000E+00   0.000000E+00   0.000000E+00   0.000000E+00   0.579488E-04   0.467620E-04   0.599662E-05   0.000000E+00   0.000000E+00   0.000000E+00   0.000000E+00   0.466116E-05   0.000000E+00   0.197304E-01   0.370765E+00   0.208727E+01   0.860830E+01   0.315571E+02   0.604196E+02   0.131333E+03   0.334183E+03   0.624299E+03   0.103938E+04   0.152999E+04   0.200998E+04   0.238095E+04   0.255525E+04   0.249860E+04   0.223751E+04   0.184334E+04   0.140279E+04   0.989764E+03   0.649535E+03   0.397610E+03   0.227645E+03   0.122170E+03   0.615801E+02   0.291181E+02   0.145229E+02   0.429539E+01   0.214504E+01   0.764443E+00   0.281783E+00   0.944784E-01   0.308441E-01   0.942769E-02   0.276798E-02   0.769648E-03   0.267700E-03
 0.000000E+00   0.763477E-03   0.255289E-02   0.817736E-02   0.250911E-01   0.737496E-01   0.207657E+00   0.560079E+00   0.144710E+01   0.358163E+01   0.000000E+00   0.000000E+00   0.000000E+00   0.000000E+00   0.171140E+01   0.282073E+01   0.331791E+01   0.662957E+01   0.186777E+02   0.400784E+02   0.905708E+02   0.265148E+03   0.815234E+03   0.157099E+04   0.489222E+04   0.837630E+04   0.147139E+05   0.147009E+05   0.203994E+05   0.138281E+05   0.143680E+04   0.790264E+02   0.000000E+00   0.000000E+00   0.000000E+00   0.000000E+00   0.243652E-01   0.000000E+00   0.000000E+00   0.000000E+00   0.000000E+00   0.000000E+00   0.000000E+00   0.430245E-01   0.000000E+00   0.000000E+00   0.000000E+00   0.000000E+00   0.000000E+00   0.000000E+00   0.000000E+00   0.000000E+00   0.000000E+00   0.000000E+00   0.000000E+00   0.000000E+00   0.000000E+00   0.000000E+00   0.000000E+00   0.000000E+00   0.000000E+00   0.000000E+00   0.000000E+00   0.285400E+01   0.522853E+05   0.748628E+05   0.592528E+05   0.339105E+05   0.296434E+05   0.257235E+05   0.220515E+05   0.177525E+05   0.129756E+05   0.919873E+04   0.489971E+04   0.000000E+00   0.000000E+00   0.000000E+00   0.000000E+00   0.000000E+00   0.000000E+00   0.000000E+00   0.000000E+00   0.579488E-04   0.467620E-04   0.599662E-05   0.000000E+00   0.000000E+00   0.000000E+00   0.000000E+00   0.466116E-05   0.000000E+00   0.206904E-01   0.376226E+00   0.210620E+01   0.864043E+01   0.318345E+02   0.601891E+02   0.131631E+03   0.334282E+03   0.624220E+03   0.103899E+04   0.152989E+04   0.200885E+04   0.237961E+04   0.255411E+04   0.249794E+04   0.223745E+04   0.184379E+04   0.140355E+04   0.990609E+03   0.650297E+03   0.398205E+03   0.228058E+03   0.122430E+03   0.617296E+02   0.291960E+02   0.145684E+02   0.430994E+01   0.215090E+01   0.767545E+00   0.282809E+00   0.948551E-01   0.309717E-01   0.946710E-02   0.278003E-02   0.773011E-03   0.268901E-03
 0.000000E+00   0.763477E-03   0.255289E-02   0.817736E-02   0.250911E-01   0.737496E-01   0.207657E+00   0.560079E+00   0.144710E+01   0.358163E+01   0.000000E+00   0.000000E+00   0.000000E+00   0.000000E+00   0.171140E+01   0.282084E+01   0.331780E+01   0.662957E+01   0.186777E+02   0.400784E+02   0.905708E+02   0.265148E+03   0.815234E+03   0.157099E+04   0.489222E+04   0.837630E+04   0.147139E+05   0.147009E+05   0.204641E+05   0.139111E+05   0.143618E+04   0.788883E+02   0.000000E+00   0.000000E+00   0.000000E+00   0.000000E+00   0.243652E-01   0.000000E+00   0.000000E+00   0.000000E+00   0.000000E+00   0.000000E+00   0.000000E+00   0.430245E-01   0.000000E+00   0.000000E+00   0.000000E+00   0.000000E+00   0.000000E+00   0.000000E+00   0.000000E+00   0.000000E+00   0.000000E+00   0.000000E+00   0.000000E+00   0.000000E+00   0.000000E+00   0.000000E+00   0.000000E+00   0.000000E+00   0.000000E+00   0.000000E+00   0.000000E+00   0.301854E+01   0.522155E+05   0.750202E+05   0.620269E+05   0.339511E+05   0.293750E+05   0.252942E+05   0.216521E+05   0.171815E+05   0.125010E+05   0.891628E+04   0.427579E+04   0.000000E+00   0.000000E+00   0.000000E+00   0.000000E+00   0.000000E+00   0.000000E+00   0.000000E+00   0.000000E+00   0.579488E-04   0.467620E-04   0.599662E-05   0.000000E+00   0.000000E+00   0.000000E+00   0.000000E+00   0.466116E-05   0.000000E+00   0.216789E-01   0.381849E+00   0.212594E+01   0.867302E+01   0.321245E+02   0.599563E+02   0.131967E+03   0.334422E+03   0.624202E+03   0.103862E+04   0.152968E+04   0.200803E+04   0.237830E+04   0.255296E+04   0.249724E+04   0.223732E+04   0.184417E+04   0.140425E+04   0.991402E+03   0.651024E+03   0.398778E+03   0.228458E+03   0.122683E+03   0.618756E+02   0.292723E+02   0.146127E+02   0.432450E+01   0.215668E+01   0.770645E+00   0.283827E+00   0.952310E-01   0.310988E-01   0.950641E-02   0.279205E-02   0.776368E-03   0.270100E-03
 0.000000E+00   0.763477E-03   0.255289E-02   0.817736E-02   0.250911E-01   0.737496E-01   0.207657E+00   0.560079E+00   0.144710E+01   0.358163E+01   0.000000E+00   0.000000E+00   0.000000E+00   0.000000E+00   0.171140E+01   0.282095E+01   0.331769E+01   0.662957E+01   0.186777E+02   0.400784E+02   0.905708E+02   0.265148E+03   0.815234E+03   0.157099E+04   0.489222E+04   0.837630E+04   0.147139E+05   0.147009E+05   0.205329E+05   0.139974E+05   0.143555E+04   0.787485E+02   0.000000E+00   0.000000E+00   0.000000E+00   0.000000E+00   0.243652E-01   0.000000E+00   0.000000E+00   0.000000E+00   0.000000E+00   0.000000E+00   0.000000E+00   0.430245E-01   0.000000E+00   0.000000E+00   0.000000E+00   0.000000E+00   0.000000E+00   0.000000E+00   0.000000E+00   0.000000E+00   0.000000E+00   0.000000E+00   0.000000E+00   0.000000E+00   0.000000E+00   0.000000E+00   0.000000E+00   0.000000E+00   0.000000E+00   0.000000E+00   0.000000E+00   0.315327E+01   0.521498E+05   0.751021E+05   0.647584E+05   0.340462E+05   0.291042E+05   0.248783E+05   0.212314E+05   0.166243E+05   0.120451E+05   0.863086E+04   0.368431E+04   0.000000E+00   0.000000E+00   0.000000E+00   0.000000E+00   0.000000E+00   0.000000E+00   0.000000E+00   0.000000E+00   0.579488E-04   0.467620E-04   0.599662E-05   0.000000E+00   0.000000E+00   0.000000E+00   0.000000E+00   0.466116E-05   0.000000E+00   0.226975E-01   0.387635E+00   0.214654E+01   0.870605E+01   0.324257E+02   0.597188E+02   0.132325E+03   0.334587E+03   0.624219E+03   0.103829E+04   0.152935E+04   0.200746E+04   0.237700E+04   0.255180E+04   0.249651E+04   0.223715E+04   0.184450E+04   0.140490E+04   0.992165E+03   0.651730E+03   0.399337E+03   0.228851E+03   0.122931E+03   0.620195E+02   0.293477E+02   0.146565E+02   0.433904E+01   0.216239E+01   0.773740E+00   0.284838E+00   0.956059E-01   0.312254E-01   0.954562E-02   0.280405E-02   0.779719E-03   0.271299E-03
 0.000000E+00   0.763477E-03   0.255289E-02   0.817736E-02   0.250911E-01   0.737496E-01   0.207657E+00   0.560079E+00   0.144710E+01   0.358163E+01   0.000000E+00   0.000000E+00   0.000000E+00   0.000000E+00   0.171140E+01   0.282107E+01   0.331757E+01   0.662957E+01   0.186777E+02   0.400784E+02   0.905708E+02   0.265148E+03   0.815234E+03   0.157099E+04   0.489222E+04   0.837630E+04   0.147139E+05   0.147009E+05   0.206055E+05   0.140862E+05   0.143489E+04   0.786024E+02   0.000000E+00   0.000000E+00   0.000000E+00   0.000000E+00   0.243652E-01   0.000000E+00   0.000000E+00   0.000000E+00   0.000000E+00   0.000000E+00   0.000000E+00   0.430245E-01   0.000000E+00   0.000000E+00   0.000000E+00   0.000000E+00   0.000000E+00   0.000000E+00   0.000000E+00   0.000000E+00   0.000000E+00   0.000000E+00   0.000000E+00   0.000000E+00   0.000000E+00   0.000000E+00   0.000000E+00   0.000000E+00   0.000000E+00   0.000000E+00   0.000000E+00   0.327398E+01   0.520893E+05   0.751224E+05   0.673680E+05   0.342606E+05   0.288296E+05   0.244777E+05   0.207901E+05   0.160802E+05   0.116110E+05   0.833643E+04   0.312881E+04   0.000000E+00   0.000000E+00   0.000000E+00   0.000000E+00   0.000000E+00   0.000000E+00   0.000000E+00   0.000000E+00   0.579488E-04   0.467620E-04   0.599662E-05   0.000000E+00   0.000000E+00   0.000000E+00   0.000000E+00   0.466116E-05   0.000000E+00   0.237481E-01   0.393587E+00   0.216801E+01   0.873953E+01   0.327379E+02   0.594759E+02   0.132703E+03   0.334771E+03   0.624266E+03   0.103799E+04   0.152890E+04   0.200708E+04   0.237572E+04   0.255062E+04   0.249575E+04   0.223694E+04   0.184480E+04   0.140552E+04   0.992902E+03   0.652417E+03   0.399884E+03   0.229236E+03   0.123177E+03   0.621617E+02   0.294223E+02   0.146998E+02   0.435354E+01   0.216801E+01   0.776829E+00   0.285841E+00   0.959798E-01   0.313515E-01   0.958473E-02   0.281602E-02   0.783062E-03   0.272495E-03
 0.000000E+00   0.763477E-03   0.255289E-02   0.817736E-02   0.250911E-01   0.737496E-01   0.207657E+00   0.560079E+00   0.144710E+01   0.358163E+01   0.000000E+00   0.000000E+00   0.000000E+00   0.000000E+00   0.171140E+01   0.282120E+01   0.331744E+01   0.662957E+01   0.186777E+02   0.400784E+02   0.905708E+02   0.265148E+03   0.815234E+03   0.157099E+04   0.489222E+04   0.837630E+04   0.147139E+05   0.147009E+05   0.206818E+05   0.141773E+05   0.143416E+04   0.784395E+02   0.000000E+00   0.000000E+00   0.000000E+00   0.000000E+00   0.243652E-01   0.000000E+00   0.000000E+00   0.000000E+00   0.000000E+00   0.000000E+00   0.000000E+00   0.430245E-01   0.000000E+00   0.000000E+00   0.000000E+00   0.000000E+00   0.000000E+00   0.000000E+00   0.000000E+00   0.000000E+00   0.000000E+00   0.000000E+00   0.000000E+00   0.000000E+00   0.000000E+00   0.000000E+00   0.000000E+00   0.000000E+00   0.000000E+00   0.000000E+00   0.000000E+00   0.338555E+01   0.520347E+05   0.750952E+05   0.697008E+05   0.347349E+05   0.285514E+05   0.240915E+05   0.203304E+05   0.155487E+05   0.112000E+05   0.802868E+04   0.261129E+04   0.000000E+00   0.000000E+00   0.000000E+00   0.000000E+00   0.000000E+00   0.000000E+00   0.000000E+00   0.000000E+00   0.579488E-04   0.467620E-04   0.599662E-05   0.000000E+00   0.000000E+00   0.000000E+00   0.000000E+00   0.466116E-05   0.000000E+00   0.248338E-01   0.399715E+00   0.219044E+01   0.877352E+01   0.330620E+02   0.592272E+02   0.133100E+03   0.334977E+03   0.624344E+03   0.103773E+04   0.152834E+04   0.200690E+04   0.237444E+04   0.254944E+04   0.249497E+04   0.223670E+04   0.184506E+04   0.140611E+04   0.993613E+03   0.653086E+03   0.400420E+03   0.229615E+03   0.123418E+03   0.623020E+02   0.294961E+02   0.147427E+02   0.436800E+01   0.217355E+01   0.779911E+00   0.286835E+00   0.963525E-01   0.314770E-01   0.962371E-02   0.282795E-02   0.786397E-03   0.273690E-03
 0.000000E+00   0.763477E-03   0.255289E-02   0.817736E-02   0.250911E-01   0.737496E-01   0.207657E+00   0.560079E+00   0.144710E+01   0.358163E+01   0.000000E+00   0.000000E+00   0.000000E+00   0.000000E+00   0.171140E+01   0.282135E+01   0.331729E+01   0.662957E+01   0.186777E+02   0.400784E+02   0.905708E+02   0.265148E+03   0.815234E+03   0.157099E+04   0.489222E+04   0.837630E+04   0.147139E+05   0.147009E+05   0.207618E+05   0.142702E+05   0.143331E+04   0.782517E+02   0.000000E+00   0.000000E+00   0.000000E+00   0.000000E+00   0.243652E-01   0.000000E+00   0.000000E+00   0.000000E+00   0.000000E+00   0.000000E+00   0.000000E+00   0.430245E-01   0.000000E+00   0.000000E+00   0.000000E+00   0.000000E+00   0.000000E+00   0.000000E+00   0.000000E+00   0.000000E+00   0.000000E+00   0.000000E+00   0.000000E+00   0.000000E+00   0.000000E+00   0.000000E+00   0.000000E+00   0.000000E+00   0.000000E+00   0.000000E+00   0.000000E+00   0.348899E+01   0.519860E+05   0.750361E+05   0.715093E+05   0.357013E+05   0.282710E+05   0.237175E+05   0.198553E+05   0.150293E+05   0.108123E+05   0.770394E+04   0.213354E+04   0.000000E+00   0.000000E+00   0.000000E+00   0.000000E+00   0.000000E+00   0.000000E+00   0.000000E+00   0.000000E+00   0.579488E-04   0.467620E-04   0.599662E-05   0.000000E+00   0.000000E+00   0.000000E+00   0.000000E+00   0.466116E-05   0.000000E+00   0.259602E-01   0.406041E+00   0.221395E+01   0.880820E+01   0.333996E+02   0.589715E+02   0.133519E+03   0.335207E+03   0.624457E+03   0.103751E+04   0.152770E+04   0.200684E+04   0.237324E+04   0.254825E+04   0.249415E+04   0.223642E+04   0.184527E+04   0.140666E+04   0.994293E+03   0.653733E+03   0.400941E+03   0.229986E+03   0.123655E+03   0.624401E+02   0.295690E+02   0.147850E+02   0.438238E+01   0.217900E+01   0.782979E+00   0.287820E+00   0.967235E-01   0.316017E-01   0.966252E-02   0.283983E-02   0.789720E-03   0.274881E-03
 0.000000E+00   0.763477E-03   0.255289E-02   0.817736E-02   0.250911E-01   0.737496E-01   0.207657E+00   0.560079E+00   0.144710E+01   0.358163E+01   0.000000E+00   0.000000E+00   0.000000E+00   0.000000E+00   0.171140E+01   0.282147E+01   0.331717E+01   0.662957E+01   0.186777E+02   0.400784E+02   0.905708E+02   0.265148E+03   0.815234E+03   0.157099E+04   0.489222E+04   0.837630E+04   0.147139E+05   0.147009E+05   0.208444E+05   0.143653E+05   0.143260E+04   0.780935E+02   0.000000E+00   0.000000E+00   0.000000E+00   0.000000E+00   0.243652E-01   0.000000E+00   0.000000E+00   0.000000E+00   0.000000E+00   0.000000E+00   0.000000E+00   0.430245E-01   0.000000E+00   0.000000E+00   0.000000E+00   0.000000E+00   0.000000E+00   0.000000E+00   0.000000E+00   0.000000E+00   0.000000E+00   0.000000E+00   0.000000E+00   0.000000E+00   0.000000E+00   0.000000E+00   0.000000E+00   0.000000E+00   0.000000E+00   0.000000E+00   0.000000E+00   0.358478E+01   0.519436E+05   0.749585E+05   0.728665E+05   0.370729E+05   0.279903E+05   0.233521E+05   0.193683E+05   0.145222E+05   0.104471E+05   0.735936E+04   0.169780E+04   0.000000E+00   0.000000E+00   0.000000E+00   0.000000E+00   0.000000E+00   0.000000E+00   0.000000E+00   0.000000E+00   0.579488E-04   0.467620E-04   0.599662E-05   0.000000E+00   0.000000E+00   0.000000E+00   0.000000E+00   0.466116E-05   0.000000E+00   0.271286E-01   0.412562E+00   0.223855E+01   0.884350E+01   0.337506E+02   0.587094E+02   0.133961E+03   0.335462E+03   0.624605E+03   0.103733E+04   0.152709E+04   0.200663E+04   0.237227E+04   0.254705E+04   0.249331E+04   0.223610E+04   0.184544E+04   0.140717E+04   0.994942E+03   0.654359E+03   0.401449E+03   0.230348E+03   0.123888E+03   0.625762E+02   0.296409E+02   0.148268E+02   0.439668E+01   0.218436E+01   0.786035E+00   0.288795E+00   0.970928E-01   0.317257E-01   0.970116E-02   0.285166E-02   0.793032E-03   0.276070E-03
 0.000000E+00   0.763477E-03   0.255289E-02   0.817736E-02   0.250911E-01   0.737496E-01   0.207657E+00   0.560079E+00   0.144710E+01   0.358163E+01   0.000000E+00   0.000000E+00   0.000000E+00   0.000000E+00   0.171140E+01   0.282157E+01   0.331707E+01   0.662957E+01   0.186777E+02   0.400784E+02   0.905708E+02   0.265148E+03   0.815234E+03   0.157099E+04   0.489222E+04   0.837630E+04   0.147139E+05   0.147009E+05   0.209294E+05   0.144624E+05   0.143204E+04   0.779688E+02   0.000000E+00   0.000000E+00   0.000000E+00   0.000000E+00   0.243652E-01   0.000000E+00   0.000000E+00   0.000000E+00   0.000000E+00   0.000000E+00   0.000000E+00   0.430245E-01   0.000000E+00   0.000000E+00   0.000000E+00   0.000000E+00   0.000000E+00   0.000000E+00   0.000000E+00   0.000000E+00   0.000000E+00   0.000000E+00   0.000000E+00   0.000000E+00   0.000000E+00   0.000000E+00   0.000000E+00   0.000000E+00   0.000000E+00   0.000000E+00   0.000000E+00   0.367520E+01   0.519072E+05   0.748685E+05   0.739805E+05   0.386338E+05   0.277115E+05   0.229918E+05   0.188729E+05   0.140284E+05   0.101030E+05   0.699290E+04   0.130667E+04   0.000000E+00   0.000000E+00   0.000000E+00   0.000000E+00   0.000000E+00   0.000000E+00   0.000000E+00   0.000000E+00   0.579488E-04   0.467620E-04   0.599662E-05   0.000000E+00   0.000000E+00   0.000000E+00   0.000000E+00   0.466116E-05   0.000000E+00   0.283354E-01   0.419242E+00   0.226411E+01   0.887917E+01   0.341123E+02   0.584427E+02   0.134419E+03   0.335734E+03   0.624780E+03   0.103719E+04   0.152651E+04   0.200629E+04   0.237149E+04   0.254584E+04   0.249245E+04   0.223574E+04   0.184558E+04   0.140765E+04   0.995569E+03   0.654969E+03   0.401947E+03   0.230705E+03   0.124117E+03   0.627107E+02   0.297121E+02   0.148682E+02   0.441093E+01   0.218965E+01   0.789085E+00   0.289762E+00   0.974610E-01   0.318491E-01   0.973971E-02   0.286347E-02   0.796336E-03   0.277257E-03
 0.000000E+00   0.763477E-03   0.255289E-02   0.817736E-02   0.250911E-01   0.737496E-01   0.207657E+00   0.560079E+00   0.144710E+01   0.358163E+01   0.000000E+00   0.000000E+00   0.000000E+00   0.000000E+00   0.171140E+01   0.282166E+01   0.331698E+01   0.662957E+01   0.186777E+02   0.400784E+02   0.905708E+02   0.265148E+03   0.815234E+03   0.157099E+04   0.489222E+04   0.837630E+04   0.147139E+05   0.147009E+05   0.210172E+05   0.145611E+05   0.143152E+04   0.778529E+02   0.000000E+00   0.000000E+00   0.000000E+00   0.000000E+00   0.243652E-01   0.000000E+00   0.000000E+00   0.000000E+00   0.000000E+00   0.000000E+00   0.000000E+00   0.430245E-01   0.000000E+00   0.000000E+00   0.000000E+00   0.000000E+00   0.000000E+00   0.000000E+00   0.000000E+00   0.000000E+00   0.000000E+00   0.000000E+00   0.000000E+00   0.000000E+00   0.000000E+00   0.000000E+00   0.000000E+00   0.000000E+00   0.000000E+00   0.000000E+00   0.000000E+00   0.375991E+01   0.518769E+05   0.747690E+05   0.749090E+05   0.403222E+05   0.274368E+05   0.226330E+05   0.183725E+05   0.135488E+05   0.977754E+04   0.660291E+04   0.962422E+03   0.000000E+00   0.000000E+00   0.000000E+00   0.000000E+00   0.000000E+00   0.000000E+00   0.000000E+00   0.000000E+00   0.579488E-04   0.467620E-04   0.599662E-05   0.000000E+00   0.000000E+00   0.000000E+00   0.000000E+00   0.466116E-05   0.000000E+00   0.295800E-01   0.426063E+00   0.229059E+01   0.891510E+01   0.344833E+02   0.581725E+02   0.134892E+03   0.336023E+03   0.624979E+03   0.103706E+04   0.152595E+04   0.200584E+04   0.237087E+04   0.254462E+04   0.249156E+04   0.223536E+04   0.184569E+04   0.140810E+04   0.996175E+03   0.655564E+03   0.402436E+03   0.231056E+03   0.124344E+03   0.628437E+02   0.297827E+02   0.149092E+02   0.442515E+01   0.219487E+01   0.792130E+00   0.290723E+00   0.978286E-01   0.319721E-01   0.977817E-02   0.287525E-02   0.799636E-03   0.278442E-03
 0.000000E+00   0.763477E-03   0.255289E-02   0.817736E-02   0.250911E-01   0.737496E-01   0.207657E+00   0.560079E+00   0.144710E+01   0.358163E+01   0.000000E+00   0.000000E+00   0.000000E+00   0.000000E+00   0.171140E+01   0.282175E+01   0.331689E+01   0.662957E+01   0.186777E+02   0.400784E+02   0.905708E+02   0.265148E+03   0.815234E+03   0.157099E+04   0.489222E+04   0.837630E+04   0.147139E+05   0.147009E+05   0.211077E+05   0.146612E+05   0.143101E+04   0.777407E+02   0.000000E+00   0.000000E+00   0.000000E+00   0.000000E+00   0.243652E-01   0.000000E+00   0.000000E+00   0.000000E+00   0.000000E+00   0.000000E+00   0.000000E+00   0.430245E-01   0.000000E+00   0.000000E+00   0.000000E+00   0.000000E+00   0.000000E+00   0.000000E+00   0.000000E+00   0.000000E+00   0.000000E+00   0.000000E+00   0.000000E+00   0.000000E+00   0.000000E+00   0.000000E+00   0.000000E+00   0.000000E+00   0.000000E+00   0.000000E+00   0.000000E+00   0.383891E+01   0.518524E+05   0.746624E+05   0.756778E+05   0.421094E+05   0.271684E+05   0.222728E+05   0.178700E+05   0.130848E+05   0.946785E+04   0.618801E+04   0.667199E+03   0.000000E+00   0.000000E+00   0.000000E+00   0.000000E+00   0.000000E+00   0.000000E+00   0.000000E+00   0.000000E+00   0.579488E-04   0.467620E-04   0.599662E-05   0.000000E+00   0.000000E+00   0.000000E+00   0.000000E+00   0.466116E-05   0.000000E+00   0.308639E-01   0.433020E+00   0.231799E+01   0.895130E+01   0.348634E+02   0.578992E+02   0.135380E+03   0.336328E+03   0.625200E+03   0.103697E+04   0.152541E+04   0.200528E+04   0.237041E+04   0.254339E+04   0.249066E+04   0.223495E+04   0.184577E+04   0.140853E+04   0.996762E+03   0.656146E+03   0.402916E+03   0.231403E+03   0.124568E+03   0.629754E+02   0.298527E+02   0.149499E+02   0.443935E+01   0.220002E+01   0.795172E+00   0.291677E+00   0.981954E-01   0.320947E-01   0.981655E-02   0.288701E-02   0.802931E-03   0.279627E-03
 0.000000E+00   0.763477E-03   0.255289E-02   0.817736E-02   0.250911E-01   0.737496E-01   0.207657E+00   0.560079E+00   0.144710E+01   0.358163E+01   0.000000E+00   0.000000E+00   0.000000E+00   0.000000E+00   0.171140E+01   0.282184E+01   0.331680E+01   0.662957E+01   0.186777E+02   0.400784E+02   0.905708E+02   0.265148E+03   0.815234E+03   0.157099E+04   0.489222E+04   0.837630E+04   0.147139E+05   0.147009E+05   0.212007E+05   0.147626E+05   0.143051E+04   0.776295E+02   0.000000E+00   0.000000E+00   0.000000E+00   0.000000E+00   0.243652E-01   0.000000E+00   0.000000E+00   0.000000E+00   0.000000E+00   0.000000E+00   0.000000E+00   0.430245E-01   0.000000E+00   0.000000E+00   0.000000E+00   0.000000E+00   0.000000E+00   0.000000E+00   0.000000E+00   0.000000E+00   0.000000E+00   0.000000E+00   0.000000E+00   0.000000E+00   0.000000E+00   0.000000E+00   0.000000E+00   0.000000E+00   0.000000E+00   0.000000E+00   0.000000E+00   0.391247E+01   0.518338E+05   0.745505E+05   0.763059E+05   0.439647E+05   0.269173E+05   0.219089E+05   0.173680E+05   0.126374E+05   0.917055E+04   0.574709E+04   0.423128E+03   0.000000E+00   0.000000E+00   0.000000E+00   0.000000E+00   0.000000E+00   0.000000E+00   0.000000E+00   0.000000E+00   0.579488E-04   0.467620E-04   0.599662E-05   0.000000E+00   0.000000E+00   0.000000E+00   0.000000E+00   0.466116E-05   0.000000E+00   0.321890E-01   0.440112E+00   0.234632E+01   0.898778E+01   0.352524E+02   0.576229E+02   0.135882E+03   0.336649E+03   0.625443E+03   0.103690E+04   0.152490E+04   0.200461E+04   0.237011E+04   0.254216E+04   0.248974E+04   0.223452E+04   0.184583E+04   0.140894E+04   0.997329E+03   0.656714E+03   0.403387E+03   0.231744E+03   0.124789E+03   0.631057E+02   0.299222E+02   0.149903E+02   0.445351E+01   0.220511E+01   0.798209E+00   0.292625E+00   0.985616E-01   0.322168E-01   0.985487E-02   0.289874E-02   0.806222E-03   0.280812E-03
 0.000000E+00   0.763477E-03   0.255289E-02   0.817736E-02   0.250911E-01   0.737496E-01   0.207657E+00   0.560079E+00   0.144710E+01   0.358163E+01   0.000000E+00   0.000000E+00   0.000000E+00   0.000000E+00   0.171140E+01   0.282189E+01   0.331675E+01   0.662957E+01   0.186777E+02   0.400784E+02   0.905708E+02   0.265148E+03   0.815234E+03   0.157099E+04   0.489222E+04   0.837630E+04   0.147139E+05   0.147009E+05   0.212892E+05   0.148580E+05   0.143023E+04   0.775669E+02   0.000000E+00   0.000000E+00   0.000000E+00   0.000000E+00   0.243652E-01   0.000000E+00   0.000000E+00   0.000000E+00   0.000000E+00   0.000000E+00   0.000000E+00   0.430245E-01   0.000000E+00   0.000000E+00   0.000000E+00   0.000000E+00   0.000000E+00   0.000000E+00   0.000000E+00   0.000000E+00   0.000000E+00   0.000000E+00   0.000000E+00   0.000000E+00   0.000000E+00   0.000000E+00   0.000000E+00   0.000000E+00   0.000000E+00   0.000000E+00   0.000000E+00   0.381843E+01   0.518218E+05   0.744428E+05   0.769210E+05   0.458562E+05   0.269821E+05   0.215394E+05   0.168714E+05   0.122102E+05   0.889553E+04   0.510333E+04   0.000000E+00   0.000000E+00   0.000000E+00   0.000000E+00   0.000000E+00   0.000000E+00   0.000000E+00   0.000000E+00   0.000000E+00   0.579488E-04   0.467620E-04   0.599662E-05   0.000000E+00   0.000000E+00   0.000000E+00   0.000000E+00   0.466116E-05   0.000000E+00   0.335531E-01   0.447310E+00   0.237546E+01   0.902445E+01   0.356399E+02   0.573336E+02   0.136329E+03   0.336912E+03   0.625601E+03   0.103673E+04   0.152431E+04   0.200431E+04   0.236925E+04   0.254096E+04   0.248889E+04   0.223418E+04   0.184598E+04   0.140943E+04   0.997964E+03   0.657329E+03   0.403888E+03   0.232103E+03   0.125020E+03   0.632411E+02   0.299940E+02   0.150326E+02   0.446757E+01   0.221015E+01   0.801248E+00   0.293567E+00   0.989276E-01   0.323387E-01   0.989316E-02   0.291047E-02   0.809511E-03   0.281996E-03
 0.000000E+00   0.763477E-03   0.255289E-02   0.817736E-02   0.250911E-01   0.737496E-01   0.207657E+00   0.560079E+00   0.144710E+01   0.358163E+01   0.000000E+00   0.000000E+00   0.000000E+00   0.000000E+00   0.171140E+01   0.282197E+01   0.331667E+01   0.662957E+01   0.186777E+02   0.400784E+02   0.905708E+02   0.265148E+03   0.815234E+03   0.157099E+04   0.489222E+04   0.837630E+04   0.147139E+05   0.147009E+05   0.213842E+05   0.149594E+05   0.142976E+04   0.774640E+02   0.000000E+00   0.000000E+00   0.000000E+00   0.000000E+00   0.243652E-01   0.000000E+00   0.000000E+00   0.000000E+00   0.000000E+00   0.000000E+00   0.000000E+00   0.430245E-01   0.000000E+00   0.000000E+00   0.000000E+00   0.000000E+00   0.000000E+00   0.000000E+00   0.000000E+00   0.000000E+00   0.000000E+00   0.000000E+00   0.000000E+00   0.000000E+00   0.000000E+00   0.000000E+00   0.000000E+00   0.000000E+00   0.000000E+00   0.000000E+00   0.000000E+00   0.399536E+01   0.518141E+05   0.743260E+05   0.774651E+05   0.477763E+05   0.266354E+05   0.211647E+05   0.163778E+05   0.117973E+05   0.863929E+04   0.445187E+04   0.000000E+00   0.000000E+00   0.000000E+00   0.000000E+00   0.000000E+00   0.000000E+00   0.000000E+00   0.000000E+00   0.000000E+00   0.579488E-04   0.467620E-04   0.599662E-05   0.000000E+00   0.000000E+00   0.000000E+00   0.000000E+00   0.466116E-05   0.000000E+00   0.349582E-01   0.454615E+00   0.240543E+01   0.906135E+01   0.360397E+02   0.570505E+02   0.136832E+03   0.337234E+03   0.625846E+03   0.103666E+04   0.152381E+04   0.200362E+04   0.236897E+04   0.253973E+04   0.248797E+04   0.223375E+04   0.184603E+04   0.140983E+04   0.998527E+03   0.657894E+03   0.404358E+03   0.232443E+03   0.125241E+03   0.633714E+02   0.300635E+02   0.150732E+02   0.448167E+01   0.221513E+01   0.804287E+00   0.294505E+00   0.992934E-01   0.324602E-01   0.993142E-02   0.292219E-02   0.812799E-03   0.283181E-03
 0.000000E+00   0.763477E-03   0.255289E-02   0.817736E-02   0.250911E-01   0.737496E-01   0.207657E+00   0.560079E+00   0.144710E+01   0.358163E+01   0.000000E+00   0.000000E+00   0.000000E+00   0.000000E+00   0.171140E+01   0.282206E+01   0.331659E+01   0.662957E+01   0.186777E+02   0.400784E+02   0.905708E+02   0.265148E+03   0.815234E+03   0.157099E+04   0.489222E+04   0.837630E+04   0.147139E+05   0.147009E+05   0.214832E+05   0.150632E+05   0.142928E+04   0.773576E+02   0.000000E+00   0.000000E+00   0.000000E+00   0.000000E+00   0.243652E-01   0.000000E+00   0.000000E+00   0.000000E+00   0.000000E+00   0.000000E+00   0.000000E+00   0.430245E-01   0.000000E+00   0.000000E+00   0.000000E+00   0.000000E+00   0.000000E+00   0.000000E+00   0.000000E+00   0.000000E+00   0.000000E+00   0.000000E+00   0.000000E+00   0.000000E+00   0.000000E+00   0.000000E+00   0.000000E+00   0.000000E+00   0.000000E+00   0.000000E+00   0.000000E+00   0.408543E+01   0.518115E+05   0.742051E+05   0.778995E+05   0.497394E+05   0.263002E+05   0.207950E+05   0.158800E+05   0.114011E+05   0.838309E+04   0.383062E+04   0.000000E+00   0.000000E+00   0.000000E+00   0.000000E+00   0.000000E+00   0.000000E+00   0.000000E+00   0.000000E+00   0.000000E+00   0.579488E-04   0.467620E-04   0.599662E-05   0.000000E+00   0.000000E+00   0.000000E+00   0.000000E+00   0.466116E-05   0.000000E+00   0.364106E-01   0.462048E+00   0.243633E+01   0.909866E+01   0.364498E+02   0.567676E+02   0.137363E+03   0.337588E+03   0.626135E+03   0.103664E+04   0.152334E+04   0.200276E+04   0.236892E+04   0.253852E+04   0.248701E+04   0.223326E+04   0.184603E+04   0.141018E+04   0.999053E+03   0.658433E+03   0.404810E+03   0.232773E+03   0.125457E+03   0.634989E+02   0.301317E+02   0.151130E+02   0.449575E+01   0.222005E+01   0.807322E+00   0.295436E+00   0.996586E-01   0.325814E-01   0.996961E-02   0.293388E-02   0.816083E-03   0.284365E-03
 0.000000E+00   0.763477E-03   0.255289E-02   0.817736E-02   0.250911E-01   0.737496E-01   0.207657E+00   0.560079E+00   0.144710E+01   0.358163E+01   0.000000E+00   0.000000E+00   0.000000E+00   0.000000E+00   0.171140E+01   0.282214E+01   0.331650E+01   0.662957E+01   0.186777E+02   0.400784E+02   0.905708E+02   0.265148E+03   0.815234E+03   0.157099E+04   0.489222E+04   0.837630E+04   0.147139E+05   0.147009E+05   0.215845E+05   0.151683E+05   0.142880E+04   0.772521E+02   0.000000E+00   0.000000E+00   0.000000E+00   0.000000E+00   0.243652E-01   0.000000E+00   0.000000E+00   0.000000E+00   0.000000E+00   0.000000E+00   0.000000E+00   0.430245E-01   0.000000E+00   0.000000E+00   0.000000E+00   0.000000E+00   0.000000E+00   0.000000E+00   0.000000E+00   0.000000E+00   0.000000E+00   0.000000E+00   0.000000E+00   0.000000E+00   0.000000E+00   0.000000E+00   0.000000E+00   0.000000E+00   0.000000E+00   0.000000E+00   0.000000E+00   0.414869E+01   0.518141E+05   0.740827E+05   0.782338E+05   0.517301E+05   0.259792E+05   0.204198E+05   0.153907E+05   0.110247E+05   0.811563E+04   0.324886E+04   0.000000E+00   0.000000E+00   0.000000E+00   0.000000E+00   0.000000E+00   0.000000E+00   0.000000E+00   0.000000E+00   0.000000E+00   0.579488E-04   0.467620E-04   0.599662E-05   0.000000E+00   0.000000E+00   0.000000E+00   0.000000E+00   0.466116E-05   0.000000E+00   0.379128E-01   0.469611E+00   0.246818E+01   0.913642E+01   0.368686E+02   0.564834E+02   0.137912E+03   0.337961E+03   0.626452E+03   0.103665E+04   0.152291E+04   0.200190E+04   0.236875E+04   0.253748E+04   0.248602E+04   0.223274E+04   0.184600E+04   0.141050E+04   0.999555E+03   0.658954E+03   0.405252E+03   0.233097E+03   0.125669E+03   0.636248E+02   0.301992E+02   0.151522E+02   0.450980E+01   0.222491E+01   0.810352E+00   0.296361E+00   0.100023E+00   0.327021E-01   0.100077E-01   0.294555E-02   0.819362E-03   0.285548E-03
 0.000000E+00   0.763477E-03   0.255289E-02   0.817736E-02   0.250911E-01   0.737496E-01   0.207657E+00   0.560079E+00   0.144710E+01   0.358163E+01   0.000000E+00   0.000000E+00   0.000000E+00   0.000000E+00   0.171140E+01   0.282222E+01   0.331642E+01   0.662957E+01   0.186777E+02   0.400784E+02   0.905708E+02   0.265148E+03   0.815234E+03   0.157099E+04   0.489222E+04   0.837630E+04   0.147139E+05   0.147009E+05   0.216878E+05   0.152744E+05   0.142834E+04   0.771494E+02   0.000000E+00   0.000000E+00   0.000000E+00   0.000000E+00   0.243652E-01   0.000000E+00   0.000000E+00   0.000000E+00   0.000000E+00   0.000000E+00   0.000000E+00   0.430245E-01   0.000000E+00   0.000000E+00   0.000000E+00   0.000000E+00   0.000000E+00   0.000000E+00   0.000000E+00   0.000000E+00   0.000000E+00   0.000000E+00   0.000000E+00   0.000000E+00   0.000000E+00   0.000000E+00   0.000000E+00   0.000000E+00   0.000000E+00   0.000000E+00   0.000000E+00   0.420168E+01   0.518217E+05   0.739602E+05   0.784786E+05   0.537304E+05   0.256790E+05   0.200385E+05   0.149117E+05   0.106695E+05   0.783217E+04   0.270899E+04   0.000000E+00   0.000000E+00   0.000000E+00   0.000000E+00   0.000000E+00   0.000000E+00   0.000000E+00   0.000000E+00   0.000000E+00   0.579488E-04   0.467620E-04   0.599662E-05   0.000000E+00   0.000000E+00   0.000000E+00   0.000000E+00   0.466116E-05   0.000000E+00   0.394669E-01   0.477301E+00   0.250096E+01   0.917466E+01   0.372955E+02   0.561976E+02   0.138474E+03   0.338350E+03   0.626792E+03   0.103669E+04   0.152250E+04   0.200105E+04   0.236845E+04   0.253659E+04   0.248502E+04   0.223220E+04   0.184593E+04   0.141080E+04   0.100004E+04   0.659462E+03   0.405684E+03   0.233416E+03   0.125878E+03   0.637493E+02   0.302661E+02   0.151912E+02   0.452382E+01   0.222972E+01   0.813378E+00   0.297280E+00   0.100387E+00   0.328224E-01   0.100458E-01   0.295721E-02   0.822637E-03   0.286730E-03
 0.000000E+00   0.763477E-03   0.255289E-02   0.817736E-02   0.250911E-01   0.737496E-01   0.207657E+00   0.560079E+00   0.144710E+01   0.358163E+01   0.000000E+00   0.000000E+00   0.000000E+00   0.000000E+00   0.171140E+01   0.282230E+01   0.331634E+01   0.662957E+01   0.186777E+02   0.400784E+02   0.905708E+02   0.265148E+03   0.815234E+03   0.157099E+04   0.489222E+04   0.837630E+04   0.147139E+05   0.147009E+05   0.217927E+05   0.153812E+05   0.142789E+04   0.770493E+02   0.000000E+00   0.000000E+00   0.000000E+00   0.000000E+00   0.243652E-01   0.000000E+00   0.000000E+00   0.000000E+00   0.000000E+00   0.000000E+00   0.000000E+00   0.430245E-01   0.000000E+00   0.000000E+00   0.000000E+00   0.000000E+00   0.000000E+00   0.000000E+00   0.000000E+00   0.000000E+00   0.000000E+00   0.000000E+00   0.000000E+00   0.000000E+00   0.000000E+00   0.000000E+00   0.000000E+00   0.000000E+00   0.000000E+00   0.000000E+00   0.000000E+00   0.424903E+01   0.518341E+05   0.738388E+05   0.786446E+05   0.557218E+05   0.254066E+05   0.196512E+05   0.144442E+05   0.103360E+05   0.752930E+04   0.221291E+04   0.000000E+00   0.000000E+00   0.000000E+00   0.000000E+00   0.000000E+00   0.000000E+00   0.000000E+00   0.000000E+00   0.000000E+00   0.579488E-04   0.467620E-04   0.599662E-05   0.000000E+00   0.000000E+00   0.000000E+00   0.000000E+00   0.466116E-05   0.000000E+00   0.410750E-01   0.485118E+00   0.253468E+01   0.921345E+01   0.377300E+02   0.559105E+02   0.139050E+03   0.338754E+03   0.627152E+03   0.103675E+04   0.152211E+04   0.200022E+04   0.236803E+04   0.253583E+04   0.248400E+04   0.223163E+04   0.184584E+04   0.141108E+04   0.100050E+04   0.659957E+03   0.406109E+03   0.233730E+03   0.126085E+03   0.638725E+02   0.303325E+02   0.152298E+02   0.453780E+01   0.223446E+01   0.816400E+00   0.298193E+00   0.100750E+00   0.329423E-01   0.100838E-01   0.296884E-02   0.825908E-03   0.287911E-03
 0.000000E+00   0.763477E-03   0.255289E-02   0.817736E-02   0.250911E-01   0.737496E-01   0.207657E+00   0.560079E+00   0.144710E+01   0.358163E+01   0.000000E+00   0.000000E+00   0.000000E+00   0.000000E+00   0.171140E+01   0.282238E+01   0.331626E+01   0.662957E+01   0.186777E+02   0.400784E+02   0.905708E+02   0.265148E+03   0.815234E+03   0.157099E+04   0.489222E+04   0.837630E+04   0.147139E+05   0.147009E+05   0.218992E+05   0.154889E+05   0.142744E+04   0.769508E+02   0.000000E+00   0.000000E+00   0.000000E+00   0.000000E+00   0.243652E-01   0.000000E+00   0.000000E+00   0.000000E+00   0.000000E+00   0.000000E+00   0.000000E+00   0.430245E-01   0.000000E+00   0.000000E+00   0.000000E+00   0.000000E+00   0.000000E+00   0.000000E+00   0.000000E+00   0.000000E+00   0.000000E+00   0.000000E+00   0.000000E+00   0.000000E+00   0.000000E+00   0.000000E+00   0.000000E+00   0.000000E+00   0.000000E+00   0.000000E+00   0.000000E+00   0.429216E+01   0.518511E+05   0.737192E+05   0.787424E+05   0.576820E+05   0.251727E+05   0.192589E+05   0.139897E+05   0.100230E+05   0.720450E+04   0.176241E+04   0.000000E+00   0.000000E+00   0.000000E+00   0.000000E+00   0.000000E+00   0.000000E+00   0.000000E+00   0.000000E+00   0.000000E+00   0.579488E-04   0.467620E-04   0.599662E-05   0.000000E+00   0.000000E+00   0.000000E+00   0.000000E+00   0.466116E-05   0.000000E+00   0.427393E-01   0.493060E+00   0.256934E+01   0.925285E+01   0.381717E+02   0.556223E+02   0.139639E+03   0.339173E+03   0.627533E+03   0.103684E+04   0.152174E+04   0.199941E+04   0.236751E+04   0.253521E+04   0.248296E+04   0.223104E+04   0.184573E+04   0.141133E+04   0.100095E+04   0.660440E+03   0.406525E+03   0.234039E+03   0.126289E+03   0.639945E+02   0.303982E+02   0.152681E+02   0.455174E+01   0.223915E+01   0.819416E+00   0.299100E+00   0.101113E+00   0.330618E-01   0.101217E-01   0.298045E-02   0.829175E-03   0.289092E-03
 0.000000E+00   0.763477E-03   0.255289E-02   0.817736E-02   0.250911E-01   0.737496E-01   0.207657E+00   0.560079E+00   0.144710E+01   0.358163E+01   0.000000E+00   0.000000E+00   0.000000E+00   0.000000E+00   0.171140E+01   0.282246E+01   0.331618E+01   0.662957E+01   0.186777E+02   0.400784E+02   0.905708E+02   0.265148E+03   0.815234E+03   0.157099E+04   0.489222E+04   0.837630E+04   0.147139E+05   0.147009E+05   0.220070E+05   0.155972E+05   0.142699E+04   0.768519E+02   0.000000E+00   0.000000E+00   0.000000E+00   0.000000E+00   0.243652E-01   0.000000E+00   0.000000E+00   0.000000E+00   0.000000E+00   0.000000E+00   0.000000E+00   0.430245E-01   0.000000E+00   0.000000E+00   0.000000E+00   0.000000E+00   0.000000E+00   0.000000E+00   0.000000E+00   0.000000E+00   0.000000E+00   0.000000E+00   0.000000E+00   0.000000E+00   0.000000E+00   0.000000E+00   0.000000E+00   0.000000E+00   0.000000E+00   0.000000E+00   0.000000E+00   0.433160E+01   0.518727E+05   0.736021E+05   0.787821E+05   0.595768E+05   0.250007E+05   0.188626E+05   0.135493E+05   0.972874E+04   0.685601E+04   0.135924E+04   0.000000E+00   0.000000E+00   0.000000E+00   0.000000E+00   0.000000E+00   0.000000E+00   0.000000E+00   0.000000E+00   0.000000E+00   0.579488E-04   0.467620E-04   0.599662E-05   0.000000E+00   0.000000E+00   0.000000E+00   0.000000E+00   0.466116E-05   0.000000E+00   0.444625E-01   0.501130E+00   0.260491E+01   0.929293E+01   0.386206E+02   0.553332E+02   0.140240E+03   0.339607E+03   0.627934E+03   0.103694E+04   0.152140E+04   0.199861E+04   0.236687E+04   0.253473E+04   0.248191E+04   0.223042E+04   0.184559E+04   0.141156E+04   0.100138E+04   0.660910E+03   0.406934E+03   0.234344E+03   0.126491E+03   0.641152E+02   0.304635E+02   0.153061E+02   0.456564E+01   0.224379E+01   0.822428E+00   0.300001E+00   0.101475E+00   0.331809E-01   0.101596E-01   0.299204E-02   0.832438E-03   0.290272E-03
 0.000000E+00   0.763477E-03   0.255289E-02   0.817736E-02   0.250911E-01   0.737496E-01   0.207657E+00   0.560079E+00   0.144710E+01   0.358163E+01   0.000000E+00   0.000000E+00   0.000000E+00   0.000000E+00   0.171140E+01   0.282255E+01   0.331610E+01   0.662957E+01   0.186777E+02   0.400784E+02   0.905708E+02   0.265148E+03   0.815234E+03   0.157099E+04   0.489222E+04   0.837630E+04   0.147139E+05   0.147009E+05   0.221162E+05   0.157060E+05   0.142652E+04   0.767471E+02   0.000000E+00   0.000000E+00   0.000000E+00   0.000000E+00   0.243652E-01   0.000000E+00   0.000000E+00   0.000000E+00   0.000000E+00   0.000000E+00   0.000000E+00   0.430245E-01   0.000000E+00   0.000000E+00   0.000000E+00   0.000000E+00   0.000000E+00   0.000000E+00   0.000000E+00   0.000000E+00   0.000000E+00   0.000000E+00   0.000000E+00   0.000000E+00   0.000000E+00   0.000000E+00   0.000000E+00   0.000000E+00   0.000000E+00   0.000000E+00   0.000000E+00   0.436772E+01   0.518985E+05   0.734880E+05   0.787742E+05   0.613380E+05   0.249474E+05   0.184641E+05   0.131244E+05   0.945043E+04   0.648261E+04   0.100508E+04   0.000000E+00   0.000000E+00   0.000000E+00   0.000000E+00   0.000000E+00   0.000000E+00   0.000000E+00   0.000000E+00   0.000000E+00   0.579488E-04   0.467620E-04   0.599662E-05   0.000000E+00   0.000000E+00   0.000000E+00   0.000000E+00   0.466116E-05   0.000000E+00   0.462477E-01   0.509334E+00   0.264144E+01   0.933383E+01   0.390766E+02   0.550432E+02   0.140855E+03   0.340056E+03   0.628356E+03   0.103707E+04   0.152107E+04   0.199782E+04   0.236611E+04   0.253438E+04   0.248084E+04   0.222979E+04   0.184543E+04   0.141177E+04   0.100179E+04   0.661367E+03   0.407334E+03   0.234644E+03   0.126690E+03   0.642346E+02   0.305281E+02   0.153438E+02   0.457950E+01   0.224837E+01   0.825435E+00   0.300896E+00   0.101836E+00   0.332995E-01   0.101973E-01   0.300360E-02   0.835697E-03   0.291451E-03
 0.000000E+00   0.763477E-03   0.255289E-02   0.817736E-02   0.250911E-01   0.737496E-01   0.207657E+00   0.560079E+00   0.144710E+01   0.358163E+01   0.000000E+00   0.000000E+00   0.000000E+00   0.000000E+00   0.171140E+01   0.282265E+01   0.331599E+01   0.662957E+01   0.186777E+02   0.400784E+02   0.905708E+02   0.265148E+03   0.815234E+03   0.157099E+04   0.489222E+04   0.837630E+04   0.147139E+05   0.147009E+05   0.222269E+05   0.158153E+05   0.142595E+04   0.766217E+02   0.000000E+00   0.000000E+00   0.000000E+00   0.000000E+00   0.243652E-01   0.000000E+00   0.000000E+00   0.000000E+00   0.000000E+00   0.000000E+00   0.000000E+00   0.430245E-01   0.000000E+00   0.000000E+00   0.000000E+00   0.000000E+00   0.000000E+00   0.000000E+00   0.000000E+00   0.000000E+00   0.000000E+00   0.000000E+00   0.000000E+00   0.000000E+00   0.000000E+00   0.000000E+00   0.000000E+00   0.000000E+00   0.000000E+00   0.000000E+00   0.000000E+00   0.440125E+01   0.519284E+05   0.733773E+05   0.787305E+05   0.628081E+05   0.251584E+05   0.180649E+05   0.127161E+05   0.918491E+04   0.608343E+04   0.701544E+03   0.000000E+00   0.000000E+00   0.000000E+00   0.000000E+00   0.000000E+00   0.000000E+00   0.000000E+00   0.000000E+00   0.000000E+00   0.579488E-04   0.467620E-04   0.599662E-05   0.000000E+00   0.000000E+00   0.000000E+00   0.000000E+00   0.466116E-05   0.000000E+00   0.481006E-01   0.517689E+00   0.267897E+01   0.937572E+01   0.395406E+02   0.547521E+02   0.141484E+03   0.340521E+03   0.628802E+03   0.103723E+04   0.152077E+04   0.199705E+04   0.236522E+04   0.253419E+04   0.247974E+04   0.222912E+04   0.184524E+04   0.141195E+04   0.100218E+04   0.661810E+03   0.407725E+03   0.234938E+03   0.126886E+03   0.643526E+02   0.305921E+02   0.153812E+02   0.459329E+01   0.225289E+01   0.828432E+00   0.301784E+00   0.102196E+00   0.334176E-01   0.102350E-01   0.301514E-02   0.838949E-03   0.292628E-03
 0.000000E+00   0.763477E-03   0.255289E-02   0.817736E-02   0.250911E-01   0.737496E-01   0.207657E+00   0.560079E+00   0.144710E+01   0.358163E+01   0.000000E+00   0.000000E+00   0.000000E+00   0.000000E+00   0.171140E+01   0.282276E+01   0.331588E+01   0.662957E+01   0.186777E+02   0.400784E+02   0.905708E+02   0.265148E+03   0.815234E+03   0.157099E+04   0.489222E+04   0.837630E+04   0.147139E+05   0.147009E+05   0.223387E+05   0.159251E+05   0.142531E+04   0.764816E+02   0.000000E+00   0.000000E+00   0.000000E+00   0.000000E+00   0.243652E-01   0.000000E+00   0.000000E+00   0.000000E+00   0.000000E+00   0.000000E+00   0.000000E+00   0.430245E-01   0.000000E+00   0.000000E+00   0.000000E+00   0.000000E+00   0.000000E+00   0.000000E+00   0.000000E+00   0.000000E+00   0.000000E+00   0.000000E+00   0.000000E+00   0.000000E+00   0.000000E+00   0.000000E+00   0.000000E+00   0.000000E+00   0.000000E+00   0.000000E+00   0.000000E+00   0.443070E+01   0.519623E+05   0.732702E+05   0.786652E+05   0.638114E+05   0.257949E+05   0.176669E+05   0.123252E+05   0.892870E+04   0.565784E+04   0.450192E+03   0.000000E+00   0.000000E+00   0.000000E+00   0.000000E+00   0.000000E+00   0.000000E+00   0.000000E+00   0.000000E+00   0.000000E+00   0.579488E-04   0.467620E-04   0.599662E-05   0.000000E+00   0.000000E+00   0.000000E+00   0.000000E+00   0.466116E-05   0.000000E+00   0.500291E-01   0.526224E+00   0.271763E+01   0.941889E+01   0.400142E+02   0.544591E+02   0.142131E+03   0.341008E+03   0.629276E+03   0.103742E+04   0.152050E+04   0.199630E+04   0.236419E+04   0.253414E+04   0.247865E+04   0.222842E+04   0.184501E+04   0.141210E+04   0.100255E+04   0.662236E+03   0.408105E+03   0.235226E+03   0.127079E+03   0.644687E+02   0.306553E+02   0.154181E+02   0.460699E+01   0.225734E+01   0.831415E+00   0.302664E+00   0.102555E+00   0.335351E-01   0.102726E-01   0.302663E-02   0.842191E-03   0.293803E-03
 0.000000E+00   0.763477E-03   0.255289E-02   0.817736E-02   0.250911E-01   0.737496E-01   0.207657E+00   0.560079E+00   0.144710E+01   0.358163E+01   0.000000E+00   0.000000E+00   0.000000E+00   0.000000E+00   0.171140E+01   0.282293E+01   0.331551E+01   0.662845E+01   0.186736E+02   0.400701E+02   0.905462E+02   0.265036E+03   0.814899E+03   0.157038E+04   0.488952E+04   0.837188E+04   0.147091E+05   0.147035E+05   0.224249E+05   0.160706E+05   0.142468E+04   0.763558E+02   0.000000E+00   0.000000E+00   0.000000E+00   0.000000E+00   0.243652E-01   0.000000E+00   0.000000E+00   0.000000E+00   0.000000E+00   0.000000E+00   0.000000E+00   0.430245E-01   0.000000E+00   0.000000E+00   0.000000E+00   0.000000E+00   0.000000E+00   0.000000E+00   0.000000E+00   0.000000E+00   0.000000E+00   0.000000E+00   0.000000E+00   0.000000E+00   0.000000E+00   0.000000E+00   0.000000E+00   0.000000E+00   0.000000E+00   0.000000E+00   0.000000E+00   0.393222E+01   0.535669E+05   0.719772E+05   0.785936E+05   0.645236E+05   0.266596E+05   0.172761E+05   0.119543E+05   0.868658E+04   0.507467E+04   0.000000E+00   0.000000E+00   0.000000E+00   0.000000E+00   0.000000E+00   0.000000E+00   0.000000E+00   0.000000E+00   0.000000E+00   0.000000E+00   0.579488E-04   0.467620E-04   0.599662E-05   0.000000E+00   0.000000E+00   0.000000E+00   0.000000E+00   0.466116E-05   0.000000E+00   0.519910E-01   0.534729E+00   0.275636E+01   0.946206E+01   0.404729E+02   0.541612E+02   0.142711E+03   0.341423E+03   0.629647E+03   0.103749E+04   0.152012E+04   0.199548E+04   0.236373E+04   0.253342E+04   0.247765E+04   0.222784E+04   0.184490E+04   0.141236E+04   0.100299E+04   0.662720E+03   0.408523E+03   0.235536E+03   0.127284E+03   0.645912E+02   0.307215E+02   0.154572E+02   0.462075E+01   0.226180E+01   0.834425E+00   0.303548E+00   0.102917E+00   0.336531E-01   0.103104E-01   0.303818E-02   0.845451E-03   0.294984E-03
 0.000000E+00   0.763477E-03   0.255289E-02   0.817736E-02   0.250911E-01   0.737496E-01   0.207657E+00   0.560079E+00   0.144710E+01   0.358163E+01   0.000000E+00   0.000000E+00   0.000000E+00   0.000000E+00   0.171140E+01   0.282316E+01   0.331528E+01   0.662845E+01   0.186736E+02   0.400701E+02   0.905462E+02   0.265036E+03   0.814899E+03   0.157038E+04   0.488952E+04   0.837188E+04   0.147091E+05   0.147035E+05   0.225314E+05   0.161675E+05   0.142322E+04   0.760300E+02   0.000000E+00   0.000000E+00   0.000000E+00   0.000000E+00   0.243652E-01   0.000000E+00   0.000000E+00   0.000000E+00   0.000000E+00   0.000000E+00   0.000000E+00   0.430245E-01   0.000000E+00   0.000000E+00   0.000000E+00   0.000000E+00   0.000000E+00   0.000000E+00   0.000000E+00   0.000000E+00   0.000000E+00   0.000000E+00   0.000000E+00   0.000000E+00   0.000000E+00   0.000000E+00   0.000000E+00   0.000000E+00   0.000000E+00   0.000000E+00   0.000000E+00   0.410749E+01   0.536646E+05   0.718378E+05   0.785120E+05   0.650871E+05   0.276171E+05   0.168938E+05   0.115993E+05   0.846274E+04   0.443634E+04   0.000000E+00   0.000000E+00   0.000000E+00   0.000000E+00   0.000000E+00   0.000000E+00   0.000000E+00   0.000000E+00   0.000000E+00   0.000000E+00   0.579488E-04   0.467620E-04   0.599662E-05   0.000000E+00   0.000000E+00   0.000000E+00   0.000000E+00   0.466116E-05   0.000000E+00   0.540477E-01   0.543491E+00   0.279652E+01   0.950731E+01   0.409502E+02   0.538651E+02   0.143349E+03   0.341902E+03   0.630108E+03   0.103766E+04   0.151984E+04   0.199472E+04   0.236279E+04   0.253325E+04   0.247660E+04   0.222716E+04   0.184469E+04   0.141252E+04   0.100337E+04   0.663152E+03   0.408907E+03   0.235826E+03   0.127478E+03   0.647081E+02   0.307851E+02   0.154946E+02   0.463435E+01   0.226617E+01   0.837407E+00   0.304419E+00   0.103275E+00   0.337700E-01   0.103479E-01   0.304966E-02   0.848693E-03   0.296160E-03
 0.000000E+00   0.763477E-03   0.255289E-02   0.817736E-02   0.250911E-01   0.737496E-01   0.207657E+00   0.560079E+00   0.144710E+01   0.358163E+01   0.000000E+00   0.000000E+00   0.000000E+00   0.000000E+00   0.171140E+01   0.282322E+01   0.331521E+01   0.662845E+01   0.186736E+02   0.400701E+02   0.905462E+02   0.265036E+03   0.814899E+03   0.157038E+04   0.488952E+04   0.837188E+04   0.147091E+05   0.147035E+05   0.226363E+05   0.162704E+05   0.142283E+04   0.759433E+02   0.000000E+00   0.000000E+00   0.000000E+00   0.000000E+00   0.243652E-01   0.000000E+00   0.000000E+00   0.000000E+00   0.000000E+00   0.000000E+00   0.000000E+00   0.430245E-01   0.000000E+00   0.000000E+00   0.000000E+00   0.000000E+00   0.000000E+00   0.000000E+00   0.000000E+00   0.000000E+00   0.000000E+00   0.000000E+00   0.000000E+00   0.000000E+00   0.000000E+00   0.000000E+00   0.000000E+00   0.000000E+00   0.000000E+00   0.000000E+00   0.000000E+00   0.418247E+01   0.537622E+05   0.717041E+05   0.784230E+05   0.655326E+05   0.286373E+05   0.165178E+05   0.112609E+05   0.823884E+04   0.382669E+04   0.000000E+00   0.000000E+00   0.000000E+00   0.000000E+00   0.000000E+00   0.000000E+00   0.000000E+00   0.000000E+00   0.000000E+00   0.000000E+00   0.579488E-04   0.467620E-04   0.599662E-05   0.000000E+00   0.000000E+00   0.000000E+00   0.000000E+00   0.466116E-05   0.000000E+00   0.561892E-01   0.552454E+00   0.283781E+01   0.955425E+01   0.414402E+02   0.535714E+02   0.144025E+03   0.342424E+03   0.630631E+03   0.103791E+04   0.151962E+04   0.199400E+04   0.236175E+04   0.253297E+04   0.247576E+04   0.222641E+04   0.184441E+04   0.141262E+04   0.100369E+04   0.663548E+03   0.409267E+03   0.236103E+03   0.127664E+03   0.648213E+02   0.308470E+02   0.155309E+02   0.464788E+01   0.227047E+01   0.840373E+00   0.305283E+00   0.103632E+00   0.338863E-01   0.103853E-01   0.306109E-02   0.851924E-03   0.297332E-03
 0.000000E+00   0.763477E-03   0.255289E-02   0.817736E-02   0.250911E-01   0.737496E-01   0.207657E+00   0.560079E+00   0.144710E+01   0.358163E+01   0.000000E+00   0.000000E+00   0.000000E+00   0.000000E+00   0.171140E+01   0.282328E+01   0.331516E+01   0.662845E+01   0.186736E+02   0.400701E+02   0.905462E+02   0.265036E+03   0.814899E+03   0.157038E+04   0.488952E+04   0.837188E+04   0.147091E+05   0.147035E+05   0.227423E+05   0.163751E+05   0.142253E+04   0.758773E+02   0.000000E+00   0.000000E+00   0.000000E+00   0.000000E+00   0.243652E-01   0.000000E+00   0.000000E+00   0.000000E+00   0.000000E+00   0.000000E+00   0.000000E+00   0.430245E-01   0.000000E+00   0.000000E+00   0.000000E+00   0.000000E+00   0.000000E+00   0.000000E+00   0.000000E+00   0.000000E+00   0.000000E+00   0.000000E+00   0.000000E+00   0.000000E+00   0.000000E+00   0.000000E+00   0.000000E+00   0.000000E+00   0.000000E+00   0.000000E+00   0.000000E+00   0.422374E+01   0.538619E+05   0.715743E+05   0.783290E+05   0.658760E+05   0.297004E+05   0.161499E+05   0.109414E+05   0.800233E+04   0.325784E+04   0.000000E+00   0.000000E+00   0.000000E+00   0.000000E+00   0.000000E+00   0.000000E+00   0.000000E+00   0.000000E+00   0.000000E+00   0.000000E+00   0.579488E-04   0.467620E-04   0.599662E-05   0.000000E+00   0.000000E+00   0.000000E+00   0.000000E+00   0.466116E-05   0.000000E+00   0.584022E-01   0.561551E+00   0.287984E+01   0.960251E+01   0.419350E+02   0.532806E+02   0.144716E+03   0.342964E+03   0.631177E+03   0.103818E+04   0.151942E+04   0.199329E+04   0.236072E+04   0.253256E+04   0.247505E+04   0.222563E+04   0.184410E+04   0.141270E+04   0.100400E+04   0.663929E+03   0.409619E+03   0.236374E+03   0.127848E+03   0.649329E+02   0.309082E+02   0.155668E+02   0.466140E+01   0.227473E+01   0.843337E+00   0.306142E+00   0.103989E+00   0.340022E-01   0.104226E-01   0.307251E-02   0.855154E-03   0.298505E-03
 0.000000E+00   0.763477E-03   0.255289E-02   0.817736E-02   0.250911E-01   0.737496E-01   0.207657E+00   0.560079E+00   0.144710E+01   0.358163E+01   0.000000E+00   0.000000E+00   0.000000E+00   0.000000E+00   0.171140E+01   0.282333E+01   0.331511E+01   0.662845E+01   0.186736E+02   0.400701E+02   0.905462E+02   0.265036E+03   0.814899E+03   0.157038E+04   0.488952E+04   0.837188E+04   0.147091E+05   0.147035E+05   0.228489E+05   0.164807E+05   0.142224E+04   0.758152E+02   0.000000E+00   0.000000E+00   0.000000E+00   0.000000E+00   0.243652E-01   0.000000E+00   0.000000E+00   0.000000E+00   0.000000E+00   0.000000E+00   0.000000E+00   0.430245E-01   0.000000E+00   0.000000E+00   0.000000E+00   0.000000E+00   0.000000E+00   0.000000E+00   0.000000E+00   0.000000E+00   0.000000E+00   0.000000E+00   0.000000E+00   0.000000E+00   0.000000E+00   0.000000E+00   0.000000E+00   0.000000E+00   0.000000E+00   0.000000E+00   0.000000E+00   0.425417E+01   0.539635E+05   0.714490E+05   0.782314E+05   0.661317E+05   0.307906E+05   0.157919E+05   0.106420E+05   0.774885E+04   0.273207E+04   0.000000E+00   0.000000E+00   0.000000E+00   0.000000E+00   0.000000E+00   0.000000E+00   0.000000E+00   0.000000E+00   0.000000E+00   0.000000E+00   0.579488E-04   0.467620E-04   0.599662E-05   0.000000E+00   0.000000E+00   0.000000E+00   0.000000E+00   0.466116E-05   0.000000E+00   0.606868E-01   0.570782E+00   0.292256E+01   0.965217E+01   0.424329E+02   0.529923E+02   0.145416E+03   0.343515E+03   0.631739E+03   0.103846E+04   0.151923E+04   0.199260E+04   0.235968E+04   0.253206E+04   0.247444E+04   0.222484E+04   0.184376E+04   0.141275E+04   0.100429E+04   0.664301E+03   0.409964E+03   0.236641E+03   0.128029E+03   0.650436E+02   0.309690E+02   0.156024E+02   0.467489E+01   0.227896E+01   0.846300E+00   0.306997E+00   0.104345E+00   0.341179E-01   0.104599E-01   0.308392E-02   0.858383E-03   0.299678E-03
 0.000000E+00   0.763477E-03   0.255289E-02   0.817736E-02   0.250911E-01   0.737496E-01   0.207657E+00   0.560079E+00   0.144710E+01   0.358163E+01   0.000000E+00   0.000000E+00   0.000000E+00   0.000000E+00   0.171140E+01   0.282338E+01   0.331506E+01   0.662845E+01   0.186736E+02   0.400701E+02   0.905462E+02   0.265036E+03   0.814899E+03   0.157038E+04   0.488952E+04   0.837188E+04   0.147091E+05   0.147035E+05   0.229561E+05   0.165873E+05   0.142197E+04   0.757557E+02   0.000000E+00   0.000000E+00   0.000000E+00   0.000000E+00   0.243652E-01   0.000000E+00   0.000000E+00   0.000000E+00   0.000000E+00   0.000000E+00   0.000000E+00   0.430245E-01   0.000000E+00   0.000000E+00   0.000000E+00   0.000000E+00   0.000000E+00   0.000000E+00   0.000000E+00   0.000000E+00   0.000000E+00   0.000000E+00   0.000000E+00   0.000000E+00   0.000000E+00   0.000000E+00   0.000000E+00   0.000000E+00   0.000000E+00   0.000000E+00   0.000000E+00   0.428037E+01   0.540666E+05   0.713284E+05   0.781315E+05   0.663122E+05   0.318936E+05   0.154464E+05   0.103626E+05   0.747600E+04   0.225052E+04   0.000000E+00   0.000000E+00   0.000000E+00   0.000000E+00   0.000000E+00   0.000000E+00   0.000000E+00   0.000000E+00   0.000000E+00   0.000000E+00   0.579488E-04   0.467620E-04   0.599662E-05   0.000000E+00   0.000000E+00   0.000000E+00   0.000000E+00   0.466116E-05   0.000000E+00   0.630443E-01   0.580152E+00   0.296591E+01   0.970335E+01   0.429333E+02   0.527068E+02   0.146125E+03   0.344077E+03   0.632315E+03   0.103876E+04   0.151906E+04   0.199192E+04   0.235865E+04   0.253148E+04   0.247390E+04   0.222402E+04   0.184342E+04   0.141279E+04   0.100457E+04   0.664664E+03   0.410303E+03   0.236905E+03   0.128209E+03   0.651535E+02   0.310294E+02   0.156378E+02   0.468837E+01   0.228314E+01   0.849262E+00   0.307848E+00   0.104702E+00   0.342334E-01   0.104973E-01   0.309532E-02   0.861613E-03   0.300851E-03
 0.000000E+00   0.763477E-03   0.255289E-02   0.817736E-02   0.250911E-01   0.737496E-01   0.207657E+00   0.560079E+00   0.144710E+01   0.358163E+01   0.000000E+00   0.000000E+00   0.000000E+00   0.000000E+00   0.171140E+01   0.282342E+01   0.331501E+01   0.662845E+01   0.186736E+02   0.400701E+02   0.905462E+02   0.265036E+03   0.814899E+03   0.157038E+04   0.488952E+04   0.837188E+04   0.147091E+05   0.147035E+05   0.230636E+05   0.166947E+05   0.142171E+04   0.756985E+02   0.000000E+00   0.000000E+00   0.000000E+00   0.000000E+00   0.243652E-01   0.000000E+00   0.000000E+00   0.000000E+00   0.000000E+00   0.000000E+00   0.000000E+00   0.430245E-01   0.000000E+00   0.000000E+00   0.000000E+00   0.000000E+00   0.000000E+00   0.000000E+00   0.000000E+00   0.000000E+00   0.000000E+00   0.000000E+00   0.000000E+00   0.000000E+00   0.000000E+00   0.000000E+00   0.000000E+00   0.000000E+00   0.000000E+00   0.000000E+00   0.000000E+00   0.430423E+01   0.541710E+05   0.712122E+05   0.780299E+05   0.664287E+05   0.329957E+05   0.151172E+05   0.101019E+05   0.718231E+04   0.181412E+04   0.000000E+00   0.000000E+00   0.000000E+00   0.000000E+00   0.000000E+00   0.000000E+00   0.000000E+00   0.000000E+00   0.000000E+00   0.000000E+00   0.579488E-04   0.467620E-04   0.599662E-05   0.000000E+00   0.000000E+00   0.000000E+00   0.000000E+00   0.466116E-05   0.000000E+00   0.654757E-01   0.589666E+00   0.300987E+01   0.975618E+01   0.434357E+02   0.524241E+02   0.146840E+03   0.344648E+03   0.632903E+03   0.103908E+04   0.151891E+04   0.199124E+04   0.235762E+04   0.253082E+04   0.247344E+04   0.222320E+04   0.184306E+04   0.141282E+04   0.100484E+04   0.665020E+03   0.410638E+03   0.237166E+03   0.128387E+03   0.652626E+02   0.310894E+02   0.156730E+02   0.470184E+01   0.228729E+01   0.852223E+00   0.308696E+00   0.105058E+00   0.343486E-01   0.105346E-01   0.310672E-02   0.864842E-03   0.302025E-03
 0.000000E+00   0.763477E-03   0.255289E-02   0.817736E-02   0.250911E-01   0.737496E-01   0.207657E+00   0.560079E+00   0.144710E+01   0.358163E+01   0.000000E+00   0.000000E+00   0.000000E+00   0.000000E+00   0.171140E+01   0.282347E+01   0.331497E+01   0.662845E+01   0.186736E+02   0.400701E+02   0.905462E+02   0.265036E+03   0.814899E+03   0.157038E+04   0.488952E+04   0.837188E+04   0.147091E+05   0.147035E+05   0.231714E+05   0.168029E+05   0.142146E+04   0.756428E+02   0.000000E+00   0.000000E+00   0.000000E+00   0.000000E+00   0.243652E-01   0.000000E+00   0.000000E+00   0.000000E+00   0.000000E+00   0.000000E+00   0.000000E+00   0.430245E-01   0.000000E+00   0.000000E+00   0.000000E+00   0.000000E+00   0.000000E+00   0.000000E+00   0.000000E+00   0.000000E+00   0.000000E+00   0.000000E+00   0.000000E+00   0.000000E+00   0.000000E+00   0.000000E+00   0.000000E+00   0.000000E+00   0.000000E+00   0.000000E+00   0.000000E+00   0.432633E+01   0.542766E+05   0.711006E+05   0.779274E+05   0.664907E+05   0.340819E+05   0.148111E+05   0.985817E+04   0.686712E+04   0.142367E+04   0.000000E+00   0.000000E+00   0.000000E+00   0.000000E+00   0.000000E+00   0.000000E+00   0.000000E+00   0.000000E+00   0.000000E+00   0.000000E+00   0.579488E-04   0.467620E-04   0.599662E-05   0.000000E+00   0.000000E+00   0.000000E+00   0.000000E+00   0.466116E-05   0.000000E+00   0.679821E-01   0.599333E+00   0.305441E+01   0.981080E+01   0.439398E+02   0.521445E+02   0.147562E+03   0.345229E+03   0.633503E+03   0.103940E+04   0.151876E+04   0.199057E+04   0.235659E+04   0.253010E+04   0.247304E+04   0.222236E+04   0.184268E+04   0.141284E+04   0.100510E+04   0.665368E+03   0.410968E+03   0.237425E+03   0.128564E+03   0.653709E+02   0.311492E+02   0.157081E+02   0.471529E+01   0.229140E+01   0.855184E+00   0.309539E+00   0.105414E+00   0.344637E-01   0.105719E-01   0.311811E-02   0.868072E-03   0.303200E-03
 0.000000E+00   0.763477E-03   0.255289E-02   0.817736E-02   0.250911E-01   0.737496E-01   0.207657E+00   0.560079E+00   0.144710E+01   0.358163E+01   0.000000E+00   0.000000E+00   0.000000E+00   0.000000E+00   0.171140E+01   0.282351E+01   0.331492E+01   0.662845E+01   0.186736E+02   0.400701E+02   0.905462E+02   0.265036E+03   0.814899E+03   0.157038E+04   0.488952E+04   0.837188E+04   0.147091E+05   0.147035E+05   0.232795E+05   0.169120E+05   0.142120E+04   0.755866E+02   0.000000E+00   0.000000E+00   0.000000E+00   0.000000E+00   0.243652E-01   0.000000E+00   0.000000E+00   0.000000E+00   0.000000E+00   0.000000E+00   0.000000E+00   0.430245E-01   0.000000E+00   0.000000E+00   0.000000E+00   0.000000E+00   0.000000E+00   0.000000E+00   0.000000E+00   0.000000E+00   0.000000E+00   0.000000E+00   0.000000E+00   0.000000E+00   0.000000E+00   0.000000E+00   0.000000E+00   0.000000E+00   0.000000E+00   0.000000E+00   0.000000E+00   0.434688E+01   0.543834E+05   0.709932E+05   0.778245E+05   0.665072E+05   0.351312E+05   0.145383E+05   0.963247E+04   0.653029E+04   0.107981E+04   0.000000E+00   0.000000E+00   0.000000E+00   0.000000E+00   0.000000E+00   0.000000E+00   0.000000E+00   0.000000E+00   0.000000E+00   0.000000E+00   0.579488E-04   0.467620E-04   0.599662E-05   0.000000E+00   0.000000E+00   0.000000E+00   0.000000E+00   0.466116E-05   0.000000E+00   0.705648E-01   0.609162E+00   0.309947E+01   0.986735E+01   0.444452E+02   0.518682E+02   0.148292E+03   0.345818E+03   0.634115E+03   0.103974E+04   0.151863E+04   0.198991E+04   0.235556E+04   0.252931E+04   0.247271E+04   0.222150E+04   0.184229E+04   0.141284E+04   0.100534E+04   0.665709E+03   0.411293E+03   0.237680E+03   0.128739E+03   0.654785E+02   0.312086E+02   0.157429E+02   0.472872E+01   0.229548E+01   0.858144E+00   0.310380E+00   0.105771E+00   0.345785E-01   0.106092E-01   0.312950E-02   0.871302E-03   0.304375E-03
 0.000000E+00   0.763477E-03   0.255289E-02   0.817736E-02   0.250911E-01   0.737496E-01   0.207657E+00   0.560079E+00   0.144710E+01   0.358163E+01   0.000000E+00   0.000000E+00   0.000000E+00   0.000000E+00   0.171140E+01   0.282356E+01   0.331487E+01   0.662845E+01   0.186736E+02   0.400701E+02   0.905462E+02   0.265036E+03   0.814899E+03   0.157038E+04   0.488952E+04   0.837188E+04   0.147091E+05   0.147035E+05   0.233877E+05   0.170219E+05   0.142093E+04   0.755278E+02   0.000000E+00   0.000000E+00   0.000000E+00   0.000000E+00   0.243652E-01   0.000000E+00   0.000000E+00   0.000000E+00   0.000000E+00   0.000000E+00   0.000000E+00   0.430245E-01   0.000000E+00   0.000000E+00   0.000000E+00   0.000000E+00   0.000000E+00   0.000000E+00   0.000000E+00   0.000000E+00   0.000000E+00   0.000000E+00   0.000000E+00   0.000000E+00   0.000000E+00   0.000000E+00   0.000000E+00   0.000000E+00   0.000000E+00   0.000000E+00   0.000000E+00   0.436603E+01   0.544911E+05   0.708902E+05   0.777217E+05   0.664866E+05   0.361026E+05   0.143360E+05   0.941927E+04   0.617213E+04   0.783070E+03   0.000000E+00   0.000000E+00   0.000000E+00   0.000000E+00   0.000000E+00   0.000000E+00   0.000000E+00   0.000000E+00   0.000000E+00   0.000000E+00   0.579488E-04   0.467620E-04   0.599662E-05   0.000000E+00   0.000000E+00   0.000000E+00   0.000000E+00   0.466116E-05   0.000000E+00   0.732257E-01   0.619165E+00   0.314506E+01   0.992600E+01   0.449518E+02   0.515953E+02   0.149027E+03   0.346417E+03   0.634740E+03   0.104010E+04   0.151850E+04   0.198926E+04   0.235453E+04   0.252845E+04   0.247246E+04   0.222063E+04   0.184188E+04   0.141283E+04   0.100558E+04   0.666042E+03   0.411614E+03   0.237933E+03   0.128913E+03   0.655854E+02   0.312677E+02   0.157776E+02   0.474213E+01   0.229952E+01   0.861103E+00   0.311216E+00   0.106127E+00   0.346931E-01   0.106465E-01   0.314088E-02   0.874533E-03   0.305550E-03
 0.000000E+00   0.763477E-03   0.255289E-02   0.817736E-02   0.250911E-01   0.737496E-01   0.207657E+00   0.560079E+00   0.144710E+01   0.358163E+01   0.000000E+00   0.000000E+00   0.000000E+00   0.000000E+00   0.171140E+01   0.282362E+01   0.331481E+01   0.662845E+01   0.186736E+02   0.400701E+02   0.905462E+02   0.265036E+03   0.814899E+03   0.157038E+04   0.488952E+04   0.837188E+04   0.147091E+05   0.147035E+05   0.234964E+05   0.171324E+05   0.142060E+04   0.754547E+02   0.000000E+00   0.000000E+00   0.000000E+00   0.000000E+00   0.243652E-01   0.000000E+00   0.000000E+00   0.000000E+00   0.000000E+00   0.000000E+00   0.000000E+00   0.430245E-01   0.000000E+00   0.000000E+00   0.000000E+00   0.000000E+00   0.000000E+00   0.000000E+00   0.000000E+00   0.000000E+00   0.000000E+00   0.000000E+00   0.000000E+00   0.000000E+00   0.000000E+00   0.000000E+00   0.000000E+00   0.000000E+00   0.000000E+00   0.000000E+00   0.000000E+00   0.438435E+01   0.545997E+05   0.707913E+05   0.776193E+05   0.664381E+05   0.368937E+05   0.143003E+05   0.921460E+04   0.579319E+04   0.533779E+03   0.000000E+00   0.000000E+00   0.000000E+00   0.000000E+00   0.000000E+00   0.000000E+00   0.000000E+00   0.000000E+00   0.000000E+00   0.000000E+00   0.579488E-04   0.467620E-04   0.599662E-05   0.000000E+00   0.000000E+00   0.000000E+00   0.000000E+00   0.466116E-05   0.000000E+00   0.759682E-01   0.629364E+00   0.319117E+01   0.998699E+01   0.454600E+02   0.513258E+02   0.149771E+03   0.347027E+03   0.635378E+03   0.104046E+04   0.151839E+04   0.198861E+04   0.235351E+04   0.252751E+04   0.247228E+04   0.221975E+04   0.184146E+04   0.141281E+04   0.100581E+04   0.666367E+03   0.411929E+03   0.238183E+03   0.129085E+03   0.656913E+02   0.313264E+02   0.158120E+02   0.475551E+01   0.230352E+01   0.864058E+00   0.312049E+00   0.106483E+00   0.348073E-01   0.106837E-01   0.315224E-02   0.877762E-03   0.306726E-03
 0.000000E+00   0.763477E-03   0.255289E-02   0.817736E-02   0.250911E-01   0.737496E-01   0.207657E+00   0.560079E+00   0.144710E+01   0.358163E+01   0.000000E+00   0.000000E+00   0.000000E+00   0.000000E+00   0.171140E+01   0.282369E+01   0.331474E+01   0.662845E+01   0.186736E+02   0.400701E+02   0.905462E+02   0.265036E+03   0.814899E+03   0.157038E+04   0.488952E+04   0.837188E+04   0.147091E+05   0.147035E+05   0.236036E+05   0.172400E+05   0.142020E+04   0.753684E+02   0.000000E+00   0.000000E+00   0.000000E+00   0.000000E+00   0.243652E-01   0.000000E+00   0.000000E+00   0.000000E+00   0.000000E+00   0.000000E+00   0.000000E+00   0.430245E-01   0.000000E+00   0.000000E+00   0.000000E+00   0.000000E+00   0.000000E+00   0.000000E+00   0.000000E+00   0.000000E+00   0.000000E+00   0.000000E+00   0.000000E+00   0.000000E+00   0.000000E+00   0.000000E+00   0.000000E+00   0.603873E+02   0.312005E+03   0.000000E+00   0.000000E+00   0.393970E+01   0.547063E+05   0.706990E+05   0.775200E+05   0.663750E+05   0.373756E+05   0.145504E+05   0.901640E+04   0.535485E+04   0.000000E+00   0.000000E+00   0.000000E+00   0.000000E+00   0.000000E+00   0.000000E+00   0.000000E+00   0.000000E+00   0.000000E+00   0.000000E+00   0.000000E+00   0.579488E-04   0.467620E-04   0.599662E-05   0.000000E+00   0.000000E+00   0.000000E+00   0.000000E+00   0.466116E-05   0.000000E+00   0.787991E-01   0.639794E+00   0.323789E+01   0.100507E+02   0.459668E+02   0.510537E+02   0.150503E+03   0.347625E+03   0.635998E+03   0.104081E+04   0.151827E+04   0.198796E+04   0.235248E+04   0.252667E+04   0.247201E+04   0.221889E+04   0.184106E+04   0.141280E+04   0.100605E+04   0.666702E+03   0.412249E+03   0.238436E+03   0.129259E+03   0.657983E+02   0.313856E+02   0.158470E+02   0.476880E+01   0.230748E+01   0.867006E+00   0.312876E+00   0.106838E+00   0.349212E-01   0.107209E-01   0.316359E-02   0.880987E-03   0.307900E-03
 0.000000E+00   0.763477E-03   0.255289E-02   0.817736E-02   0.250911E-01   0.737496E-01   0.207657E+00   0.560079E+00   0.144710E+01   0.358163E+01   0.000000E+00   0.000000E+00   0.000000E+00   0.000000E+00   0.171140E+01   0.282373E+01   0.331470E+01   0.662845E+01   0.186736E+02   0.400701E+02   0.905462E+02   0.265036E+03   0.814899E+03   0.157038E+04   0.488952E+04   0.837188E+04   0.147091E+05   0.147035E+05   0.237045E+05   0.173466E+05   0.141996E+04   0.753150E+02   0.000000E+00   0.000000E+00   0.000000E+00   0.000000E+00   0.243652E-01   0.000000E+00   0.000000E+00   0.000000E+00   0.000000E+00   0.000000E+00   0.000000E+00   0.430245E-01   0.000000E+00   0.000000E+00   0.000000E+00   0.000000E+00   0.000000E+00   0.000000E+00   0.000000E+00   0.000000E+00   0.000000E+00   0.000000E+00   0.000000E+00   0.000000E+00   0.000000E+00   0.000000E+00   0.000000E+00   0.290943E+03   0.814494E+02   0.000000E+00   0.000000E+00   0.428610E+01   0.548103E+05   0.706134E+05   0.774247E+05   0.663065E+05   0.376845E+05   0.149427E+05   0.883489E+04   0.477298E+04   0.000000E+00   0.000000E+00   0.000000E+00   0.000000E+00   0.000000E+00   0.000000E+00   0.000000E+00   0.000000E+00   0.000000E+00   0.000000E+00   0.000000E+00   0.579488E-04   0.467620E-04   0.599662E-05   0.000000E+00   0.000000E+00   0.000000E+00   0.000000E+00   0.466116E-05   0.000000E+00   0.817152E-01   0.650450E+00   0.328510E+01   0.101172E+02   0.464693E+02   0.507789E+02   0.151216E+03   0.348204E+03   0.636590E+03   0.104113E+04   0.151811E+04   0.198728E+04   0.235145E+04   0.252598E+04   0.247159E+04   0.221805E+04   0.184069E+04   0.141282E+04   0.100631E+04   0.667052E+03   0.412580E+03   0.238695E+03   0.129436E+03   0.659069E+02   0.314457E+02   0.158828E+02   0.478199E+01   0.231140E+01   0.869950E+00   0.313699E+00   0.107193E+00   0.350348E-01   0.107581E-01   0.317492E-02   0.884211E-03   0.309075E-03
 0.000000E+00   0.763477E-03   0.255289E-02   0.817736E-02   0.250911E-01   0.737496E-01   0.207657E+00   0.560079E+00   0.144710E+01   0.358163E+01   0.000000E+00   0.000000E+00   0.000000E+00   0.000000E+00   0.171140E+01   0.282376E+01   0.331467E+01   0.662845E+01   0.186736E+02   0.400701E+02   0.905462E+02   0.265036E+03   0.814899E+03   0.157038E+04   0.488952E+04   0.837188E+04   0.147091E+05   0.147035E+05   0.238101E+05   0.174586E+05   0.141979E+04   0.752789E+02   0.000000E+00   0.000000E+00   0.000000E+00   0.000000E+00   0.243652E-01   0.000000E+00   0.000000E+00   0.000000E+00   0.000000E+00   0.000000E+00   0.000000E+00   0.430245E-01   0.000000E+00   0.000000E+00   0.000000E+00   0.000000E+00   0.000000E+00   0.000000E+00   0.000000E+00   0.000000E+00   0.000000E+00   0.000000E+00   0.000000E+00   0.000000E+00   0.000000E+00   0.000000E+00   0.100173E+03   0.272220E+03   0.000000E+00   0.000000E+00   0.000000E+00   0.439280E+01   0.549192E+05   0.705275E+05   0.773260E+05   0.662299E+05   0.379141E+05   0.153811E+05   0.866229E+04   0.421241E+04   0.000000E+00   0.000000E+00   0.000000E+00   0.000000E+00   0.000000E+00   0.000000E+00   0.000000E+00   0.000000E+00   0.000000E+00   0.000000E+00   0.000000E+00   0.579488E-04   0.467620E-04   0.599662E-05   0.000000E+00   0.000000E+00   0.000000E+00   0.000000E+00   0.466116E-05   0.000000E+00   0.847091E-01   0.661312E+00   0.333258E+01   0.101864E+02   0.469782E+02   0.505166E+02   0.151970E+03   0.348830E+03   0.637249E+03   0.104152E+04   0.151802E+04   0.198665E+04   0.235043E+04   0.252492E+04   0.247152E+04   0.221715E+04   0.184025E+04   0.141277E+04   0.100651E+04   0.667363E+03   0.412886E+03   0.238939E+03   0.129605E+03   0.660115E+02   0.315038E+02   0.159171E+02   0.479523E+01   0.231530E+01   0.872894E+00   0.314519E+00   0.107548E+00   0.351482E-01   0.107953E-01   0.318625E-02   0.887437E-03   0.310250E-03
 0.000000E+00   0.763477E-03   0.255289E-02   0.817736E-02   0.250911E-01   0.737496E-01   0.207657E+00   0.560079E+00   0.144710E+01   0.358163E+01   0.000000E+00   0.000000E+00   0.000000E+00   0.000000E+00   0.171140E+01   0.282379E+01   0.331465E+01   0.662845E+01   0.186736E+02   0.400701E+02   0.905462E+02   0.265036E+03   0.814899E+03   0.157038E+04   0.488952E+04   0.837188E+04   0.147091E+05   0.147035E+05   0.239168E+05   0.175728E+05   0.141965E+04   0.752463E+02   0.000000E+00   0.000000E+00   0.000000E+00   0.000000E+00   0.243652E-01   0.000000E+00   0.000000E+00   0.000000E+00   0.000000E+00   0.000000E+00   0.000000E+00   0.430245E-01   0.000000E+00   0.000000E+00   0.000000E+00   0.000000E+00   0.000000E+00   0.000000E+00   0.000000E+00   0.000000E+00   0.000000E+00   0.000000E+00   0.000000E+00   0.000000E+00   0.000000E+00   0.164415E+02   0.247180E+03   0.108770E+03   0.000000E+00   0.000000E+00   0.000000E+00   0.443263E+01   0.550297E+05   0.704442E+05   0.772270E+05   0.661479E+05   0.380799E+05   0.158505E+05   0.848619E+04   0.368626E+04   0.000000E+00   0.000000E+00   0.000000E+00   0.000000E+00   0.000000E+00   0.000000E+00   0.000000E+00   0.000000E+00   0.000000E+00   0.000000E+00   0.000000E+00   0.579488E-04   0.467620E-04   0.599662E-05   0.000000E+00   0.000000E+00   0.000000E+00   0.000000E+00   0.466116E-05   0.000000E+00   0.877789E-01   0.672386E+00   0.338028E+01   0.102583E+02   0.474872E+02   0.502617E+02   0.152738E+03   0.349474E+03   0.637930E+03   0.104193E+04   0.151795E+04   0.198603E+04   0.234941E+04   0.252380E+04   0.247146E+04   0.221629E+04   0.183978E+04   0.141270E+04   0.100670E+04   0.667661E+03   0.413184E+03   0.239178E+03   0.129772E+03   0.661147E+02   0.315613E+02   0.159510E+02   0.480848E+01   0.231917E+01   0.875841E+00   0.315337E+00   0.107903E+00   0.352616E-01   0.108325E-01   0.319759E-02   0.890666E-03   0.311427E-03
 0.000000E+00   0.763477E-03   0.255289E-02   0.817736E-02   0.250911E-01   0.737496E-01   0.207657E+00   0.560079E+00   0.144710E+01   0.358163E+01   0.000000E+00   0.000000E+00   0.000000E+00   0.000000E+00   0.171140E+01   0.282381E+01   0.331462E+01   0.662845E+01   0.186736E+02   0.400701E+02   0.905462E+02   0.265036E+03   0.814899E+03   0.157038E+04   0.488952E+04   0.837188E+04   0.147091E+05   0.147035E+05   0.240237E+05   0.176883E+05   0.141950E+04   0.752153E+02   0.000000E+00   0.000000E+00   0.000000E+00   0.000000E+00   0.243652E-01   0.000000E+00   0.000000E+00   0.000000E+00   0.000000E+00   0.000000E+00   0.000000E+00   0.430245E-01   0.000000E+00   0.000000E+00   0.000000E+00   0.000000E+00   0.000000E+00   0.000000E+00   0.000000E+00   0.000000E+00   0.000000E+00   0.000000E+00   0.000000E+00   0.000000E+00   0.000000E+00   0.136516E+03   0.223163E+03   0.127128E+02   0.000000E+00   0.000000E+00   0.000000E+00   0.445330E+01   0.551410E+05   0.703642E+05   0.771286E+05   0.660618E+05   0.381917E+05   0.163417E+05   0.830140E+04   0.319923E+04   0.000000E+00   0.000000E+00   0.000000E+00   0.000000E+00   0.000000E+00   0.000000E+00   0.000000E+00   0.000000E+00   0.000000E+00   0.000000E+00   0.000000E+00   0.579488E-04   0.467620E-04   0.599662E-05   0.000000E+00   0.000000E+00   0.000000E+00   0.000000E+00   0.466116E-05   0.000000E+00   0.909242E-01   0.683682E+00   0.342812E+01   0.103331E+02   0.479946E+02   0.500126E+02   0.153511E+03   0.350126E+03   0.638623E+03   0.104236E+04   0.151789E+04   0.198542E+04   0.234839E+04   0.252267E+04   0.247133E+04   0.221548E+04   0.183929E+04   0.141262E+04   0.100688E+04   0.667952E+03   0.413477E+03   0.239415E+03   0.129937E+03   0.662172E+02   0.316185E+02   0.159847E+02   0.482174E+01   0.232301E+01   0.878791E+00   0.316153E+00   0.108259E+00   0.353748E-01   0.108698E-01   0.320893E-02   0.893898E-03   0.312605E-03
 0.000000E+00   0.763477E-03   0.255289E-02   0.817736E-02   0.250911E-01   0.737496E-01   0.207657E+00   0.560079E+00   0.144710E+01   0.358163E+01   0.000000E+00   0.000000E+00   0.000000E+00   0.000000E+00   0.171140E+01   0.282384E+01   0.331460E+01   0.662845E+01   0.186736E+02   0.400701E+02   0.905462E+02   0.265036E+03   0.814899E+03   0.157038E+04   0.488952E+04   0.837188E+04   0.147091E+05   0.147035E+05   0.241304E+05   0.178048E+05   0.141937E+04   0.751855E+02   0.000000E+00   0.000000E+00   0.000000E+00   0.000000E+00   0.243652E-01   0.000000E+00   0.000000E+00   0.000000E+00   0.000000E+00   0.000000E+00   0.000000E+00   0.430245E-01   0.000000E+00   0.000000E+00   0.000000E+00   0.000000E+00   0.000000E+00   0.000000E+00   0.000000E+00   0.000000E+00   0.000000E+00   0.000000E+00   0.000000E+00   0.000000E+00   0.564166E+02   0.223162E+03   0.928139E+02   0.000000E+00   0.000000E+00   0.000000E+00   0.000000E+00   0.446783E+01   0.552527E+05   0.702876E+05   0.770310E+05   0.659725E+05   0.382577E+05   0.168447E+05   0.810895E+04   0.275141E+04   0.000000E+00   0.000000E+00   0.000000E+00   0.000000E+00   0.000000E+00   0.000000E+00   0.000000E+00   0.000000E+00   0.000000E+00   0.000000E+00   0.000000E+00   0.579488E-04   0.467620E-04   0.599662E-05   0.000000E+00   0.000000E+00   0.000000E+00   0.000000E+00   0.466116E-05   0.000000E+00   0.941445E-01   0.695212E+00   0.347608E+01   0.104108E+02   0.484996E+02   0.497693E+02   0.154288E+03   0.350784E+03   0.639323E+03   0.104280E+04   0.151784E+04   0.198481E+04   0.234737E+04   0.252154E+04   0.247116E+04   0.221470E+04   0.183880E+04   0.141253E+04   0.100705E+04   0.668239E+03   0.413766E+03   0.239649E+03   0.130101E+03   0.663192E+02   0.316755E+02   0.160182E+02   0.483501E+01   0.232683E+01   0.881744E+00   0.316967E+00   0.108615E+00   0.354880E-01   0.109071E-01   0.322027E-02   0.897133E-03   0.313785E-03
 0.000000E+00   0.763477E-03   0.255289E-02   0.817736E-02   0.250911E-01   0.737496E-01   0.207657E+00   0.560079E+00   0.144710E+01   0.358163E+01   0.000000E+00   0.000000E+00   0.000000E+00   0.000000E+00   0.171140E+01   0.282386E+01   0.331457E+01   0.662845E+01   0.186736E+02   0.400701E+02   0.905462E+02   0.265036E+03   0.814899E+03   0.157038E+04   0.488952E+04   0.837188E+04   0.147091E+05   0.147035E+05   0.242368E+05   0.179222E+05   0.141923E+04   0.751560E+02   0.000000E+00   0.000000E+00   0.000000E+00   0.000000E+00   0.243652E-01   0.000000E+00   0.000000E+00   0.000000E+00   0.000000E+00   0.000000E+00   0.000000E+00   0.430245E-01   0.000000E+00   0.000000E+00   0.000000E+00   0.000000E+00   0.000000E+00   0.000000E+00   0.000000E+00   0.000000E+00   0.000000E+00   0.000000E+00   0.000000E+00   0.188546E+02   0.171530E+03   0.172913E+03   0.909454E+01   0.000000E+00   0.000000E+00   0.000000E+00   0.000000E+00   0.447921E+01   0.553647E+05   0.702144E+05   0.769342E+05   0.658803E+05   0.382854E+05   0.173463E+05   0.791483E+04   0.234251E+04   0.000000E+00   0.000000E+00   0.000000E+00   0.000000E+00   0.000000E+00   0.000000E+00   0.000000E+00   0.000000E+00   0.000000E+00   0.000000E+00   0.000000E+00   0.579488E-04   0.467620E-04   0.599662E-05   0.000000E+00   0.000000E+00   0.000000E+00   0.000000E+00   0.466116E-05   0.000000E+00   0.974396E-01   0.706989E+00   0.352411E+01   0.104917E+02   0.490018E+02   0.495317E+02   0.155068E+03   0.351448E+03   0.640030E+03   0.104324E+04   0.151780E+04   0.198421E+04   0.234635E+04   0.252041E+04   0.247096E+04   0.221396E+04   0.183830E+04   0.141243E+04   0.100722E+04   0.668521E+03   0.414054E+03   0.239882E+03   0.130264E+03   0.664208E+02   0.317323E+02   0.160517E+02   0.484828E+01   0.233063E+01   0.884699E+00   0.317779E+00   0.108972E+00   0.356011E-01   0.109444E-01   0.323162E-02   0.900373E-03   0.314967E-03
 0.000000E+00   0.763477E-03   0.255289E-02   0.817736E-02   0.250911E-01   0.737496E-01   0.207657E+00   0.560079E+00   0.144710E+01   0.358163E+01   0.000000E+00   0.000000E+00   0.000000E+00   0.000000E+00   0.171140E+01   0.282389E+01   0.331455E+01   0.662845E+01   0.186736E+02   0.400701E+02   0.905462E+02   0.265036E+03   0.814899E+03   0.157038E+04   0.488952E+04   0.837188E+04   0.147091E+05   0.147035E+05   0.243428E+05   0.180406E+05   0.141908E+04   0.751231E+02   0.000000E+00   0.000000E+00   0.000000E+00   0.000000E+00   0.243652E-01   0.000000E+00   0.000000E+00   0.000000E+00   0.000000E+00   0.000000E+00   0.000000E+00   0.430245E-01   0.000000E+00   0.000000E+00   0.000000E+00   0.000000E+00   0.000000E+00   0.000000E+00   0.000000E+00   0.000000E+00   0.000000E+00   0.000000E+00   0.492512E+01   0.118688E+03   0.191805E+03   0.569746E+02   0.000000E+00   0.000000E+00   0.000000E+00   0.000000E+00   0.000000E+00   0.448704E+01   0.554769E+05   0.701446E+05   0.768385E+05   0.657859E+05   0.382820E+05   0.178172E+05   0.774128E+04   0.197218E+04   0.000000E+00   0.000000E+00   0.000000E+00   0.000000E+00   0.000000E+00   0.000000E+00   0.000000E+00   0.000000E+00   0.000000E+00   0.000000E+00   0.000000E+00   0.579488E-04   0.467620E-04   0.599662E-05   0.000000E+00   0.000000E+00   0.000000E+00   0.000000E+00   0.466116E-05   0.000000E+00   0.100810E+00   0.719030E+00   0.357217E+01   0.105758E+02   0.495009E+02   0.492996E+02   0.155851E+03   0.352117E+03   0.640742E+03   0.104369E+04   0.151776E+04   0.198361E+04   0.234533E+04   0.251927E+04   0.247072E+04   0.221324E+04   0.183779E+04   0.141232E+04   0.100738E+04   0.668800E+03   0.414338E+03   0.240114E+03   0.130426E+03   0.665220E+02   0.317890E+02   0.160850E+02   0.486155E+01   0.233441E+01   0.887656E+00   0.318588E+00   0.109328E+00   0.357141E-01   0.109818E-01   0.324297E-02   0.903615E-03   0.316149E-03
 0.000000E+00   0.763477E-03   0.255289E-02   0.817736E-02   0.250911E-01   0.737496E-01   0.207657E+00   0.560079E+00   0.144710E+01   0.358163E+01   0.000000E+00   0.000000E+00   0.000000E+00   0.000000E+00   0.171140E+01   0.282394E+01   0.331450E+01   0.662845E+01   0.186736E+02   0.400701E+02   0.905462E+02   0.265036E+03   0.814899E+03   0.157038E+04   0.488952E+04   0.837188E+04   0.147091E+05   0.147035E+05   0.244487E+05   0.181594E+05   0.141883E+04   0.750683E+02   0.000000E+00   0.000000E+00   0.000000E+00   0.000000E+00   0.243652E-01   0.000000E+00   0.000000E+00   0.000000E+00   0.000000E+00   0.000000E+00   0.000000E+00   0.430245E-01   0.000000E+00   0.000000E+00   0.000000E+00   0.000000E+00   0.000000E+00   0.000000E+00   0.000000E+00   0.000000E+00   0.000000E+00   0.102197E+01   0.815842E+02   0.177388E+03   0.111869E+03   0.528800E+00   0.000000E+00   0.000000E+00   0.000000E+00   0.000000E+00   0.000000E+00   0.449034E+01   0.555890E+05   0.700781E+05   0.767439E+05   0.656896E+05   0.382562E+05   0.181430E+05   0.769428E+04   0.164008E+04   0.000000E+00   0.000000E+00   0.000000E+00   0.000000E+00   0.000000E+00   0.000000E+00   0.000000E+00   0.000000E+00   0.000000E+00   0.000000E+00   0.000000E+00   0.579488E-04   0.467620E-04   0.599662E-05   0.000000E+00   0.000000E+00   0.000000E+00   0.000000E+00   0.466116E-05   0.000000E+00   0.104259E+00   0.731366E+00   0.362031E+01   0.106634E+02   0.499976E+02   0.490729E+02   0.156637E+03   0.352792E+03   0.641463E+03   0.104414E+04   0.151773E+04   0.198301E+04   0.234432E+04   0.251814E+04   0.247044E+04   0.221256E+04   0.183727E+04   0.141221E+04   0.100753E+04   0.669073E+03   0.414620E+03   0.240344E+03   0.130587E+03   0.666227E+02   0.318454E+02   0.161183E+02   0.487481E+01   0.233815E+01   0.890613E+00   0.319395E+00   0.109685E+00   0.358269E-01   0.110191E-01   0.325432E-02   0.906859E-03   0.317333E-03
 0.000000E+00   0.763477E-03   0.255289E-02   0.817736E-02   0.250911E-01   0.737496E-01   0.207657E+00   0.560079E+00   0.144710E+01   0.358163E+01   0.000000E+00   0.000000E+00   0.000000E+00   0.000000E+00   0.171140E+01   0.282398E+01   0.331445E+01   0.662845E+01   0.186736E+02   0.400701E+02   0.905462E+02   0.265036E+03   0.814899E+03   0.157038E+04   0.488952E+04   0.837188E+04   0.147091E+05   0.147035E+05   0.245539E+05   0.182789E+05   0.141855E+04   0.750073E+02   0.000000E+00   0.000000E+00   0.000000E+00   0.000000E+00   0.243652E-01   0.000000E+00   0.000000E+00   0.000000E+00   0.000000E+00   0.000000E+00   0.000000E+00   0.430245E-01   0.000000E+00   0.000000E+00   0.000000E+00   0.000000E+00   0.000000E+00   0.000000E+00   0.000000E+00   0.000000E+00   0.326702E+00   0.608548E+02   0.154270E+03   0.139422E+03   0.175189E+02   0.000000E+00   0.000000E+00   0.000000E+00   0.000000E+00   0.000000E+00   0.000000E+00   0.448259E+01   0.557010E+05   0.700149E+05   0.766504E+05   0.655918E+05   0.382214E+05   0.182141E+05   0.786973E+04   0.134648E+04   0.000000E+00   0.000000E+00   0.000000E+00   0.000000E+00   0.000000E+00   0.000000E+00   0.000000E+00   0.000000E+00   0.000000E+00   0.000000E+00   0.000000E+00   0.579488E-04   0.467620E-04   0.599662E-05   0.000000E+00   0.000000E+00   0.000000E+00   0.000000E+00   0.466116E-05   0.000000E+00   0.107796E+00   0.744045E+00   0.366860E+01   0.107551E+02   0.504929E+02   0.488506E+02   0.157428E+03   0.353476E+03   0.642194E+03   0.104461E+04   0.151771E+04   0.198242E+04   0.234330E+04   0.251699E+04   0.247010E+04   0.221193E+04   0.183674E+04   0.141208E+04   0.100768E+04   0.669340E+03   0.414896E+03   0.240571E+03   0.130747E+03   0.667227E+02   0.319015E+02   0.161514E+02   0.488801E+01   0.234187E+01   0.893564E+00   0.320198E+00   0.110042E+00   0.359395E-01   0.110565E-01   0.326566E-02   0.910101E-03   0.318516E-03
 0.000000E+00   0.763477E-03   0.255289E-02   0.817736E-02   0.250911E-01   0.737496E-01   0.207657E+00   0.560079E+00   0.144710E+01   0.358163E+01   0.000000E+00   0.000000E+00   0.000000E+00   0.000000E+00   0.171140E+01   0.282400E+01   0.331444E+01   0.662845E+01   0.186736E+02   0.400701E+02   0.905462E+02   0.265036E+03   0.814899E+03   0.157038E+04   0.488952E+04   0.837188E+04   0.147091E+05   0.147035E+05   0.246572E+05   0.183995E+05   0.141847E+04   0.749881E+02   0.000000E+00   0.000000E+00   0.000000E+00   0.000000E+00   0.243652E-01   0.000000E+00   0.000000E+00   0.000000E+00   0.000000E+00   0.000000E+00   0.000000E+00   0.430245E-01   0.000000E+00   0.000000E+00   0.000000E+00   0.000000E+00   0.000000E+00   0.000000E+00   0.000000E+00   0.611745E+00   0.525814E+02   0.134040E+03   0.143372E+03   0.417866E+02   0.000000E+00   0.000000E+00   0.000000E+00   0.000000E+00   0.000000E+00   0.000000E+00   0.000000E+00   0.446632E+01   0.558124E+05   0.699551E+05   0.765584E+05   0.654929E+05   0.381842E+05   0.182307E+05   0.805790E+04   0.109458E+04   0.000000E+00   0.000000E+00   0.000000E+00   0.000000E+00   0.000000E+00   0.000000E+00   0.000000E+00   0.000000E+00   0.000000E+00   0.000000E+00   0.000000E+00   0.579488E-04   0.467620E-04   0.599662E-05   0.000000E+00   0.000000E+00   0.000000E+00   0.000000E+00   0.466116E-05   0.000000E+00   0.111409E+00   0.757038E+00   0.371683E+01   0.108506E+02   0.509841E+02   0.486335E+02   0.158220E+03   0.354162E+03   0.642927E+03   0.104508E+04   0.151769E+04   0.198184E+04   0.234229E+04   0.251585E+04   0.246976E+04   0.221131E+04   0.183620E+04   0.141196E+04   0.100782E+04   0.669605E+03   0.415172E+03   0.240797E+03   0.130907E+03   0.668225E+02   0.319576E+02   0.161845E+02   0.490121E+01   0.234556E+01   0.896516E+00   0.320999E+00   0.110398E+00   0.360519E-01   0.110939E-01   0.327700E-02   0.913346E-03   0.319701E-03
 0.000000E+00   0.763477E-03   0.255289E-02   0.817736E-02   0.250911E-01   0.737496E-01   0.207657E+00   0.560079E+00   0.144710E+01   0.358163E+01   0.000000E+00   0.000000E+00   0.000000E+00   0.000000E+00   0.171140E+01   0.282401E+01   0.331443E+01   0.662845E+01   0.186736E+02   0.400701E+02   0.905462E+02   0.265036E+03   0.814899E+03   0.157038E+04   0.488952E+04   0.837188E+04   0.147091E+05   0.147035E+05   0.247592E+05   0.185203E+05   0.141841E+04   0.749759E+02   0.000000E+00   0.000000E+00   0.000000E+00   0.000000E+00   0.243652E-01   0.000000E+00   0.000000E+00   0.000000E+00   0.000000E+00   0.000000E+00   0.000000E+00   0.430245E-01   0.000000E+00   0.000000E+00   0.000000E+00   0.000000E+00   0.000000E+00   0.000000E+00   0.252372E+01   0.527185E+02   0.119764E+03   0.136260E+03   0.611262E+02   0.000000E+00   0.000000E+00   0.000000E+00   0.000000E+00   0.000000E+00   0.000000E+00   0.000000E+00   0.000000E+00   0.443973E+01   0.559230E+05   0.698985E+05   0.764679E+05   0.653930E+05   0.381453E+05   0.182266E+05   0.820534E+04   0.903707E+03   0.000000E+00   0.000000E+00   0.000000E+00   0.000000E+00   0.000000E+00   0.000000E+00   0.000000E+00   0.000000E+00   0.000000E+00   0.000000E+00   0.000000E+00   0.579488E-04   0.467620E-04   0.599662E-05   0.000000E+00   0.000000E+00   0.000000E+00   0.000000E+00   0.466116E-05   0.000000E+00   0.115091E+00   0.770331E+00   0.376484E+01   0.109497E+02   0.514691E+02   0.484213E+02   0.159006E+03   0.354844E+03   0.643653E+03   0.104554E+04   0.151766E+04   0.198124E+04   0.234127E+04   0.251471E+04   0.246944E+04   0.221067E+04   0.183567E+04   0.141184E+04   0.100797E+04   0.669874E+03   0.415451E+03   0.241025E+03   0.131067E+03   0.669228E+02   0.320139E+02   0.162178E+02   0.491441E+01   0.234923E+01   0.899474E+00   0.321798E+00   0.110756E+00   0.361643E-01   0.111313E-01   0.328835E-02   0.916597E-03   0.320888E-03
 0.000000E+00   0.763477E-03   0.255289E-02   0.817736E-02   0.250911E-01   0.737496E-01   0.207657E+00   0.560079E+00   0.144710E+01   0.358163E+01   0.000000E+00   0.000000E+00   0.000000E+00   0.000000E+00   0.171140E+01   0.282402E+01   0.331442E+01   0.662845E+01   0.186736E+02   0.400701E+02   0.905462E+02   0.265036E+03   0.814899E+03   0.157038E+04   0.488952E+04   0.837188E+04   0.147091E+05   0.147035E+05   0.248597E+05   0.186410E+05   0.141835E+04   0.749634E+02   0.000000E+00   0.000000E+00   0.000000E+00   0.000000E+00   0.243652E-01   0.000000E+00   0.000000E+00   0.000000E+00   0.000000E+00   0.000000E+00   0.000000E+00   0.430245E-01   0.000000E+00   0.000000E+00   0.000000E+00   0.000000E+00   0.000000E+00   0.859756E+01   0.582231E+02   0.110169E+03   0.124799E+03   0.699686E+02   0.634536E+00   0.000000E+00   0.000000E+00   0.000000E+00   0.000000E+00   0.000000E+00   0.000000E+00   0.000000E+00   0.000000E+00   0.440284E+01   0.560326E+05   0.698453E+05   0.763792E+05   0.652925E+05   0.381050E+05   0.182127E+05   0.822823E+04   0.846637E+03   0.000000E+00   0.000000E+00   0.000000E+00   0.000000E+00   0.000000E+00   0.000000E+00   0.000000E+00   0.000000E+00   0.000000E+00   0.000000E+00   0.000000E+00   0.579488E-04   0.467620E-04   0.599662E-05   0.000000E+00   0.000000E+00   0.000000E+00   0.000000E+00   0.466116E-05   0.000000E+00   0.118839E+00   0.783936E+00   0.381260E+01   0.110526E+02   0.519473E+02   0.482138E+02   0.159785E+03   0.355520E+03   0.644370E+03   0.104600E+04   0.151763E+04   0.198064E+04   0.234026E+04   0.251357E+04   0.246917E+04   0.220998E+04   0.183516E+04   0.141172E+04   0.100812E+04   0.670147E+03   0.415732E+03   0.241254E+03   0.131228E+03   0.670235E+02   0.320704E+02   0.162513E+02   0.492762E+01   0.235289E+01   0.902436E+00   0.322597E+00   0.111114E+00   0.362767E-01   0.111688E-01   0.329971E-02   0.919853E-03   0.322077E-03
 0.000000E+00   0.763477E-03   0.255289E-02   0.817736E-02   0.250911E-01   0.737496E-01   0.207657E+00   0.560079E+00   0.144710E+01   0.358163E+01   0.000000E+00   0.000000E+00   0.000000E+00   0.000000E+00   0.171140E+01   0.282402E+01   0.331442E+01   0.662845E+01   0.186736E+02   0.400701E+02   0.905462E+02   0.265036E+03   0.814899E+03   0.157038E+04   0.488952E+04   0.837188E+04   0.147091E+05   0.147035E+05   0.249583E+05   0.187614E+05   0.141834E+04   0.749603E+02   0.000000E+00   0.000000E+00   0.000000E+00   0.000000E+00   0.243652E-01   0.000000E+00   0.000000E+00   0.000000E+00   0.000000E+00   0.000000E+00   0.000000E+00   0.430245E-01   0.000000E+00   0.000000E+00   0.000000E+00   0.258521E+00   0.224305E+02   0.657926E+02   0.103393E+03   0.111277E+03   0.672981E+02   0.194238E+01   0.000000E+00   0.000000E+00   0.000000E+00   0.000000E+00   0.000000E+00   0.000000E+00   0.000000E+00   0.000000E+00   0.000000E+00   0.435782E+01   0.561410E+05   0.697954E+05   0.762924E+05   0.651918E+05   0.380635E+05   0.181975E+05   0.821019E+04   0.831502E+03   0.000000E+00   0.000000E+00   0.000000E+00   0.000000E+00   0.000000E+00   0.000000E+00   0.000000E+00   0.000000E+00   0.000000E+00   0.000000E+00   0.000000E+00   0.579488E-04   0.467620E-04   0.599662E-05   0.000000E+00   0.000000E+00   0.000000E+00   0.000000E+00   0.466116E-05   0.000000E+00   0.122652E+00   0.797858E+00   0.386004E+01   0.111594E+02   0.524180E+02   0.480104E+02   0.160554E+03   0.356187E+03   0.645074E+03   0.104643E+04   0.151758E+04   0.198004E+04   0.233924E+04   0.251243E+04   0.246896E+04   0.220925E+04   0.183466E+04   0.141163E+04   0.100829E+04   0.670428E+03   0.416017E+03   0.241487E+03   0.131391E+03   0.671251E+02   0.321274E+02   0.162851E+02   0.494083E+01   0.235653E+01   0.905406E+00   0.323395E+00   0.111472E+00   0.363893E-01   0.112064E-01   0.331109E-02   0.923117E-03   0.323268E-03
 0.000000E+00   0.763477E-03   0.255289E-02   0.817736E-02   0.250911E-01   0.737496E-01   0.207657E+00   0.560079E+00   0.144710E+01   0.358163E+01   0.000000E+00   0.000000E+00   0.000000E+00   0.000000E+00   0.171140E+01   0.282402E+01   0.331442E+01   0.662845E+01   0.186736E+02   0.400701E+02   0.905462E+02   0.265036E+03   0.814899E+03   0.157038E+04   0.488952E+04   0.837188E+04   0.147091E+05   0.147035E+05   0.250551E+05   0.188813E+05   0.141834E+04   0.749595E+02   0.000000E+00   0.000000E+00   0.000000E+00   0.000000E+00   0.243652E-01   0.000000E+00   0.000000E+00   0.000000E+00   0.000000E+00   0.000000E+00   0.000000E+00   0.430245E-01   0.000000E+00   0.000000E+00   0.972778E+01   0.391672E+02   0.722971E+02   0.964347E+02   0.966672E+02   0.566656E+02   0.143255E+01   0.000000E+00   0.000000E+00   0.000000E+00   0.000000E+00   0.000000E+00   0.000000E+00   0.000000E+00   0.000000E+00   0.000000E+00   0.000000E+00   0.430660E+01   0.562479E+05   0.697487E+05   0.762075E+05   0.650910E+05   0.380210E+05   0.181818E+05   0.819186E+04   0.816935E+03   0.000000E+00   0.000000E+00   0.000000E+00   0.000000E+00   0.000000E+00   0.000000E+00   0.000000E+00   0.000000E+00   0.000000E+00   0.000000E+00   0.000000E+00   0.579488E-04   0.467620E-04   0.599662E-05   0.000000E+00   0.000000E+00   0.000000E+00   0.000000E+00   0.466116E-05   0.000000E+00   0.126526E+00   0.812101E+00   0.390709E+01   0.112701E+02   0.528804E+02   0.478108E+02   0.161313E+03   0.356843E+03   0.645762E+03   0.104685E+04   0.151751E+04   0.197942E+04   0.233821E+04   0.251131E+04   0.246884E+04   0.220844E+04   0.183417E+04   0.141154E+04   0.100847E+04   0.670717E+03   0.416308E+03   0.241722E+03   0.131556E+03   0.672276E+02   0.321848E+02   0.163193E+02   0.495405E+01   0.236017E+01   0.908383E+00   0.324192E+00   0.111832E+00   0.365019E-01   0.112440E-01   0.332249E-02   0.926387E-03   0.324463E-03
 0.000000E+00   0.763477E-03   0.255289E-02   0.817736E-02   0.250911E-01   0.737496E-01   0.207657E+00   0.560079E+00   0.144710E+01   0.358163E+01   0.000000E+00   0.000000E+00   0.000000E+00   0.000000E+00   0.171140E+01   0.282402E+01   0.331441E+01   0.662845E+01   0.186736E+02   0.400701E+02   0.905462E+02   0.265036E+03   0.814899E+03   0.157038E+04   0.488952E+04   0.837188E+04   0.147091E+05   0.147035E+05   0.251499E+05   0.190005E+05   0.141833E+04   0.749589E+02   0.000000E+00   0.000000E+00   0.000000E+00   0.000000E+00   0.243652E-01   0.000000E+00   0.000000E+00   0.000000E+00   0.000000E+00   0.000000E+00   0.000000E+00   0.602409E-01   0.849329E+01   0.285802E+02   0.526245E+02   0.749115E+02   0.871996E+02   0.802744E+02   0.402251E+02   0.661719E-01   0.000000E+00   0.000000E+00   0.000000E+00   0.000000E+00   0.000000E+00   0.000000E+00   0.000000E+00   0.000000E+00   0.000000E+00   0.000000E+00   0.000000E+00   0.424991E+01   0.563531E+05   0.697051E+05   0.761247E+05   0.649904E+05   0.379776E+05   0.181656E+05   0.817352E+04   0.802694E+03   0.000000E+00   0.000000E+00   0.000000E+00   0.000000E+00   0.000000E+00   0.000000E+00   0.000000E+00   0.000000E+00   0.000000E+00   0.000000E+00   0.000000E+00   0.579488E-04   0.467620E-04   0.599662E-05   0.000000E+00   0.000000E+00   0.000000E+00   0.000000E+00   0.466116E-05   0.000000E+00   0.130460E+00   0.826674E+00   0.395372E+01   0.113847E+02   0.533342E+02   0.476146E+02   0.162059E+03   0.357488E+03   0.646431E+03   0.104725E+04   0.151743E+04   0.197879E+04   0.233719E+04   0.251019E+04   0.246880E+04   0.220756E+04   0.183371E+04   0.141148E+04   0.100866E+04   0.671015E+03   0.416606E+03   0.241961E+03   0.131722E+03   0.673311E+02   0.322428E+02   0.163538E+02   0.496728E+01   0.236379E+01   0.911367E+00   0.324990E+00   0.112193E+00   0.366146E-01   0.112818E-01   0.333391E-02   0.929666E-03   0.325660E-03
 0.000000E+00   0.763477E-03   0.255289E-02   0.817736E-02   0.250911E-01   0.737496E-01   0.207657E+00   0.560079E+00   0.144710E+01   0.358163E+01   0.000000E+00   0.000000E+00   0.000000E+00   0.000000E+00   0.171140E+01   0.282402E+01   0.331441E+01   0.662845E+01   0.186736E+02   0.400701E+02   0.905462E+02   0.265036E+03   0.814899E+03   0.157038E+04   0.488952E+04   0.837188E+04   0.147091E+05   0.147035E+05   0.252427E+05   0.191187E+05   0.141833E+04   0.749583E+02   0.000000E+00   0.000000E+00   0.000000E+00   0.000000E+00   0.243652E-01   0.000000E+00   0.000000E+00   0.000000E+00   0.000000E+00   0.229196E+01   0.123489E+02   0.265550E+02   0.432199E+02   0.597209E+02   0.719038E+02   0.746899E+02   0.615373E+02   0.201460E+02   0.129850E-01   0.864344E-02   0.000000E+00   0.000000E+00   0.000000E+00   0.000000E+00   0.000000E+00   0.000000E+00   0.000000E+00   0.000000E+00   0.000000E+00   0.000000E+00   0.000000E+00   0.418789E+01   0.564567E+05   0.696645E+05   0.760441E+05   0.648901E+05   0.379335E+05   0.181490E+05   0.815518E+04   0.788785E+03   0.000000E+00   0.000000E+00   0.000000E+00   0.000000E+00   0.000000E+00   0.000000E+00   0.000000E+00   0.000000E+00   0.000000E+00   0.000000E+00   0.000000E+00   0.579488E-04   0.467620E-04   0.599662E-05   0.000000E+00   0.000000E+00   0.000000E+00   0.000000E+00   0.466116E-05   0.000000E+00   0.134454E+00   0.841588E+00   0.399989E+01   0.115035E+02   0.537792E+02   0.474213E+02   0.162791E+03   0.358119E+03   0.647082E+03   0.104763E+04   0.151732E+04   0.197815E+04   0.233617E+04   0.250913E+04   0.246874E+04   0.220665E+04   0.183327E+04   0.141143E+04   0.100886E+04   0.671324E+03   0.416910E+03   0.242205E+03   0.131891E+03   0.674359E+02   0.323013E+02   0.163889E+02   0.498051E+01   0.236740E+01   0.914360E+00   0.325787E+00   0.112554E+00   0.367274E-01   0.113196E-01   0.334535E-02   0.932951E-03   0.326860E-03
 0.000000E+00   0.763477E-03   0.255289E-02   0.817736E-02   0.250911E-01   0.737496E-01   0.207657E+00   0.560079E+00   0.144710E+01   0.358163E+01   0.000000E+00   0.000000E+00   0.000000E+00   0.000000E+00   0.171140E+01   0.282402E+01   0.331441E+01   0.662845E+01   0.186736E+02   0.400701E+02   0.905462E+02   0.265036E+03   0.814899E+03   0.157038E+04   0.488952E+04   0.837188E+04   0.147091E+05   0.147035E+05   0.253332E+05   0.192359E+05   0.141833E+04   0.749576E+02   0.000000E+00   0.000000E+00   0.000000E+00   0.000000E+00   0.243652E-01   0.779455E-01   0.316225E+01   0.928612E+01   0.175583E+02   0.277501E+02   0.391284E+02   0.503883E+02   0.593042E+02   0.632544E+02   0.589492E+02   0.394806E+02   0.406909E+01   0.447032E-02   0.129850E-01   0.864344E-02   0.000000E+00   0.000000E+00   0.000000E+00   0.000000E+00   0.000000E+00   0.000000E+00   0.000000E+00   0.000000E+00   0.000000E+00   0.000000E+00   0.000000E+00   0.412029E+01   0.565584E+05   0.696268E+05   0.759656E+05   0.647904E+05   0.378888E+05   0.181321E+05   0.813690E+04   0.775216E+03   0.000000E+00   0.000000E+00   0.000000E+00   0.000000E+00   0.000000E+00   0.000000E+00   0.000000E+00   0.000000E+00   0.000000E+00   0.000000E+00   0.000000E+00   0.579488E-04   0.467620E-04   0.599662E-05   0.000000E+00   0.000000E+00   0.000000E+00   0.000000E+00   0.466116E-05   0.000000E+00   0.138507E+00   0.856855E+00   0.404559E+01   0.116264E+02   0.542152E+02   0.472306E+02   0.163510E+03   0.358736E+03   0.647712E+03   0.104798E+04   0.151720E+04   0.197749E+04   0.233514E+04   0.250818E+04   0.246857E+04   0.220577E+04   0.183285E+04   0.141141E+04   0.100909E+04   0.671644E+03   0.417221E+03   0.242452E+03   0.132062E+03   0.675418E+02   0.323604E+02   0.164244E+02   0.499373E+01   0.237101E+01   0.917360E+00   0.326584E+00   0.112917E+00   0.368403E-01   0.113576E-01   0.335681E-02   0.936245E-03   0.328062E-03
 0.000000E+00   0.763477E-03   0.255289E-02   0.817736E-02   0.250911E-01   0.737496E-01   0.207657E+00   0.560079E+00   0.144710E+01   0.358163E+01   0.000000E+00   0.000000E+00   0.000000E+00   0.000000E+00   0.171140E+01   0.282402E+01   0.331441E+01   0.662845E+01   0.186736E+02   0.400701E+02   0.905462E+02   0.265036E+03   0.814899E+03   0.157038E+04   0.488952E+04   0.837188E+04   0.147091E+05   0.147035E+05   0.254216E+05   0.193519E+05   0.141832E+04   0.749568E+02   0.000000E+00   0.162028E+00   0.207445E+01   0.527427E+01   0.973262E+01   0.153834E+02   0.220757E+02   0.295214E+02   0.372062E+02   0.443483E+02   0.500147E+02   0.526099E+02   0.504876E+02   0.402577E+02   0.132718E+02   0.118114E-01   0.140449E-02   0.447032E-02   0.129850E-01   0.864344E-02   0.000000E+00   0.000000E+00   0.000000E+00   0.000000E+00   0.000000E+00   0.000000E+00   0.000000E+00   0.000000E+00   0.000000E+00   0.000000E+00   0.000000E+00   0.404690E+01   0.566581E+05   0.695919E+05   0.758893E+05   0.646915E+05   0.378436E+05   0.181148E+05   0.811870E+04   0.761993E+03   0.000000E+00   0.000000E+00   0.000000E+00   0.000000E+00   0.000000E+00   0.000000E+00   0.000000E+00   0.000000E+00   0.000000E+00   0.000000E+00   0.000000E+00   0.579488E-04   0.467620E-04   0.599662E-05   0.000000E+00   0.000000E+00   0.000000E+00   0.000000E+00   0.466116E-05   0.000000E+00   0.142618E+00   0.872484E+00   0.409078E+01   0.117536E+02   0.546420E+02   0.470419E+02   0.164215E+03   0.359339E+03   0.648321E+03   0.104831E+04   0.151705E+04   0.197682E+04   0.233411E+04   0.250735E+04   0.246829E+04   0.220491E+04   0.183245E+04   0.141141E+04   0.100932E+04   0.671976E+03   0.417539E+03   0.242704E+03   0.132236E+03   0.676490E+02   0.324202E+02   0.164604E+02   0.500694E+01   0.237460E+01   0.920367E+00   0.327381E+00   0.113280E+00   0.369533E-01   0.113956E-01   0.336829E-02   0.939546E-03   0.329268E-03
 0.000000E+00   0.763477E-03   0.255289E-02   0.817736E-02   0.250911E-01   0.737496E-01   0.207657E+00   0.560079E+00   0.144710E+01   0.358163E+01   0.000000E+00   0.000000E+00   0.000000E+00   0.000000E+00   0.171140E+01   0.282402E+01   0.331441E+01   0.662845E+01   0.186736E+02   0.400701E+02   0.905462E+02   0.265036E+03   0.814899E+03   0.157038E+04   0.488952E+04   0.837188E+04   0.147091E+05   0.147035E+05   0.255075E+05   0.194664E+05   0.141937E+04   0.743764E+02   0.326563E+01   0.824627E+01   0.146163E+02   0.211500E+02   0.272823E+02   0.328585E+02   0.377538E+02   0.417339E+02   0.443332E+02   0.448908E+02   0.425918E+02   0.354924E+02   0.176617E+02   0.694768E-01   0.103828E-02   0.118114E-01   0.140449E-02   0.447032E-02   0.129850E-01   0.864344E-02   0.000000E+00   0.000000E+00   0.000000E+00   0.000000E+00   0.000000E+00   0.000000E+00   0.000000E+00   0.000000E+00   0.000000E+00   0.000000E+00   0.000000E+00   0.396763E+01   0.567557E+05   0.695597E+05   0.758153E+05   0.645936E+05   0.377981E+05   0.180974E+05   0.810061E+04   0.749125E+03   0.000000E+00   0.000000E+00   0.000000E+00   0.000000E+00   0.000000E+00   0.000000E+00   0.000000E+00   0.000000E+00   0.000000E+00   0.000000E+00   0.000000E+00   0.579488E-04   0.467620E-04   0.599662E-05   0.000000E+00   0.000000E+00   0.000000E+00   0.000000E+00   0.466116E-05   0.000000E+00   0.146786E+00   0.888486E+00   0.413545E+01   0.118852E+02   0.550595E+02   0.468548E+02   0.164904E+03   0.359925E+03   0.648906E+03   0.104862E+04   0.151688E+04   0.197614E+04   0.233307E+04   0.250665E+04   0.246790E+04   0.220407E+04   0.183209E+04   0.141143E+04   0.100958E+04   0.672320E+03   0.417865E+03   0.242960E+03   0.132412E+03   0.677576E+02   0.324806E+02   0.164969E+02   0.502014E+01   0.237818E+01   0.923382E+00   0.328177E+00   0.113645E+00   0.370664E-01   0.114337E-01   0.337978E-02   0.942855E-03   0.330476E-03
 0.000000E+00   0.763477E-03   0.255289E-02   0.817736E-02   0.250911E-01   0.737496E-01   0.207657E+00   0.560079E+00   0.144710E+01   0.358163E+01   0.000000E+00   0.000000E+00   0.000000E+00   0.000000E+00   0.171140E+01   0.282402E+01   0.330775E+01   0.656755E+01   0.185119E+02   0.398152E+02   0.898981E+02   0.262420E+03   0.808346E+03   0.156086E+04   0.485017E+04   0.832157E+04   0.146669E+05   0.147470E+05   0.252674E+05   0.198250E+05   0.148831E+04   0.743174E+02   0.414148E+01   0.125998E+02   0.267067E+02   0.410409E+02   0.486511E+02   0.499455E+02   0.482218E+02   0.449538E+02   0.401882E+02   0.331939E+02   0.203869E+02   0.177656E+01   0.261777E-01   0.110499E-01   0.103828E-02   0.118114E-01   0.140449E-02   0.447032E-02   0.129850E-01   0.864344E-02   0.000000E+00   0.000000E+00   0.000000E+00   0.000000E+00   0.000000E+00   0.000000E+00   0.000000E+00   0.000000E+00   0.000000E+00   0.000000E+00   0.000000E+00   0.121975E+03   0.568514E+05   0.695300E+05   0.757434E+05   0.644966E+05   0.377523E+05   0.180797E+05   0.808260E+04   0.736573E+03   0.000000E+00   0.000000E+00   0.000000E+00   0.000000E+00   0.000000E+00   0.000000E+00   0.000000E+00   0.000000E+00   0.000000E+00   0.000000E+00   0.000000E+00   0.579488E-04   0.467620E-04   0.599662E-05   0.000000E+00   0.000000E+00   0.000000E+00   0.000000E+00   0.466116E-05   0.000000E+00   0.150929E+00   0.904519E+00   0.417855E+01   0.120179E+02   0.554315E+02   0.467108E+02   0.165580E+03   0.360498E+03   0.649472E+03   0.104890E+04   0.151669E+04   0.197544E+04   0.233204E+04   0.250605E+04   0.246740E+04   0.220324E+04   0.183174E+04   0.141146E+04   0.100985E+04   0.672675E+03   0.418199E+03   0.243221E+03   0.132591E+03   0.678673E+02   0.325417E+02   0.165331E+02   0.503404E+01   0.238182E+01   0.926443E+00   0.328984E+00   0.114014E+00   0.371807E-01   0.114723E-01   0.339139E-02   0.946196E-03   0.331695E-03
 0.000000E+00   0.763477E-03   0.255289E-02   0.817736E-02   0.250911E-01   0.737496E-01   0.207657E+00   0.560079E+00   0.144710E+01   0.358163E+01   0.000000E+00   0.000000E+00   0.000000E+00   0.000000E+00   0.171140E+01   0.282402E+01   0.330775E+01   0.614891E+01   0.175466E+02   0.383103E+02   0.860446E+02   0.246959E+03   0.769114E+03   0.150617E+04   0.461140E+04   0.804491E+04   0.143998E+05   0.149895E+05   0.236712E+05   0.216841E+05   0.188145E+04   0.743174E+02   0.400464E+01   0.124000E+02   0.275295E+02   0.472093E+02   0.630307E+02   0.663816E+02   0.582440E+02   0.456665E+02   0.323191E+02   0.148773E+02   0.125123E+00   0.185462E-01   0.261777E-01   0.110499E-01   0.103828E-02   0.118114E-01   0.140449E-02   0.447032E-02   0.129850E-01   0.864344E-02   0.000000E+00   0.000000E+00   0.000000E+00   0.000000E+00   0.000000E+00   0.000000E+00   0.000000E+00   0.000000E+00   0.000000E+00   0.000000E+00   0.000000E+00   0.317260E+03   0.569459E+05   0.695023E+05   0.756729E+05   0.643997E+05   0.377059E+05   0.180617E+05   0.806457E+04   0.724245E+03   0.000000E+00   0.000000E+00   0.000000E+00   0.000000E+00   0.000000E+00   0.000000E+00   0.000000E+00   0.000000E+00   0.000000E+00   0.000000E+00   0.000000E+00   0.579488E-04   0.467620E-04   0.599662E-05   0.000000E+00   0.000000E+00   0.000000E+00   0.000000E+00   0.466116E-05   0.140746E-04   0.154657E+00   0.918989E+00   0.421573E+01   0.121371E+02   0.556027E+02   0.467892E+02   0.166248E+03   0.361064E+03   0.650027E+03   0.104917E+04   0.151650E+04   0.197474E+04   0.233100E+04   0.250550E+04   0.246685E+04   0.220243E+04   0.183141E+04   0.141151E+04   0.101013E+04   0.673035E+03   0.418535E+03   0.243483E+03   0.132770E+03   0.679777E+02   0.326030E+02   0.165650E+02   0.505184E+01   0.238574E+01   0.929732E+00   0.329843E+00   0.114406E+00   0.373013E-01   0.115129E-01   0.340355E-02   0.949685E-03   0.332963E-03
 0.000000E+00   0.763477E-03   0.255289E-02   0.817736E-02   0.250911E-01   0.737496E-01   0.207657E+00   0.560079E+00   0.144710E+01   0.358163E+01   0.000000E+00   0.000000E+00   0.000000E+00   0.000000E+00   0.171140E+01   0.282402E+01   0.330775E+01   0.572499E+01   0.166304E+02   0.368907E+02   0.823847E+02   0.232459E+03   0.731428E+03   0.145642E+04   0.437824E+04   0.780890E+04   0.141199E+05   0.152028E+05   0.222699E+05   0.233800E+05   0.223105E+04   0.743174E+02   0.386022E+01   0.121394E+02   0.270969E+02   0.467761E+02   0.642310E+02   0.711366E+02   0.639645E+02   0.479012E+02   0.286877E+02   0.594383E+01   0.506125E-01   0.185462E-01   0.261777E-01   0.110499E-01   0.103828E-02   0.118114E-01   0.140449E-02   0.447032E-02   0.129850E-01   0.864344E-02   0.000000E+00   0.000000E+00   0.000000E+00   0.000000E+00   0.000000E+00   0.000000E+00   0.000000E+00   0.000000E+00   0.000000E+00   0.000000E+00   0.000000E+00   0.508802E+03   0.570384E+05   0.694769E+05   0.756045E+05   0.643040E+05   0.376595E+05   0.180435E+05   0.804667E+04   0.712245E+03   0.000000E+00   0.000000E+00   0.000000E+00   0.000000E+00   0.000000E+00   0.000000E+00   0.000000E+00   0.000000E+00   0.000000E+00   0.000000E+00   0.000000E+00   0.579488E-04   0.467620E-04   0.599662E-05   0.000000E+00   0.000000E+00   0.000000E+00   0.000000E+00   0.466116E-05   0.620012E-04   0.158356E+00   0.933584E+00   0.425197E+01   0.122597E+02   0.557623E+02   0.468728E+02   0.166902E+03   0.361614E+03   0.650561E+03   0.104942E+04   0.151628E+04   0.197402E+04   0.232996E+04   0.250507E+04   0.246618E+04   0.220164E+04   0.183110E+04   0.141159E+04   0.101042E+04   0.673406E+03   0.418880E+03   0.243751E+03   0.132953E+03   0.680894E+02   0.326650E+02   0.165971E+02   0.506990E+01   0.238967E+01   0.933049E+00   0.330707E+00   0.114801E+00   0.374226E-01   0.115537E-01   0.341577E-02   0.953194E-03   0.334238E-03
 0.000000E+00   0.763477E-03   0.255289E-02   0.817736E-02   0.250911E-01   0.737496E-01   0.207657E+00   0.560079E+00   0.144710E+01   0.358163E+01   0.000000E+00   0.000000E+00   0.000000E+00   0.000000E+00   0.171140E+01   0.282402E+01   0.330775E+01   0.529124E+01   0.157508E+02   0.355147E+02   0.788408E+02   0.218639E+03   0.694548E+03   0.140938E+04   0.414817E+04   0.759621E+04   0.138248E+05   0.154029E+05   0.210105E+05   0.249581E+05   0.255395E+04   0.743174E+02   0.370692E+01   0.118662E+02   0.266408E+02   0.462542E+02   0.638885E+02   0.712335E+02   0.650430E+02   0.492146E+02   0.287715E+02   0.511823E+01   0.506125E-01   0.185462E-01   0.261777E-01   0.110499E-01   0.103828E-02   0.118114E-01   0.140449E-02   0.447032E-02   0.129850E-01   0.864344E-02   0.000000E+00   0.000000E+00   0.000000E+00   0.000000E+00   0.000000E+00   0.000000E+00   0.000000E+00   0.000000E+00   0.000000E+00   0.000000E+00   0.000000E+00   0.695604E+03   0.571284E+05   0.694539E+05   0.755386E+05   0.642099E+05   0.376132E+05   0.180254E+05   0.802900E+04   0.700618E+03   0.000000E+00   0.000000E+00   0.000000E+00   0.000000E+00   0.000000E+00   0.000000E+00   0.000000E+00   0.000000E+00   0.000000E+00   0.000000E+00   0.000000E+00   0.579488E-04   0.467620E-04   0.599662E-05   0.000000E+00   0.000000E+00   0.000000E+00   0.000000E+00   0.466116E-05   0.142840E-03   0.162015E+00   0.948249E+00   0.428714E+01   0.123851E+02   0.559104E+02   0.469605E+02   0.167537E+03   0.362145E+03   0.651066E+03   0.104964E+04   0.151603E+04   0.197329E+04   0.232892E+04   0.250479E+04   0.246537E+04   0.220088E+04   0.183082E+04   0.141168E+04   0.101074E+04   0.673793E+03   0.419233E+03   0.244023E+03   0.133138E+03   0.682027E+02   0.327278E+02   0.166295E+02   0.508827E+01   0.239360E+01   0.936400E+00   0.331578E+00   0.115199E+00   0.375446E-01   0.115948E-01   0.342807E-02   0.956728E-03   0.335521E-03
 0.000000E+00   0.763477E-03   0.255289E-02   0.817736E-02   0.250911E-01   0.737496E-01   0.207657E+00   0.560079E+00   0.144710E+01   0.358163E+01   0.000000E+00   0.000000E+00   0.000000E+00   0.000000E+00   0.171140E+01   0.282402E+01   0.330775E+01   0.484840E+01   0.149063E+02   0.341642E+02   0.753918E+02   0.205430E+03   0.658291E+03   0.136399E+04   0.392159E+04   0.739745E+04   0.135157E+05   0.155975E+05   0.198684E+05   0.264308E+05   0.286421E+04   0.743174E+02   0.354463E+01   0.115802E+02   0.261618E+02   0.457067E+02   0.635230E+02   0.712503E+02   0.654276E+02   0.497788E+02   0.293428E+02   0.542166E+01   0.506125E-01   0.185462E-01   0.261777E-01   0.110499E-01   0.103828E-02   0.118114E-01   0.140449E-02   0.447032E-02   0.129850E-01   0.864344E-02   0.000000E+00   0.000000E+00   0.000000E+00   0.000000E+00   0.000000E+00   0.000000E+00   0.000000E+00   0.000000E+00   0.000000E+00   0.000000E+00   0.000000E+00   0.877188E+03   0.572157E+05   0.694331E+05   0.754752E+05   0.641178E+05   0.375673E+05   0.180073E+05   0.801161E+04   0.689379E+03   0.000000E+00   0.000000E+00   0.000000E+00   0.000000E+00   0.000000E+00   0.000000E+00   0.000000E+00   0.000000E+00   0.000000E+00   0.000000E+00   0.000000E+00   0.579488E-04   0.467620E-04   0.599662E-05   0.000000E+00   0.000000E+00   0.000000E+00   0.000000E+00   0.466116E-05   0.255322E-03   0.165626E+00   0.962957E+00   0.432118E+01   0.125126E+02   0.560472E+02   0.470517E+02   0.168154E+03   0.362655E+03   0.651542E+03   0.104982E+04   0.151575E+04   0.197254E+04   0.232787E+04   0.250468E+04   0.246441E+04   0.220014E+04   0.183058E+04   0.141181E+04   0.101108E+04   0.674195E+03   0.419597E+03   0.244302E+03   0.133327E+03   0.683178E+02   0.327914E+02   0.166622E+02   0.510695E+01   0.239754E+01   0.939786E+00   0.332454E+00   0.115602E+00   0.376676E-01   0.116363E-01   0.344046E-02   0.960287E-03   0.336813E-03
 0.000000E+00   0.763477E-03   0.255289E-02   0.817736E-02   0.250911E-01   0.737496E-01   0.207657E+00   0.560079E+00   0.144710E+01   0.358163E+01   0.000000E+00   0.000000E+00   0.000000E+00   0.000000E+00   0.171140E+01   0.282402E+01   0.330775E+01   0.439904E+01   0.140976E+02   0.328293E+02   0.720322E+02   0.192816E+03   0.622629E+03   0.131960E+04   0.369960E+04   0.720634E+04   0.131947E+05   0.157898E+05   0.188278E+05   0.277987E+05   0.317734E+04   0.743174E+02   0.337384E+01   0.112819E+02   0.256605E+02   0.451343E+02   0.631404E+02   0.712654E+02   0.658158E+02   0.503279E+02   0.299207E+02   0.581660E+01   0.506125E-01   0.185462E-01   0.261777E-01   0.110499E-01   0.103828E-02   0.118114E-01   0.140449E-02   0.447032E-02   0.129850E-01   0.864344E-02   0.000000E+00   0.000000E+00   0.000000E+00   0.000000E+00   0.000000E+00   0.000000E+00   0.000000E+00   0.000000E+00   0.000000E+00   0.000000E+00   0.000000E+00   0.105323E+04   0.573003E+05   0.694145E+05   0.754144E+05   0.640278E+05   0.375219E+05   0.179894E+05   0.799454E+04   0.678536E+03   0.000000E+00   0.000000E+00   0.000000E+00   0.000000E+00   0.000000E+00   0.000000E+00   0.000000E+00   0.000000E+00   0.000000E+00   0.000000E+00   0.000000E+00   0.579488E-04   0.467620E-04   0.599662E-05   0.000000E+00   0.000000E+00   0.000000E+00   0.000000E+00   0.466116E-05   0.398087E-03   0.169187E+00   0.977681E+00   0.435405E+01   0.126419E+02   0.561732E+02   0.471457E+02   0.168750E+03   0.363143E+03   0.651987E+03   0.104997E+04   0.151544E+04   0.197177E+04   0.232688E+04   0.250461E+04   0.246334E+04   0.219944E+04   0.183037E+04   0.141197E+04   0.101144E+04   0.674615E+03   0.419973E+03   0.244588E+03   0.133519E+03   0.684349E+02   0.328560E+02   0.166952E+02   0.512597E+01   0.240149E+01   0.943210E+00   0.333338E+00   0.116008E+00   0.377914E-01   0.116782E-01   0.345294E-02   0.963874E-03   0.338114E-03
 0.000000E+00   0.763477E-03   0.255289E-02   0.817736E-02   0.250911E-01   0.737496E-01   0.207657E+00   0.560079E+00   0.144710E+01   0.358163E+01   0.000000E+00   0.000000E+00   0.000000E+00   0.000000E+00   0.171140E+01   0.282402E+01   0.330775E+01   0.394686E+01   0.133248E+02   0.315056E+02   0.687628E+02   0.180802E+03   0.587617E+03   0.127580E+04   0.348352E+04   0.701845E+04   0.128652E+05   0.159792E+05   0.178786E+05   0.290552E+05   0.351076E+04   0.743174E+02   0.319543E+01   0.109725E+02   0.251384E+02   0.445380E+02   0.627406E+02   0.712786E+02   0.662167E+02   0.508952E+02   0.305200E+02   0.624195E+01   0.506125E-01   0.185462E-01   0.261777E-01   0.110499E-01   0.103828E-02   0.118114E-01   0.140449E-02   0.447032E-02   0.129850E-01   0.864344E-02   0.000000E+00   0.000000E+00   0.000000E+00   0.000000E+00   0.000000E+00   0.000000E+00   0.000000E+00   0.000000E+00   0.000000E+00   0.000000E+00   0.000000E+00   0.122351E+04   0.573820E+05   0.693979E+05   0.753562E+05   0.639402E+05   0.374772E+05   0.179716E+05   0.797781E+04   0.668091E+03   0.000000E+00   0.000000E+00   0.000000E+00   0.000000E+00   0.000000E+00   0.000000E+00   0.000000E+00   0.000000E+00   0.000000E+00   0.000000E+00   0.000000E+00   0.579488E-04   0.467620E-04   0.599662E-05   0.000000E+00   0.000000E+00   0.000000E+00   0.000000E+00   0.466116E-05   0.569710E-03   0.172696E+00   0.992401E+00   0.438573E+01   0.127725E+02   0.562887E+02   0.472419E+02   0.169325E+03   0.363608E+03   0.652399E+03   0.105008E+04   0.151510E+04   0.197097E+04   0.232605E+04   0.250437E+04   0.246228E+04   0.219877E+04   0.183020E+04   0.141216E+04   0.101183E+04   0.675052E+03   0.420359E+03   0.244881E+03   0.133716E+03   0.685539E+02   0.329216E+02   0.167286E+02   0.514533E+01   0.240545E+01   0.946673E+00   0.334229E+00   0.116418E+00   0.379163E-01   0.117204E-01   0.346551E-02   0.967488E-03   0.339424E-03
 0.000000E+00   0.763477E-03   0.255289E-02   0.817736E-02   0.250911E-01   0.737496E-01   0.207657E+00   0.560079E+00   0.144710E+01   0.358163E+01   0.000000E+00   0.000000E+00   0.000000E+00   0.000000E+00   0.171140E+01   0.282402E+01   0.330775E+01   0.349571E+01   0.125864E+02   0.301951E+02   0.655781E+02   0.169384E+03   0.553304E+03   0.123230E+04   0.327434E+04   0.683073E+04   0.125316E+05   0.161611E+05   0.170131E+05   0.301910E+05   0.388389E+04   0.743174E+02   0.301028E+01   0.106528E+02   0.245965E+02   0.439182E+02   0.623227E+02   0.712879E+02   0.666285E+02   0.514815E+02   0.311424E+02   0.669656E+01   0.506125E-01   0.185462E-01   0.261777E-01   0.110499E-01   0.103828E-02   0.118114E-01   0.140449E-02   0.447032E-02   0.129850E-01   0.864344E-02   0.000000E+00   0.000000E+00   0.000000E+00   0.000000E+00   0.000000E+00   0.000000E+00   0.000000E+00   0.000000E+00   0.000000E+00   0.000000E+00   0.000000E+00   0.138778E+04   0.574608E+05   0.693833E+05   0.753006E+05   0.638551E+05   0.374333E+05   0.179540E+05   0.796146E+04   0.658047E+03   0.000000E+00   0.000000E+00   0.000000E+00   0.000000E+00   0.000000E+00   0.000000E+00   0.000000E+00   0.000000E+00   0.000000E+00   0.000000E+00   0.000000E+00   0.579488E-04   0.467620E-04   0.599662E-05   0.000000E+00   0.000000E+00   0.000000E+00   0.000000E+00   0.466116E-05   0.768716E-03   0.176149E+00   0.100709E+01   0.441623E+01   0.129040E+02   0.563943E+02   0.473397E+02   0.169878E+03   0.364048E+03   0.652777E+03   0.105016E+04   0.151473E+04   0.197016E+04   0.232541E+04   0.250394E+04   0.246124E+04   0.219813E+04   0.183007E+04   0.141239E+04   0.101225E+04   0.675508E+03   0.420758E+03   0.245180E+03   0.133916E+03   0.686749E+02   0.329882E+02   0.167623E+02   0.516504E+01   0.240942E+01   0.950177E+00   0.335128E+00   0.116833E+00   0.380421E-01   0.117630E-01   0.347818E-02   0.971132E-03   0.340744E-03
 0.000000E+00   0.763477E-03   0.255289E-02   0.817736E-02   0.250911E-01   0.737496E-01   0.207657E+00   0.560079E+00   0.144710E+01   0.358163E+01   0.000000E+00   0.000000E+00   0.000000E+00   0.000000E+00   0.171140E+01   0.282402E+01   0.330775E+01   0.304989E+01   0.118794E+02   0.289013E+02   0.624778E+02   0.158551E+03   0.519753E+03   0.118914E+04   0.307267E+04   0.664268E+04   0.121959E+05   0.163300E+05   0.162268E+05   0.311937E+05   0.431719E+04   0.743174E+02   0.281933E+01   0.103239E+02   0.240360E+02   0.432755E+02   0.618853E+02   0.712908E+02   0.670492E+02   0.520860E+02   0.317879E+02   0.718357E+01   0.506125E-01   0.185462E-01   0.261777E-01   0.110499E-01   0.103828E-02   0.118114E-01   0.140449E-02   0.447032E-02   0.129850E-01   0.864344E-02   0.000000E+00   0.000000E+00   0.000000E+00   0.000000E+00   0.000000E+00   0.000000E+00   0.000000E+00   0.000000E+00   0.000000E+00   0.000000E+00   0.000000E+00   0.154577E+04   0.575366E+05   0.693706E+05   0.752478E+05   0.637726E+05   0.373904E+05   0.179368E+05   0.794553E+04   0.648406E+03   0.000000E+00   0.000000E+00   0.000000E+00   0.000000E+00   0.000000E+00   0.000000E+00   0.000000E+00   0.000000E+00   0.000000E+00   0.000000E+00   0.000000E+00   0.579488E-04   0.467620E-04   0.599662E-05   0.000000E+00   0.000000E+00   0.000000E+00   0.000000E+00   0.466116E-05   0.993551E-03   0.179543E+00   0.102174E+01   0.444553E+01   0.130360E+02   0.564905E+02   0.474385E+02   0.170410E+03   0.364464E+03   0.653120E+03   0.105019E+04   0.151432E+04   0.196933E+04   0.232495E+04   0.250331E+04   0.246021E+04   0.219753E+04   0.182998E+04   0.141265E+04   0.101269E+04   0.675983E+03   0.421168E+03   0.245487E+03   0.134120E+03   0.687981E+02   0.330558E+02   0.167964E+02   0.518512E+01   0.241340E+01   0.953722E+00   0.336034E+00   0.117251E+00   0.381689E-01   0.118059E-01   0.349095E-02   0.974805E-03   0.342074E-03
 0.000000E+00   0.763477E-03   0.255289E-02   0.817736E-02   0.250911E-01   0.737496E-01   0.207657E+00   0.560079E+00   0.144710E+01   0.358163E+01   0.000000E+00   0.000000E+00   0.000000E+00   0.000000E+00   0.171140E+01   0.282402E+01   0.330775E+01   0.270025E+01   0.111141E+02   0.276266E+02   0.594722E+02   0.148285E+03   0.487045E+03   0.114642E+04   0.287900E+04   0.645414E+04   0.118590E+05   0.164796E+05   0.155176E+05   0.320493E+05   0.483132E+04   0.743174E+02   0.262365E+01   0.998688E+01   0.234580E+02   0.426099E+02   0.614270E+02   0.712847E+02   0.674764E+02   0.527077E+02   0.324563E+02   0.770682E+01   0.506125E-01   0.185462E-01   0.261777E-01   0.110499E-01   0.103828E-02   0.118114E-01   0.140449E-02   0.447032E-02   0.129850E-01   0.864344E-02   0.000000E+00   0.000000E+00   0.000000E+00   0.000000E+00   0.000000E+00   0.000000E+00   0.000000E+00   0.000000E+00   0.000000E+00   0.000000E+00   0.000000E+00   0.169729E+04   0.576094E+05   0.693597E+05   0.751976E+05   0.636930E+05   0.373484E+05   0.179199E+05   0.793003E+04   0.639171E+03   0.000000E+00   0.000000E+00   0.000000E+00   0.000000E+00   0.000000E+00   0.000000E+00   0.000000E+00   0.000000E+00   0.000000E+00   0.000000E+00   0.000000E+00   0.579488E-04   0.467620E-04   0.599662E-05   0.000000E+00   0.000000E+00   0.000000E+00   0.000000E+00   0.466116E-05   0.124262E-02   0.182878E+00   0.103631E+01   0.447363E+01   0.131680E+02   0.565777E+02   0.475377E+02   0.170919E+03   0.364854E+03   0.653428E+03   0.105019E+04   0.151387E+04   0.196847E+04   0.232468E+04   0.250248E+04   0.245920E+04   0.219696E+04   0.182993E+04   0.141295E+04   0.101316E+04   0.676476E+03   0.421591E+03   0.245801E+03   0.134328E+03   0.689234E+02   0.331244E+02   0.168308E+02   0.520556E+01   0.241740E+01   0.957309E+00   0.336948E+00   0.117674E+00   0.382968E-01   0.118493E-01   0.350382E-02   0.978508E-03   0.343414E-03
 0.000000E+00   0.763477E-03   0.255289E-02   0.817736E-02   0.250911E-01   0.737496E-01   0.207657E+00   0.560079E+00   0.144710E+01   0.358163E+01   0.000000E+00   0.000000E+00   0.000000E+00   0.000000E+00   0.171140E+01   0.282402E+01   0.330775E+01   0.270025E+01   0.100143E+02   0.263970E+02   0.565695E+02   0.138570E+03   0.455270E+03   0.110412E+04   0.269384E+04   0.626461E+04   0.115219E+05   0.166038E+05   0.148854E+05   0.327433E+05   0.544616E+04   0.743174E+02   0.242448E+01   0.964280E+01   0.228639E+02   0.419215E+02   0.609458E+02   0.712666E+02   0.679078E+02   0.533461E+02   0.331480E+02   0.827049E+01   0.506125E-01   0.185462E-01   0.261777E-01   0.110499E-01   0.103828E-02   0.118114E-01   0.140449E-02   0.447032E-02   0.129850E-01   0.864344E-02   0.000000E+00   0.000000E+00   0.000000E+00   0.000000E+00   0.000000E+00   0.000000E+00   0.000000E+00   0.000000E+00   0.000000E+00   0.000000E+00   0.000000E+00   0.184213E+04   0.576791E+05   0.693505E+05   0.751501E+05   0.636163E+05   0.373076E+05   0.179034E+05   0.791500E+04   0.630341E+03   0.000000E+00   0.000000E+00   0.000000E+00   0.000000E+00   0.000000E+00   0.000000E+00   0.000000E+00   0.000000E+00   0.000000E+00   0.000000E+00   0.000000E+00   0.579488E-04   0.467620E-04   0.599662E-05   0.000000E+00   0.000000E+00   0.000000E+00   0.000000E+00   0.466116E-05   0.151429E-02   0.186150E+00   0.105079E+01   0.450055E+01   0.132997E+02   0.566565E+02   0.476367E+02   0.171404E+03   0.365218E+03   0.653700E+03   0.105015E+04   0.151340E+04   0.196759E+04   0.232460E+04   0.250145E+04   0.245820E+04   0.219643E+04   0.182992E+04   0.141328E+04   0.101366E+04   0.676990E+03   0.422027E+03   0.246123E+03   0.134541E+03   0.690509E+02   0.331942E+02   0.168657E+02   0.522638E+01   0.242141E+01   0.960941E+00   0.337871E+00   0.118102E+00   0.384258E-01   0.118931E-01   0.351680E-02   0.982242E-03   0.344764E-03
 0.000000E+00   0.763477E-03   0.255289E-02   0.817736E-02   0.250911E-01   0.737496E-01   0.207657E+00   0.560079E+00   0.144710E+01   0.358163E+01   0.000000E+00   0.000000E+00   0.000000E+00   0.000000E+00   0.171140E+01   0.282402E+01   0.330775E+01   0.270025E+01   0.892585E+01   0.252196E+02   0.537728E+02   0.129391E+03   0.424518E+03   0.106217E+04   0.251762E+04   0.607326E+04   0.111854E+05   0.166962E+05   0.143308E+05   0.332629E+05   0.617987E+04   0.741826E+02   0.236029E+01   0.929029E+01   0.222549E+02   0.412102E+02   0.604395E+02   0.712333E+02   0.683410E+02   0.540006E+02   0.338631E+02   0.887903E+01   0.506125E-01   0.185462E-01   0.261777E-01   0.110499E-01   0.103828E-02   0.118114E-01   0.140449E-02   0.447032E-02   0.129850E-01   0.864344E-02   0.000000E+00   0.000000E+00   0.000000E+00   0.000000E+00   0.000000E+00   0.000000E+00   0.000000E+00   0.000000E+00   0.000000E+00   0.000000E+00   0.000000E+00   0.198014E+04   0.577457E+05   0.693428E+05   0.751054E+05   0.635426E+05   0.372681E+05   0.178874E+05   0.790046E+04   0.621916E+03   0.000000E+00   0.000000E+00   0.000000E+00   0.000000E+00   0.000000E+00   0.000000E+00   0.000000E+00   0.000000E+00   0.000000E+00   0.000000E+00   0.000000E+00   0.579488E-04   0.467620E-04   0.599662E-05   0.000000E+00   0.000000E+00   0.000000E+00   0.000000E+00   0.466116E-05   0.180693E-02   0.189358E+00   0.106515E+01   0.452630E+01   0.134306E+02   0.567272E+02   0.477350E+02   0.171867E+03   0.365556E+03   0.653934E+03   0.105006E+04   0.151288E+04   0.196681E+04   0.232447E+04   0.250033E+04   0.245723E+04   0.219593E+04   0.182995E+04   0.141365E+04   0.101418E+04   0.677523E+03   0.422476E+03   0.246453E+03   0.134758E+03   0.691807E+02   0.332650E+02   0.169009E+02   0.524759E+01   0.242543E+01   0.964617E+00   0.338802E+00   0.118534E+00   0.385559E-01   0.119373E-01   0.352988E-02   0.986008E-03   0.346125E-03
 0.000000E+00   0.763477E-03   0.255289E-02   0.817736E-02   0.250911E-01   0.737496E-01   0.207657E+00   0.560079E+00   0.144710E+01   0.358163E+01   0.000000E+00   0.000000E+00   0.000000E+00   0.000000E+00   0.171140E+01   0.282402E+01   0.330775E+01   0.270025E+01   0.785821E+01   0.240863E+02   0.510838E+02   0.120735E+03   0.394876E+03   0.102045E+04   0.235074E+04   0.587911E+04   0.108502E+05   0.167510E+05   0.138578E+05   0.335939E+05   0.704801E+04   0.734725E+02   0.289940E+01   0.890278E+01   0.216333E+02   0.404756E+02   0.599059E+02   0.711813E+02   0.687736E+02   0.546709E+02   0.346023E+02   0.953709E+01   0.506125E-01   0.185462E-01   0.261777E-01   0.110499E-01   0.103828E-02   0.118114E-01   0.140449E-02   0.447032E-02   0.129850E-01   0.864344E-02   0.000000E+00   0.000000E+00   0.000000E+00   0.000000E+00   0.000000E+00   0.000000E+00   0.000000E+00   0.000000E+00   0.000000E+00   0.000000E+00   0.000000E+00   0.211115E+04   0.578092E+05   0.693367E+05   0.750633E+05   0.634721E+05   0.372299E+05   0.178718E+05   0.788643E+04   0.613895E+03   0.000000E+00   0.000000E+00   0.000000E+00   0.000000E+00   0.000000E+00   0.000000E+00   0.000000E+00   0.000000E+00   0.000000E+00   0.000000E+00   0.000000E+00   0.579488E-04   0.467620E-04   0.599662E-05   0.000000E+00   0.000000E+00   0.000000E+00   0.000000E+00   0.466116E-05   0.211886E-02   0.192501E+00   0.107937E+01   0.455090E+01   0.135604E+02   0.567904E+02   0.478320E+02   0.172306E+03   0.365866E+03   0.654130E+03   0.104994E+04   0.151233E+04   0.196621E+04   0.232412E+04   0.249921E+04   0.245627E+04   0.219547E+04   0.183003E+04   0.141405E+04   0.101474E+04   0.678077E+03   0.422938E+03   0.246790E+03   0.134979E+03   0.693127E+02   0.333370E+02   0.169366E+02   0.526919E+01   0.242946E+01   0.968338E+00   0.339742E+00   0.118971E+00   0.386871E-01   0.119819E-01   0.354306E-02   0.989806E-03   0.347497E-03
 0.000000E+00   0.763477E-03   0.255289E-02   0.817736E-02   0.250911E-01   0.737496E-01   0.207657E+00   0.560079E+00   0.144710E+01   0.358163E+01   0.000000E+00   0.000000E+00   0.000000E+00   0.000000E+00   0.171140E+01   0.282402E+01   0.330775E+01   0.270025E+01   0.682097E+01   0.229867E+02   0.485030E+02   0.112602E+03   0.366429E+03   0.978767E+03   0.219352E+04   0.568106E+04   0.105172E+05   0.167630E+05   0.134742E+05   0.337218E+05   0.806306E+04   0.721627E+02   0.410779E+01   0.843784E+01   0.210036E+02   0.397173E+02   0.593424E+02   0.711072E+02   0.692034E+02   0.553571E+02   0.353661E+02   0.102494E+02   0.506125E-01   0.185462E-01   0.261777E-01   0.110499E-01   0.103828E-02   0.118114E-01   0.140449E-02   0.447032E-02   0.129850E-01   0.864344E-02   0.000000E+00   0.000000E+00   0.000000E+00   0.000000E+00   0.000000E+00   0.000000E+00   0.000000E+00   0.000000E+00   0.000000E+00   0.000000E+00   0.000000E+00   0.223504E+04   0.578696E+05   0.693320E+05   0.750239E+05   0.634049E+05   0.371931E+05   0.178567E+05   0.787294E+04   0.606274E+03   0.000000E+00   0.000000E+00   0.000000E+00   0.000000E+00   0.000000E+00   0.000000E+00   0.000000E+00   0.000000E+00   0.000000E+00   0.000000E+00   0.000000E+00   0.579488E-04   0.467620E-04   0.599662E-05   0.000000E+00   0.000000E+00   0.000000E+00   0.000000E+00   0.466116E-05   0.244844E-02   0.195576E+00   0.109344E+01   0.457436E+01   0.136887E+02   0.568466E+02   0.479274E+02   0.172721E+03   0.366149E+03   0.654289E+03   0.104977E+04   0.151174E+04   0.196579E+04   0.232356E+04   0.249809E+04   0.245533E+04   0.219506E+04   0.183015E+04   0.141450E+04   0.101532E+04   0.678652E+03   0.423414E+03   0.247136E+03   0.135205E+03   0.694472E+02   0.334101E+02   0.169726E+02   0.529120E+01   0.243351E+01   0.972106E+00   0.340691E+00   0.119413E+00   0.388195E-01   0.120270E-01   0.355636E-02   0.993637E-03   0.348880E-03
 0.000000E+00   0.763477E-03   0.255289E-02   0.817736E-02   0.250911E-01   0.737496E-01   0.207657E+00   0.560079E+00   0.144710E+01   0.358163E+01   0.000000E+00   0.000000E+00   0.000000E+00   0.000000E+00   0.171140E+01   0.282402E+01   0.330775E+01   0.270025E+01   0.582387E+01   0.219085E+02   0.460304E+02   0.104998E+03   0.339244E+03   0.936959E+03   0.204631E+04   0.547798E+04   0.101867E+05   0.167279E+05   0.131857E+05   0.336367E+05   0.923368E+04   0.702779E+02   0.597940E+01   0.787443E+01   0.203722E+02   0.389341E+02   0.587464E+02   0.710075E+02   0.696281E+02   0.560588E+02   0.361552E+02   0.110207E+02   0.506125E-01   0.185462E-01   0.261777E-01   0.110499E-01   0.103828E-02   0.118114E-01   0.140449E-02   0.447032E-02   0.129850E-01   0.864344E-02   0.000000E+00   0.000000E+00   0.000000E+00   0.000000E+00   0.000000E+00   0.000000E+00   0.000000E+00   0.000000E+00   0.000000E+00   0.000000E+00   0.000000E+00   0.235171E+04   0.579267E+05   0.693286E+05   0.749873E+05   0.633410E+05   0.371579E+05   0.178422E+05   0.786000E+04   0.599051E+03   0.000000E+00   0.000000E+00   0.000000E+00   0.000000E+00   0.000000E+00   0.000000E+00   0.000000E+00   0.000000E+00   0.000000E+00   0.000000E+00   0.000000E+00   0.579488E-04   0.467620E-04   0.599662E-05   0.000000E+00   0.000000E+00   0.000000E+00   0.000000E+00   0.466116E-05   0.279401E-02   0.198584E+00   0.110732E+01   0.459672E+01   0.138152E+02   0.568962E+02   0.480205E+02   0.173111E+03   0.366404E+03   0.654408E+03   0.104956E+04   0.151111E+04   0.196556E+04   0.232277E+04   0.249697E+04   0.245440E+04   0.219468E+04   0.183031E+04   0.141498E+04   0.101593E+04   0.679247E+03   0.423902E+03   0.247490E+03   0.135436E+03   0.695839E+02   0.334844E+02   0.170091E+02   0.531361E+01   0.243757E+01   0.975920E+00   0.341649E+00   0.119859E+00   0.389530E-01   0.120725E-01   0.356977E-02   0.997501E-03   0.350273E-03
 0.000000E+00   0.763477E-03   0.255289E-02   0.817736E-02   0.250911E-01   0.737496E-01   0.207657E+00   0.560079E+00   0.144710E+01   0.358163E+01   0.000000E+00   0.000000E+00   0.000000E+00   0.000000E+00   0.171140E+01   0.282402E+01   0.330775E+01   0.270025E+01   0.487661E+01   0.208385E+02   0.436658E+02   0.979164E+02   0.313373E+03   0.894875E+03   0.190946E+04   0.526877E+04   0.985951E+04   0.166422E+05   0.129949E+05   0.333356E+05   0.105640E+05   0.678568E+02   0.840057E+01   0.728798E+01   0.197428E+02   0.381249E+02   0.581157E+02   0.708787E+02   0.700454E+02   0.567761E+02   0.369703E+02   0.118555E+02   0.506125E-01   0.185462E-01   0.261777E-01   0.110499E-01   0.103828E-02   0.118114E-01   0.140449E-02   0.447032E-02   0.129850E-01   0.864344E-02   0.000000E+00   0.000000E+00   0.000000E+00   0.000000E+00   0.000000E+00   0.000000E+00   0.000000E+00   0.000000E+00   0.000000E+00   0.000000E+00   0.000000E+00   0.246105E+04   0.579808E+05   0.693265E+05   0.749533E+05   0.632805E+05   0.371242E+05   0.178283E+05   0.784764E+04   0.592223E+03   0.000000E+00   0.000000E+00   0.000000E+00   0.000000E+00   0.000000E+00   0.000000E+00   0.000000E+00   0.000000E+00   0.000000E+00   0.000000E+00   0.000000E+00   0.579488E-04   0.467620E-04   0.599662E-05   0.000000E+00   0.000000E+00   0.000000E+00   0.000000E+00   0.466116E-05   0.315394E-02   0.201524E+00   0.112100E+01   0.461799E+01   0.139395E+02   0.569396E+02   0.481109E+02   0.173478E+03   0.366630E+03   0.654489E+03   0.104931E+04   0.151045E+04   0.196550E+04   0.232176E+04   0.249586E+04   0.245350E+04   0.219434E+04   0.183052E+04   0.141550E+04   0.101658E+04   0.679863E+03   0.424405E+03   0.247852E+03   0.135671E+03   0.697231E+02   0.335599E+02   0.170460E+02   0.533643E+01   0.244164E+01   0.979783E+00   0.342616E+00   0.120310E+00   0.390877E-01   0.121185E-01   0.358329E-02   0.100140E-02   0.351678E-03
 0.000000E+00   0.763477E-03   0.255289E-02   0.817736E-02   0.250911E-01   0.737496E-01   0.207657E+00   0.560079E+00   0.144710E+01   0.358163E+01   0.000000E+00   0.000000E+00   0.000000E+00   0.000000E+00   0.171140E+01   0.282402E+01   0.330775E+01   0.270025E+01   0.398873E+01   0.197632E+02   0.414084E+02   0.913434E+02   0.288851E+03   0.852416E+03   0.178309E+04   0.505277E+04   0.953587E+04   0.165040E+05   0.129013E+05   0.328221E+05   0.120530E+05   0.649508E+02   0.113065E+02   0.669715E+01   0.191135E+02   0.372888E+02   0.574480E+02   0.707176E+02   0.704531E+02   0.575089E+02   0.378119E+02   0.127583E+02   0.506125E-01   0.185462E-01   0.261777E-01   0.110499E-01   0.103828E-02   0.118114E-01   0.140449E-02   0.447032E-02   0.129850E-01   0.864344E-02   0.000000E+00   0.000000E+00   0.000000E+00   0.000000E+00   0.000000E+00   0.000000E+00   0.000000E+00   0.000000E+00   0.000000E+00   0.000000E+00   0.000000E+00   0.256301E+04   0.580316E+05   0.693256E+05   0.749219E+05   0.632235E+05   0.370922E+05   0.178150E+05   0.783585E+04   0.585786E+03   0.000000E+00   0.000000E+00   0.000000E+00   0.000000E+00   0.000000E+00   0.000000E+00   0.000000E+00   0.000000E+00   0.000000E+00   0.000000E+00   0.000000E+00   0.579488E-04   0.467620E-04   0.599662E-05   0.000000E+00   0.000000E+00   0.000000E+00   0.000000E+00   0.466116E-05   0.352664E-02   0.204394E+00   0.113447E+01   0.463821E+01   0.140615E+02   0.569773E+02   0.481984E+02   0.173820E+03   0.366829E+03   0.654531E+03   0.104901E+04   0.150988E+04   0.196535E+04   0.232068E+04   0.249474E+04   0.245262E+04   0.219404E+04   0.183077E+04   0.141605E+04   0.101725E+04   0.680501E+03   0.424921E+03   0.248222E+03   0.135910E+03   0.698647E+02   0.336365E+02   0.170833E+02   0.535967E+01   0.244573E+01   0.983693E+00   0.343592E+00   0.120767E+00   0.392236E-01   0.121649E-01   0.359693E-02   0.100533E-02   0.353094E-03
 0.000000E+00   0.763477E-03   0.255289E-02   0.817736E-02   0.250911E-01   0.737496E-01   0.207657E+00   0.560079E+00   0.144710E+01   0.358163E+01   0.000000E+00   0.000000E+00   0.000000E+00   0.000000E+00   0.171140E+01   0.282402E+01   0.330775E+01   0.270025E+01   0.316949E+01   0.186699E+02   0.392571E+02   0.852578E+02   0.265701E+03   0.809540E+03   0.166705E+04   0.482979E+04   0.921604E+04   0.163126E+05   0.129011E+05   0.321072E+05   0.136945E+05   0.616227E+02   0.146347E+02   0.610797E+01   0.184816E+02   0.364258E+02   0.567413E+02   0.705210E+02   0.708490E+02   0.582568E+02   0.386805E+02   0.137335E+02   0.506125E-01   0.185462E-01   0.261777E-01   0.110499E-01   0.103828E-02   0.118114E-01   0.140449E-02   0.447032E-02   0.129850E-01   0.864344E-02   0.000000E+00   0.000000E+00   0.000000E+00   0.000000E+00   0.000000E+00   0.000000E+00   0.000000E+00   0.000000E+00   0.000000E+00   0.000000E+00   0.000000E+00   0.265753E+04   0.580794E+05   0.693259E+05   0.748932E+05   0.631700E+05   0.370618E+05   0.178024E+05   0.782466E+04   0.579734E+03   0.000000E+00   0.000000E+00   0.000000E+00   0.000000E+00   0.000000E+00   0.000000E+00   0.000000E+00   0.000000E+00   0.000000E+00   0.000000E+00   0.000000E+00   0.579488E-04   0.467620E-04   0.599662E-05   0.000000E+00   0.000000E+00   0.000000E+00   0.000000E+00   0.466116E-05   0.391055E-02   0.207194E+00   0.114770E+01   0.465741E+01   0.141807E+02   0.570096E+02   0.482824E+02   0.174138E+03   0.366999E+03   0.654533E+03   0.104867E+04   0.150946E+04   0.196499E+04   0.231958E+04   0.249362E+04   0.245175E+04   0.219378E+04   0.183107E+04   0.141665E+04   0.101795E+04   0.681159E+03   0.425451E+03   0.248600E+03   0.136155E+03   0.700087E+02   0.337144E+02   0.171210E+02   0.538332E+01   0.244983E+01   0.987652E+00   0.344578E+00   0.121228E+00   0.393606E-01   0.122117E-01   0.361067E-02   0.100930E-02   0.354521E-03
 0.000000E+00   0.763477E-03   0.255289E-02   0.817736E-02   0.250911E-01   0.737496E-01   0.207657E+00   0.560079E+00   0.144710E+01   0.358163E+01   0.000000E+00   0.000000E+00   0.000000E+00   0.000000E+00   0.171140E+01   0.282402E+01   0.330775E+01   0.270025E+01   0.242771E+01   0.175471E+02   0.372099E+02   0.796334E+02   0.243937E+03   0.766271E+03   0.156100E+04   0.460018E+04   0.890002E+04   0.160686E+05   0.129871E+05   0.312091E+05   0.154769E+05   0.579433E+02   0.183140E+02   0.552644E+01   0.178438E+02   0.355363E+02   0.559940E+02   0.702858E+02   0.712305E+02   0.590193E+02   0.395763E+02   0.147849E+02   0.506125E-01   0.185462E-01   0.261777E-01   0.110499E-01   0.103828E-02   0.118114E-01   0.140449E-02   0.447032E-02   0.129850E-01   0.864344E-02   0.000000E+00   0.000000E+00   0.000000E+00   0.000000E+00   0.000000E+00   0.000000E+00   0.000000E+00   0.000000E+00   0.000000E+00   0.000000E+00   0.000000E+00   0.274459E+04   0.581240E+05   0.693272E+05   0.748671E+05   0.631200E+05   0.370332E+05   0.177904E+05   0.781408E+04   0.574062E+03   0.000000E+00   0.000000E+00   0.000000E+00   0.000000E+00   0.000000E+00   0.000000E+00   0.000000E+00   0.000000E+00   0.000000E+00   0.000000E+00   0.000000E+00   0.579488E-04   0.467620E-04   0.599662E-05   0.000000E+00   0.000000E+00   0.000000E+00   0.000000E+00   0.466116E-05   0.430415E-02   0.209923E+00   0.116068E+01   0.467561E+01   0.142970E+02   0.570370E+02   0.483626E+02   0.174431E+03   0.367140E+03   0.654496E+03   0.104829E+04   0.150918E+04   0.196443E+04   0.231846E+04   0.249251E+04   0.245091E+04   0.219356E+04   0.183141E+04   0.141729E+04   0.101868E+04   0.681839E+03   0.425995E+03   0.248987E+03   0.136404E+03   0.701551E+02   0.337934E+02   0.171592E+02   0.540741E+01   0.245394E+01   0.991660E+00   0.345573E+00   0.121694E+00   0.394989E-01   0.122590E-01   0.362454E-02   0.101330E-02   0.355960E-03
 0.000000E+00   0.763477E-03   0.255289E-02   0.817736E-02   0.250911E-01   0.737496E-01   0.207657E+00   0.560079E+00   0.144710E+01   0.358163E+01   0.000000E+00   0.000000E+00   0.000000E+00   0.000000E+00   0.171140E+01   0.282402E+01   0.330775E+01   0.270025E+01   0.231677E+01   0.158105E+02   0.352943E+02   0.744387E+02   0.223560E+03   0.722697E+03   0.146437E+04   0.436484E+04   0.858753E+04   0.157742E+05   0.131487E+05   0.301523E+05   0.173839E+05   0.539899E+02   0.222674E+02   0.495778E+01   0.171972E+02   0.346218E+02   0.552047E+02   0.700092E+02   0.715953E+02   0.597955E+02   0.404994E+02   0.159309E+02   0.361053E-01   0.185462E-01   0.261777E-01   0.110499E-01   0.103828E-02   0.118114E-01   0.140449E-02   0.447032E-02   0.129850E-01   0.864344E-02   0.000000E+00   0.000000E+00   0.000000E+00   0.000000E+00   0.000000E+00   0.000000E+00   0.000000E+00   0.000000E+00   0.000000E+00   0.000000E+00   0.000000E+00   0.282418E+04   0.581655E+05   0.693294E+05   0.748436E+05   0.630736E+05   0.370063E+05   0.177791E+05   0.780410E+04   0.568766E+03   0.000000E+00   0.000000E+00   0.000000E+00   0.000000E+00   0.000000E+00   0.000000E+00   0.000000E+00   0.000000E+00   0.000000E+00   0.000000E+00   0.000000E+00   0.579488E-04   0.467620E-04   0.599662E-05   0.000000E+00   0.000000E+00   0.000000E+00   0.000000E+00   0.466116E-05   0.470599E-02   0.212583E+00   0.117339E+01   0.469286E+01   0.144100E+02   0.570598E+02   0.484388E+02   0.174701E+03   0.367253E+03   0.654420E+03   0.104786E+04   0.150906E+04   0.196365E+04   0.231732E+04   0.249140E+04   0.245009E+04   0.219338E+04   0.183179E+04   0.141796E+04   0.101944E+04   0.682539E+03   0.426552E+03   0.249382E+03   0.136657E+03   0.703040E+02   0.338736E+02   0.171977E+02   0.543192E+01   0.245806E+01   0.995717E+00   0.346578E+00   0.122165E+00   0.396384E-01   0.123068E-01   0.363852E-02   0.101733E-02   0.357411E-03
 0.000000E+00   0.763477E-03   0.255289E-02   0.817736E-02   0.250911E-01   0.737496E-01   0.207657E+00   0.560079E+00   0.144710E+01   0.358163E+01   0.000000E+00   0.000000E+00   0.000000E+00   0.000000E+00   0.171140E+01   0.282402E+01   0.330775E+01   0.270025E+01   0.231677E+01   0.139535E+02   0.335382E+02   0.696355E+02   0.204563E+03   0.678970E+03   0.137643E+04   0.412519E+04   0.827806E+04   0.154326E+05   0.133728E+05   0.289670E+05   0.193933E+05   0.514741E+02   0.264096E+02   0.440569E+01   0.165404E+02   0.336842E+02   0.543723E+02   0.696886E+02   0.719408E+02   0.605844E+02   0.414495E+02   0.171340E+02   0.479818E-01   0.185462E-01   0.261777E-01   0.110499E-01   0.103828E-02   0.118114E-01   0.140449E-02   0.447032E-02   0.129850E-01   0.864344E-02   0.000000E+00   0.000000E+00   0.000000E+00   0.000000E+00   0.000000E+00   0.000000E+00   0.000000E+00   0.000000E+00   0.000000E+00   0.000000E+00   0.000000E+00   0.289629E+04   0.582039E+05   0.693327E+05   0.748226E+05   0.630307E+05   0.369813E+05   0.177685E+05   0.779475E+04   0.563838E+03   0.000000E+00   0.000000E+00   0.000000E+00   0.000000E+00   0.000000E+00   0.000000E+00   0.000000E+00   0.000000E+00   0.000000E+00   0.000000E+00   0.000000E+00   0.579488E-04   0.467620E-04   0.599662E-05   0.000000E+00   0.000000E+00   0.000000E+00   0.000000E+00   0.466116E-05   0.511466E-02   0.215172E+00   0.118582E+01   0.470918E+01   0.145198E+02   0.570784E+02   0.485106E+02   0.174946E+03   0.367338E+03   0.654304E+03   0.104742E+04   0.150901E+04   0.196271E+04   0.231617E+04   0.249028E+04   0.244928E+04   0.219324E+04   0.183222E+04   0.141867E+04   0.102023E+04   0.683260E+03   0.427123E+03   0.249785E+03   0.136915E+03   0.704552E+02   0.339550E+02   0.172367E+02   0.545686E+01   0.246219E+01   0.999824E+00   0.347593E+00   0.122641E+00   0.397792E-01   0.123550E-01   0.365261E-02   0.102141E-02   0.358873E-03
 0.000000E+00   0.763477E-03   0.255289E-02   0.817736E-02   0.250911E-01   0.737496E-01   0.207657E+00   0.560079E+00   0.144710E+01   0.358163E+01   0.000000E+00   0.000000E+00   0.000000E+00   0.000000E+00   0.171140E+01   0.282402E+01   0.330775E+01   0.270025E+01   0.231677E+01   0.121334E+02   0.318916E+02   0.651902E+02   0.186931E+03   0.635295E+03   0.129630E+04   0.388305E+04   0.797085E+04   0.150482E+05   0.136440E+05   0.276876E+05   0.213907E+05   0.143728E+03   0.279718E+02   0.387363E+01   0.158720E+02   0.327260E+02   0.534959E+02   0.693217E+02   0.722642E+02   0.613843E+02   0.424263E+02   0.183086E+02   0.175343E+00   0.185462E-01   0.261777E-01   0.110499E-01   0.103828E-02   0.118114E-01   0.140449E-02   0.447032E-02   0.129850E-01   0.864344E-02   0.000000E+00   0.000000E+00   0.000000E+00   0.000000E+00   0.000000E+00   0.000000E+00   0.000000E+00   0.000000E+00   0.000000E+00   0.000000E+00   0.000000E+00   0.296096E+04   0.582393E+05   0.693368E+05   0.748041E+05   0.629915E+05   0.369580E+05   0.177586E+05   0.778602E+04   0.559273E+03   0.000000E+00   0.000000E+00   0.000000E+00   0.000000E+00   0.000000E+00   0.000000E+00   0.000000E+00   0.000000E+00   0.000000E+00   0.000000E+00   0.000000E+00   0.579488E-04   0.467620E-04   0.599662E-05   0.000000E+00   0.000000E+00   0.000000E+00   0.000000E+00   0.466116E-05   0.552881E-02   0.217691E+00   0.119796E+01   0.472461E+01   0.146259E+02   0.570931E+02   0.485778E+02   0.175168E+03   0.367394E+03   0.654150E+03   0.104708E+04   0.150881E+04   0.196173E+04   0.231500E+04   0.248917E+04   0.244850E+04   0.219314E+04   0.183269E+04   0.141942E+04   0.102105E+04   0.684002E+03   0.427707E+03   0.250196E+03   0.137178E+03   0.706089E+02   0.340377E+02   0.172762E+02   0.548223E+01   0.246633E+01   0.100398E+01   0.348617E+00   0.123122E+00   0.399211E-01   0.124038E-01   0.366683E-02   0.102551E-02   0.360346E-03
 0.000000E+00   0.763477E-03   0.255289E-02   0.817736E-02   0.250911E-01   0.737496E-01   0.207657E+00   0.560079E+00   0.144710E+01   0.358163E+01   0.000000E+00   0.000000E+00   0.000000E+00   0.000000E+00   0.171140E+01   0.282402E+01   0.330775E+01   0.270025E+01   0.231677E+01   0.103906E+02   0.303036E+02   0.610773E+02   0.170637E+03   0.591921E+03   0.122303E+04   0.364058E+04   0.766499E+04   0.146264E+05   0.139455E+05   0.263509E+05   0.232846E+05   0.395625E+03   0.279718E+02   0.336491E+01   0.151909E+02   0.317499E+02   0.525752E+02   0.689064E+02   0.725627E+02   0.621934E+02   0.434290E+02   0.195078E+02   0.367986E+00   0.185462E-01   0.261777E-01   0.110499E-01   0.103828E-02   0.118114E-01   0.140449E-02   0.447032E-02   0.129850E-01   0.864344E-02   0.000000E+00   0.000000E+00   0.000000E+00   0.000000E+00   0.000000E+00   0.000000E+00   0.000000E+00   0.000000E+00   0.000000E+00   0.000000E+00   0.000000E+00   0.301823E+04   0.582717E+05   0.693418E+05   0.747880E+05   0.629558E+05   0.369366E+05   0.177494E+05   0.777792E+04   0.555064E+03   0.000000E+00   0.000000E+00   0.000000E+00   0.000000E+00   0.000000E+00   0.000000E+00   0.000000E+00   0.000000E+00   0.000000E+00   0.000000E+00   0.000000E+00   0.579488E-04   0.467620E-04   0.599662E-05   0.000000E+00   0.000000E+00   0.000000E+00   0.000000E+00   0.466116E-05   0.594720E-02   0.220140E+00   0.120980E+01   0.473917E+01   0.147284E+02   0.571043E+02   0.486402E+02   0.175366E+03   0.367423E+03   0.653957E+03   0.104684E+04   0.150844E+04   0.196071E+04   0.231381E+04   0.248806E+04   0.244773E+04   0.219308E+04   0.183320E+04   0.142020E+04   0.102190E+04   0.684764E+03   0.428305E+03   0.250616E+03   0.137445E+03   0.707650E+02   0.341215E+02   0.173160E+02   0.550803E+01   0.247048E+01   0.100819E+01   0.349651E+00   0.123608E+00   0.400643E-01   0.124529E-01   0.368115E-02   0.102965E-02   0.361832E-03
 0.000000E+00   0.763477E-03   0.255289E-02   0.817736E-02   0.250911E-01   0.737496E-01   0.207657E+00   0.560079E+00   0.144710E+01   0.358163E+01   0.000000E+00   0.000000E+00   0.000000E+00   0.000000E+00   0.171140E+01   0.282402E+01   0.330775E+01   0.270025E+01   0.231677E+01   0.875680E+01   0.287296E+02   0.572771E+02   0.155647E+03   0.549124E+03   0.115562E+04   0.340012E+04   0.735947E+04   0.141731E+05   0.142595E+05   0.249948E+05   0.250300E+05   0.823865E+03   0.277771E+02   0.308889E+01   0.144844E+02   0.307591E+02   0.516101E+02   0.684408E+02   0.728330E+02   0.630095E+02   0.444567E+02   0.207306E+02   0.629743E+00   0.185462E-01   0.261777E-01   0.110499E-01   0.103828E-02   0.118114E-01   0.140449E-02   0.447032E-02   0.129850E-01   0.864344E-02   0.000000E+00   0.000000E+00   0.000000E+00   0.000000E+00   0.000000E+00   0.000000E+00   0.000000E+00   0.000000E+00   0.000000E+00   0.000000E+00   0.000000E+00   0.306816E+04   0.583012E+05   0.693475E+05   0.747744E+05   0.629236E+05   0.369170E+05   0.177409E+05   0.777044E+04   0.551204E+03   0.000000E+00   0.000000E+00   0.000000E+00   0.000000E+00   0.000000E+00   0.000000E+00   0.000000E+00   0.000000E+00   0.000000E+00   0.000000E+00   0.000000E+00   0.579488E-04   0.467620E-04   0.599662E-05   0.000000E+00   0.000000E+00   0.000000E+00   0.000000E+00   0.466116E-05   0.636860E-02   0.222519E+00   0.122133E+01   0.475290E+01   0.148270E+02   0.571122E+02   0.486976E+02   0.175540E+03   0.367423E+03   0.653726E+03   0.104671E+04   0.150790E+04   0.195967E+04   0.231260E+04   0.248696E+04   0.244699E+04   0.219306E+04   0.183376E+04   0.142102E+04   0.102278E+04   0.685547E+03   0.428916E+03   0.251043E+03   0.137717E+03   0.709234E+02   0.342065E+02   0.173562E+02   0.553426E+01   0.247464E+01   0.101244E+01   0.350694E+00   0.124099E+00   0.402087E-01   0.125026E-01   0.369560E-02   0.103383E-02   0.363329E-03
 0.000000E+00   0.763477E-03   0.255289E-02   0.817736E-02   0.250911E-01   0.737496E-01   0.207657E+00   0.560079E+00   0.144710E+01   0.358163E+01   0.000000E+00   0.000000E+00   0.000000E+00   0.000000E+00   0.171140E+01   0.282402E+01   0.330775E+01   0.270025E+01   0.231677E+01   0.724733E+01   0.271422E+02   0.537717E+02   0.141912E+03   0.507197E+03   0.109309E+04   0.316407E+04   0.705332E+04   0.136945E+05   0.145685E+05   0.236559E+05   0.265848E+05   0.144444E+04   0.270902E+02   0.339688E+01   0.136973E+02   0.297611E+02   0.506008E+02   0.679233E+02   0.730719E+02   0.638298E+02   0.455083E+02   0.219758E+02   0.964396E+00   0.185462E-01   0.261777E-01   0.110499E-01   0.103828E-02   0.118114E-01   0.140449E-02   0.447032E-02   0.129850E-01   0.864344E-02   0.000000E+00   0.000000E+00   0.000000E+00   0.000000E+00   0.000000E+00   0.000000E+00   0.000000E+00   0.000000E+00   0.000000E+00   0.000000E+00   0.000000E+00   0.311082E+04   0.583277E+05   0.693540E+05   0.747632E+05   0.628950E+05   0.368993E+05   0.177332E+05   0.776359E+04   0.547685E+03   0.000000E+00   0.000000E+00   0.000000E+00   0.000000E+00   0.000000E+00   0.000000E+00   0.000000E+00   0.000000E+00   0.000000E+00   0.000000E+00   0.000000E+00   0.579488E-04   0.467620E-04   0.599662E-05   0.000000E+00   0.000000E+00   0.000000E+00   0.000000E+00   0.466116E-05   0.679191E-02   0.224830E+00   0.123254E+01   0.476583E+01   0.149217E+02   0.571171E+02   0.487499E+02   0.175692E+03   0.367397E+03   0.653459E+03   0.104667E+04   0.150719E+04   0.195859E+04   0.231138E+04   0.248585E+04   0.244627E+04   0.219308E+04   0.183436E+04   0.142188E+04   0.102368E+04   0.686349E+03   0.429540E+03   0.251479E+03   0.137993E+03   0.710842E+02   0.342926E+02   0.173969E+02   0.556093E+01   0.247880E+01   0.101674E+01   0.351747E+00   0.124595E+00   0.403543E-01   0.125527E-01   0.371016E-02   0.103804E-02   0.364837E-03
 0.000000E+00   0.763477E-03   0.255289E-02   0.817736E-02   0.250911E-01   0.737496E-01   0.207657E+00   0.560079E+00   0.144710E+01   0.358163E+01   0.000000E+00   0.000000E+00   0.000000E+00   0.000000E+00   0.171140E+01   0.282402E+01   0.330775E+01   0.270025E+01   0.231677E+01   0.586935E+01   0.255264E+02   0.505415E+02   0.129379E+03   0.466432E+03   0.103448E+04   0.293474E+04   0.674574E+04   0.131971E+05   0.148559E+05   0.223683E+05   0.279122E+05   0.226980E+04   0.259950E+02   0.422123E+01   0.128104E+02   0.287648E+02   0.495476E+02   0.673527E+02   0.732762E+02   0.646514E+02   0.465825E+02   0.232423E+02   0.137561E+01   0.185462E-01   0.261777E-01   0.110499E-01   0.103828E-02   0.118114E-01   0.140449E-02   0.447032E-02   0.129850E-01   0.864344E-02   0.000000E+00   0.000000E+00   0.000000E+00   0.000000E+00   0.000000E+00   0.000000E+00   0.000000E+00   0.000000E+00   0.000000E+00   0.000000E+00   0.000000E+00   0.314629E+04   0.583514E+05   0.693612E+05   0.747543E+05   0.628698E+05   0.368834E+05   0.177262E+05   0.775735E+04   0.544501E+03   0.000000E+00   0.000000E+00   0.000000E+00   0.000000E+00   0.000000E+00   0.000000E+00   0.000000E+00   0.000000E+00   0.000000E+00   0.000000E+00   0.000000E+00   0.579488E-04   0.467620E-04   0.599662E-05   0.000000E+00   0.000000E+00   0.000000E+00   0.000000E+00   0.466116E-05   0.721606E-02   0.227072E+00   0.124342E+01   0.477800E+01   0.150124E+02   0.571193E+02   0.487968E+02   0.175821E+03   0.367343E+03   0.653218E+03   0.104658E+04   0.150639E+04   0.195748E+04   0.231014E+04   0.248475E+04   0.244557E+04   0.219314E+04   0.183500E+04   0.142277E+04   0.102462E+04   0.687171E+03   0.430177E+03   0.251922E+03   0.138274E+03   0.712474E+02   0.343799E+02   0.174380E+02   0.558803E+01   0.248297E+01   0.102110E+01   0.352810E+00   0.125096E+00   0.405012E-01   0.126032E-01   0.372484E-02   0.104229E-02   0.366357E-03
 0.000000E+00   0.763477E-03   0.255289E-02   0.817736E-02   0.250911E-01   0.737496E-01   0.207657E+00   0.560079E+00   0.144710E+01   0.358163E+01   0.000000E+00   0.000000E+00   0.000000E+00   0.000000E+00   0.171140E+01   0.282402E+01   0.330775E+01   0.270025E+01   0.231677E+01   0.462876E+01   0.238729E+02   0.475644E+02   0.117987E+03   0.427110E+03   0.978947E+03   0.271422E+04   0.643615E+04   0.126868E+05   0.151065E+05   0.211615E+05   0.289828E+05   0.330776E+04   0.245794E+02   0.548002E+01   0.118171E+02   0.277776E+02   0.484510E+02   0.667280E+02   0.734423E+02   0.654711E+02   0.476776E+02   0.245288E+02   0.186687E+01   0.185462E-01   0.261777E-01   0.110499E-01   0.103828E-02   0.118114E-01   0.140449E-02   0.447032E-02   0.129850E-01   0.864344E-02   0.000000E+00   0.000000E+00   0.000000E+00   0.000000E+00   0.000000E+00   0.000000E+00   0.000000E+00   0.000000E+00   0.000000E+00   0.000000E+00   0.000000E+00   0.317468E+04   0.583722E+05   0.693691E+05   0.747476E+05   0.628481E+05   0.368694E+05   0.177200E+05   0.775173E+04   0.541644E+03   0.000000E+00   0.000000E+00   0.000000E+00   0.000000E+00   0.000000E+00   0.000000E+00   0.000000E+00   0.000000E+00   0.000000E+00   0.000000E+00   0.000000E+00   0.579488E-04   0.467620E-04   0.599662E-05   0.000000E+00   0.000000E+00   0.000000E+00   0.000000E+00   0.466116E-05   0.764009E-02   0.229246E+00   0.125397E+01   0.478942E+01   0.150990E+02   0.571190E+02   0.488384E+02   0.175928E+03   0.367262E+03   0.653039E+03   0.104638E+04   0.150556E+04   0.195634E+04   0.230888E+04   0.248364E+04   0.244488E+04   0.219323E+04   0.183568E+04   0.142369E+04   0.102557E+04   0.688012E+03   0.430826E+03   0.252373E+03   0.138559E+03   0.714128E+02   0.344684E+02   0.174794E+02   0.561555E+01   0.248715E+01   0.102550E+01   0.353882E+00   0.125602E+00   0.406492E-01   0.126542E-01   0.373963E-02   0.104658E-02   0.367889E-03
 0.000000E+00   0.763477E-03   0.255289E-02   0.817736E-02   0.250911E-01   0.737496E-01   0.207657E+00   0.560079E+00   0.144710E+01   0.358163E+01   0.000000E+00   0.000000E+00   0.000000E+00   0.000000E+00   0.171140E+01   0.282402E+01   0.330775E+01   0.270025E+01   0.231677E+01   0.353035E+01   0.221774E+02   0.448153E+02   0.107668E+03   0.389482E+03   0.925746E+03   0.250431E+04   0.612438E+04   0.121694E+05   0.153074E+05   0.200598E+05   0.297765E+05   0.456060E+04   0.229263E+02   0.707391E+01   0.107367E+02   0.268030E+02   0.473120E+02   0.660484E+02   0.735667E+02   0.662853E+02   0.487919E+02   0.258339E+02   0.244149E+01   0.185462E-01   0.261777E-01   0.110499E-01   0.103828E-02   0.118114E-01   0.140449E-02   0.447032E-02   0.129850E-01   0.864344E-02   0.000000E+00   0.000000E+00   0.000000E+00   0.000000E+00   0.000000E+00   0.000000E+00   0.000000E+00   0.000000E+00   0.000000E+00   0.000000E+00   0.000000E+00   0.319610E+04   0.583903E+05   0.693776E+05   0.747432E+05   0.628298E+05   0.368572E+05   0.177144E+05   0.774672E+04   0.539105E+03   0.000000E+00   0.000000E+00   0.000000E+00   0.000000E+00   0.000000E+00   0.000000E+00   0.000000E+00   0.000000E+00   0.000000E+00   0.000000E+00   0.000000E+00   0.579488E-04   0.467620E-04   0.599662E-05   0.000000E+00   0.000000E+00   0.000000E+00   0.000000E+00   0.466116E-05   0.806311E-02   0.231354E+00   0.126418E+01   0.480014E+01   0.151814E+02   0.571164E+02   0.488746E+02   0.176012E+03   0.367156E+03   0.652922E+03   0.104604E+04   0.150469E+04   0.195517E+04   0.230761E+04   0.248254E+04   0.244422E+04   0.219337E+04   0.183639E+04   0.142465E+04   0.102656E+04   0.688872E+03   0.431488E+03   0.252831E+03   0.138848E+03   0.715806E+02   0.345580E+02   0.175213E+02   0.564350E+01   0.249133E+01   0.102995E+01   0.354964E+00   0.126113E+00   0.407985E-01   0.127057E-01   0.375453E-02   0.105089E-02   0.369432E-03
