-0.990000E+02  -0.990000E+02  -0.990000E+02  -0.990000E+02  -0.990000E+02  -0.990000E+02  -0.990000E+02  -0.990000E+02  -0.990000E+02  -0.990000E+02   0.700000E+01   0.700000E+01   0.700000E+01   0.700000E+01   0.700000E+01   0.700000E+01   0.700000E+01   0.700000E+01   0.700000E+01   0.700000E+01   0.700000E+01   0.700000E+01   0.700000E+01   0.700000E+01   0.700000E+01   0.700000E+01   0.700000E+01   0.700000E+01   0.700000E+01   0.700000E+01   0.700000E+01   0.700000E+01   0.700000E+01   0.700000E+01   0.700000E+01   0.700000E+01   0.700000E+01   0.700000E+01   0.700000E+01   0.700000E+01   0.700000E+01   0.700000E+01   0.700000E+01   0.700000E+01   0.700000E+01   0.700000E+01   0.700000E+01   0.700000E+01   0.700000E+01   0.700000E+01   0.700000E+01   0.700000E+01   0.700000E+01   0.700000E+01   0.700000E+01   0.700000E+01   0.700000E+01  -0.990000E+02  -0.990000E+02  -0.990000E+02  -0.990000E+02  -0.990000E+02  -0.990000E+02  -0.990000E+02  -0.990000E+02  -0.990000E+02  -0.990000E+02  -0.990000E+02  -0.990000E+02  -0.990000E+02  -0.990000E+02   0.700000E+01   0.700000E+01   0.700000E+01   0.700000E+01   0.700000E+01   0.700000E+01   0.700000E+01   0.700000E+01   0.700000E+01   0.700000E+01   0.700000E+01   0.700000E+01   0.700000E+01   0.700000E+01   0.700000E+01   0.700000E+01   0.700000E+01   0.700000E+01   0.700000E+01   0.700000E+01   0.700000E+01   0.700000E+01   0.700000E+01   0.700000E+01   0.700000E+01   0.700000E+01   0.700000E+01   0.700000E+01   0.700000E+01   0.700000E+01   0.700000E+01   0.700000E+01   0.700000E+01   0.700000E+01   0.700000E+01   0.700000E+01   0.700000E+01   0.700000E+01   0.700000E+01   0.700000E+01   0.700000E+01   0.700000E+01   0.700000E+01   0.700000E+01   0.700000E+01   0.700000E+01   0.700000E+01   0.700000E+01   0.700000E+01   0.700000E+01   0.700000E+01   0.700000E+01   0.700000E+01   0.700000E+01   0.700000E+01   0.700000E+01   0.700000E+01
-0.990000E+02  -0.990000E+02  -0.990000E+02  -0.990000E+02  -0.990000E+02  -0.990000E+02  -0.990000E+02  -0.990000E+02  -0.990000E+02  -0.990000E+02  -0.990000E+02  -0.990000E+02  -0.990000E+02  -0.990000E+02  -0.990000E+02  -0.990000E+02  -0.990000E+02  -0.990000E+02  -0.990000E+02  -0.990000E+02  -0.990000E+02  -0.990000E+02  -0.990000E+02  -0.990000E+02  -0.990000E+02  -0.990000E+02  -0.990000E+02  -0.990000E+02  -0.990000E+02  -0.990000E+02  -0.990000E+02  -0.990000E+02  -0.990000E+02  -0.990000E+02  -0.990000E+02  -0.990000E+02  -0.990000E+02  -0.990000E+02  -0.990000E+02  -0.990000E+02  -0.990000E+02  -0.990000E+02  -0.990000E+02  -0.990000E+02  -0.990000E+02  -0.990000E+02  -0.990000E+02  -0.990000E+02  -0.990000E+02  -0.990000E+02  -0.990000E+02  -0.990000E+02  -0.990000E+02  -0.990000E+02  -0.990000E+02  -0.990000E+02  -0.990000E+02  -0.990000E+02  -0.990000E+02  -0.990000E+02  -0.990000E+02  -0.990000E+02  -0.990000E+02  -0.990000E+02  -0.990000E+02  -0.990000E+02  -0.990000E+02  -0.990000E+02  -0.990000E+02  -0.990000E+02   0.334914E+01   0.335333E+01   0.335812E+01   0.336269E+01   0.336704E+01   0.337116E+01   0.337505E+01   0.337872E+01   0.338216E+01   0.338539E+01   0.338841E+01   0.339106E+01  -0.990000E+02   0.339618E+01  -0.990000E+02  -0.990000E+02  -0.990000E+02  -0.990000E+02  -0.990000E+02  -0.990000E+02  -0.990000E+02   0.335446E+01   0.334901E+01   0.334269E+01   0.333567E+01   0.332795E+01   0.331952E+01   0.331041E+01   0.330062E+01   0.329020E+01   0.327919E+01   0.326764E+01   0.325560E+01   0.324314E+01   0.323032E+01   0.321721E+01   0.320389E+01   0.319042E+01   0.317687E+01   0.316331E+01   0.314979E+01   0.313638E+01   0.312312E+01   0.311006E+01   0.309724E+01   0.308470E+01   0.307247E+01   0.306057E+01   0.304902E+01   0.303784E+01   0.302705E+01   0.301664E+01   0.300662E+01   0.299700E+01   0.298778E+01   0.297894E+01   0.297049E+01   0.296094E+01
-0.990000E+02  -0.990000E+02  -0.990000E+02  -0.990000E+02  -0.990000E+02  -0.990000E+02  -0.990000E+02  -0.990000E+02  -0.990000E+02  -0.990000E+02  -0.990000E+02  -0.990000E+02  -0.990000E+02  -0.990000E+02  -0.990000E+02  -0.990000E+02  -0.990000E+02  -0.990000E+02  -0.990000E+02  -0.990000E+02  -0.990000E+02  -0.990000E+02  -0.990000E+02  -0.990000E+02  -0.990000E+02  -0.990000E+02  -0.990000E+02  -0.990000E+02  -0.990000E+02  -0.990000E+02  -0.990000E+02  -0.990000E+02  -0.990000E+02  -0.990000E+02  -0.990000E+02  -0.990000E+02  -0.990000E+02  -0.990000E+02  -0.990000E+02  -0.990000E+02  -0.990000E+02  -0.990000E+02  -0.990000E+02  -0.990000E+02  -0.990000E+02  -0.990000E+02  -0.990000E+02  -0.990000E+02  -0.990000E+02  -0.990000E+02  -0.990000E+02  -0.990000E+02  -0.990000E+02  -0.990000E+02  -0.990000E+02  -0.990000E+02  -0.990000E+02  -0.990000E+02  -0.990000E+02  -0.990000E+02  -0.990000E+02  -0.990000E+02  -0.990000E+02  -0.990000E+02  -0.990000E+02  -0.990000E+02  -0.990000E+02  -0.990000E+02  -0.990000E+02  -0.990000E+02  -0.990000E+02  -0.990000E+02  -0.990000E+02   0.235637E+01   0.235773E+01   0.235924E+01   0.236070E+01   0.236211E+01   0.236345E+01   0.236472E+01   0.236593E+01   0.236708E+01   0.236806E+01  -0.990000E+02  -0.990000E+02  -0.990000E+02  -0.990000E+02  -0.990000E+02  -0.990000E+02  -0.990000E+02  -0.990000E+02  -0.990000E+02   0.231570E+01   0.230931E+01   0.230188E+01   0.229369E+01   0.228473E+01   0.227496E+01   0.226440E+01   0.225305E+01   0.224093E+01   0.222807E+01   0.221450E+01   0.220028E+01   0.218545E+01   0.217008E+01   0.215425E+01   0.213800E+01   0.212143E+01   0.210459E+01   0.208756E+01   0.207041E+01   0.205319E+01   0.203597E+01   0.201879E+01   0.200171E+01   0.198478E+01   0.196804E+01   0.195151E+01   0.193524E+01   0.191924E+01   0.190355E+01   0.188818E+01   0.187316E+01   0.185849E+01   0.184418E+01   0.183026E+01   0.181412E+01
-0.990000E+02  -0.990000E+02  -0.990000E+02  -0.990000E+02  -0.990000E+02  -0.990000E+02  -0.990000E+02  -0.990000E+02  -0.990000E+02  -0.990000E+02  -0.990000E+02  -0.990000E+02  -0.990000E+02  -0.990000E+02  -0.990000E+02  -0.990000E+02  -0.990000E+02  -0.990000E+02  -0.990000E+02  -0.990000E+02  -0.990000E+02  -0.990000E+02  -0.990000E+02  -0.990000E+02  -0.990000E+02  -0.990000E+02  -0.990000E+02  -0.990000E+02  -0.990000E+02  -0.990000E+02  -0.990000E+02  -0.990000E+02  -0.990000E+02  -0.990000E+02  -0.990000E+02  -0.990000E+02  -0.990000E+02  -0.990000E+02  -0.990000E+02  -0.990000E+02  -0.990000E+02  -0.990000E+02  -0.990000E+02  -0.990000E+02  -0.990000E+02  -0.990000E+02  -0.990000E+02  -0.990000E+02  -0.990000E+02  -0.990000E+02  -0.990000E+02  -0.990000E+02  -0.990000E+02  -0.990000E+02  -0.990000E+02  -0.990000E+02  -0.990000E+02  -0.990000E+02  -0.990000E+02  -0.990000E+02  -0.990000E+02  -0.990000E+02  -0.990000E+02  -0.990000E+02  -0.990000E+02  -0.990000E+02  -0.990000E+02  -0.990000E+02  -0.990000E+02  -0.990000E+02  -0.990000E+02  -0.990000E+02  -0.990000E+02   0.231735E+01   0.231843E+01   0.231963E+01   0.232079E+01   0.232189E+01   0.232295E+01   0.232397E+01   0.232493E+01   0.232585E+01   0.232663E+01  -0.990000E+02  -0.990000E+02  -0.990000E+02  -0.990000E+02  -0.990000E+02  -0.990000E+02  -0.990000E+02  -0.990000E+02  -0.990000E+02   0.227209E+01   0.226559E+01   0.225801E+01   0.224968E+01   0.224055E+01   0.223063E+01   0.221989E+01   0.220835E+01   0.219603E+01   0.218294E+01   0.216913E+01   0.215464E+01   0.213952E+01   0.212383E+01   0.210763E+01   0.209100E+01   0.207399E+01   0.205669E+01   0.203915E+01   0.202145E+01   0.200364E+01   0.198577E+01   0.196791E+01   0.195010E+01   0.193239E+01   0.191481E+01   0.189740E+01   0.188020E+01   0.186322E+01   0.184650E+01   0.183005E+01   0.181390E+01   0.179805E+01   0.178252E+01   0.176732E+01   0.174959E+01
-0.990000E+02  -0.990000E+02  -0.990000E+02  -0.990000E+02  -0.990000E+02  -0.990000E+02  -0.990000E+02  -0.990000E+02  -0.990000E+02  -0.990000E+02  -0.990000E+02  -0.990000E+02  -0.990000E+02  -0.990000E+02  -0.990000E+02  -0.990000E+02  -0.990000E+02  -0.990000E+02  -0.990000E+02  -0.990000E+02  -0.990000E+02  -0.990000E+02  -0.990000E+02  -0.990000E+02  -0.990000E+02  -0.990000E+02  -0.990000E+02  -0.990000E+02  -0.990000E+02  -0.990000E+02  -0.990000E+02  -0.990000E+02  -0.990000E+02  -0.990000E+02  -0.990000E+02  -0.990000E+02  -0.990000E+02  -0.990000E+02  -0.990000E+02  -0.990000E+02  -0.990000E+02  -0.990000E+02  -0.990000E+02  -0.990000E+02  -0.990000E+02  -0.990000E+02  -0.990000E+02  -0.990000E+02  -0.990000E+02  -0.990000E+02  -0.990000E+02  -0.990000E+02  -0.990000E+02  -0.990000E+02  -0.990000E+02  -0.990000E+02  -0.990000E+02  -0.990000E+02  -0.990000E+02  -0.990000E+02  -0.990000E+02  -0.990000E+02  -0.990000E+02  -0.990000E+02  -0.990000E+02  -0.990000E+02  -0.990000E+02  -0.990000E+02  -0.990000E+02  -0.990000E+02  -0.990000E+02  -0.990000E+02  -0.990000E+02   0.231704E+01   0.231815E+01   0.231936E+01   0.232052E+01   0.232163E+01   0.232268E+01   0.232369E+01   0.232466E+01   0.232558E+01   0.232636E+01  -0.990000E+02  -0.990000E+02  -0.990000E+02  -0.990000E+02  -0.990000E+02  -0.990000E+02  -0.990000E+02  -0.990000E+02  -0.990000E+02   0.227184E+01   0.226536E+01   0.225780E+01   0.224949E+01   0.224040E+01   0.223050E+01   0.221979E+01   0.220829E+01   0.219600E+01   0.218295E+01   0.216919E+01   0.215473E+01   0.213966E+01   0.212401E+01   0.210786E+01   0.209127E+01   0.207432E+01   0.205706E+01   0.203956E+01   0.202190E+01   0.200413E+01   0.198630E+01   0.196847E+01   0.195069E+01   0.193301E+01   0.191545E+01   0.189807E+01   0.188088E+01   0.186392E+01   0.184720E+01   0.183076E+01   0.181460E+01   0.179875E+01   0.178321E+01   0.176801E+01   0.175025E+01
-0.990000E+02  -0.990000E+02  -0.990000E+02  -0.990000E+02  -0.990000E+02  -0.990000E+02  -0.990000E+02  -0.990000E+02  -0.990000E+02  -0.990000E+02  -0.990000E+02  -0.990000E+02  -0.990000E+02  -0.990000E+02  -0.990000E+02  -0.990000E+02  -0.990000E+02  -0.990000E+02  -0.990000E+02  -0.990000E+02  -0.990000E+02  -0.990000E+02  -0.990000E+02  -0.990000E+02  -0.990000E+02  -0.990000E+02  -0.990000E+02  -0.990000E+02  -0.990000E+02  -0.990000E+02  -0.990000E+02  -0.990000E+02  -0.990000E+02  -0.990000E+02  -0.990000E+02  -0.990000E+02  -0.990000E+02  -0.990000E+02  -0.990000E+02  -0.990000E+02  -0.990000E+02  -0.990000E+02  -0.990000E+02  -0.990000E+02  -0.990000E+02  -0.990000E+02  -0.990000E+02  -0.990000E+02  -0.990000E+02  -0.990000E+02  -0.990000E+02  -0.990000E+02  -0.990000E+02  -0.990000E+02  -0.990000E+02  -0.990000E+02  -0.990000E+02  -0.990000E+02  -0.990000E+02  -0.990000E+02  -0.990000E+02  -0.990000E+02  -0.990000E+02  -0.990000E+02  -0.990000E+02  -0.990000E+02  -0.990000E+02  -0.990000E+02  -0.990000E+02  -0.990000E+02  -0.990000E+02  -0.990000E+02  -0.990000E+02   0.231701E+01   0.231813E+01   0.231936E+01   0.232052E+01   0.232163E+01   0.232269E+01   0.232370E+01   0.232466E+01   0.232558E+01   0.232637E+01  -0.990000E+02  -0.990000E+02  -0.990000E+02  -0.990000E+02  -0.990000E+02  -0.990000E+02  -0.990000E+02  -0.990000E+02  -0.990000E+02   0.227189E+01   0.226544E+01   0.225790E+01   0.224961E+01   0.224054E+01   0.223067E+01   0.222000E+01   0.220853E+01   0.219628E+01   0.218327E+01   0.216955E+01   0.215514E+01   0.214011E+01   0.212451E+01   0.210841E+01   0.209187E+01   0.207496E+01   0.205775E+01   0.204031E+01   0.202269E+01   0.200496E+01   0.198717E+01   0.196938E+01   0.195164E+01   0.193399E+01   0.191646E+01   0.189910E+01   0.188194E+01   0.186500E+01   0.184830E+01   0.183187E+01   0.181572E+01   0.179988E+01   0.178434E+01   0.176914E+01   0.175136E+01
-0.990000E+02  -0.990000E+02  -0.990000E+02  -0.990000E+02  -0.990000E+02  -0.990000E+02  -0.990000E+02  -0.990000E+02  -0.990000E+02  -0.990000E+02  -0.990000E+02  -0.990000E+02  -0.990000E+02  -0.990000E+02  -0.990000E+02  -0.990000E+02  -0.990000E+02  -0.990000E+02  -0.990000E+02  -0.990000E+02  -0.990000E+02  -0.990000E+02  -0.990000E+02  -0.990000E+02  -0.990000E+02  -0.990000E+02  -0.990000E+02  -0.990000E+02  -0.990000E+02  -0.990000E+02  -0.990000E+02  -0.990000E+02  -0.990000E+02  -0.990000E+02  -0.990000E+02  -0.990000E+02  -0.990000E+02  -0.990000E+02  -0.990000E+02  -0.990000E+02  -0.990000E+02  -0.990000E+02  -0.990000E+02  -0.990000E+02  -0.990000E+02  -0.990000E+02  -0.990000E+02  -0.990000E+02  -0.990000E+02  -0.990000E+02  -0.990000E+02  -0.990000E+02  -0.990000E+02  -0.990000E+02  -0.990000E+02  -0.990000E+02  -0.990000E+02  -0.990000E+02  -0.990000E+02  -0.990000E+02  -0.990000E+02  -0.990000E+02  -0.990000E+02  -0.990000E+02  -0.990000E+02  -0.990000E+02  -0.990000E+02  -0.990000E+02  -0.990000E+02  -0.990000E+02  -0.990000E+02  -0.990000E+02  -0.990000E+02   0.231698E+01   0.231813E+01   0.231936E+01   0.232052E+01   0.232163E+01   0.232270E+01   0.232371E+01   0.232467E+01   0.232559E+01   0.232638E+01  -0.990000E+02  -0.990000E+02  -0.990000E+02  -0.990000E+02  -0.990000E+02  -0.990000E+02  -0.990000E+02  -0.990000E+02  -0.990000E+02   0.227193E+01   0.226551E+01   0.225799E+01   0.224973E+01   0.224068E+01   0.223084E+01   0.222021E+01   0.220877E+01   0.219656E+01   0.218359E+01   0.216991E+01   0.215555E+01   0.214057E+01   0.212502E+01   0.210896E+01   0.209247E+01   0.207561E+01   0.205845E+01   0.204105E+01   0.202348E+01   0.200579E+01   0.198804E+01   0.197029E+01   0.195259E+01   0.193497E+01   0.191747E+01   0.190014E+01   0.188299E+01   0.186607E+01   0.184939E+01   0.183297E+01   0.181684E+01   0.180100E+01   0.178546E+01   0.177026E+01   0.175247E+01
-0.990000E+02  -0.990000E+02  -0.990000E+02  -0.990000E+02  -0.990000E+02  -0.990000E+02  -0.990000E+02  -0.990000E+02  -0.990000E+02  -0.990000E+02  -0.990000E+02  -0.990000E+02  -0.990000E+02  -0.990000E+02  -0.990000E+02  -0.990000E+02  -0.990000E+02  -0.990000E+02  -0.990000E+02  -0.990000E+02  -0.990000E+02  -0.990000E+02  -0.990000E+02  -0.990000E+02  -0.990000E+02  -0.990000E+02  -0.990000E+02  -0.990000E+02  -0.990000E+02  -0.990000E+02  -0.990000E+02  -0.990000E+02  -0.990000E+02  -0.990000E+02  -0.990000E+02  -0.990000E+02  -0.990000E+02  -0.990000E+02  -0.990000E+02  -0.990000E+02  -0.990000E+02  -0.990000E+02  -0.990000E+02  -0.990000E+02  -0.990000E+02  -0.990000E+02  -0.990000E+02  -0.990000E+02  -0.990000E+02  -0.990000E+02  -0.990000E+02  -0.990000E+02  -0.990000E+02  -0.990000E+02  -0.990000E+02  -0.990000E+02  -0.990000E+02  -0.990000E+02  -0.990000E+02  -0.990000E+02  -0.990000E+02  -0.990000E+02  -0.990000E+02  -0.990000E+02  -0.990000E+02  -0.990000E+02  -0.990000E+02  -0.990000E+02  -0.990000E+02  -0.990000E+02  -0.990000E+02  -0.990000E+02  -0.990000E+02   0.231697E+01   0.231812E+01   0.231935E+01   0.232053E+01   0.232164E+01   0.232270E+01   0.232371E+01   0.232468E+01   0.232560E+01   0.232639E+01  -0.990000E+02  -0.990000E+02  -0.990000E+02  -0.990000E+02  -0.990000E+02  -0.990000E+02  -0.990000E+02  -0.990000E+02  -0.990000E+02   0.227198E+01   0.226559E+01   0.225809E+01   0.224985E+01   0.224083E+01   0.223102E+01   0.222041E+01   0.220901E+01   0.219684E+01   0.218392E+01   0.217028E+01   0.215596E+01   0.214102E+01   0.212552E+01   0.210951E+01   0.209307E+01   0.207626E+01   0.205914E+01   0.204179E+01   0.202426E+01   0.200662E+01   0.198891E+01   0.197120E+01   0.195353E+01   0.193594E+01   0.191848E+01   0.190117E+01   0.188405E+01   0.186714E+01   0.185048E+01   0.183407E+01   0.181795E+01   0.180211E+01   0.178658E+01   0.177138E+01   0.175357E+01
-0.990000E+02  -0.990000E+02  -0.990000E+02  -0.990000E+02  -0.990000E+02  -0.990000E+02  -0.990000E+02  -0.990000E+02  -0.990000E+02  -0.990000E+02  -0.990000E+02  -0.990000E+02  -0.990000E+02  -0.990000E+02  -0.990000E+02  -0.990000E+02  -0.990000E+02  -0.990000E+02  -0.990000E+02  -0.990000E+02  -0.990000E+02  -0.990000E+02  -0.990000E+02  -0.990000E+02  -0.990000E+02  -0.990000E+02  -0.990000E+02  -0.990000E+02  -0.990000E+02  -0.990000E+02  -0.990000E+02  -0.990000E+02  -0.990000E+02  -0.990000E+02  -0.990000E+02  -0.990000E+02  -0.990000E+02  -0.990000E+02  -0.990000E+02  -0.990000E+02  -0.990000E+02  -0.990000E+02  -0.990000E+02  -0.990000E+02  -0.990000E+02  -0.990000E+02  -0.990000E+02  -0.990000E+02  -0.990000E+02  -0.990000E+02  -0.990000E+02  -0.990000E+02  -0.990000E+02  -0.990000E+02  -0.990000E+02  -0.990000E+02  -0.990000E+02  -0.990000E+02  -0.990000E+02  -0.990000E+02  -0.990000E+02  -0.990000E+02  -0.990000E+02  -0.990000E+02  -0.990000E+02  -0.990000E+02  -0.990000E+02  -0.990000E+02  -0.990000E+02  -0.990000E+02  -0.990000E+02  -0.990000E+02  -0.990000E+02   0.231695E+01   0.231811E+01   0.231935E+01   0.232053E+01   0.232165E+01   0.232271E+01   0.232372E+01   0.232469E+01   0.232561E+01   0.232640E+01  -0.990000E+02  -0.990000E+02  -0.990000E+02  -0.990000E+02  -0.990000E+02  -0.990000E+02  -0.990000E+02  -0.990000E+02  -0.990000E+02   0.227203E+01   0.226566E+01   0.225818E+01   0.224996E+01   0.224097E+01   0.223119E+01   0.222062E+01   0.220925E+01   0.219712E+01   0.218424E+01   0.217064E+01   0.215637E+01   0.214147E+01   0.212602E+01   0.211006E+01   0.209367E+01   0.207690E+01   0.205983E+01   0.204253E+01   0.202504E+01   0.200744E+01   0.198978E+01   0.197210E+01   0.195447E+01   0.193691E+01   0.191948E+01   0.190219E+01   0.188509E+01   0.186821E+01   0.185156E+01   0.183517E+01   0.181905E+01   0.180322E+01   0.178770E+01   0.177249E+01   0.175466E+01
-0.990000E+02  -0.990000E+02  -0.990000E+02  -0.990000E+02  -0.990000E+02  -0.990000E+02  -0.990000E+02  -0.990000E+02  -0.990000E+02  -0.990000E+02  -0.990000E+02  -0.990000E+02  -0.990000E+02  -0.990000E+02  -0.990000E+02  -0.990000E+02  -0.990000E+02  -0.990000E+02  -0.990000E+02  -0.990000E+02  -0.990000E+02  -0.990000E+02  -0.990000E+02  -0.990000E+02  -0.990000E+02  -0.990000E+02  -0.990000E+02  -0.990000E+02  -0.990000E+02  -0.990000E+02  -0.990000E+02  -0.990000E+02  -0.990000E+02  -0.990000E+02  -0.990000E+02  -0.990000E+02  -0.990000E+02  -0.990000E+02  -0.990000E+02  -0.990000E+02  -0.990000E+02  -0.990000E+02  -0.990000E+02  -0.990000E+02  -0.990000E+02  -0.990000E+02  -0.990000E+02  -0.990000E+02  -0.990000E+02  -0.990000E+02  -0.990000E+02  -0.990000E+02  -0.990000E+02  -0.990000E+02  -0.990000E+02  -0.990000E+02  -0.990000E+02  -0.990000E+02  -0.990000E+02  -0.990000E+02  -0.990000E+02  -0.990000E+02  -0.990000E+02  -0.990000E+02  -0.990000E+02  -0.990000E+02  -0.990000E+02  -0.990000E+02  -0.990000E+02  -0.990000E+02  -0.990000E+02  -0.990000E+02  -0.990000E+02   0.231693E+01   0.231811E+01   0.231935E+01   0.232053E+01   0.232165E+01   0.232272E+01   0.232373E+01   0.232470E+01   0.232562E+01   0.232641E+01  -0.990000E+02  -0.990000E+02  -0.990000E+02  -0.990000E+02  -0.990000E+02  -0.990000E+02  -0.990000E+02  -0.990000E+02  -0.990000E+02   0.227208E+01   0.226574E+01   0.225828E+01   0.225008E+01   0.224112E+01   0.223137E+01   0.222083E+01   0.220950E+01   0.219740E+01   0.218456E+01   0.217100E+01   0.215677E+01   0.214193E+01   0.212652E+01   0.211061E+01   0.209426E+01   0.207754E+01   0.206052E+01   0.204326E+01   0.202582E+01   0.200826E+01   0.199064E+01   0.197300E+01   0.195540E+01   0.193788E+01   0.192047E+01   0.190321E+01   0.188614E+01   0.186927E+01   0.185264E+01   0.183626E+01   0.182015E+01   0.180433E+01   0.178880E+01   0.177360E+01   0.175576E+01
-0.990000E+02  -0.990000E+02  -0.990000E+02  -0.990000E+02  -0.990000E+02  -0.990000E+02  -0.990000E+02  -0.990000E+02  -0.990000E+02  -0.990000E+02  -0.990000E+02  -0.990000E+02  -0.990000E+02  -0.990000E+02  -0.990000E+02  -0.990000E+02  -0.990000E+02  -0.990000E+02  -0.990000E+02  -0.990000E+02  -0.990000E+02  -0.990000E+02  -0.990000E+02  -0.990000E+02  -0.990000E+02  -0.990000E+02  -0.990000E+02  -0.990000E+02  -0.990000E+02  -0.990000E+02  -0.990000E+02  -0.990000E+02  -0.990000E+02  -0.990000E+02  -0.990000E+02  -0.990000E+02  -0.990000E+02  -0.990000E+02  -0.990000E+02  -0.990000E+02  -0.990000E+02  -0.990000E+02  -0.990000E+02  -0.990000E+02  -0.990000E+02  -0.990000E+02  -0.990000E+02  -0.990000E+02  -0.990000E+02  -0.990000E+02  -0.990000E+02  -0.990000E+02  -0.990000E+02  -0.990000E+02  -0.990000E+02  -0.990000E+02  -0.990000E+02  -0.990000E+02  -0.990000E+02  -0.990000E+02  -0.990000E+02  -0.990000E+02  -0.990000E+02  -0.990000E+02  -0.990000E+02  -0.990000E+02  -0.990000E+02  -0.990000E+02  -0.990000E+02  -0.990000E+02  -0.990000E+02  -0.990000E+02  -0.990000E+02   0.231691E+01   0.231811E+01   0.231935E+01   0.232053E+01   0.232166E+01   0.232272E+01   0.232374E+01   0.232471E+01   0.232563E+01   0.232642E+01  -0.990000E+02  -0.990000E+02  -0.990000E+02  -0.990000E+02  -0.990000E+02  -0.990000E+02  -0.990000E+02  -0.990000E+02  -0.990000E+02   0.227213E+01   0.226581E+01   0.225837E+01   0.225020E+01   0.224126E+01   0.223154E+01   0.222103E+01   0.220974E+01   0.219768E+01   0.218487E+01   0.217136E+01   0.215718E+01   0.214238E+01   0.212702E+01   0.211115E+01   0.209485E+01   0.207818E+01   0.206121E+01   0.204399E+01   0.202660E+01   0.200908E+01   0.199150E+01   0.197390E+01   0.195633E+01   0.193884E+01   0.192146E+01   0.190423E+01   0.188718E+01   0.187033E+01   0.185371E+01   0.183734E+01   0.182124E+01   0.180543E+01   0.178991E+01   0.177470E+01   0.175684E+01
-0.990000E+02  -0.990000E+02  -0.990000E+02  -0.990000E+02  -0.990000E+02  -0.990000E+02  -0.990000E+02  -0.990000E+02  -0.990000E+02  -0.990000E+02  -0.990000E+02  -0.990000E+02  -0.990000E+02  -0.990000E+02  -0.990000E+02  -0.990000E+02  -0.990000E+02  -0.990000E+02  -0.990000E+02  -0.990000E+02  -0.990000E+02  -0.990000E+02  -0.990000E+02  -0.990000E+02  -0.990000E+02  -0.990000E+02  -0.990000E+02  -0.990000E+02  -0.990000E+02  -0.990000E+02  -0.990000E+02  -0.990000E+02  -0.990000E+02  -0.990000E+02  -0.990000E+02  -0.990000E+02  -0.990000E+02  -0.990000E+02  -0.990000E+02  -0.990000E+02  -0.990000E+02  -0.990000E+02  -0.990000E+02  -0.990000E+02  -0.990000E+02  -0.990000E+02  -0.990000E+02  -0.990000E+02  -0.990000E+02  -0.990000E+02  -0.990000E+02  -0.990000E+02  -0.990000E+02  -0.990000E+02  -0.990000E+02  -0.990000E+02  -0.990000E+02  -0.990000E+02  -0.990000E+02  -0.990000E+02  -0.990000E+02  -0.990000E+02  -0.990000E+02  -0.990000E+02  -0.990000E+02  -0.990000E+02  -0.990000E+02  -0.990000E+02  -0.990000E+02  -0.990000E+02  -0.990000E+02  -0.990000E+02  -0.990000E+02   0.231690E+01   0.231811E+01   0.231935E+01   0.232054E+01   0.232166E+01   0.232273E+01   0.232375E+01   0.232471E+01   0.232564E+01   0.232643E+01  -0.990000E+02  -0.990000E+02  -0.990000E+02  -0.990000E+02  -0.990000E+02  -0.990000E+02  -0.990000E+02  -0.990000E+02  -0.990000E+02   0.227218E+01   0.226589E+01   0.225847E+01   0.225032E+01   0.224141E+01   0.223172E+01   0.222124E+01   0.220998E+01   0.219796E+01   0.218519E+01   0.217172E+01   0.215758E+01   0.214283E+01   0.212751E+01   0.211170E+01   0.209545E+01   0.207882E+01   0.206189E+01   0.204472E+01   0.202737E+01   0.200990E+01   0.199235E+01   0.197479E+01   0.195726E+01   0.193980E+01   0.192245E+01   0.190524E+01   0.188821E+01   0.187138E+01   0.185478E+01   0.183842E+01   0.182233E+01   0.180652E+01   0.179101E+01   0.177580E+01   0.175792E+01
-0.990000E+02  -0.990000E+02  -0.990000E+02  -0.990000E+02  -0.990000E+02  -0.990000E+02  -0.990000E+02  -0.990000E+02  -0.990000E+02  -0.990000E+02  -0.990000E+02  -0.990000E+02  -0.990000E+02  -0.990000E+02  -0.990000E+02  -0.990000E+02  -0.990000E+02  -0.990000E+02  -0.990000E+02  -0.990000E+02  -0.990000E+02  -0.990000E+02  -0.990000E+02  -0.990000E+02  -0.990000E+02  -0.990000E+02  -0.990000E+02  -0.990000E+02  -0.990000E+02  -0.990000E+02  -0.990000E+02  -0.990000E+02  -0.990000E+02  -0.990000E+02  -0.990000E+02  -0.990000E+02  -0.990000E+02  -0.990000E+02  -0.990000E+02  -0.990000E+02  -0.990000E+02  -0.990000E+02  -0.990000E+02  -0.990000E+02  -0.990000E+02  -0.990000E+02  -0.990000E+02  -0.990000E+02  -0.990000E+02  -0.990000E+02  -0.990000E+02  -0.990000E+02  -0.990000E+02  -0.990000E+02  -0.990000E+02  -0.990000E+02  -0.990000E+02  -0.990000E+02  -0.990000E+02  -0.990000E+02  -0.990000E+02  -0.990000E+02  -0.990000E+02  -0.990000E+02  -0.990000E+02  -0.990000E+02  -0.990000E+02  -0.990000E+02  -0.990000E+02  -0.990000E+02  -0.990000E+02  -0.990000E+02  -0.990000E+02   0.231688E+01   0.231810E+01   0.231935E+01   0.232054E+01   0.232167E+01   0.232274E+01   0.232375E+01   0.232472E+01   0.232565E+01   0.232644E+01  -0.990000E+02  -0.990000E+02  -0.990000E+02  -0.990000E+02  -0.990000E+02  -0.990000E+02  -0.990000E+02  -0.990000E+02  -0.990000E+02   0.227223E+01   0.226596E+01   0.225856E+01   0.225044E+01   0.224156E+01   0.223189E+01   0.222145E+01   0.221022E+01   0.219823E+01   0.218551E+01   0.217208E+01   0.215799E+01   0.214328E+01   0.212801E+01   0.211224E+01   0.209603E+01   0.207946E+01   0.206258E+01   0.204545E+01   0.202814E+01   0.201071E+01   0.199320E+01   0.197568E+01   0.195818E+01   0.194075E+01   0.192343E+01   0.190625E+01   0.188924E+01   0.187243E+01   0.185584E+01   0.183950E+01   0.182342E+01   0.180761E+01   0.179210E+01   0.177689E+01   0.175900E+01
-0.990000E+02  -0.990000E+02  -0.990000E+02  -0.990000E+02  -0.990000E+02  -0.990000E+02  -0.990000E+02  -0.990000E+02  -0.990000E+02  -0.990000E+02  -0.990000E+02  -0.990000E+02  -0.990000E+02  -0.990000E+02  -0.990000E+02  -0.990000E+02  -0.990000E+02  -0.990000E+02  -0.990000E+02  -0.990000E+02  -0.990000E+02  -0.990000E+02  -0.990000E+02  -0.990000E+02  -0.990000E+02  -0.990000E+02  -0.990000E+02  -0.990000E+02  -0.990000E+02  -0.990000E+02  -0.990000E+02  -0.990000E+02  -0.990000E+02  -0.990000E+02  -0.990000E+02  -0.990000E+02  -0.990000E+02  -0.990000E+02  -0.990000E+02  -0.990000E+02  -0.990000E+02  -0.990000E+02  -0.990000E+02  -0.990000E+02  -0.990000E+02  -0.990000E+02  -0.990000E+02  -0.990000E+02  -0.990000E+02  -0.990000E+02  -0.990000E+02  -0.990000E+02  -0.990000E+02  -0.990000E+02  -0.990000E+02  -0.990000E+02  -0.990000E+02  -0.990000E+02  -0.990000E+02  -0.990000E+02  -0.990000E+02  -0.990000E+02  -0.990000E+02  -0.990000E+02  -0.990000E+02  -0.990000E+02  -0.990000E+02  -0.990000E+02  -0.990000E+02  -0.990000E+02  -0.990000E+02  -0.990000E+02   0.231590E+01   0.231686E+01   0.231810E+01   0.231935E+01   0.232054E+01   0.232167E+01   0.232274E+01   0.232376E+01   0.232473E+01   0.232566E+01   0.232645E+01  -0.990000E+02  -0.990000E+02  -0.990000E+02  -0.990000E+02  -0.990000E+02  -0.990000E+02  -0.990000E+02  -0.990000E+02  -0.990000E+02   0.227228E+01   0.226604E+01   0.225866E+01   0.225056E+01   0.224170E+01   0.223207E+01   0.222165E+01   0.221046E+01   0.219851E+01   0.218583E+01   0.217244E+01   0.215839E+01   0.214373E+01   0.212850E+01   0.211278E+01   0.209662E+01   0.208009E+01   0.206326E+01   0.204617E+01   0.202891E+01   0.201151E+01   0.199405E+01   0.197656E+01   0.195910E+01   0.194170E+01   0.192441E+01   0.190725E+01   0.189026E+01   0.187347E+01   0.185690E+01   0.184057E+01   0.182450E+01   0.180870E+01   0.179319E+01   0.177798E+01   0.176007E+01
-0.990000E+02  -0.990000E+02  -0.990000E+02  -0.990000E+02  -0.990000E+02  -0.990000E+02  -0.990000E+02  -0.990000E+02  -0.990000E+02  -0.990000E+02  -0.990000E+02  -0.990000E+02  -0.990000E+02  -0.990000E+02  -0.990000E+02  -0.990000E+02  -0.990000E+02  -0.990000E+02  -0.990000E+02  -0.990000E+02  -0.990000E+02  -0.990000E+02  -0.990000E+02  -0.990000E+02  -0.990000E+02  -0.990000E+02  -0.990000E+02  -0.990000E+02  -0.990000E+02  -0.990000E+02  -0.990000E+02  -0.990000E+02  -0.990000E+02  -0.990000E+02  -0.990000E+02  -0.990000E+02  -0.990000E+02  -0.990000E+02  -0.990000E+02  -0.990000E+02  -0.990000E+02  -0.990000E+02  -0.990000E+02  -0.990000E+02  -0.990000E+02  -0.990000E+02  -0.990000E+02  -0.990000E+02  -0.990000E+02  -0.990000E+02  -0.990000E+02  -0.990000E+02  -0.990000E+02  -0.990000E+02  -0.990000E+02  -0.990000E+02  -0.990000E+02  -0.990000E+02  -0.990000E+02  -0.990000E+02  -0.990000E+02  -0.990000E+02  -0.990000E+02  -0.990000E+02  -0.990000E+02  -0.990000E+02  -0.990000E+02  -0.990000E+02  -0.990000E+02  -0.990000E+02  -0.990000E+02  -0.990000E+02   0.231587E+01   0.231684E+01   0.231810E+01   0.231935E+01   0.232054E+01   0.232168E+01   0.232275E+01   0.232377E+01   0.232474E+01   0.232567E+01   0.232646E+01  -0.990000E+02  -0.990000E+02  -0.990000E+02  -0.990000E+02  -0.990000E+02  -0.990000E+02  -0.990000E+02  -0.990000E+02  -0.990000E+02   0.227233E+01   0.226611E+01   0.225876E+01   0.225068E+01   0.224185E+01   0.223224E+01   0.222186E+01   0.221070E+01   0.219879E+01   0.218615E+01   0.217280E+01   0.215879E+01   0.214417E+01   0.212899E+01   0.211332E+01   0.209721E+01   0.208072E+01   0.206393E+01   0.204690E+01   0.202967E+01   0.201232E+01   0.199489E+01   0.197744E+01   0.196001E+01   0.194265E+01   0.192538E+01   0.190825E+01   0.189128E+01   0.187451E+01   0.185795E+01   0.184163E+01   0.182557E+01   0.180978E+01   0.179427E+01   0.177906E+01   0.176114E+01
-0.990000E+02  -0.990000E+02  -0.990000E+02  -0.990000E+02  -0.990000E+02  -0.990000E+02  -0.990000E+02  -0.990000E+02  -0.990000E+02  -0.990000E+02  -0.990000E+02  -0.990000E+02  -0.990000E+02  -0.990000E+02  -0.990000E+02  -0.990000E+02  -0.990000E+02  -0.990000E+02  -0.990000E+02  -0.990000E+02  -0.990000E+02  -0.990000E+02  -0.990000E+02  -0.990000E+02  -0.990000E+02  -0.990000E+02  -0.990000E+02  -0.990000E+02  -0.990000E+02  -0.990000E+02  -0.990000E+02  -0.990000E+02  -0.990000E+02  -0.990000E+02  -0.990000E+02  -0.990000E+02  -0.990000E+02  -0.990000E+02  -0.990000E+02  -0.990000E+02  -0.990000E+02  -0.990000E+02  -0.990000E+02  -0.990000E+02  -0.990000E+02  -0.990000E+02  -0.990000E+02  -0.990000E+02  -0.990000E+02  -0.990000E+02  -0.990000E+02  -0.990000E+02  -0.990000E+02  -0.990000E+02  -0.990000E+02  -0.990000E+02  -0.990000E+02  -0.990000E+02  -0.990000E+02  -0.990000E+02  -0.990000E+02  -0.990000E+02  -0.990000E+02  -0.990000E+02  -0.990000E+02  -0.990000E+02  -0.990000E+02  -0.990000E+02  -0.990000E+02  -0.990000E+02  -0.990000E+02  -0.990000E+02   0.231584E+01   0.231682E+01   0.231810E+01   0.231935E+01   0.232055E+01   0.232168E+01   0.232276E+01   0.232378E+01   0.232475E+01   0.232568E+01   0.232648E+01  -0.990000E+02  -0.990000E+02  -0.990000E+02  -0.990000E+02  -0.990000E+02  -0.990000E+02  -0.990000E+02  -0.990000E+02  -0.990000E+02   0.227238E+01   0.226619E+01   0.225885E+01   0.225080E+01   0.224199E+01   0.223242E+01   0.222207E+01   0.221095E+01   0.219907E+01   0.218647E+01   0.217316E+01   0.215920E+01   0.214462E+01   0.212949E+01   0.211386E+01   0.209779E+01   0.208135E+01   0.206461E+01   0.204761E+01   0.203043E+01   0.201312E+01   0.199573E+01   0.197832E+01   0.196092E+01   0.194359E+01   0.192635E+01   0.190924E+01   0.189230E+01   0.187554E+01   0.185900E+01   0.184269E+01   0.182664E+01   0.181085E+01   0.179535E+01   0.178014E+01   0.176220E+01
-0.990000E+02  -0.990000E+02  -0.990000E+02  -0.990000E+02  -0.990000E+02  -0.990000E+02  -0.990000E+02  -0.990000E+02  -0.990000E+02  -0.990000E+02  -0.990000E+02  -0.990000E+02  -0.990000E+02  -0.990000E+02  -0.990000E+02  -0.990000E+02  -0.990000E+02  -0.990000E+02  -0.990000E+02  -0.990000E+02  -0.990000E+02  -0.990000E+02  -0.990000E+02  -0.990000E+02  -0.990000E+02  -0.990000E+02  -0.990000E+02  -0.990000E+02  -0.990000E+02  -0.990000E+02  -0.990000E+02  -0.990000E+02  -0.990000E+02  -0.990000E+02  -0.990000E+02  -0.990000E+02  -0.990000E+02  -0.990000E+02  -0.990000E+02  -0.990000E+02  -0.990000E+02  -0.990000E+02  -0.990000E+02  -0.990000E+02  -0.990000E+02  -0.990000E+02  -0.990000E+02  -0.990000E+02  -0.990000E+02  -0.990000E+02  -0.990000E+02  -0.990000E+02  -0.990000E+02  -0.990000E+02  -0.990000E+02  -0.990000E+02  -0.990000E+02  -0.990000E+02  -0.990000E+02  -0.990000E+02  -0.990000E+02  -0.990000E+02  -0.990000E+02  -0.990000E+02  -0.990000E+02  -0.990000E+02  -0.990000E+02  -0.990000E+02  -0.990000E+02  -0.990000E+02  -0.990000E+02  -0.990000E+02   0.231580E+01   0.231681E+01   0.231809E+01   0.231935E+01   0.232055E+01   0.232169E+01   0.232276E+01   0.232379E+01   0.232476E+01   0.232569E+01   0.232649E+01  -0.990000E+02  -0.990000E+02  -0.990000E+02  -0.990000E+02  -0.990000E+02  -0.990000E+02  -0.990000E+02  -0.990000E+02  -0.990000E+02   0.227243E+01   0.226627E+01   0.225895E+01   0.225092E+01   0.224214E+01   0.223259E+01   0.222227E+01   0.221119E+01   0.219935E+01   0.218678E+01   0.217352E+01   0.215960E+01   0.214506E+01   0.212998E+01   0.211439E+01   0.209837E+01   0.208198E+01   0.206528E+01   0.204833E+01   0.203119E+01   0.201392E+01   0.199657E+01   0.197919E+01   0.196183E+01   0.194452E+01   0.192731E+01   0.191023E+01   0.189331E+01   0.187657E+01   0.186004E+01   0.184375E+01   0.182770E+01   0.181192E+01   0.179642E+01   0.178121E+01   0.176326E+01
-0.990000E+02  -0.990000E+02  -0.990000E+02  -0.990000E+02  -0.990000E+02  -0.990000E+02  -0.990000E+02  -0.990000E+02  -0.990000E+02  -0.990000E+02  -0.990000E+02  -0.990000E+02  -0.990000E+02  -0.990000E+02  -0.990000E+02  -0.990000E+02  -0.990000E+02  -0.990000E+02  -0.990000E+02  -0.990000E+02  -0.990000E+02  -0.990000E+02  -0.990000E+02  -0.990000E+02  -0.990000E+02  -0.990000E+02  -0.990000E+02  -0.990000E+02  -0.990000E+02  -0.990000E+02  -0.990000E+02  -0.990000E+02  -0.990000E+02  -0.990000E+02  -0.990000E+02  -0.990000E+02  -0.990000E+02  -0.990000E+02  -0.990000E+02  -0.990000E+02  -0.990000E+02  -0.990000E+02  -0.990000E+02  -0.990000E+02  -0.990000E+02  -0.990000E+02  -0.990000E+02  -0.990000E+02  -0.990000E+02  -0.990000E+02  -0.990000E+02  -0.990000E+02  -0.990000E+02  -0.990000E+02  -0.990000E+02  -0.990000E+02  -0.990000E+02  -0.990000E+02  -0.990000E+02  -0.990000E+02  -0.990000E+02  -0.990000E+02  -0.990000E+02  -0.990000E+02  -0.990000E+02  -0.990000E+02  -0.990000E+02  -0.990000E+02  -0.990000E+02  -0.990000E+02  -0.990000E+02  -0.990000E+02   0.231577E+01   0.231680E+01   0.231809E+01   0.231935E+01   0.232055E+01   0.232169E+01   0.232277E+01   0.232379E+01   0.232477E+01   0.232570E+01   0.232650E+01  -0.990000E+02  -0.990000E+02  -0.990000E+02  -0.990000E+02  -0.990000E+02  -0.990000E+02  -0.990000E+02  -0.990000E+02  -0.990000E+02   0.227248E+01   0.226634E+01   0.225905E+01   0.225104E+01   0.224229E+01   0.223277E+01   0.222248E+01   0.221143E+01   0.219962E+01   0.218710E+01   0.217388E+01   0.216000E+01   0.214551E+01   0.213046E+01   0.211493E+01   0.209895E+01   0.208261E+01   0.206595E+01   0.204904E+01   0.203195E+01   0.201472E+01   0.199740E+01   0.198006E+01   0.196273E+01   0.194545E+01   0.192827E+01   0.191121E+01   0.189431E+01   0.187760E+01   0.186108E+01   0.184480E+01   0.182876E+01   0.181299E+01   0.179749E+01   0.178228E+01   0.176431E+01
-0.990000E+02  -0.990000E+02  -0.990000E+02  -0.990000E+02  -0.990000E+02  -0.990000E+02  -0.990000E+02  -0.990000E+02  -0.990000E+02  -0.990000E+02  -0.990000E+02  -0.990000E+02  -0.990000E+02  -0.990000E+02  -0.990000E+02  -0.990000E+02  -0.990000E+02  -0.990000E+02  -0.990000E+02  -0.990000E+02  -0.990000E+02  -0.990000E+02  -0.990000E+02  -0.990000E+02  -0.990000E+02  -0.990000E+02  -0.990000E+02  -0.990000E+02  -0.990000E+02  -0.990000E+02  -0.990000E+02  -0.990000E+02  -0.990000E+02  -0.990000E+02  -0.990000E+02  -0.990000E+02  -0.990000E+02  -0.990000E+02  -0.990000E+02  -0.990000E+02  -0.990000E+02  -0.990000E+02  -0.990000E+02  -0.990000E+02  -0.990000E+02  -0.990000E+02  -0.990000E+02  -0.990000E+02  -0.990000E+02  -0.990000E+02  -0.990000E+02  -0.990000E+02  -0.990000E+02  -0.990000E+02  -0.990000E+02  -0.990000E+02  -0.990000E+02  -0.990000E+02  -0.990000E+02  -0.990000E+02  -0.990000E+02  -0.990000E+02  -0.990000E+02  -0.990000E+02  -0.990000E+02  -0.990000E+02  -0.990000E+02  -0.990000E+02  -0.990000E+02  -0.990000E+02  -0.990000E+02  -0.990000E+02   0.231574E+01   0.231678E+01   0.231809E+01   0.231935E+01   0.232055E+01   0.232170E+01   0.232278E+01   0.232380E+01   0.232478E+01   0.232571E+01   0.232651E+01  -0.990000E+02  -0.990000E+02  -0.990000E+02  -0.990000E+02  -0.990000E+02  -0.990000E+02  -0.990000E+02  -0.990000E+02  -0.990000E+02   0.227253E+01   0.226642E+01   0.225914E+01   0.225116E+01   0.224243E+01   0.223294E+01   0.222269E+01   0.221167E+01   0.219990E+01   0.218741E+01   0.217423E+01   0.216040E+01   0.214595E+01   0.213095E+01   0.211546E+01   0.209953E+01   0.208323E+01   0.206662E+01   0.204975E+01   0.203270E+01   0.201551E+01   0.199823E+01   0.198092E+01   0.196363E+01   0.194638E+01   0.192923E+01   0.191219E+01   0.189531E+01   0.187861E+01   0.186212E+01   0.184585E+01   0.182982E+01   0.181405E+01   0.179855E+01   0.178334E+01   0.176536E+01
-0.990000E+02  -0.990000E+02  -0.990000E+02  -0.990000E+02  -0.990000E+02  -0.990000E+02  -0.990000E+02  -0.990000E+02  -0.990000E+02  -0.990000E+02  -0.990000E+02  -0.990000E+02  -0.990000E+02  -0.990000E+02  -0.990000E+02  -0.990000E+02  -0.990000E+02  -0.990000E+02  -0.990000E+02  -0.990000E+02  -0.990000E+02  -0.990000E+02  -0.990000E+02  -0.990000E+02  -0.990000E+02  -0.990000E+02  -0.990000E+02  -0.990000E+02  -0.990000E+02  -0.990000E+02  -0.990000E+02  -0.990000E+02  -0.990000E+02  -0.990000E+02  -0.990000E+02  -0.990000E+02  -0.990000E+02  -0.990000E+02  -0.990000E+02  -0.990000E+02  -0.990000E+02  -0.990000E+02  -0.990000E+02  -0.990000E+02  -0.990000E+02  -0.990000E+02  -0.990000E+02  -0.990000E+02  -0.990000E+02  -0.990000E+02  -0.990000E+02  -0.990000E+02  -0.990000E+02  -0.990000E+02  -0.990000E+02  -0.990000E+02  -0.990000E+02  -0.990000E+02  -0.990000E+02  -0.990000E+02  -0.990000E+02  -0.990000E+02  -0.990000E+02  -0.990000E+02  -0.990000E+02  -0.990000E+02  -0.990000E+02  -0.990000E+02  -0.990000E+02  -0.990000E+02  -0.990000E+02  -0.990000E+02   0.231571E+01   0.231677E+01   0.231808E+01   0.231935E+01   0.232056E+01   0.232170E+01   0.232279E+01   0.232381E+01   0.232479E+01   0.232572E+01   0.232652E+01  -0.990000E+02  -0.990000E+02  -0.990000E+02  -0.990000E+02  -0.990000E+02  -0.990000E+02  -0.990000E+02  -0.990000E+02  -0.990000E+02   0.227258E+01   0.226650E+01   0.225924E+01   0.225128E+01   0.224258E+01   0.223312E+01   0.222289E+01   0.221191E+01   0.220018E+01   0.218773E+01   0.217459E+01   0.216079E+01   0.214639E+01   0.213144E+01   0.211599E+01   0.210011E+01   0.208385E+01   0.206728E+01   0.205046E+01   0.203345E+01   0.201629E+01   0.199906E+01   0.198179E+01   0.196452E+01   0.194731E+01   0.193018E+01   0.191317E+01   0.189631E+01   0.187963E+01   0.186315E+01   0.184689E+01   0.183087E+01   0.181510E+01   0.179961E+01   0.178440E+01   0.176640E+01
-0.990000E+02  -0.990000E+02  -0.990000E+02  -0.990000E+02  -0.990000E+02  -0.990000E+02  -0.990000E+02  -0.990000E+02  -0.990000E+02  -0.990000E+02  -0.990000E+02  -0.990000E+02  -0.990000E+02  -0.990000E+02  -0.990000E+02  -0.990000E+02  -0.990000E+02  -0.990000E+02  -0.990000E+02  -0.990000E+02  -0.990000E+02  -0.990000E+02  -0.990000E+02  -0.990000E+02  -0.990000E+02  -0.990000E+02  -0.990000E+02  -0.990000E+02  -0.990000E+02  -0.990000E+02  -0.990000E+02  -0.990000E+02  -0.990000E+02  -0.990000E+02  -0.990000E+02  -0.990000E+02  -0.990000E+02  -0.990000E+02  -0.990000E+02  -0.990000E+02  -0.990000E+02  -0.990000E+02  -0.990000E+02  -0.990000E+02  -0.990000E+02  -0.990000E+02  -0.990000E+02  -0.990000E+02  -0.990000E+02  -0.990000E+02  -0.990000E+02  -0.990000E+02  -0.990000E+02  -0.990000E+02  -0.990000E+02  -0.990000E+02  -0.990000E+02  -0.990000E+02  -0.990000E+02  -0.990000E+02  -0.990000E+02  -0.990000E+02  -0.990000E+02  -0.990000E+02  -0.990000E+02  -0.990000E+02  -0.990000E+02  -0.990000E+02  -0.990000E+02  -0.990000E+02  -0.990000E+02  -0.990000E+02   0.231567E+01   0.231676E+01   0.231808E+01   0.231935E+01   0.232056E+01   0.232171E+01   0.232279E+01   0.232382E+01   0.232480E+01   0.232573E+01   0.232653E+01  -0.990000E+02  -0.990000E+02  -0.990000E+02  -0.990000E+02  -0.990000E+02  -0.990000E+02  -0.990000E+02  -0.990000E+02  -0.990000E+02   0.227263E+01   0.226657E+01   0.225934E+01   0.225140E+01   0.224272E+01   0.223329E+01   0.222310E+01   0.221215E+01   0.220045E+01   0.218804E+01   0.217494E+01   0.216119E+01   0.214683E+01   0.213192E+01   0.211652E+01   0.210068E+01   0.208447E+01   0.206794E+01   0.205116E+01   0.203419E+01   0.201708E+01   0.199988E+01   0.198264E+01   0.196541E+01   0.194823E+01   0.193112E+01   0.191414E+01   0.189730E+01   0.188064E+01   0.186417E+01   0.184792E+01   0.183191E+01   0.181615E+01   0.180066E+01   0.178546E+01   0.176744E+01
-0.990000E+02  -0.990000E+02  -0.990000E+02  -0.990000E+02  -0.990000E+02  -0.990000E+02  -0.990000E+02  -0.990000E+02  -0.990000E+02  -0.990000E+02  -0.990000E+02  -0.990000E+02  -0.990000E+02  -0.990000E+02  -0.990000E+02  -0.990000E+02  -0.990000E+02  -0.990000E+02  -0.990000E+02  -0.990000E+02  -0.990000E+02  -0.990000E+02  -0.990000E+02  -0.990000E+02  -0.990000E+02  -0.990000E+02  -0.990000E+02  -0.990000E+02  -0.990000E+02  -0.990000E+02  -0.990000E+02  -0.990000E+02  -0.990000E+02  -0.990000E+02  -0.990000E+02  -0.990000E+02  -0.990000E+02  -0.990000E+02  -0.990000E+02  -0.990000E+02  -0.990000E+02  -0.990000E+02  -0.990000E+02  -0.990000E+02  -0.990000E+02  -0.990000E+02  -0.990000E+02  -0.990000E+02  -0.990000E+02  -0.990000E+02  -0.990000E+02  -0.990000E+02  -0.990000E+02  -0.990000E+02  -0.990000E+02  -0.990000E+02  -0.990000E+02  -0.990000E+02  -0.990000E+02  -0.990000E+02  -0.990000E+02  -0.990000E+02  -0.990000E+02  -0.990000E+02  -0.990000E+02  -0.990000E+02  -0.990000E+02  -0.990000E+02  -0.990000E+02  -0.990000E+02  -0.990000E+02  -0.990000E+02   0.231564E+01   0.231675E+01   0.231808E+01   0.231935E+01   0.232056E+01   0.232171E+01   0.232280E+01   0.232383E+01   0.232480E+01   0.232574E+01   0.232654E+01  -0.990000E+02  -0.990000E+02  -0.990000E+02  -0.990000E+02  -0.990000E+02  -0.990000E+02  -0.990000E+02  -0.990000E+02  -0.990000E+02   0.227268E+01   0.226665E+01   0.225943E+01   0.225152E+01   0.224287E+01   0.223346E+01   0.222330E+01   0.221238E+01   0.220073E+01   0.218836E+01   0.217530E+01   0.216158E+01   0.214727E+01   0.213240E+01   0.211704E+01   0.210125E+01   0.208508E+01   0.206860E+01   0.205187E+01   0.203493E+01   0.201786E+01   0.200070E+01   0.198350E+01   0.196630E+01   0.194914E+01   0.193207E+01   0.191510E+01   0.189829E+01   0.188164E+01   0.186519E+01   0.184895E+01   0.183295E+01   0.181720E+01   0.180171E+01   0.178650E+01   0.176847E+01
-0.990000E+02  -0.990000E+02  -0.990000E+02  -0.990000E+02  -0.990000E+02  -0.990000E+02  -0.990000E+02  -0.990000E+02  -0.990000E+02  -0.990000E+02  -0.990000E+02  -0.990000E+02  -0.990000E+02  -0.990000E+02  -0.990000E+02  -0.990000E+02  -0.990000E+02  -0.990000E+02  -0.990000E+02  -0.990000E+02  -0.990000E+02  -0.990000E+02  -0.990000E+02  -0.990000E+02  -0.990000E+02  -0.990000E+02  -0.990000E+02  -0.990000E+02  -0.990000E+02  -0.990000E+02  -0.990000E+02  -0.990000E+02  -0.990000E+02  -0.990000E+02  -0.990000E+02  -0.990000E+02  -0.990000E+02  -0.990000E+02  -0.990000E+02  -0.990000E+02  -0.990000E+02  -0.990000E+02  -0.990000E+02  -0.990000E+02  -0.990000E+02  -0.990000E+02  -0.990000E+02  -0.990000E+02  -0.990000E+02  -0.990000E+02  -0.990000E+02  -0.990000E+02  -0.990000E+02  -0.990000E+02  -0.990000E+02  -0.990000E+02  -0.990000E+02  -0.990000E+02  -0.990000E+02  -0.990000E+02  -0.990000E+02  -0.990000E+02  -0.990000E+02  -0.990000E+02  -0.990000E+02  -0.990000E+02  -0.990000E+02  -0.990000E+02  -0.990000E+02  -0.990000E+02  -0.990000E+02  -0.990000E+02   0.231561E+01   0.231674E+01   0.231807E+01   0.231935E+01   0.232056E+01   0.232172E+01   0.232281E+01   0.232384E+01   0.232481E+01   0.232575E+01   0.232655E+01  -0.990000E+02  -0.990000E+02  -0.990000E+02  -0.990000E+02  -0.990000E+02  -0.990000E+02  -0.990000E+02  -0.990000E+02  -0.990000E+02   0.227273E+01   0.226673E+01   0.225953E+01   0.225164E+01   0.224301E+01   0.223364E+01   0.222351E+01   0.221262E+01   0.220100E+01   0.218867E+01   0.217565E+01   0.216198E+01   0.214771E+01   0.213288E+01   0.211757E+01   0.210182E+01   0.208569E+01   0.206926E+01   0.205256E+01   0.203567E+01   0.201864E+01   0.200151E+01   0.198435E+01   0.196718E+01   0.195005E+01   0.193300E+01   0.191606E+01   0.189927E+01   0.188264E+01   0.186620E+01   0.184998E+01   0.183399E+01   0.181824E+01   0.180275E+01   0.178755E+01   0.176950E+01
-0.990000E+02  -0.990000E+02  -0.990000E+02  -0.990000E+02  -0.990000E+02  -0.990000E+02  -0.990000E+02  -0.990000E+02  -0.990000E+02  -0.990000E+02  -0.990000E+02  -0.990000E+02  -0.990000E+02  -0.990000E+02  -0.990000E+02  -0.990000E+02  -0.990000E+02  -0.990000E+02  -0.990000E+02  -0.990000E+02  -0.990000E+02  -0.990000E+02  -0.990000E+02  -0.990000E+02  -0.990000E+02  -0.990000E+02  -0.990000E+02  -0.990000E+02  -0.990000E+02  -0.990000E+02  -0.990000E+02  -0.990000E+02  -0.990000E+02  -0.990000E+02  -0.990000E+02  -0.990000E+02  -0.990000E+02  -0.990000E+02  -0.990000E+02  -0.990000E+02  -0.990000E+02  -0.990000E+02  -0.990000E+02  -0.990000E+02  -0.990000E+02  -0.990000E+02  -0.990000E+02  -0.990000E+02  -0.990000E+02  -0.990000E+02  -0.990000E+02  -0.990000E+02  -0.990000E+02  -0.990000E+02  -0.990000E+02  -0.990000E+02  -0.990000E+02  -0.990000E+02  -0.990000E+02  -0.990000E+02  -0.990000E+02  -0.990000E+02  -0.990000E+02  -0.990000E+02  -0.990000E+02  -0.990000E+02  -0.990000E+02  -0.990000E+02  -0.990000E+02  -0.990000E+02  -0.990000E+02  -0.990000E+02   0.231557E+01   0.231673E+01   0.231807E+01   0.231935E+01   0.232056E+01   0.232172E+01   0.232281E+01   0.232384E+01   0.232482E+01   0.232576E+01   0.232657E+01  -0.990000E+02  -0.990000E+02  -0.990000E+02  -0.990000E+02  -0.990000E+02  -0.990000E+02  -0.990000E+02  -0.990000E+02  -0.990000E+02   0.227278E+01   0.226680E+01   0.225963E+01   0.225176E+01   0.224316E+01   0.223381E+01   0.222371E+01   0.221286E+01   0.220128E+01   0.218898E+01   0.217600E+01   0.216237E+01   0.214814E+01   0.213336E+01   0.211809E+01   0.210239E+01   0.208631E+01   0.206991E+01   0.205326E+01   0.203641E+01   0.201941E+01   0.200233E+01   0.198519E+01   0.196806E+01   0.195096E+01   0.193394E+01   0.191702E+01   0.190025E+01   0.188364E+01   0.186721E+01   0.185100E+01   0.183502E+01   0.181927E+01   0.180379E+01   0.178859E+01   0.177052E+01
-0.990000E+02  -0.990000E+02  -0.990000E+02  -0.990000E+02  -0.990000E+02  -0.990000E+02  -0.990000E+02  -0.990000E+02  -0.990000E+02  -0.990000E+02  -0.990000E+02  -0.990000E+02  -0.990000E+02  -0.990000E+02  -0.990000E+02  -0.990000E+02  -0.990000E+02  -0.990000E+02  -0.990000E+02  -0.990000E+02  -0.990000E+02  -0.990000E+02  -0.990000E+02  -0.990000E+02  -0.990000E+02  -0.990000E+02  -0.990000E+02  -0.990000E+02  -0.990000E+02  -0.990000E+02  -0.990000E+02  -0.990000E+02  -0.990000E+02  -0.990000E+02  -0.990000E+02  -0.990000E+02  -0.990000E+02  -0.990000E+02  -0.990000E+02  -0.990000E+02  -0.990000E+02  -0.990000E+02  -0.990000E+02  -0.990000E+02  -0.990000E+02  -0.990000E+02  -0.990000E+02  -0.990000E+02  -0.990000E+02  -0.990000E+02  -0.990000E+02  -0.990000E+02  -0.990000E+02  -0.990000E+02  -0.990000E+02  -0.990000E+02  -0.990000E+02  -0.990000E+02  -0.990000E+02  -0.990000E+02  -0.990000E+02  -0.990000E+02  -0.990000E+02  -0.990000E+02  -0.990000E+02  -0.990000E+02  -0.990000E+02  -0.990000E+02  -0.990000E+02  -0.990000E+02  -0.990000E+02  -0.990000E+02   0.231554E+01   0.231672E+01   0.231806E+01   0.231934E+01   0.232056E+01   0.232172E+01   0.232282E+01   0.232385E+01   0.232483E+01   0.232577E+01   0.232658E+01  -0.990000E+02  -0.990000E+02  -0.990000E+02  -0.990000E+02  -0.990000E+02  -0.990000E+02  -0.990000E+02  -0.990000E+02  -0.990000E+02   0.227283E+01   0.226688E+01   0.225973E+01   0.225188E+01   0.224330E+01   0.223399E+01   0.222392E+01   0.221310E+01   0.220155E+01   0.218929E+01   0.217635E+01   0.216276E+01   0.214858E+01   0.213384E+01   0.211861E+01   0.210295E+01   0.208691E+01   0.207056E+01   0.205395E+01   0.203714E+01   0.202018E+01   0.200313E+01   0.198603E+01   0.196893E+01   0.195186E+01   0.193487E+01   0.191797E+01   0.190122E+01   0.188463E+01   0.186822E+01   0.185201E+01   0.183604E+01   0.182030E+01   0.180483E+01   0.178962E+01   0.177154E+01
-0.990000E+02  -0.990000E+02  -0.990000E+02  -0.990000E+02  -0.990000E+02  -0.990000E+02  -0.990000E+02  -0.990000E+02  -0.990000E+02  -0.990000E+02  -0.990000E+02  -0.990000E+02  -0.990000E+02  -0.990000E+02  -0.990000E+02  -0.990000E+02  -0.990000E+02  -0.990000E+02  -0.990000E+02  -0.990000E+02  -0.990000E+02  -0.990000E+02  -0.990000E+02  -0.990000E+02  -0.990000E+02  -0.990000E+02  -0.990000E+02  -0.990000E+02  -0.990000E+02  -0.990000E+02  -0.990000E+02  -0.990000E+02  -0.990000E+02  -0.990000E+02  -0.990000E+02  -0.990000E+02  -0.990000E+02  -0.990000E+02  -0.990000E+02  -0.990000E+02  -0.990000E+02  -0.990000E+02  -0.990000E+02  -0.990000E+02  -0.990000E+02  -0.990000E+02  -0.990000E+02  -0.990000E+02  -0.990000E+02  -0.990000E+02  -0.990000E+02  -0.990000E+02  -0.990000E+02  -0.990000E+02  -0.990000E+02  -0.990000E+02  -0.990000E+02  -0.990000E+02  -0.990000E+02  -0.990000E+02  -0.990000E+02  -0.990000E+02  -0.990000E+02  -0.990000E+02  -0.990000E+02  -0.990000E+02  -0.990000E+02  -0.990000E+02  -0.990000E+02  -0.990000E+02  -0.990000E+02  -0.990000E+02   0.231551E+01   0.231671E+01   0.231806E+01   0.231934E+01   0.232057E+01   0.232173E+01   0.232283E+01   0.232386E+01   0.232484E+01   0.232578E+01   0.232659E+01  -0.990000E+02  -0.990000E+02  -0.990000E+02  -0.990000E+02  -0.990000E+02  -0.990000E+02  -0.990000E+02  -0.990000E+02  -0.990000E+02   0.227288E+01   0.226696E+01   0.225982E+01   0.225200E+01   0.224345E+01   0.223416E+01   0.222412E+01   0.221334E+01   0.220182E+01   0.218960E+01   0.217670E+01   0.216315E+01   0.214901E+01   0.213432E+01   0.211913E+01   0.210351E+01   0.208752E+01   0.207121E+01   0.205464E+01   0.203787E+01   0.202095E+01   0.200394E+01   0.198687E+01   0.196980E+01   0.195276E+01   0.193579E+01   0.191892E+01   0.190219E+01   0.188561E+01   0.186922E+01   0.185303E+01   0.183706E+01   0.182133E+01   0.180586E+01   0.179065E+01   0.177255E+01
-0.990000E+02  -0.990000E+02  -0.990000E+02  -0.990000E+02  -0.990000E+02  -0.990000E+02  -0.990000E+02  -0.990000E+02  -0.990000E+02  -0.990000E+02  -0.990000E+02  -0.990000E+02  -0.990000E+02  -0.990000E+02  -0.990000E+02  -0.990000E+02  -0.990000E+02  -0.990000E+02  -0.990000E+02  -0.990000E+02  -0.990000E+02  -0.990000E+02  -0.990000E+02  -0.990000E+02  -0.990000E+02  -0.990000E+02  -0.990000E+02  -0.990000E+02  -0.990000E+02  -0.990000E+02  -0.990000E+02  -0.990000E+02  -0.990000E+02  -0.990000E+02  -0.990000E+02  -0.990000E+02  -0.990000E+02  -0.990000E+02  -0.990000E+02  -0.990000E+02  -0.990000E+02  -0.990000E+02  -0.990000E+02  -0.990000E+02  -0.990000E+02  -0.990000E+02  -0.990000E+02  -0.990000E+02  -0.990000E+02  -0.990000E+02  -0.990000E+02  -0.990000E+02  -0.990000E+02  -0.990000E+02  -0.990000E+02  -0.990000E+02  -0.990000E+02  -0.990000E+02  -0.990000E+02  -0.990000E+02  -0.990000E+02  -0.990000E+02  -0.990000E+02  -0.990000E+02  -0.990000E+02  -0.990000E+02  -0.990000E+02  -0.990000E+02  -0.990000E+02  -0.990000E+02  -0.990000E+02  -0.990000E+02   0.231547E+01   0.231671E+01   0.231805E+01   0.231934E+01   0.232057E+01   0.232173E+01   0.232283E+01   0.232387E+01   0.232485E+01   0.232579E+01   0.232660E+01  -0.990000E+02  -0.990000E+02  -0.990000E+02  -0.990000E+02  -0.990000E+02  -0.990000E+02  -0.990000E+02  -0.990000E+02  -0.990000E+02   0.227293E+01   0.226703E+01   0.225992E+01   0.225212E+01   0.224359E+01   0.223433E+01   0.222432E+01   0.221357E+01   0.220209E+01   0.218991E+01   0.217705E+01   0.216354E+01   0.214944E+01   0.213479E+01   0.211965E+01   0.210407E+01   0.208812E+01   0.207185E+01   0.205533E+01   0.203860E+01   0.202172E+01   0.200474E+01   0.198770E+01   0.197066E+01   0.195365E+01   0.193671E+01   0.191986E+01   0.190315E+01   0.188659E+01   0.187021E+01   0.185403E+01   0.183808E+01   0.182235E+01   0.180688E+01   0.179167E+01   0.177356E+01
-0.990000E+02  -0.990000E+02  -0.990000E+02  -0.990000E+02  -0.990000E+02  -0.990000E+02  -0.990000E+02  -0.990000E+02  -0.990000E+02  -0.990000E+02  -0.990000E+02  -0.990000E+02  -0.990000E+02  -0.990000E+02  -0.990000E+02  -0.990000E+02  -0.990000E+02  -0.990000E+02  -0.990000E+02  -0.990000E+02  -0.990000E+02  -0.990000E+02  -0.990000E+02  -0.990000E+02  -0.990000E+02  -0.990000E+02  -0.990000E+02  -0.990000E+02  -0.990000E+02  -0.990000E+02  -0.990000E+02  -0.990000E+02  -0.990000E+02  -0.990000E+02  -0.990000E+02  -0.990000E+02  -0.990000E+02  -0.990000E+02  -0.990000E+02  -0.990000E+02  -0.990000E+02  -0.990000E+02  -0.990000E+02  -0.990000E+02  -0.990000E+02  -0.990000E+02  -0.990000E+02  -0.990000E+02  -0.990000E+02  -0.990000E+02  -0.990000E+02  -0.990000E+02  -0.990000E+02  -0.990000E+02  -0.990000E+02  -0.990000E+02  -0.990000E+02  -0.990000E+02  -0.990000E+02  -0.990000E+02  -0.990000E+02  -0.990000E+02  -0.990000E+02  -0.990000E+02  -0.990000E+02  -0.990000E+02  -0.990000E+02  -0.990000E+02  -0.990000E+02  -0.990000E+02  -0.990000E+02  -0.990000E+02   0.231544E+01   0.231670E+01   0.231805E+01   0.231934E+01   0.232057E+01   0.232173E+01   0.232284E+01   0.232388E+01   0.232486E+01   0.232580E+01   0.232661E+01  -0.990000E+02  -0.990000E+02  -0.990000E+02  -0.990000E+02  -0.990000E+02  -0.990000E+02  -0.990000E+02  -0.990000E+02  -0.990000E+02   0.227299E+01   0.226711E+01   0.226001E+01   0.225224E+01   0.224374E+01   0.223450E+01   0.222453E+01   0.221381E+01   0.220236E+01   0.219022E+01   0.217740E+01   0.216393E+01   0.214987E+01   0.213526E+01   0.212016E+01   0.210463E+01   0.208872E+01   0.207250E+01   0.205601E+01   0.203932E+01   0.202248E+01   0.200553E+01   0.198853E+01   0.197152E+01   0.195454E+01   0.193763E+01   0.192080E+01   0.190411E+01   0.188757E+01   0.187120E+01   0.185503E+01   0.183909E+01   0.182337E+01   0.180790E+01   0.179269E+01   0.177457E+01
-0.990000E+02  -0.990000E+02  -0.990000E+02  -0.990000E+02  -0.990000E+02  -0.990000E+02  -0.990000E+02  -0.990000E+02  -0.990000E+02  -0.990000E+02  -0.990000E+02  -0.990000E+02  -0.990000E+02  -0.990000E+02  -0.990000E+02  -0.990000E+02  -0.990000E+02  -0.990000E+02  -0.990000E+02  -0.990000E+02  -0.990000E+02  -0.990000E+02  -0.990000E+02  -0.990000E+02  -0.990000E+02  -0.990000E+02  -0.990000E+02  -0.990000E+02  -0.990000E+02  -0.990000E+02  -0.990000E+02  -0.990000E+02  -0.990000E+02  -0.990000E+02  -0.990000E+02  -0.990000E+02  -0.990000E+02  -0.990000E+02  -0.990000E+02  -0.990000E+02  -0.990000E+02  -0.990000E+02  -0.990000E+02  -0.990000E+02  -0.990000E+02  -0.990000E+02  -0.990000E+02  -0.990000E+02  -0.990000E+02  -0.990000E+02  -0.990000E+02  -0.990000E+02  -0.990000E+02  -0.990000E+02  -0.990000E+02  -0.990000E+02  -0.990000E+02  -0.990000E+02  -0.990000E+02  -0.990000E+02  -0.990000E+02  -0.990000E+02  -0.990000E+02  -0.990000E+02  -0.990000E+02  -0.990000E+02  -0.990000E+02  -0.990000E+02  -0.990000E+02  -0.990000E+02  -0.990000E+02  -0.990000E+02   0.231540E+01   0.231669E+01   0.231804E+01   0.231934E+01   0.232057E+01   0.232174E+01   0.232284E+01   0.232388E+01   0.232487E+01   0.232581E+01   0.232662E+01  -0.990000E+02  -0.990000E+02  -0.990000E+02  -0.990000E+02  -0.990000E+02  -0.990000E+02  -0.990000E+02  -0.990000E+02  -0.990000E+02   0.227304E+01   0.226718E+01   0.226011E+01   0.225236E+01   0.224388E+01   0.223468E+01   0.222473E+01   0.221404E+01   0.220263E+01   0.219052E+01   0.217774E+01   0.216432E+01   0.215030E+01   0.213573E+01   0.212068E+01   0.210519E+01   0.208932E+01   0.207314E+01   0.205669E+01   0.204004E+01   0.202323E+01   0.200633E+01   0.198936E+01   0.197238E+01   0.195543E+01   0.193854E+01   0.192174E+01   0.190506E+01   0.188854E+01   0.187219E+01   0.185603E+01   0.184009E+01   0.182438E+01   0.180891E+01   0.179371E+01   0.177557E+01
-0.990000E+02  -0.990000E+02  -0.990000E+02  -0.990000E+02  -0.990000E+02  -0.990000E+02  -0.990000E+02  -0.990000E+02  -0.990000E+02  -0.990000E+02  -0.990000E+02  -0.990000E+02  -0.990000E+02  -0.990000E+02  -0.990000E+02  -0.990000E+02  -0.990000E+02  -0.990000E+02  -0.990000E+02  -0.990000E+02  -0.990000E+02  -0.990000E+02  -0.990000E+02  -0.990000E+02  -0.990000E+02  -0.990000E+02  -0.990000E+02  -0.990000E+02  -0.990000E+02  -0.990000E+02  -0.990000E+02  -0.990000E+02  -0.990000E+02  -0.990000E+02  -0.990000E+02  -0.990000E+02  -0.990000E+02  -0.990000E+02  -0.990000E+02  -0.990000E+02  -0.990000E+02  -0.990000E+02  -0.990000E+02  -0.990000E+02  -0.990000E+02  -0.990000E+02  -0.990000E+02  -0.990000E+02  -0.990000E+02  -0.990000E+02  -0.990000E+02  -0.990000E+02  -0.990000E+02  -0.990000E+02  -0.990000E+02  -0.990000E+02  -0.990000E+02  -0.990000E+02  -0.990000E+02  -0.990000E+02  -0.990000E+02  -0.990000E+02  -0.990000E+02  -0.990000E+02  -0.990000E+02  -0.990000E+02  -0.990000E+02  -0.990000E+02  -0.990000E+02  -0.990000E+02  -0.990000E+02  -0.990000E+02   0.231537E+01   0.231668E+01   0.231804E+01   0.231933E+01   0.232057E+01   0.232174E+01   0.232285E+01   0.232389E+01   0.232488E+01   0.232582E+01   0.232663E+01  -0.990000E+02  -0.990000E+02  -0.990000E+02  -0.990000E+02  -0.990000E+02  -0.990000E+02  -0.990000E+02  -0.990000E+02  -0.990000E+02   0.227309E+01   0.226726E+01   0.226021E+01   0.225247E+01   0.224403E+01   0.223485E+01   0.222493E+01   0.221428E+01   0.220290E+01   0.219083E+01   0.217809E+01   0.216470E+01   0.215072E+01   0.213620E+01   0.212119E+01   0.210574E+01   0.208992E+01   0.207377E+01   0.205737E+01   0.204076E+01   0.202399E+01   0.200712E+01   0.199018E+01   0.197323E+01   0.195631E+01   0.193944E+01   0.192267E+01   0.190601E+01   0.188951E+01   0.187317E+01   0.185702E+01   0.184109E+01   0.182538E+01   0.180992E+01   0.179472E+01   0.177656E+01
-0.990000E+02  -0.990000E+02  -0.990000E+02  -0.990000E+02  -0.990000E+02  -0.990000E+02  -0.990000E+02  -0.990000E+02  -0.990000E+02  -0.990000E+02  -0.990000E+02  -0.990000E+02  -0.990000E+02  -0.990000E+02  -0.990000E+02  -0.990000E+02  -0.990000E+02  -0.990000E+02  -0.990000E+02  -0.990000E+02  -0.990000E+02  -0.990000E+02  -0.990000E+02  -0.990000E+02  -0.990000E+02  -0.990000E+02  -0.990000E+02  -0.990000E+02  -0.990000E+02  -0.990000E+02  -0.990000E+02  -0.990000E+02  -0.990000E+02  -0.990000E+02  -0.990000E+02  -0.990000E+02  -0.990000E+02  -0.990000E+02  -0.990000E+02  -0.990000E+02  -0.990000E+02  -0.990000E+02  -0.990000E+02  -0.990000E+02  -0.990000E+02  -0.990000E+02  -0.990000E+02  -0.990000E+02  -0.990000E+02  -0.990000E+02  -0.990000E+02  -0.990000E+02  -0.990000E+02  -0.990000E+02  -0.990000E+02  -0.990000E+02  -0.990000E+02  -0.990000E+02  -0.990000E+02  -0.990000E+02  -0.990000E+02  -0.990000E+02  -0.990000E+02  -0.990000E+02  -0.990000E+02  -0.990000E+02  -0.990000E+02  -0.990000E+02  -0.990000E+02  -0.990000E+02  -0.990000E+02  -0.990000E+02   0.231533E+01   0.231667E+01   0.231803E+01   0.231933E+01   0.232057E+01   0.232174E+01   0.232285E+01   0.232390E+01   0.232488E+01   0.232583E+01   0.232664E+01  -0.990000E+02  -0.990000E+02  -0.990000E+02  -0.990000E+02  -0.990000E+02  -0.990000E+02  -0.990000E+02  -0.990000E+02  -0.990000E+02   0.227314E+01   0.226734E+01   0.226030E+01   0.225259E+01   0.224417E+01   0.223502E+01   0.222513E+01   0.221451E+01   0.220317E+01   0.219114E+01   0.217843E+01   0.216509E+01   0.215115E+01   0.213667E+01   0.212170E+01   0.210629E+01   0.209051E+01   0.207441E+01   0.205804E+01   0.204147E+01   0.202474E+01   0.200790E+01   0.199100E+01   0.197408E+01   0.195719E+01   0.194035E+01   0.192359E+01   0.190696E+01   0.189047E+01   0.187414E+01   0.185801E+01   0.184209E+01   0.182639E+01   0.181093E+01   0.179572E+01   0.177755E+01
-0.990000E+02  -0.990000E+02  -0.990000E+02  -0.990000E+02  -0.990000E+02  -0.990000E+02  -0.990000E+02  -0.990000E+02  -0.990000E+02  -0.990000E+02  -0.990000E+02  -0.990000E+02  -0.990000E+02  -0.990000E+02  -0.990000E+02  -0.990000E+02  -0.990000E+02  -0.990000E+02  -0.990000E+02  -0.990000E+02  -0.990000E+02  -0.990000E+02  -0.990000E+02  -0.990000E+02  -0.990000E+02  -0.990000E+02  -0.990000E+02  -0.990000E+02  -0.990000E+02  -0.990000E+02  -0.990000E+02  -0.990000E+02  -0.990000E+02  -0.990000E+02  -0.990000E+02  -0.990000E+02  -0.990000E+02  -0.990000E+02  -0.990000E+02  -0.990000E+02  -0.990000E+02  -0.990000E+02  -0.990000E+02  -0.990000E+02  -0.990000E+02  -0.990000E+02  -0.990000E+02  -0.990000E+02  -0.990000E+02  -0.990000E+02  -0.990000E+02  -0.990000E+02  -0.990000E+02  -0.990000E+02  -0.990000E+02  -0.990000E+02  -0.990000E+02  -0.990000E+02  -0.990000E+02  -0.990000E+02  -0.990000E+02  -0.990000E+02  -0.990000E+02  -0.990000E+02  -0.990000E+02  -0.990000E+02  -0.990000E+02  -0.990000E+02  -0.990000E+02  -0.990000E+02  -0.990000E+02   0.231427E+01   0.231530E+01   0.231666E+01   0.231802E+01   0.231933E+01   0.232057E+01   0.232175E+01   0.232286E+01   0.232391E+01   0.232489E+01   0.232584E+01   0.232665E+01  -0.990000E+02  -0.990000E+02  -0.990000E+02  -0.990000E+02  -0.990000E+02  -0.990000E+02  -0.990000E+02  -0.990000E+02  -0.990000E+02   0.227319E+01   0.226741E+01   0.226040E+01   0.225271E+01   0.224431E+01   0.223519E+01   0.222533E+01   0.221474E+01   0.220344E+01   0.219144E+01   0.217877E+01   0.216547E+01   0.215157E+01   0.213713E+01   0.212220E+01   0.210684E+01   0.209110E+01   0.207504E+01   0.205871E+01   0.204218E+01   0.202548E+01   0.200868E+01   0.199181E+01   0.197493E+01   0.195806E+01   0.194124E+01   0.192451E+01   0.190790E+01   0.189142E+01   0.187512E+01   0.185899E+01   0.184308E+01   0.182738E+01   0.181193E+01   0.179672E+01   0.177854E+01
-0.990000E+02  -0.990000E+02  -0.990000E+02  -0.990000E+02  -0.990000E+02  -0.990000E+02  -0.990000E+02  -0.990000E+02  -0.990000E+02  -0.990000E+02  -0.990000E+02  -0.990000E+02  -0.990000E+02  -0.990000E+02  -0.990000E+02  -0.990000E+02  -0.990000E+02  -0.990000E+02  -0.990000E+02  -0.990000E+02  -0.990000E+02  -0.990000E+02  -0.990000E+02  -0.990000E+02  -0.990000E+02  -0.990000E+02  -0.990000E+02  -0.990000E+02  -0.990000E+02  -0.990000E+02  -0.990000E+02  -0.990000E+02  -0.990000E+02  -0.990000E+02  -0.990000E+02  -0.990000E+02  -0.990000E+02  -0.990000E+02  -0.990000E+02  -0.990000E+02  -0.990000E+02  -0.990000E+02  -0.990000E+02  -0.990000E+02  -0.990000E+02  -0.990000E+02  -0.990000E+02  -0.990000E+02  -0.990000E+02  -0.990000E+02  -0.990000E+02  -0.990000E+02  -0.990000E+02  -0.990000E+02  -0.990000E+02  -0.990000E+02  -0.990000E+02  -0.990000E+02  -0.990000E+02  -0.990000E+02  -0.990000E+02  -0.990000E+02  -0.990000E+02  -0.990000E+02  -0.990000E+02  -0.990000E+02  -0.990000E+02  -0.990000E+02  -0.990000E+02  -0.990000E+02  -0.990000E+02   0.231422E+01   0.231527E+01   0.231665E+01   0.231802E+01   0.231932E+01   0.232057E+01   0.232175E+01   0.232287E+01   0.232391E+01   0.232490E+01   0.232585E+01   0.232666E+01  -0.990000E+02  -0.990000E+02  -0.990000E+02  -0.990000E+02  -0.990000E+02  -0.990000E+02  -0.990000E+02  -0.990000E+02  -0.990000E+02   0.227324E+01   0.226749E+01   0.226049E+01   0.225283E+01   0.224446E+01   0.223536E+01   0.222553E+01   0.221498E+01   0.220371E+01   0.219174E+01   0.217911E+01   0.216585E+01   0.215199E+01   0.213760E+01   0.212271E+01   0.210739E+01   0.209169E+01   0.207567E+01   0.205938E+01   0.204288E+01   0.202623E+01   0.200946E+01   0.199262E+01   0.197577E+01   0.195893E+01   0.194214E+01   0.192543E+01   0.190883E+01   0.189238E+01   0.187608E+01   0.185997E+01   0.184406E+01   0.182837E+01   0.181292E+01   0.179772E+01   0.177952E+01
-0.990000E+02  -0.990000E+02  -0.990000E+02  -0.990000E+02  -0.990000E+02  -0.990000E+02  -0.990000E+02  -0.990000E+02  -0.990000E+02  -0.990000E+02  -0.990000E+02  -0.990000E+02  -0.990000E+02  -0.990000E+02  -0.990000E+02  -0.990000E+02  -0.990000E+02  -0.990000E+02  -0.990000E+02  -0.990000E+02  -0.990000E+02  -0.990000E+02  -0.990000E+02  -0.990000E+02  -0.990000E+02  -0.990000E+02  -0.990000E+02  -0.990000E+02  -0.990000E+02  -0.990000E+02  -0.990000E+02  -0.990000E+02  -0.990000E+02  -0.990000E+02  -0.990000E+02  -0.990000E+02  -0.990000E+02  -0.990000E+02  -0.990000E+02  -0.990000E+02  -0.990000E+02  -0.990000E+02  -0.990000E+02  -0.990000E+02  -0.990000E+02  -0.990000E+02  -0.990000E+02  -0.990000E+02  -0.990000E+02  -0.990000E+02  -0.990000E+02  -0.990000E+02  -0.990000E+02  -0.990000E+02  -0.990000E+02  -0.990000E+02  -0.990000E+02  -0.990000E+02  -0.990000E+02  -0.990000E+02  -0.990000E+02  -0.990000E+02  -0.990000E+02  -0.990000E+02  -0.990000E+02  -0.990000E+02  -0.990000E+02  -0.990000E+02  -0.990000E+02  -0.990000E+02  -0.990000E+02   0.231418E+01   0.231525E+01   0.231664E+01   0.231801E+01   0.231932E+01   0.232057E+01   0.232175E+01   0.232287E+01   0.232392E+01   0.232491E+01   0.232586E+01   0.232667E+01  -0.990000E+02  -0.990000E+02  -0.990000E+02  -0.990000E+02  -0.990000E+02  -0.990000E+02  -0.990000E+02  -0.990000E+02  -0.990000E+02   0.227329E+01   0.226756E+01   0.226059E+01   0.225295E+01   0.224460E+01   0.223553E+01   0.222573E+01   0.221521E+01   0.220397E+01   0.219204E+01   0.217945E+01   0.216623E+01   0.215241E+01   0.213806E+01   0.212321E+01   0.210793E+01   0.209227E+01   0.207629E+01   0.206005E+01   0.204359E+01   0.202697E+01   0.201023E+01   0.199343E+01   0.197660E+01   0.195979E+01   0.194303E+01   0.192634E+01   0.190976E+01   0.189332E+01   0.187704E+01   0.186094E+01   0.184504E+01   0.182936E+01   0.181391E+01   0.179871E+01   0.178050E+01
-0.990000E+02  -0.990000E+02  -0.990000E+02  -0.990000E+02  -0.990000E+02  -0.990000E+02  -0.990000E+02  -0.990000E+02  -0.990000E+02  -0.990000E+02  -0.990000E+02  -0.990000E+02  -0.990000E+02  -0.990000E+02  -0.990000E+02  -0.990000E+02  -0.990000E+02  -0.990000E+02  -0.990000E+02  -0.990000E+02  -0.990000E+02  -0.990000E+02  -0.990000E+02  -0.990000E+02  -0.990000E+02  -0.990000E+02  -0.990000E+02  -0.990000E+02  -0.990000E+02  -0.990000E+02  -0.990000E+02  -0.990000E+02  -0.990000E+02  -0.990000E+02  -0.990000E+02  -0.990000E+02  -0.990000E+02  -0.990000E+02  -0.990000E+02  -0.990000E+02  -0.990000E+02  -0.990000E+02  -0.990000E+02  -0.990000E+02  -0.990000E+02  -0.990000E+02  -0.990000E+02  -0.990000E+02  -0.990000E+02  -0.990000E+02  -0.990000E+02  -0.990000E+02  -0.990000E+02  -0.990000E+02  -0.990000E+02  -0.990000E+02  -0.990000E+02  -0.990000E+02  -0.990000E+02  -0.990000E+02  -0.990000E+02  -0.990000E+02  -0.990000E+02  -0.990000E+02  -0.990000E+02  -0.990000E+02  -0.990000E+02  -0.990000E+02  -0.990000E+02  -0.990000E+02  -0.990000E+02   0.231413E+01   0.231522E+01   0.231662E+01   0.231800E+01   0.231932E+01   0.232057E+01   0.232175E+01   0.232288E+01   0.232393E+01   0.232492E+01   0.232587E+01   0.232668E+01  -0.990000E+02  -0.990000E+02  -0.990000E+02  -0.990000E+02  -0.990000E+02  -0.990000E+02  -0.990000E+02  -0.990000E+02  -0.990000E+02   0.227334E+01   0.226763E+01   0.226068E+01   0.225306E+01   0.224474E+01   0.223570E+01   0.222593E+01   0.221544E+01   0.220424E+01   0.219235E+01   0.217979E+01   0.216661E+01   0.215283E+01   0.213852E+01   0.212371E+01   0.210847E+01   0.209286E+01   0.207692E+01   0.206071E+01   0.204429E+01   0.202770E+01   0.201100E+01   0.199423E+01   0.197744E+01   0.196065E+01   0.194391E+01   0.192724E+01   0.191069E+01   0.189427E+01   0.187800E+01   0.186191E+01   0.184602E+01   0.183034E+01   0.181490E+01   0.179969E+01   0.178147E+01
-0.990000E+02  -0.990000E+02  -0.990000E+02  -0.990000E+02  -0.990000E+02  -0.990000E+02  -0.990000E+02  -0.990000E+02  -0.990000E+02  -0.990000E+02  -0.990000E+02  -0.990000E+02  -0.990000E+02  -0.990000E+02  -0.990000E+02  -0.990000E+02  -0.990000E+02  -0.990000E+02  -0.990000E+02  -0.990000E+02  -0.990000E+02  -0.990000E+02  -0.990000E+02  -0.990000E+02  -0.990000E+02  -0.990000E+02  -0.990000E+02  -0.990000E+02  -0.990000E+02  -0.990000E+02  -0.990000E+02  -0.990000E+02  -0.990000E+02  -0.990000E+02  -0.990000E+02  -0.990000E+02  -0.990000E+02  -0.990000E+02  -0.990000E+02  -0.990000E+02  -0.990000E+02  -0.990000E+02  -0.990000E+02  -0.990000E+02  -0.990000E+02  -0.990000E+02  -0.990000E+02  -0.990000E+02  -0.990000E+02  -0.990000E+02  -0.990000E+02  -0.990000E+02  -0.990000E+02  -0.990000E+02  -0.990000E+02  -0.990000E+02  -0.990000E+02  -0.990000E+02  -0.990000E+02  -0.990000E+02  -0.990000E+02  -0.990000E+02  -0.990000E+02  -0.990000E+02  -0.990000E+02  -0.990000E+02  -0.990000E+02  -0.990000E+02  -0.990000E+02  -0.990000E+02  -0.990000E+02   0.231408E+01   0.231520E+01   0.231661E+01   0.231800E+01   0.231931E+01   0.232057E+01   0.232176E+01   0.232288E+01   0.232393E+01   0.232493E+01   0.232588E+01   0.232669E+01  -0.990000E+02  -0.990000E+02  -0.990000E+02  -0.990000E+02  -0.990000E+02  -0.990000E+02  -0.990000E+02  -0.990000E+02  -0.990000E+02   0.227339E+01   0.226771E+01   0.226078E+01   0.225318E+01   0.224488E+01   0.223587E+01   0.222613E+01   0.221567E+01   0.220450E+01   0.219265E+01   0.218013E+01   0.216698E+01   0.215325E+01   0.213897E+01   0.212421E+01   0.210901E+01   0.209343E+01   0.207754E+01   0.206137E+01   0.204498E+01   0.202843E+01   0.201177E+01   0.199503E+01   0.197826E+01   0.196151E+01   0.194479E+01   0.192815E+01   0.191161E+01   0.189520E+01   0.187895E+01   0.186287E+01   0.184699E+01   0.183132E+01   0.181588E+01   0.180067E+01   0.178244E+01
-0.990000E+02  -0.990000E+02  -0.990000E+02  -0.990000E+02  -0.990000E+02  -0.990000E+02  -0.990000E+02  -0.990000E+02  -0.990000E+02  -0.990000E+02  -0.990000E+02  -0.990000E+02  -0.990000E+02  -0.990000E+02  -0.990000E+02  -0.990000E+02  -0.990000E+02  -0.990000E+02  -0.990000E+02  -0.990000E+02  -0.990000E+02  -0.990000E+02  -0.990000E+02  -0.990000E+02  -0.990000E+02  -0.990000E+02  -0.990000E+02  -0.990000E+02  -0.990000E+02  -0.990000E+02  -0.990000E+02  -0.990000E+02  -0.990000E+02  -0.990000E+02  -0.990000E+02  -0.990000E+02  -0.990000E+02  -0.990000E+02  -0.990000E+02  -0.990000E+02  -0.990000E+02  -0.990000E+02  -0.990000E+02  -0.990000E+02  -0.990000E+02  -0.990000E+02  -0.990000E+02  -0.990000E+02  -0.990000E+02  -0.990000E+02  -0.990000E+02  -0.990000E+02  -0.990000E+02  -0.990000E+02  -0.990000E+02  -0.990000E+02  -0.990000E+02  -0.990000E+02  -0.990000E+02  -0.990000E+02  -0.990000E+02  -0.990000E+02  -0.990000E+02  -0.990000E+02  -0.990000E+02  -0.990000E+02  -0.990000E+02  -0.990000E+02  -0.990000E+02  -0.990000E+02  -0.990000E+02   0.231403E+01   0.231518E+01   0.231660E+01   0.231799E+01   0.231931E+01   0.232057E+01   0.232176E+01   0.232288E+01   0.232394E+01   0.232493E+01   0.232588E+01   0.232670E+01  -0.990000E+02  -0.990000E+02  -0.990000E+02  -0.990000E+02  -0.990000E+02  -0.990000E+02  -0.990000E+02  -0.990000E+02  -0.990000E+02   0.227343E+01   0.226778E+01   0.226087E+01   0.225330E+01   0.224502E+01   0.223603E+01   0.222633E+01   0.221590E+01   0.220476E+01   0.219294E+01   0.218046E+01   0.216736E+01   0.215366E+01   0.213943E+01   0.212470E+01   0.210955E+01   0.209401E+01   0.207815E+01   0.206202E+01   0.204568E+01   0.202916E+01   0.201253E+01   0.199583E+01   0.197909E+01   0.196236E+01   0.194567E+01   0.192905E+01   0.191253E+01   0.189614E+01   0.187990E+01   0.186383E+01   0.184796E+01   0.183229E+01   0.181685E+01   0.180165E+01   0.178340E+01
-0.990000E+02  -0.990000E+02  -0.990000E+02  -0.990000E+02  -0.990000E+02  -0.990000E+02  -0.990000E+02  -0.990000E+02  -0.990000E+02  -0.990000E+02  -0.990000E+02  -0.990000E+02  -0.990000E+02  -0.990000E+02  -0.990000E+02  -0.990000E+02  -0.990000E+02  -0.990000E+02  -0.990000E+02  -0.990000E+02  -0.990000E+02  -0.990000E+02  -0.990000E+02  -0.990000E+02  -0.990000E+02  -0.990000E+02  -0.990000E+02  -0.990000E+02  -0.990000E+02  -0.990000E+02  -0.990000E+02  -0.990000E+02  -0.990000E+02  -0.990000E+02  -0.990000E+02  -0.990000E+02  -0.990000E+02  -0.990000E+02  -0.990000E+02  -0.990000E+02  -0.990000E+02  -0.990000E+02  -0.990000E+02  -0.990000E+02  -0.990000E+02  -0.990000E+02  -0.990000E+02  -0.990000E+02  -0.990000E+02  -0.990000E+02  -0.990000E+02  -0.990000E+02  -0.990000E+02  -0.990000E+02  -0.990000E+02  -0.990000E+02  -0.990000E+02  -0.990000E+02  -0.990000E+02  -0.990000E+02  -0.990000E+02  -0.990000E+02  -0.990000E+02  -0.990000E+02  -0.990000E+02  -0.990000E+02  -0.990000E+02  -0.990000E+02  -0.990000E+02  -0.990000E+02  -0.990000E+02   0.231398E+01   0.231516E+01   0.231659E+01   0.231798E+01   0.231930E+01   0.232057E+01   0.232176E+01   0.232289E+01   0.232395E+01   0.232494E+01   0.232589E+01   0.232671E+01  -0.990000E+02  -0.990000E+02  -0.990000E+02  -0.990000E+02  -0.990000E+02  -0.990000E+02  -0.990000E+02  -0.990000E+02  -0.990000E+02   0.227348E+01   0.226785E+01   0.226097E+01   0.225341E+01   0.224516E+01   0.223620E+01   0.222652E+01   0.221613E+01   0.220502E+01   0.219324E+01   0.218080E+01   0.216773E+01   0.215407E+01   0.213988E+01   0.212520E+01   0.211008E+01   0.209459E+01   0.207877E+01   0.206267E+01   0.204637E+01   0.202989E+01   0.201329E+01   0.199662E+01   0.197991E+01   0.196320E+01   0.194654E+01   0.192994E+01   0.191344E+01   0.189707E+01   0.188084E+01   0.186479E+01   0.184892E+01   0.183326E+01   0.181782E+01   0.180262E+01   0.178436E+01
-0.990000E+02  -0.990000E+02  -0.990000E+02  -0.990000E+02  -0.990000E+02  -0.990000E+02  -0.990000E+02  -0.990000E+02  -0.990000E+02  -0.990000E+02  -0.990000E+02  -0.990000E+02  -0.990000E+02  -0.990000E+02  -0.990000E+02  -0.990000E+02  -0.990000E+02  -0.990000E+02  -0.990000E+02  -0.990000E+02  -0.990000E+02  -0.990000E+02  -0.990000E+02  -0.990000E+02  -0.990000E+02  -0.990000E+02  -0.990000E+02  -0.990000E+02  -0.990000E+02  -0.990000E+02  -0.990000E+02  -0.990000E+02  -0.990000E+02  -0.990000E+02  -0.990000E+02  -0.990000E+02  -0.990000E+02  -0.990000E+02  -0.990000E+02  -0.990000E+02  -0.990000E+02  -0.990000E+02  -0.990000E+02  -0.990000E+02  -0.990000E+02  -0.990000E+02  -0.990000E+02  -0.990000E+02  -0.990000E+02  -0.990000E+02  -0.990000E+02  -0.990000E+02  -0.990000E+02  -0.990000E+02  -0.990000E+02  -0.990000E+02  -0.990000E+02  -0.990000E+02  -0.990000E+02  -0.990000E+02  -0.990000E+02  -0.990000E+02  -0.990000E+02  -0.990000E+02  -0.990000E+02  -0.990000E+02  -0.990000E+02  -0.990000E+02  -0.990000E+02  -0.990000E+02  -0.990000E+02   0.231393E+01   0.231514E+01   0.231658E+01   0.231797E+01   0.231930E+01   0.232056E+01   0.232176E+01   0.232289E+01   0.232395E+01   0.232495E+01   0.232590E+01   0.232672E+01  -0.990000E+02  -0.990000E+02  -0.990000E+02  -0.990000E+02  -0.990000E+02  -0.990000E+02  -0.990000E+02  -0.990000E+02  -0.990000E+02   0.227353E+01   0.226793E+01   0.226106E+01   0.225353E+01   0.224530E+01   0.223637E+01   0.222672E+01   0.221635E+01   0.220528E+01   0.219354E+01   0.218113E+01   0.216810E+01   0.215448E+01   0.214033E+01   0.212569E+01   0.211061E+01   0.209516E+01   0.207938E+01   0.206332E+01   0.204705E+01   0.203061E+01   0.201405E+01   0.199740E+01   0.198072E+01   0.196405E+01   0.194740E+01   0.193083E+01   0.191435E+01   0.189799E+01   0.188178E+01   0.186573E+01   0.184988E+01   0.183422E+01   0.181879E+01   0.180359E+01   0.178531E+01
-0.990000E+02  -0.990000E+02  -0.990000E+02  -0.990000E+02  -0.990000E+02  -0.990000E+02  -0.990000E+02  -0.990000E+02  -0.990000E+02  -0.990000E+02  -0.990000E+02  -0.990000E+02  -0.990000E+02  -0.990000E+02  -0.990000E+02  -0.990000E+02  -0.990000E+02  -0.990000E+02  -0.990000E+02  -0.990000E+02  -0.990000E+02  -0.990000E+02  -0.990000E+02  -0.990000E+02  -0.990000E+02  -0.990000E+02  -0.990000E+02  -0.990000E+02  -0.990000E+02  -0.990000E+02  -0.990000E+02  -0.990000E+02  -0.990000E+02  -0.990000E+02  -0.990000E+02  -0.990000E+02  -0.990000E+02  -0.990000E+02  -0.990000E+02  -0.990000E+02  -0.990000E+02  -0.990000E+02  -0.990000E+02  -0.990000E+02  -0.990000E+02  -0.990000E+02  -0.990000E+02  -0.990000E+02  -0.990000E+02  -0.990000E+02  -0.990000E+02  -0.990000E+02  -0.990000E+02  -0.990000E+02  -0.990000E+02  -0.990000E+02  -0.990000E+02  -0.990000E+02  -0.990000E+02  -0.990000E+02  -0.990000E+02  -0.990000E+02  -0.990000E+02  -0.990000E+02  -0.990000E+02  -0.990000E+02  -0.990000E+02  -0.990000E+02  -0.990000E+02  -0.990000E+02  -0.990000E+02   0.231387E+01   0.231512E+01   0.231657E+01   0.231796E+01   0.231929E+01   0.232056E+01   0.232176E+01   0.232290E+01   0.232396E+01   0.232496E+01   0.232591E+01   0.232673E+01  -0.990000E+02  -0.990000E+02  -0.990000E+02  -0.990000E+02  -0.990000E+02  -0.990000E+02  -0.990000E+02  -0.990000E+02  -0.990000E+02   0.227358E+01   0.226800E+01   0.226115E+01   0.225364E+01   0.224544E+01   0.223653E+01   0.222691E+01   0.221658E+01   0.220554E+01   0.219383E+01   0.218146E+01   0.216847E+01   0.215489E+01   0.214078E+01   0.212618E+01   0.211114E+01   0.209573E+01   0.207998E+01   0.206397E+01   0.204773E+01   0.203133E+01   0.201480E+01   0.199819E+01   0.198154E+01   0.196489E+01   0.194827E+01   0.193171E+01   0.191525E+01   0.189891E+01   0.188271E+01   0.186668E+01   0.185083E+01   0.183518E+01   0.181975E+01   0.180455E+01   0.178626E+01
-0.990000E+02  -0.990000E+02  -0.990000E+02  -0.990000E+02  -0.990000E+02  -0.990000E+02  -0.990000E+02  -0.990000E+02  -0.990000E+02  -0.990000E+02  -0.990000E+02  -0.990000E+02  -0.990000E+02  -0.990000E+02  -0.990000E+02  -0.990000E+02  -0.990000E+02  -0.990000E+02  -0.990000E+02  -0.990000E+02  -0.990000E+02  -0.990000E+02  -0.990000E+02  -0.990000E+02  -0.990000E+02  -0.990000E+02  -0.990000E+02  -0.990000E+02  -0.990000E+02  -0.990000E+02  -0.990000E+02  -0.990000E+02  -0.990000E+02  -0.990000E+02  -0.990000E+02  -0.990000E+02  -0.990000E+02  -0.990000E+02  -0.990000E+02  -0.990000E+02  -0.990000E+02  -0.990000E+02  -0.990000E+02  -0.990000E+02  -0.990000E+02  -0.990000E+02  -0.990000E+02  -0.990000E+02  -0.990000E+02  -0.990000E+02  -0.990000E+02  -0.990000E+02  -0.990000E+02  -0.990000E+02  -0.990000E+02  -0.990000E+02  -0.990000E+02  -0.990000E+02  -0.990000E+02  -0.990000E+02  -0.990000E+02  -0.990000E+02  -0.990000E+02  -0.990000E+02  -0.990000E+02  -0.990000E+02  -0.990000E+02  -0.990000E+02  -0.990000E+02  -0.990000E+02  -0.990000E+02   0.231382E+01   0.231510E+01   0.231655E+01   0.231795E+01   0.231929E+01   0.232056E+01   0.232176E+01   0.232290E+01   0.232397E+01   0.232496E+01   0.232592E+01   0.232674E+01  -0.990000E+02  -0.990000E+02  -0.990000E+02  -0.990000E+02  -0.990000E+02  -0.990000E+02  -0.990000E+02  -0.990000E+02  -0.990000E+02   0.227363E+01   0.226807E+01   0.226125E+01   0.225376E+01   0.224558E+01   0.223670E+01   0.222711E+01   0.221680E+01   0.220580E+01   0.219412E+01   0.218179E+01   0.216884E+01   0.215530E+01   0.214123E+01   0.212666E+01   0.211167E+01   0.209629E+01   0.208059E+01   0.206461E+01   0.204841E+01   0.203204E+01   0.201555E+01   0.199896E+01   0.198234E+01   0.196572E+01   0.194913E+01   0.193259E+01   0.191615E+01   0.189983E+01   0.188364E+01   0.186762E+01   0.185178E+01   0.183614E+01   0.182071E+01   0.180551E+01   0.178721E+01
-0.990000E+02  -0.990000E+02  -0.990000E+02  -0.990000E+02  -0.990000E+02  -0.990000E+02  -0.990000E+02  -0.990000E+02  -0.990000E+02  -0.990000E+02  -0.990000E+02  -0.990000E+02  -0.990000E+02  -0.990000E+02  -0.990000E+02  -0.990000E+02  -0.990000E+02  -0.990000E+02  -0.990000E+02  -0.990000E+02  -0.990000E+02  -0.990000E+02  -0.990000E+02  -0.990000E+02  -0.990000E+02  -0.990000E+02  -0.990000E+02  -0.990000E+02  -0.990000E+02  -0.990000E+02  -0.990000E+02  -0.990000E+02  -0.990000E+02  -0.990000E+02  -0.990000E+02  -0.990000E+02  -0.990000E+02  -0.990000E+02  -0.990000E+02  -0.990000E+02  -0.990000E+02  -0.990000E+02  -0.990000E+02  -0.990000E+02  -0.990000E+02  -0.990000E+02  -0.990000E+02  -0.990000E+02  -0.990000E+02  -0.990000E+02  -0.990000E+02  -0.990000E+02  -0.990000E+02  -0.990000E+02  -0.990000E+02  -0.990000E+02  -0.990000E+02  -0.990000E+02  -0.990000E+02  -0.990000E+02  -0.990000E+02  -0.990000E+02  -0.990000E+02  -0.990000E+02  -0.990000E+02  -0.990000E+02  -0.990000E+02  -0.990000E+02  -0.990000E+02  -0.990000E+02  -0.990000E+02   0.231377E+01   0.231508E+01   0.231654E+01   0.231794E+01   0.231928E+01   0.232056E+01   0.232176E+01   0.232290E+01   0.232397E+01   0.232497E+01   0.232592E+01   0.232675E+01  -0.990000E+02  -0.990000E+02  -0.990000E+02  -0.990000E+02  -0.990000E+02  -0.990000E+02  -0.990000E+02  -0.990000E+02  -0.990000E+02   0.227368E+01   0.226814E+01   0.226134E+01   0.225387E+01   0.224572E+01   0.223686E+01   0.222730E+01   0.221703E+01   0.220606E+01   0.219442E+01   0.218212E+01   0.216920E+01   0.215570E+01   0.214167E+01   0.212715E+01   0.211219E+01   0.209686E+01   0.208119E+01   0.206525E+01   0.204909E+01   0.203275E+01   0.201629E+01   0.199974E+01   0.198315E+01   0.196655E+01   0.194998E+01   0.193347E+01   0.191704E+01   0.190074E+01   0.188457E+01   0.186855E+01   0.185272E+01   0.183709E+01   0.182166E+01   0.180646E+01   0.178815E+01
-0.990000E+02  -0.990000E+02  -0.990000E+02  -0.990000E+02  -0.990000E+02  -0.990000E+02  -0.990000E+02  -0.990000E+02  -0.990000E+02  -0.990000E+02  -0.990000E+02  -0.990000E+02  -0.990000E+02  -0.990000E+02  -0.990000E+02  -0.990000E+02  -0.990000E+02  -0.990000E+02  -0.990000E+02  -0.990000E+02  -0.990000E+02  -0.990000E+02  -0.990000E+02  -0.990000E+02  -0.990000E+02  -0.990000E+02  -0.990000E+02  -0.990000E+02  -0.990000E+02  -0.990000E+02  -0.990000E+02  -0.990000E+02  -0.990000E+02  -0.990000E+02  -0.990000E+02  -0.990000E+02  -0.990000E+02  -0.990000E+02  -0.990000E+02  -0.990000E+02  -0.990000E+02  -0.990000E+02  -0.990000E+02  -0.990000E+02  -0.990000E+02  -0.990000E+02  -0.990000E+02  -0.990000E+02  -0.990000E+02  -0.990000E+02  -0.990000E+02  -0.990000E+02  -0.990000E+02  -0.990000E+02  -0.990000E+02  -0.990000E+02  -0.990000E+02  -0.990000E+02  -0.990000E+02  -0.990000E+02  -0.990000E+02  -0.990000E+02  -0.990000E+02  -0.990000E+02  -0.990000E+02  -0.990000E+02  -0.990000E+02  -0.990000E+02  -0.990000E+02  -0.990000E+02  -0.990000E+02   0.231372E+01   0.231506E+01   0.231653E+01   0.231793E+01   0.231928E+01   0.232055E+01   0.232176E+01   0.232291E+01   0.232398E+01   0.232498E+01   0.232593E+01   0.232676E+01  -0.990000E+02  -0.990000E+02  -0.990000E+02  -0.990000E+02  -0.990000E+02  -0.990000E+02  -0.990000E+02  -0.990000E+02  -0.990000E+02   0.227373E+01   0.226821E+01   0.226143E+01   0.225398E+01   0.224586E+01   0.223703E+01   0.222749E+01   0.221725E+01   0.220632E+01   0.219471E+01   0.218245E+01   0.216957E+01   0.215611E+01   0.214211E+01   0.212763E+01   0.211271E+01   0.209742E+01   0.208179E+01   0.206589E+01   0.204976E+01   0.203346E+01   0.201703E+01   0.200051E+01   0.198395E+01   0.196738E+01   0.195083E+01   0.193434E+01   0.191793E+01   0.190164E+01   0.188549E+01   0.186948E+01   0.185366E+01   0.183803E+01   0.182261E+01   0.180741E+01   0.178908E+01
-0.990000E+02  -0.990000E+02  -0.990000E+02  -0.990000E+02  -0.990000E+02  -0.990000E+02  -0.990000E+02  -0.990000E+02  -0.990000E+02  -0.990000E+02  -0.990000E+02  -0.990000E+02  -0.990000E+02  -0.990000E+02  -0.990000E+02  -0.990000E+02  -0.990000E+02  -0.990000E+02  -0.990000E+02  -0.990000E+02  -0.990000E+02  -0.990000E+02  -0.990000E+02  -0.990000E+02  -0.990000E+02  -0.990000E+02  -0.990000E+02  -0.990000E+02  -0.990000E+02  -0.990000E+02  -0.990000E+02  -0.990000E+02  -0.990000E+02  -0.990000E+02  -0.990000E+02  -0.990000E+02  -0.990000E+02  -0.990000E+02  -0.990000E+02  -0.990000E+02  -0.990000E+02  -0.990000E+02  -0.990000E+02  -0.990000E+02  -0.990000E+02  -0.990000E+02  -0.990000E+02  -0.990000E+02  -0.990000E+02  -0.990000E+02  -0.990000E+02  -0.990000E+02  -0.990000E+02  -0.990000E+02  -0.990000E+02  -0.990000E+02  -0.990000E+02  -0.990000E+02  -0.990000E+02  -0.990000E+02  -0.990000E+02  -0.990000E+02  -0.990000E+02  -0.990000E+02  -0.990000E+02  -0.990000E+02  -0.990000E+02  -0.990000E+02  -0.990000E+02  -0.990000E+02  -0.990000E+02   0.231366E+01   0.231504E+01   0.231651E+01   0.231793E+01   0.231927E+01   0.232055E+01   0.232176E+01   0.232291E+01   0.232398E+01   0.232498E+01   0.232594E+01   0.232677E+01  -0.990000E+02  -0.990000E+02  -0.990000E+02  -0.990000E+02  -0.990000E+02  -0.990000E+02  -0.990000E+02  -0.990000E+02  -0.990000E+02   0.227377E+01   0.226828E+01   0.226152E+01   0.225410E+01   0.224599E+01   0.223719E+01   0.222768E+01   0.221747E+01   0.220657E+01   0.219500E+01   0.218277E+01   0.216993E+01   0.215651E+01   0.214255E+01   0.212811E+01   0.211323E+01   0.209797E+01   0.208239E+01   0.206652E+01   0.205043E+01   0.203416E+01   0.201776E+01   0.200128E+01   0.198474E+01   0.196820E+01   0.195167E+01   0.193520E+01   0.191882E+01   0.190254E+01   0.188640E+01   0.187041E+01   0.185460E+01   0.183897E+01   0.182355E+01   0.180836E+01   0.179001E+01
-0.990000E+02  -0.990000E+02  -0.990000E+02  -0.990000E+02  -0.990000E+02  -0.990000E+02  -0.990000E+02  -0.990000E+02  -0.990000E+02  -0.990000E+02  -0.990000E+02  -0.990000E+02  -0.990000E+02  -0.990000E+02  -0.990000E+02  -0.990000E+02  -0.990000E+02  -0.990000E+02  -0.990000E+02  -0.990000E+02  -0.990000E+02  -0.990000E+02  -0.990000E+02  -0.990000E+02  -0.990000E+02  -0.990000E+02  -0.990000E+02  -0.990000E+02  -0.990000E+02  -0.990000E+02  -0.990000E+02  -0.990000E+02  -0.990000E+02  -0.990000E+02  -0.990000E+02  -0.990000E+02  -0.990000E+02  -0.990000E+02  -0.990000E+02  -0.990000E+02  -0.990000E+02  -0.990000E+02  -0.990000E+02  -0.990000E+02  -0.990000E+02  -0.990000E+02  -0.990000E+02  -0.990000E+02  -0.990000E+02  -0.990000E+02  -0.990000E+02  -0.990000E+02  -0.990000E+02  -0.990000E+02  -0.990000E+02  -0.990000E+02  -0.990000E+02  -0.990000E+02  -0.990000E+02  -0.990000E+02  -0.990000E+02  -0.990000E+02  -0.990000E+02  -0.990000E+02  -0.990000E+02  -0.990000E+02  -0.990000E+02  -0.990000E+02  -0.990000E+02  -0.990000E+02  -0.990000E+02   0.231361E+01   0.231502E+01   0.231650E+01   0.231791E+01   0.231927E+01   0.232055E+01   0.232176E+01   0.232291E+01   0.232399E+01   0.232499E+01   0.232595E+01   0.232677E+01  -0.990000E+02  -0.990000E+02  -0.990000E+02  -0.990000E+02  -0.990000E+02  -0.990000E+02  -0.990000E+02  -0.990000E+02  -0.990000E+02   0.227382E+01   0.226835E+01   0.226161E+01   0.225421E+01   0.224613E+01   0.223735E+01   0.222787E+01   0.221769E+01   0.220682E+01   0.219528E+01   0.218310E+01   0.217029E+01   0.215691E+01   0.214299E+01   0.212859E+01   0.211375E+01   0.209853E+01   0.208298E+01   0.206715E+01   0.205110E+01   0.203486E+01   0.201850E+01   0.200204E+01   0.198553E+01   0.196901E+01   0.195252E+01   0.193607E+01   0.191970E+01   0.190344E+01   0.188731E+01   0.187133E+01   0.185553E+01   0.183990E+01   0.182449E+01   0.180930E+01   0.179094E+01
-0.990000E+02  -0.990000E+02  -0.990000E+02  -0.990000E+02  -0.990000E+02  -0.990000E+02  -0.990000E+02  -0.990000E+02  -0.990000E+02  -0.990000E+02  -0.990000E+02  -0.990000E+02  -0.990000E+02  -0.990000E+02  -0.990000E+02  -0.990000E+02  -0.990000E+02  -0.990000E+02  -0.990000E+02  -0.990000E+02  -0.990000E+02  -0.990000E+02  -0.990000E+02  -0.990000E+02  -0.990000E+02  -0.990000E+02  -0.990000E+02  -0.990000E+02  -0.990000E+02  -0.990000E+02  -0.990000E+02  -0.990000E+02  -0.990000E+02  -0.990000E+02  -0.990000E+02  -0.990000E+02  -0.990000E+02  -0.990000E+02  -0.990000E+02  -0.990000E+02  -0.990000E+02  -0.990000E+02  -0.990000E+02  -0.990000E+02  -0.990000E+02  -0.990000E+02  -0.990000E+02  -0.990000E+02  -0.990000E+02  -0.990000E+02  -0.990000E+02  -0.990000E+02  -0.990000E+02  -0.990000E+02  -0.990000E+02  -0.990000E+02  -0.990000E+02  -0.990000E+02  -0.990000E+02  -0.990000E+02  -0.990000E+02  -0.990000E+02  -0.990000E+02  -0.990000E+02  -0.990000E+02  -0.990000E+02  -0.990000E+02  -0.990000E+02  -0.990000E+02  -0.990000E+02   0.231248E+01   0.231356E+01   0.231500E+01   0.231648E+01   0.231790E+01   0.231926E+01   0.232055E+01   0.232176E+01   0.232291E+01   0.232399E+01   0.232500E+01   0.232595E+01   0.232678E+01  -0.990000E+02  -0.990000E+02  -0.990000E+02  -0.990000E+02  -0.990000E+02  -0.990000E+02  -0.990000E+02  -0.990000E+02  -0.990000E+02   0.227387E+01   0.226842E+01   0.226170E+01   0.225432E+01   0.224626E+01   0.223751E+01   0.222806E+01   0.221791E+01   0.220708E+01   0.219557E+01   0.218342E+01   0.217065E+01   0.215730E+01   0.214342E+01   0.212906E+01   0.211426E+01   0.209908E+01   0.208357E+01   0.206778E+01   0.205176E+01   0.203556E+01   0.201923E+01   0.200280E+01   0.198632E+01   0.196983E+01   0.195335E+01   0.193692E+01   0.192058E+01   0.190433E+01   0.188822E+01   0.187225E+01   0.185645E+01   0.184084E+01   0.182543E+01   0.181023E+01   0.179186E+01
-0.990000E+02  -0.990000E+02  -0.990000E+02  -0.990000E+02  -0.990000E+02  -0.990000E+02  -0.990000E+02  -0.990000E+02  -0.990000E+02  -0.990000E+02  -0.990000E+02  -0.990000E+02  -0.990000E+02  -0.990000E+02  -0.990000E+02  -0.990000E+02  -0.990000E+02  -0.990000E+02  -0.990000E+02  -0.990000E+02  -0.990000E+02  -0.990000E+02  -0.990000E+02  -0.990000E+02  -0.990000E+02  -0.990000E+02  -0.990000E+02  -0.990000E+02  -0.990000E+02  -0.990000E+02  -0.990000E+02  -0.990000E+02  -0.990000E+02  -0.990000E+02  -0.990000E+02  -0.990000E+02  -0.990000E+02  -0.990000E+02  -0.990000E+02  -0.990000E+02  -0.990000E+02  -0.990000E+02  -0.990000E+02  -0.990000E+02  -0.990000E+02  -0.990000E+02  -0.990000E+02  -0.990000E+02  -0.990000E+02  -0.990000E+02  -0.990000E+02  -0.990000E+02  -0.990000E+02  -0.990000E+02  -0.990000E+02  -0.990000E+02  -0.990000E+02  -0.990000E+02  -0.990000E+02  -0.990000E+02  -0.990000E+02  -0.990000E+02  -0.990000E+02  -0.990000E+02  -0.990000E+02  -0.990000E+02  -0.990000E+02  -0.990000E+02  -0.990000E+02  -0.990000E+02   0.231241E+01   0.231351E+01   0.231498E+01   0.231647E+01   0.231789E+01   0.231925E+01   0.232054E+01   0.232176E+01   0.232292E+01   0.232400E+01   0.232500E+01   0.232596E+01   0.232679E+01  -0.990000E+02  -0.990000E+02  -0.990000E+02  -0.990000E+02  -0.990000E+02  -0.990000E+02  -0.990000E+02  -0.990000E+02  -0.990000E+02   0.227391E+01   0.226849E+01   0.226179E+01   0.225443E+01   0.224640E+01   0.223767E+01   0.222825E+01   0.221813E+01   0.220733E+01   0.219585E+01   0.218374E+01   0.217101E+01   0.215770E+01   0.214386E+01   0.212953E+01   0.211477E+01   0.209963E+01   0.208415E+01   0.206840E+01   0.205242E+01   0.203625E+01   0.201995E+01   0.200355E+01   0.198710E+01   0.197064E+01   0.195418E+01   0.193778E+01   0.192145E+01   0.190522E+01   0.188912E+01   0.187316E+01   0.185737E+01   0.184176E+01   0.182635E+01   0.181116E+01   0.179278E+01
-0.990000E+02  -0.990000E+02  -0.990000E+02  -0.990000E+02  -0.990000E+02  -0.990000E+02  -0.990000E+02  -0.990000E+02  -0.990000E+02  -0.990000E+02  -0.990000E+02  -0.990000E+02  -0.990000E+02  -0.990000E+02  -0.990000E+02  -0.990000E+02  -0.990000E+02  -0.990000E+02  -0.990000E+02  -0.990000E+02  -0.990000E+02  -0.990000E+02  -0.990000E+02  -0.990000E+02  -0.990000E+02  -0.990000E+02  -0.990000E+02  -0.990000E+02  -0.990000E+02  -0.990000E+02  -0.990000E+02  -0.990000E+02  -0.990000E+02  -0.990000E+02  -0.990000E+02  -0.990000E+02  -0.990000E+02  -0.990000E+02  -0.990000E+02  -0.990000E+02  -0.990000E+02  -0.990000E+02  -0.990000E+02  -0.990000E+02  -0.990000E+02  -0.990000E+02  -0.990000E+02  -0.990000E+02  -0.990000E+02  -0.990000E+02  -0.990000E+02  -0.990000E+02  -0.990000E+02  -0.990000E+02  -0.990000E+02  -0.990000E+02  -0.990000E+02  -0.990000E+02  -0.990000E+02  -0.990000E+02  -0.990000E+02  -0.990000E+02  -0.990000E+02  -0.990000E+02  -0.990000E+02  -0.990000E+02  -0.990000E+02  -0.990000E+02  -0.990000E+02  -0.990000E+02   0.231234E+01   0.231347E+01   0.231496E+01   0.231645E+01   0.231788E+01   0.231924E+01   0.232054E+01   0.232176E+01   0.232292E+01   0.232400E+01   0.232501E+01   0.232597E+01   0.232680E+01  -0.990000E+02  -0.990000E+02  -0.990000E+02  -0.990000E+02  -0.990000E+02  -0.990000E+02  -0.990000E+02  -0.990000E+02  -0.990000E+02   0.227396E+01   0.226856E+01   0.226188E+01   0.225454E+01   0.224653E+01   0.223783E+01   0.222844E+01   0.221835E+01   0.220758E+01   0.219614E+01   0.218406E+01   0.217136E+01   0.215809E+01   0.214429E+01   0.213000E+01   0.211528E+01   0.210017E+01   0.208474E+01   0.206902E+01   0.205307E+01   0.203694E+01   0.202067E+01   0.200430E+01   0.198788E+01   0.197144E+01   0.195501E+01   0.193863E+01   0.192232E+01   0.190611E+01   0.189002E+01   0.187407E+01   0.185829E+01   0.184268E+01   0.182728E+01   0.181209E+01   0.179369E+01
-0.990000E+02  -0.990000E+02  -0.990000E+02  -0.990000E+02  -0.990000E+02  -0.990000E+02  -0.990000E+02  -0.990000E+02  -0.990000E+02  -0.990000E+02  -0.990000E+02  -0.990000E+02  -0.990000E+02  -0.990000E+02  -0.990000E+02  -0.990000E+02  -0.990000E+02  -0.990000E+02  -0.990000E+02  -0.990000E+02  -0.990000E+02  -0.990000E+02  -0.990000E+02  -0.990000E+02  -0.990000E+02  -0.990000E+02  -0.990000E+02  -0.990000E+02  -0.990000E+02  -0.990000E+02  -0.990000E+02  -0.990000E+02  -0.990000E+02  -0.990000E+02  -0.990000E+02  -0.990000E+02  -0.990000E+02  -0.990000E+02  -0.990000E+02  -0.990000E+02  -0.990000E+02  -0.990000E+02  -0.990000E+02  -0.990000E+02  -0.990000E+02  -0.990000E+02  -0.990000E+02  -0.990000E+02  -0.990000E+02  -0.990000E+02  -0.990000E+02  -0.990000E+02  -0.990000E+02  -0.990000E+02  -0.990000E+02  -0.990000E+02  -0.990000E+02  -0.990000E+02  -0.990000E+02  -0.990000E+02  -0.990000E+02  -0.990000E+02  -0.990000E+02  -0.990000E+02  -0.990000E+02  -0.990000E+02  -0.990000E+02  -0.990000E+02  -0.990000E+02  -0.990000E+02   0.231227E+01   0.231343E+01   0.231494E+01   0.231644E+01   0.231787E+01   0.231924E+01   0.232053E+01   0.232176E+01   0.232292E+01   0.232400E+01   0.232501E+01   0.232597E+01   0.232681E+01  -0.990000E+02  -0.990000E+02  -0.990000E+02  -0.990000E+02  -0.990000E+02  -0.990000E+02  -0.990000E+02  -0.990000E+02  -0.990000E+02   0.227401E+01   0.226863E+01   0.226197E+01   0.225465E+01   0.224666E+01   0.223799E+01   0.222863E+01   0.221857E+01   0.220782E+01   0.219642E+01   0.218438E+01   0.217172E+01   0.215848E+01   0.214472E+01   0.213047E+01   0.211579E+01   0.210072E+01   0.208532E+01   0.206964E+01   0.205372E+01   0.203763E+01   0.202139E+01   0.200505E+01   0.198866E+01   0.197224E+01   0.195584E+01   0.193947E+01   0.192318E+01   0.190698E+01   0.189091E+01   0.187497E+01   0.185920E+01   0.184360E+01   0.182820E+01   0.181301E+01   0.179460E+01
-0.990000E+02  -0.990000E+02  -0.990000E+02  -0.990000E+02  -0.990000E+02  -0.990000E+02  -0.990000E+02  -0.990000E+02  -0.990000E+02  -0.990000E+02  -0.990000E+02  -0.990000E+02  -0.990000E+02  -0.990000E+02  -0.990000E+02  -0.990000E+02  -0.990000E+02  -0.990000E+02  -0.990000E+02  -0.990000E+02  -0.990000E+02  -0.990000E+02  -0.990000E+02  -0.990000E+02  -0.990000E+02  -0.990000E+02  -0.990000E+02  -0.990000E+02  -0.990000E+02  -0.990000E+02  -0.990000E+02  -0.990000E+02  -0.990000E+02  -0.990000E+02  -0.990000E+02  -0.990000E+02  -0.990000E+02  -0.990000E+02  -0.990000E+02  -0.990000E+02  -0.990000E+02  -0.990000E+02  -0.990000E+02  -0.990000E+02  -0.990000E+02  -0.990000E+02  -0.990000E+02  -0.990000E+02  -0.990000E+02  -0.990000E+02  -0.990000E+02  -0.990000E+02  -0.990000E+02  -0.990000E+02  -0.990000E+02  -0.990000E+02  -0.990000E+02  -0.990000E+02  -0.990000E+02  -0.990000E+02  -0.990000E+02  -0.990000E+02  -0.990000E+02  -0.990000E+02  -0.990000E+02  -0.990000E+02  -0.990000E+02  -0.990000E+02  -0.990000E+02  -0.990000E+02   0.231219E+01   0.231339E+01   0.231491E+01   0.231642E+01   0.231786E+01   0.231923E+01   0.232053E+01   0.232176E+01   0.232292E+01   0.232401E+01   0.232502E+01   0.232598E+01   0.232681E+01  -0.990000E+02  -0.990000E+02  -0.990000E+02  -0.990000E+02  -0.990000E+02  -0.990000E+02  -0.990000E+02  -0.990000E+02  -0.990000E+02   0.227405E+01   0.226870E+01   0.226206E+01   0.225476E+01   0.224680E+01   0.223815E+01   0.222881E+01   0.221878E+01   0.220807E+01   0.219670E+01   0.218469E+01   0.217207E+01   0.215887E+01   0.214514E+01   0.213093E+01   0.211629E+01   0.210126E+01   0.208590E+01   0.207025E+01   0.205437E+01   0.203831E+01   0.202210E+01   0.200579E+01   0.198943E+01   0.197304E+01   0.195666E+01   0.194031E+01   0.192404E+01   0.190786E+01   0.189180E+01   0.187587E+01   0.186010E+01   0.184451E+01   0.182912E+01   0.181392E+01   0.179551E+01
-0.990000E+02  -0.990000E+02  -0.990000E+02  -0.990000E+02  -0.990000E+02  -0.990000E+02  -0.990000E+02  -0.990000E+02  -0.990000E+02  -0.990000E+02  -0.990000E+02  -0.990000E+02  -0.990000E+02  -0.990000E+02  -0.990000E+02  -0.990000E+02  -0.990000E+02  -0.990000E+02  -0.990000E+02  -0.990000E+02  -0.990000E+02  -0.990000E+02  -0.990000E+02  -0.990000E+02  -0.990000E+02  -0.990000E+02  -0.990000E+02  -0.990000E+02  -0.990000E+02  -0.990000E+02  -0.990000E+02  -0.990000E+02  -0.990000E+02  -0.990000E+02  -0.990000E+02  -0.990000E+02  -0.990000E+02  -0.990000E+02  -0.990000E+02  -0.990000E+02  -0.990000E+02  -0.990000E+02  -0.990000E+02  -0.990000E+02  -0.990000E+02  -0.990000E+02  -0.990000E+02  -0.990000E+02  -0.990000E+02  -0.990000E+02  -0.990000E+02  -0.990000E+02  -0.990000E+02  -0.990000E+02  -0.990000E+02  -0.990000E+02  -0.990000E+02  -0.990000E+02  -0.990000E+02  -0.990000E+02  -0.990000E+02  -0.990000E+02  -0.990000E+02  -0.990000E+02  -0.990000E+02  -0.990000E+02  -0.990000E+02  -0.990000E+02  -0.990000E+02  -0.990000E+02   0.231212E+01   0.231335E+01   0.231489E+01   0.231640E+01   0.231785E+01   0.231922E+01   0.232052E+01   0.232176E+01   0.232292E+01   0.232401E+01   0.232503E+01   0.232598E+01   0.232682E+01  -0.990000E+02  -0.990000E+02  -0.990000E+02  -0.990000E+02  -0.990000E+02  -0.990000E+02  -0.990000E+02  -0.990000E+02  -0.990000E+02   0.227410E+01   0.226876E+01   0.226215E+01   0.225487E+01   0.224693E+01   0.223831E+01   0.222900E+01   0.221900E+01   0.220832E+01   0.219698E+01   0.218500E+01   0.217242E+01   0.215926E+01   0.214557E+01   0.213140E+01   0.211679E+01   0.210179E+01   0.208647E+01   0.207086E+01   0.205502E+01   0.203898E+01   0.202281E+01   0.200653E+01   0.199019E+01   0.197383E+01   0.195747E+01   0.194115E+01   0.192489E+01   0.190873E+01   0.189268E+01   0.187676E+01   0.186101E+01   0.184542E+01   0.183003E+01   0.181484E+01   0.179641E+01
-0.990000E+02  -0.990000E+02  -0.990000E+02  -0.990000E+02  -0.990000E+02  -0.990000E+02  -0.990000E+02  -0.990000E+02  -0.990000E+02  -0.990000E+02  -0.990000E+02  -0.990000E+02  -0.990000E+02  -0.990000E+02  -0.990000E+02  -0.990000E+02  -0.990000E+02  -0.990000E+02  -0.990000E+02  -0.990000E+02  -0.990000E+02  -0.990000E+02  -0.990000E+02  -0.990000E+02  -0.990000E+02  -0.990000E+02  -0.990000E+02  -0.990000E+02  -0.990000E+02  -0.990000E+02  -0.990000E+02  -0.990000E+02  -0.990000E+02  -0.990000E+02  -0.990000E+02  -0.990000E+02  -0.990000E+02  -0.990000E+02  -0.990000E+02  -0.990000E+02  -0.990000E+02  -0.990000E+02  -0.990000E+02  -0.990000E+02  -0.990000E+02  -0.990000E+02  -0.990000E+02  -0.990000E+02  -0.990000E+02  -0.990000E+02  -0.990000E+02  -0.990000E+02  -0.990000E+02  -0.990000E+02  -0.990000E+02  -0.990000E+02  -0.990000E+02  -0.990000E+02  -0.990000E+02  -0.990000E+02  -0.990000E+02  -0.990000E+02  -0.990000E+02  -0.990000E+02  -0.990000E+02  -0.990000E+02  -0.990000E+02  -0.990000E+02  -0.990000E+02  -0.990000E+02   0.231205E+01   0.231332E+01   0.231487E+01   0.231639E+01   0.231784E+01   0.231921E+01   0.232052E+01   0.232176E+01   0.232292E+01   0.232402E+01   0.232503E+01   0.232599E+01   0.232682E+01  -0.990000E+02  -0.990000E+02  -0.990000E+02  -0.990000E+02  -0.990000E+02  -0.990000E+02  -0.990000E+02  -0.990000E+02  -0.990000E+02   0.227414E+01   0.226883E+01   0.226223E+01   0.225498E+01   0.224706E+01   0.223846E+01   0.222918E+01   0.221921E+01   0.220856E+01   0.219726E+01   0.218532E+01   0.217277E+01   0.215964E+01   0.214599E+01   0.213185E+01   0.211728E+01   0.210233E+01   0.208704E+01   0.207147E+01   0.205566E+01   0.203966E+01   0.202352E+01   0.200727E+01   0.199096E+01   0.197462E+01   0.195828E+01   0.194198E+01   0.192574E+01   0.190959E+01   0.189356E+01   0.187765E+01   0.186190E+01   0.184632E+01   0.183093E+01   0.181574E+01   0.179730E+01
-0.990000E+02  -0.990000E+02  -0.990000E+02  -0.990000E+02  -0.990000E+02  -0.990000E+02  -0.990000E+02  -0.990000E+02  -0.990000E+02  -0.990000E+02  -0.990000E+02  -0.990000E+02  -0.990000E+02  -0.990000E+02  -0.990000E+02  -0.990000E+02  -0.990000E+02  -0.990000E+02  -0.990000E+02  -0.990000E+02  -0.990000E+02  -0.990000E+02  -0.990000E+02  -0.990000E+02  -0.990000E+02  -0.990000E+02  -0.990000E+02  -0.990000E+02  -0.990000E+02  -0.990000E+02  -0.990000E+02  -0.990000E+02  -0.990000E+02  -0.990000E+02  -0.990000E+02  -0.990000E+02  -0.990000E+02  -0.990000E+02  -0.990000E+02  -0.990000E+02  -0.990000E+02  -0.990000E+02  -0.990000E+02  -0.990000E+02  -0.990000E+02  -0.990000E+02  -0.990000E+02  -0.990000E+02  -0.990000E+02  -0.990000E+02  -0.990000E+02  -0.990000E+02  -0.990000E+02  -0.990000E+02  -0.990000E+02  -0.990000E+02  -0.990000E+02  -0.990000E+02  -0.990000E+02  -0.990000E+02  -0.990000E+02  -0.990000E+02  -0.990000E+02  -0.990000E+02  -0.990000E+02  -0.990000E+02  -0.990000E+02  -0.990000E+02  -0.990000E+02  -0.990000E+02   0.231197E+01   0.231329E+01   0.231485E+01   0.231637E+01   0.231782E+01   0.231920E+01   0.232051E+01   0.232175E+01   0.232292E+01   0.232402E+01   0.232503E+01   0.232599E+01   0.232683E+01  -0.990000E+02  -0.990000E+02  -0.990000E+02  -0.990000E+02  -0.990000E+02  -0.990000E+02  -0.990000E+02  -0.990000E+02  -0.990000E+02   0.227419E+01   0.226889E+01   0.226232E+01   0.225508E+01   0.224719E+01   0.223862E+01   0.222936E+01   0.221942E+01   0.220880E+01   0.219753E+01   0.218563E+01   0.217311E+01   0.216003E+01   0.214641E+01   0.213231E+01   0.211778E+01   0.210286E+01   0.208761E+01   0.207207E+01   0.205630E+01   0.204033E+01   0.202422E+01   0.200800E+01   0.199171E+01   0.197540E+01   0.195909E+01   0.194281E+01   0.192659E+01   0.191045E+01   0.189443E+01   0.187854E+01   0.186280E+01   0.184722E+01   0.183184E+01   0.181665E+01   0.179819E+01
-0.990000E+02  -0.990000E+02  -0.990000E+02  -0.990000E+02  -0.990000E+02  -0.990000E+02  -0.990000E+02  -0.990000E+02  -0.990000E+02  -0.990000E+02  -0.990000E+02  -0.990000E+02  -0.990000E+02  -0.990000E+02  -0.990000E+02  -0.990000E+02  -0.990000E+02  -0.990000E+02  -0.990000E+02  -0.990000E+02  -0.990000E+02  -0.990000E+02  -0.990000E+02  -0.990000E+02  -0.990000E+02  -0.990000E+02  -0.990000E+02  -0.990000E+02  -0.990000E+02  -0.990000E+02  -0.990000E+02  -0.990000E+02  -0.990000E+02  -0.990000E+02  -0.990000E+02  -0.990000E+02  -0.990000E+02  -0.990000E+02  -0.990000E+02  -0.990000E+02  -0.990000E+02  -0.990000E+02  -0.990000E+02  -0.990000E+02  -0.990000E+02  -0.990000E+02  -0.990000E+02  -0.990000E+02  -0.990000E+02  -0.990000E+02  -0.990000E+02  -0.990000E+02  -0.990000E+02  -0.990000E+02  -0.990000E+02  -0.990000E+02  -0.990000E+02  -0.990000E+02  -0.990000E+02  -0.990000E+02  -0.990000E+02  -0.990000E+02  -0.990000E+02  -0.990000E+02  -0.990000E+02  -0.990000E+02  -0.990000E+02  -0.990000E+02  -0.990000E+02  -0.990000E+02   0.231190E+01   0.231325E+01   0.231483E+01   0.231635E+01   0.231781E+01   0.231919E+01   0.232051E+01   0.232175E+01   0.232292E+01   0.232402E+01   0.232504E+01   0.232600E+01   0.232684E+01  -0.990000E+02  -0.990000E+02  -0.990000E+02  -0.990000E+02  -0.990000E+02  -0.990000E+02  -0.990000E+02  -0.990000E+02  -0.990000E+02   0.227423E+01   0.226896E+01   0.226240E+01   0.225519E+01   0.224732E+01   0.223877E+01   0.222954E+01   0.221963E+01   0.220905E+01   0.219781E+01   0.218593E+01   0.217345E+01   0.216041E+01   0.214683E+01   0.213277E+01   0.211827E+01   0.210339E+01   0.208817E+01   0.207267E+01   0.205693E+01   0.204100E+01   0.202492E+01   0.200873E+01   0.199247E+01   0.197618E+01   0.195989E+01   0.194363E+01   0.192743E+01   0.191131E+01   0.189530E+01   0.187942E+01   0.186368E+01   0.184812E+01   0.183273E+01   0.181755E+01   0.179908E+01
-0.990000E+02  -0.990000E+02  -0.990000E+02  -0.990000E+02  -0.990000E+02  -0.990000E+02  -0.990000E+02  -0.990000E+02  -0.990000E+02  -0.990000E+02  -0.990000E+02  -0.990000E+02  -0.990000E+02  -0.990000E+02  -0.990000E+02  -0.990000E+02  -0.990000E+02  -0.990000E+02  -0.990000E+02  -0.990000E+02  -0.990000E+02  -0.990000E+02  -0.990000E+02  -0.990000E+02  -0.990000E+02  -0.990000E+02  -0.990000E+02  -0.990000E+02  -0.990000E+02  -0.990000E+02  -0.990000E+02  -0.990000E+02  -0.990000E+02  -0.990000E+02  -0.990000E+02  -0.990000E+02  -0.990000E+02  -0.990000E+02  -0.990000E+02  -0.990000E+02  -0.990000E+02  -0.990000E+02  -0.990000E+02  -0.990000E+02  -0.990000E+02  -0.990000E+02  -0.990000E+02  -0.990000E+02  -0.990000E+02  -0.990000E+02  -0.990000E+02  -0.990000E+02  -0.990000E+02  -0.990000E+02  -0.990000E+02  -0.990000E+02  -0.990000E+02  -0.990000E+02  -0.990000E+02  -0.990000E+02  -0.990000E+02  -0.990000E+02  -0.990000E+02  -0.990000E+02  -0.990000E+02  -0.990000E+02  -0.990000E+02  -0.990000E+02  -0.990000E+02  -0.990000E+02   0.231182E+01   0.231322E+01   0.231480E+01   0.231634E+01   0.231780E+01   0.231918E+01   0.232050E+01   0.232175E+01   0.232292E+01   0.232402E+01   0.232504E+01   0.232600E+01   0.232684E+01  -0.990000E+02  -0.990000E+02  -0.990000E+02  -0.990000E+02  -0.990000E+02  -0.990000E+02  -0.990000E+02  -0.990000E+02  -0.990000E+02   0.227428E+01   0.226902E+01   0.226249E+01   0.225529E+01   0.224745E+01   0.223892E+01   0.222972E+01   0.221984E+01   0.220929E+01   0.219808E+01   0.218624E+01   0.217380E+01   0.216078E+01   0.214724E+01   0.213322E+01   0.211876E+01   0.210391E+01   0.208873E+01   0.207327E+01   0.205756E+01   0.204166E+01   0.202561E+01   0.200945E+01   0.199322E+01   0.197695E+01   0.196069E+01   0.194445E+01   0.192826E+01   0.191216E+01   0.189616E+01   0.188029E+01   0.186457E+01   0.184900E+01   0.183363E+01   0.181844E+01   0.179996E+01
-0.990000E+02  -0.990000E+02  -0.990000E+02  -0.990000E+02  -0.990000E+02  -0.990000E+02  -0.990000E+02  -0.990000E+02  -0.990000E+02  -0.990000E+02  -0.990000E+02  -0.990000E+02  -0.990000E+02  -0.990000E+02  -0.990000E+02  -0.990000E+02  -0.990000E+02  -0.990000E+02  -0.990000E+02  -0.990000E+02  -0.990000E+02  -0.990000E+02  -0.990000E+02  -0.990000E+02  -0.990000E+02  -0.990000E+02  -0.990000E+02  -0.990000E+02  -0.990000E+02  -0.990000E+02  -0.990000E+02  -0.990000E+02  -0.990000E+02  -0.990000E+02  -0.990000E+02  -0.990000E+02  -0.990000E+02  -0.990000E+02  -0.990000E+02  -0.990000E+02  -0.990000E+02  -0.990000E+02  -0.990000E+02  -0.990000E+02  -0.990000E+02  -0.990000E+02  -0.990000E+02  -0.990000E+02  -0.990000E+02  -0.990000E+02  -0.990000E+02  -0.990000E+02  -0.990000E+02  -0.990000E+02  -0.990000E+02  -0.990000E+02  -0.990000E+02  -0.990000E+02  -0.990000E+02  -0.990000E+02  -0.990000E+02  -0.990000E+02  -0.990000E+02  -0.990000E+02  -0.990000E+02  -0.990000E+02  -0.990000E+02  -0.990000E+02  -0.990000E+02  -0.990000E+02   0.231175E+01   0.231319E+01   0.231478E+01   0.231632E+01   0.231778E+01   0.231918E+01   0.232050E+01   0.232175E+01   0.232292E+01   0.232403E+01   0.232505E+01   0.232601E+01   0.232685E+01  -0.990000E+02  -0.990000E+02  -0.990000E+02  -0.990000E+02  -0.990000E+02  -0.990000E+02  -0.990000E+02  -0.990000E+02  -0.990000E+02   0.227432E+01   0.226908E+01   0.226257E+01   0.225540E+01   0.224757E+01   0.223908E+01   0.222990E+01   0.222005E+01   0.220952E+01   0.219835E+01   0.218655E+01   0.217414E+01   0.216116E+01   0.214765E+01   0.213367E+01   0.211924E+01   0.210444E+01   0.208929E+01   0.207386E+01   0.205819E+01   0.204232E+01   0.202630E+01   0.201017E+01   0.199397E+01   0.197773E+01   0.196148E+01   0.194526E+01   0.192909E+01   0.191301E+01   0.189702E+01   0.188116E+01   0.186545E+01   0.184989E+01   0.183451E+01   0.181933E+01   0.180084E+01
-0.990000E+02  -0.990000E+02  -0.990000E+02  -0.990000E+02  -0.990000E+02  -0.990000E+02  -0.990000E+02  -0.990000E+02  -0.990000E+02  -0.990000E+02  -0.990000E+02  -0.990000E+02  -0.990000E+02  -0.990000E+02  -0.990000E+02  -0.990000E+02  -0.990000E+02  -0.990000E+02  -0.990000E+02  -0.990000E+02  -0.990000E+02  -0.990000E+02  -0.990000E+02  -0.990000E+02  -0.990000E+02  -0.990000E+02  -0.990000E+02  -0.990000E+02  -0.990000E+02  -0.990000E+02  -0.990000E+02  -0.990000E+02  -0.990000E+02  -0.990000E+02  -0.990000E+02  -0.990000E+02  -0.990000E+02  -0.990000E+02  -0.990000E+02  -0.990000E+02  -0.990000E+02  -0.990000E+02  -0.990000E+02  -0.990000E+02  -0.990000E+02  -0.990000E+02  -0.990000E+02  -0.990000E+02  -0.990000E+02  -0.990000E+02  -0.990000E+02  -0.990000E+02  -0.990000E+02  -0.990000E+02  -0.990000E+02  -0.990000E+02  -0.990000E+02  -0.990000E+02  -0.990000E+02  -0.990000E+02  -0.990000E+02  -0.990000E+02  -0.990000E+02  -0.990000E+02  -0.990000E+02  -0.990000E+02  -0.990000E+02  -0.990000E+02  -0.990000E+02  -0.990000E+02   0.231167E+01   0.231316E+01   0.231476E+01   0.231630E+01   0.231777E+01   0.231917E+01   0.232049E+01   0.232174E+01   0.232292E+01   0.232403E+01   0.232505E+01   0.232601E+01   0.232685E+01  -0.990000E+02  -0.990000E+02  -0.990000E+02  -0.990000E+02  -0.990000E+02  -0.990000E+02  -0.990000E+02  -0.990000E+02  -0.990000E+02   0.227436E+01   0.226915E+01   0.226266E+01   0.225550E+01   0.224770E+01   0.223923E+01   0.223008E+01   0.222025E+01   0.220976E+01   0.219862E+01   0.218685E+01   0.217447E+01   0.216153E+01   0.214806E+01   0.213411E+01   0.211973E+01   0.210496E+01   0.208985E+01   0.207445E+01   0.205881E+01   0.204297E+01   0.202699E+01   0.201088E+01   0.199471E+01   0.197849E+01   0.196227E+01   0.194607E+01   0.192992E+01   0.191385E+01   0.189788E+01   0.188203E+01   0.186632E+01   0.185077E+01   0.183540E+01   0.182022E+01   0.180172E+01
-0.990000E+02  -0.990000E+02  -0.990000E+02  -0.990000E+02  -0.990000E+02  -0.990000E+02  -0.990000E+02  -0.990000E+02  -0.990000E+02  -0.990000E+02  -0.990000E+02  -0.990000E+02  -0.990000E+02  -0.990000E+02  -0.990000E+02  -0.990000E+02  -0.990000E+02  -0.990000E+02  -0.990000E+02  -0.990000E+02  -0.990000E+02  -0.990000E+02  -0.990000E+02  -0.990000E+02  -0.990000E+02  -0.990000E+02  -0.990000E+02  -0.990000E+02  -0.990000E+02  -0.990000E+02  -0.990000E+02  -0.990000E+02  -0.990000E+02  -0.990000E+02  -0.990000E+02  -0.990000E+02  -0.990000E+02  -0.990000E+02  -0.990000E+02  -0.990000E+02  -0.990000E+02  -0.990000E+02  -0.990000E+02  -0.990000E+02  -0.990000E+02  -0.990000E+02  -0.990000E+02  -0.990000E+02  -0.990000E+02  -0.990000E+02  -0.990000E+02  -0.990000E+02  -0.990000E+02  -0.990000E+02  -0.990000E+02  -0.990000E+02  -0.990000E+02  -0.990000E+02  -0.990000E+02  -0.990000E+02  -0.990000E+02  -0.990000E+02  -0.990000E+02  -0.990000E+02  -0.990000E+02  -0.990000E+02  -0.990000E+02  -0.990000E+02  -0.990000E+02   0.231046E+01   0.231160E+01   0.231313E+01   0.231473E+01   0.231628E+01   0.231775E+01   0.231915E+01   0.232048E+01   0.232174E+01   0.232292E+01   0.232403E+01   0.232506E+01   0.232601E+01   0.232686E+01  -0.990000E+02  -0.990000E+02  -0.990000E+02  -0.990000E+02  -0.990000E+02  -0.990000E+02  -0.990000E+02  -0.990000E+02  -0.990000E+02   0.227441E+01   0.226921E+01   0.226274E+01   0.225560E+01   0.224782E+01   0.223938E+01   0.223026E+01   0.222046E+01   0.221000E+01   0.219889E+01   0.218715E+01   0.217481E+01   0.216190E+01   0.214847E+01   0.213456E+01   0.212021E+01   0.210547E+01   0.209040E+01   0.207504E+01   0.205943E+01   0.204363E+01   0.202767E+01   0.201159E+01   0.199545E+01   0.197925E+01   0.196306E+01   0.194687E+01   0.193074E+01   0.191469E+01   0.189873E+01   0.188289E+01   0.186719E+01   0.185165E+01   0.183628E+01   0.182110E+01   0.180259E+01
-0.990000E+02  -0.990000E+02  -0.990000E+02  -0.990000E+02  -0.990000E+02  -0.990000E+02  -0.990000E+02  -0.990000E+02  -0.990000E+02  -0.990000E+02  -0.990000E+02  -0.990000E+02  -0.990000E+02  -0.990000E+02  -0.990000E+02  -0.990000E+02  -0.990000E+02  -0.990000E+02  -0.990000E+02  -0.990000E+02  -0.990000E+02  -0.990000E+02  -0.990000E+02  -0.990000E+02  -0.990000E+02  -0.990000E+02  -0.990000E+02  -0.990000E+02  -0.990000E+02  -0.990000E+02  -0.990000E+02  -0.990000E+02  -0.990000E+02  -0.990000E+02  -0.990000E+02  -0.990000E+02  -0.990000E+02  -0.990000E+02  -0.990000E+02  -0.990000E+02  -0.990000E+02  -0.990000E+02  -0.990000E+02  -0.990000E+02  -0.990000E+02  -0.990000E+02  -0.990000E+02  -0.990000E+02  -0.990000E+02  -0.990000E+02  -0.990000E+02  -0.990000E+02  -0.990000E+02  -0.990000E+02  -0.990000E+02  -0.990000E+02  -0.990000E+02  -0.990000E+02  -0.990000E+02  -0.990000E+02  -0.990000E+02  -0.990000E+02  -0.990000E+02  -0.990000E+02  -0.990000E+02  -0.990000E+02  -0.990000E+02  -0.990000E+02  -0.990000E+02   0.231036E+01   0.231153E+01   0.231309E+01   0.231471E+01   0.231626E+01   0.231774E+01   0.231914E+01   0.232048E+01   0.232174E+01   0.232292E+01   0.232403E+01   0.232506E+01   0.232602E+01   0.232686E+01  -0.990000E+02  -0.990000E+02  -0.990000E+02  -0.990000E+02  -0.990000E+02  -0.990000E+02  -0.990000E+02  -0.990000E+02  -0.990000E+02   0.227445E+01   0.226927E+01   0.226282E+01   0.225571E+01   0.224795E+01   0.223953E+01   0.223043E+01   0.222066E+01   0.221023E+01   0.219915E+01   0.218745E+01   0.217514E+01   0.216227E+01   0.214888E+01   0.213500E+01   0.212069E+01   0.210599E+01   0.209095E+01   0.207562E+01   0.206005E+01   0.204427E+01   0.202835E+01   0.201230E+01   0.199618E+01   0.198001E+01   0.196384E+01   0.194768E+01   0.193156E+01   0.191552E+01   0.189958E+01   0.188375E+01   0.186806E+01   0.185252E+01   0.183715E+01   0.182197E+01   0.180345E+01
-0.990000E+02  -0.990000E+02  -0.990000E+02  -0.990000E+02  -0.990000E+02  -0.990000E+02  -0.990000E+02  -0.990000E+02  -0.990000E+02  -0.990000E+02  -0.990000E+02  -0.990000E+02  -0.990000E+02  -0.990000E+02  -0.990000E+02  -0.990000E+02  -0.990000E+02  -0.990000E+02  -0.990000E+02  -0.990000E+02  -0.990000E+02  -0.990000E+02  -0.990000E+02  -0.990000E+02  -0.990000E+02  -0.990000E+02  -0.990000E+02  -0.990000E+02  -0.990000E+02  -0.990000E+02  -0.990000E+02  -0.990000E+02  -0.990000E+02  -0.990000E+02  -0.990000E+02  -0.990000E+02  -0.990000E+02  -0.990000E+02  -0.990000E+02  -0.990000E+02  -0.990000E+02  -0.990000E+02  -0.990000E+02  -0.990000E+02  -0.990000E+02  -0.990000E+02  -0.990000E+02  -0.990000E+02  -0.990000E+02  -0.990000E+02  -0.990000E+02  -0.990000E+02  -0.990000E+02  -0.990000E+02  -0.990000E+02  -0.990000E+02  -0.990000E+02  -0.990000E+02  -0.990000E+02  -0.990000E+02  -0.990000E+02  -0.990000E+02  -0.990000E+02  -0.990000E+02  -0.990000E+02  -0.990000E+02  -0.990000E+02  -0.990000E+02  -0.990000E+02   0.231027E+01   0.231146E+01   0.231306E+01   0.231469E+01   0.231624E+01   0.231772E+01   0.231913E+01   0.232047E+01   0.232173E+01   0.232292E+01   0.232403E+01   0.232506E+01   0.232602E+01   0.232686E+01  -0.990000E+02  -0.990000E+02  -0.990000E+02  -0.990000E+02  -0.990000E+02  -0.990000E+02  -0.990000E+02  -0.990000E+02  -0.990000E+02   0.227449E+01   0.226933E+01   0.226290E+01   0.225581E+01   0.224807E+01   0.223967E+01   0.223061E+01   0.222086E+01   0.221046E+01   0.219942E+01   0.218774E+01   0.217547E+01   0.216264E+01   0.214928E+01   0.213544E+01   0.212116E+01   0.210650E+01   0.209149E+01   0.207620E+01   0.206066E+01   0.204492E+01   0.202902E+01   0.201301E+01   0.199691E+01   0.198077E+01   0.196461E+01   0.194847E+01   0.193238E+01   0.191635E+01   0.190042E+01   0.188460E+01   0.186892E+01   0.185338E+01   0.183802E+01   0.182284E+01   0.180431E+01
-0.990000E+02  -0.990000E+02  -0.990000E+02  -0.990000E+02  -0.990000E+02  -0.990000E+02  -0.990000E+02  -0.990000E+02  -0.990000E+02  -0.990000E+02  -0.990000E+02  -0.990000E+02  -0.990000E+02  -0.990000E+02  -0.990000E+02  -0.990000E+02  -0.990000E+02  -0.990000E+02  -0.990000E+02  -0.990000E+02  -0.990000E+02  -0.990000E+02  -0.990000E+02  -0.990000E+02  -0.990000E+02  -0.990000E+02  -0.990000E+02  -0.990000E+02  -0.990000E+02  -0.990000E+02  -0.990000E+02  -0.990000E+02  -0.990000E+02  -0.990000E+02  -0.990000E+02  -0.990000E+02  -0.990000E+02  -0.990000E+02  -0.990000E+02  -0.990000E+02  -0.990000E+02  -0.990000E+02  -0.990000E+02  -0.990000E+02  -0.990000E+02  -0.990000E+02  -0.990000E+02  -0.990000E+02  -0.990000E+02  -0.990000E+02  -0.990000E+02  -0.990000E+02  -0.990000E+02  -0.990000E+02  -0.990000E+02  -0.990000E+02  -0.990000E+02  -0.990000E+02  -0.990000E+02  -0.990000E+02  -0.990000E+02  -0.990000E+02  -0.990000E+02  -0.990000E+02  -0.990000E+02  -0.990000E+02  -0.990000E+02  -0.990000E+02  -0.990000E+02   0.231017E+01   0.231141E+01   0.231303E+01   0.231466E+01   0.231622E+01   0.231771E+01   0.231912E+01   0.232046E+01   0.232173E+01   0.232292E+01   0.232403E+01   0.232507E+01   0.232602E+01   0.232687E+01  -0.990000E+02  -0.990000E+02  -0.990000E+02  -0.990000E+02  -0.990000E+02  -0.990000E+02  -0.990000E+02  -0.990000E+02  -0.990000E+02   0.227453E+01   0.226939E+01   0.226298E+01   0.225591E+01   0.224819E+01   0.223982E+01   0.223078E+01   0.222107E+01   0.221069E+01   0.219968E+01   0.218804E+01   0.217580E+01   0.216300E+01   0.214968E+01   0.213587E+01   0.212163E+01   0.210700E+01   0.209203E+01   0.207678E+01   0.206127E+01   0.204556E+01   0.202969E+01   0.201370E+01   0.199763E+01   0.198152E+01   0.196538E+01   0.194926E+01   0.193319E+01   0.191718E+01   0.190126E+01   0.188545E+01   0.186977E+01   0.185425E+01   0.183889E+01   0.182371E+01   0.180517E+01
-0.990000E+02  -0.990000E+02  -0.990000E+02  -0.990000E+02  -0.990000E+02  -0.990000E+02  -0.990000E+02  -0.990000E+02  -0.990000E+02  -0.990000E+02  -0.990000E+02  -0.990000E+02  -0.990000E+02  -0.990000E+02  -0.990000E+02  -0.990000E+02  -0.990000E+02  -0.990000E+02  -0.990000E+02  -0.990000E+02  -0.990000E+02  -0.990000E+02  -0.990000E+02  -0.990000E+02  -0.990000E+02  -0.990000E+02  -0.990000E+02  -0.990000E+02  -0.990000E+02  -0.990000E+02  -0.990000E+02  -0.990000E+02  -0.990000E+02  -0.990000E+02  -0.990000E+02  -0.990000E+02  -0.990000E+02  -0.990000E+02  -0.990000E+02  -0.990000E+02  -0.990000E+02  -0.990000E+02  -0.990000E+02  -0.990000E+02  -0.990000E+02  -0.990000E+02  -0.990000E+02  -0.990000E+02  -0.990000E+02  -0.990000E+02  -0.990000E+02  -0.990000E+02  -0.990000E+02  -0.990000E+02  -0.990000E+02  -0.990000E+02  -0.990000E+02  -0.990000E+02  -0.990000E+02  -0.990000E+02  -0.990000E+02  -0.990000E+02  -0.990000E+02  -0.990000E+02  -0.990000E+02  -0.990000E+02  -0.990000E+02  -0.990000E+02  -0.990000E+02   0.231007E+01   0.231135E+01   0.231300E+01   0.231463E+01   0.231620E+01   0.231769E+01   0.231911E+01   0.232045E+01   0.232172E+01   0.232292E+01   0.232403E+01   0.232507E+01   0.232602E+01   0.232687E+01  -0.990000E+02  -0.990000E+02  -0.990000E+02  -0.990000E+02  -0.990000E+02  -0.990000E+02  -0.990000E+02  -0.990000E+02  -0.990000E+02   0.227457E+01   0.226945E+01   0.226306E+01   0.225601E+01   0.224832E+01   0.223997E+01   0.223095E+01   0.222126E+01   0.221092E+01   0.219994E+01   0.218833E+01   0.217613E+01   0.216336E+01   0.215007E+01   0.213630E+01   0.212210E+01   0.210751E+01   0.209257E+01   0.207735E+01   0.206187E+01   0.204620E+01   0.203036E+01   0.201440E+01   0.199836E+01   0.198226E+01   0.196615E+01   0.195005E+01   0.193399E+01   0.191800E+01   0.190209E+01   0.188629E+01   0.187063E+01   0.185510E+01   0.183975E+01   0.182458E+01   0.180602E+01
-0.990000E+02  -0.990000E+02  -0.990000E+02  -0.990000E+02  -0.990000E+02  -0.990000E+02  -0.990000E+02  -0.990000E+02  -0.990000E+02  -0.990000E+02  -0.990000E+02  -0.990000E+02  -0.990000E+02  -0.990000E+02  -0.990000E+02  -0.990000E+02  -0.990000E+02  -0.990000E+02  -0.990000E+02  -0.990000E+02  -0.990000E+02  -0.990000E+02  -0.990000E+02  -0.990000E+02  -0.990000E+02  -0.990000E+02  -0.990000E+02  -0.990000E+02  -0.990000E+02  -0.990000E+02  -0.990000E+02  -0.990000E+02  -0.990000E+02  -0.990000E+02  -0.990000E+02  -0.990000E+02  -0.990000E+02  -0.990000E+02  -0.990000E+02  -0.990000E+02  -0.990000E+02  -0.990000E+02  -0.990000E+02  -0.990000E+02  -0.990000E+02  -0.990000E+02  -0.990000E+02  -0.990000E+02  -0.990000E+02  -0.990000E+02  -0.990000E+02  -0.990000E+02  -0.990000E+02  -0.990000E+02  -0.990000E+02  -0.990000E+02  -0.990000E+02  -0.990000E+02  -0.990000E+02  -0.990000E+02  -0.990000E+02  -0.990000E+02  -0.990000E+02  -0.990000E+02  -0.990000E+02  -0.990000E+02  -0.990000E+02  -0.990000E+02  -0.990000E+02   0.230997E+01   0.231130E+01   0.231296E+01   0.231461E+01   0.231618E+01   0.231768E+01   0.231910E+01   0.232045E+01   0.232172E+01   0.232291E+01   0.232403E+01   0.232507E+01   0.232603E+01   0.232687E+01  -0.990000E+02  -0.990000E+02  -0.990000E+02  -0.990000E+02  -0.990000E+02  -0.990000E+02  -0.990000E+02  -0.990000E+02  -0.990000E+02   0.227461E+01   0.226950E+01   0.226314E+01   0.225611E+01   0.224844E+01   0.224011E+01   0.223112E+01   0.222146E+01   0.221115E+01   0.220020E+01   0.218862E+01   0.217645E+01   0.216372E+01   0.215047E+01   0.213673E+01   0.212256E+01   0.210801E+01   0.209311E+01   0.207792E+01   0.206248E+01   0.204683E+01   0.203102E+01   0.201509E+01   0.199907E+01   0.198300E+01   0.196692E+01   0.195083E+01   0.193479E+01   0.191881E+01   0.190292E+01   0.188713E+01   0.187147E+01   0.185596E+01   0.184061E+01   0.182543E+01   0.180687E+01
-0.990000E+02  -0.990000E+02  -0.990000E+02  -0.990000E+02  -0.990000E+02  -0.990000E+02  -0.990000E+02  -0.990000E+02  -0.990000E+02  -0.990000E+02  -0.990000E+02  -0.990000E+02  -0.990000E+02  -0.990000E+02  -0.990000E+02  -0.990000E+02  -0.990000E+02  -0.990000E+02  -0.990000E+02  -0.990000E+02  -0.990000E+02  -0.990000E+02  -0.990000E+02  -0.990000E+02  -0.990000E+02  -0.990000E+02  -0.990000E+02  -0.990000E+02  -0.990000E+02  -0.990000E+02  -0.990000E+02  -0.990000E+02  -0.990000E+02  -0.990000E+02  -0.990000E+02  -0.990000E+02  -0.990000E+02  -0.990000E+02  -0.990000E+02  -0.990000E+02  -0.990000E+02  -0.990000E+02  -0.990000E+02  -0.990000E+02  -0.990000E+02  -0.990000E+02  -0.990000E+02  -0.990000E+02  -0.990000E+02  -0.990000E+02  -0.990000E+02  -0.990000E+02  -0.990000E+02  -0.990000E+02  -0.990000E+02  -0.990000E+02  -0.990000E+02  -0.990000E+02  -0.990000E+02  -0.990000E+02  -0.990000E+02  -0.990000E+02  -0.990000E+02  -0.990000E+02  -0.990000E+02  -0.990000E+02  -0.990000E+02  -0.990000E+02  -0.990000E+02   0.230987E+01   0.231125E+01   0.231293E+01   0.231458E+01   0.231616E+01   0.231766E+01   0.231909E+01   0.232044E+01   0.232171E+01   0.232291E+01   0.232403E+01   0.232507E+01   0.232603E+01   0.232688E+01  -0.990000E+02  -0.990000E+02  -0.990000E+02  -0.990000E+02  -0.990000E+02  -0.990000E+02  -0.990000E+02  -0.990000E+02  -0.990000E+02   0.227465E+01   0.226956E+01   0.226322E+01   0.225620E+01   0.224855E+01   0.224025E+01   0.223129E+01   0.222166E+01   0.221137E+01   0.220045E+01   0.218891E+01   0.217678E+01   0.216408E+01   0.215086E+01   0.213716E+01   0.212303E+01   0.210850E+01   0.209364E+01   0.207848E+01   0.206307E+01   0.204746E+01   0.203168E+01   0.201578E+01   0.199979E+01   0.198374E+01   0.196767E+01   0.195161E+01   0.193559E+01   0.191962E+01   0.190374E+01   0.188797E+01   0.187232E+01   0.185681E+01   0.184146E+01   0.182629E+01   0.180771E+01
-0.990000E+02  -0.990000E+02  -0.990000E+02  -0.990000E+02  -0.990000E+02  -0.990000E+02  -0.990000E+02  -0.990000E+02  -0.990000E+02  -0.990000E+02  -0.990000E+02  -0.990000E+02  -0.990000E+02  -0.990000E+02  -0.990000E+02  -0.990000E+02  -0.990000E+02  -0.990000E+02  -0.990000E+02  -0.990000E+02  -0.990000E+02  -0.990000E+02  -0.990000E+02  -0.990000E+02  -0.990000E+02  -0.990000E+02  -0.990000E+02  -0.990000E+02  -0.990000E+02  -0.990000E+02  -0.990000E+02  -0.990000E+02  -0.990000E+02  -0.990000E+02  -0.990000E+02  -0.990000E+02  -0.990000E+02  -0.990000E+02  -0.990000E+02  -0.990000E+02  -0.990000E+02  -0.990000E+02  -0.990000E+02  -0.990000E+02  -0.990000E+02  -0.990000E+02  -0.990000E+02  -0.990000E+02  -0.990000E+02  -0.990000E+02  -0.990000E+02  -0.990000E+02  -0.990000E+02  -0.990000E+02  -0.990000E+02  -0.990000E+02  -0.990000E+02  -0.990000E+02  -0.990000E+02  -0.990000E+02  -0.990000E+02  -0.990000E+02  -0.990000E+02  -0.990000E+02  -0.990000E+02  -0.990000E+02  -0.990000E+02  -0.990000E+02  -0.990000E+02   0.230976E+01   0.231120E+01   0.231290E+01   0.231456E+01   0.231614E+01   0.231765E+01   0.231907E+01   0.232043E+01   0.232171E+01   0.232291E+01   0.232403E+01   0.232507E+01   0.232603E+01   0.232688E+01  -0.990000E+02  -0.990000E+02  -0.990000E+02  -0.990000E+02  -0.990000E+02  -0.990000E+02  -0.990000E+02  -0.990000E+02  -0.990000E+02   0.227469E+01   0.226962E+01   0.226330E+01   0.225630E+01   0.224867E+01   0.224039E+01   0.223145E+01   0.222185E+01   0.221160E+01   0.220071E+01   0.218920E+01   0.217710E+01   0.216443E+01   0.215125E+01   0.213759E+01   0.212349E+01   0.210900E+01   0.209417E+01   0.207904E+01   0.206367E+01   0.204808E+01   0.203234E+01   0.201646E+01   0.200049E+01   0.198447E+01   0.196843E+01   0.195239E+01   0.193638E+01   0.192043E+01   0.190456E+01   0.188880E+01   0.187316E+01   0.185765E+01   0.184231E+01   0.182714E+01   0.180855E+01
-0.990000E+02  -0.990000E+02  -0.990000E+02  -0.990000E+02  -0.990000E+02  -0.990000E+02  -0.990000E+02  -0.990000E+02  -0.990000E+02  -0.990000E+02  -0.990000E+02  -0.990000E+02  -0.990000E+02  -0.990000E+02  -0.990000E+02  -0.990000E+02  -0.990000E+02  -0.990000E+02  -0.990000E+02  -0.990000E+02  -0.990000E+02  -0.990000E+02  -0.990000E+02  -0.990000E+02  -0.990000E+02  -0.990000E+02  -0.990000E+02  -0.990000E+02  -0.990000E+02  -0.990000E+02  -0.990000E+02  -0.990000E+02  -0.990000E+02  -0.990000E+02  -0.990000E+02  -0.990000E+02  -0.990000E+02  -0.990000E+02  -0.990000E+02  -0.990000E+02  -0.990000E+02  -0.990000E+02  -0.990000E+02  -0.990000E+02  -0.990000E+02  -0.990000E+02  -0.990000E+02  -0.990000E+02  -0.990000E+02  -0.990000E+02  -0.990000E+02  -0.990000E+02  -0.990000E+02  -0.990000E+02  -0.990000E+02  -0.990000E+02  -0.990000E+02  -0.990000E+02  -0.990000E+02  -0.990000E+02  -0.990000E+02  -0.990000E+02  -0.990000E+02  -0.990000E+02  -0.990000E+02  -0.990000E+02  -0.990000E+02  -0.990000E+02  -0.990000E+02   0.230966E+01   0.231116E+01   0.231287E+01   0.231453E+01   0.231612E+01   0.231763E+01   0.231906E+01   0.232042E+01   0.232170E+01   0.232291E+01   0.232403E+01   0.232508E+01   0.232603E+01   0.232688E+01  -0.990000E+02  -0.990000E+02  -0.990000E+02  -0.990000E+02  -0.990000E+02  -0.990000E+02  -0.990000E+02  -0.990000E+02  -0.990000E+02   0.227473E+01   0.226967E+01   0.226337E+01   0.225639E+01   0.224879E+01   0.224053E+01   0.223162E+01   0.222205E+01   0.221182E+01   0.220096E+01   0.218948E+01   0.217742E+01   0.216479E+01   0.215164E+01   0.213801E+01   0.212394E+01   0.210949E+01   0.209470E+01   0.207960E+01   0.206426E+01   0.204871E+01   0.203299E+01   0.201714E+01   0.200120E+01   0.198520E+01   0.196918E+01   0.195316E+01   0.193717E+01   0.192123E+01   0.190538E+01   0.188962E+01   0.187399E+01   0.185849E+01   0.184315E+01   0.182798E+01   0.180939E+01
-0.990000E+02  -0.990000E+02  -0.990000E+02  -0.990000E+02  -0.990000E+02  -0.990000E+02  -0.990000E+02  -0.990000E+02  -0.990000E+02  -0.990000E+02  -0.990000E+02  -0.990000E+02  -0.990000E+02  -0.990000E+02  -0.990000E+02  -0.990000E+02  -0.990000E+02  -0.990000E+02  -0.990000E+02  -0.990000E+02  -0.990000E+02  -0.990000E+02  -0.990000E+02  -0.990000E+02  -0.990000E+02  -0.990000E+02  -0.990000E+02  -0.990000E+02  -0.990000E+02  -0.990000E+02  -0.990000E+02  -0.990000E+02  -0.990000E+02  -0.990000E+02  -0.990000E+02  -0.990000E+02  -0.990000E+02  -0.990000E+02  -0.990000E+02  -0.990000E+02  -0.990000E+02  -0.990000E+02  -0.990000E+02  -0.990000E+02  -0.990000E+02  -0.990000E+02  -0.990000E+02  -0.990000E+02  -0.990000E+02  -0.990000E+02  -0.990000E+02  -0.990000E+02  -0.990000E+02  -0.990000E+02  -0.990000E+02  -0.990000E+02  -0.990000E+02  -0.990000E+02  -0.990000E+02  -0.990000E+02  -0.990000E+02  -0.990000E+02  -0.990000E+02  -0.990000E+02  -0.990000E+02  -0.990000E+02  -0.990000E+02  -0.990000E+02  -0.990000E+02   0.230956E+01   0.231111E+01   0.231283E+01   0.231450E+01   0.231610E+01   0.231761E+01   0.231905E+01   0.232041E+01   0.232169E+01   0.232290E+01   0.232403E+01   0.232508E+01   0.232603E+01   0.232688E+01  -0.990000E+02  -0.990000E+02  -0.990000E+02  -0.990000E+02  -0.990000E+02  -0.990000E+02  -0.990000E+02  -0.990000E+02  -0.990000E+02   0.227477E+01   0.226972E+01   0.226345E+01   0.225649E+01   0.224891E+01   0.224067E+01   0.223178E+01   0.222224E+01   0.221204E+01   0.220121E+01   0.218977E+01   0.217773E+01   0.216514E+01   0.215202E+01   0.213843E+01   0.212440E+01   0.210998E+01   0.209522E+01   0.208016E+01   0.206485E+01   0.204932E+01   0.203363E+01   0.201781E+01   0.200190E+01   0.198593E+01   0.196992E+01   0.195392E+01   0.193795E+01   0.192203E+01   0.190619E+01   0.189044E+01   0.187482E+01   0.185933E+01   0.184399E+01   0.182882E+01   0.181022E+01
-0.990000E+02  -0.990000E+02  -0.990000E+02  -0.990000E+02  -0.990000E+02  -0.990000E+02  -0.990000E+02  -0.990000E+02  -0.990000E+02  -0.990000E+02  -0.990000E+02  -0.990000E+02  -0.990000E+02  -0.990000E+02  -0.990000E+02  -0.990000E+02  -0.990000E+02  -0.990000E+02  -0.990000E+02  -0.990000E+02  -0.990000E+02  -0.990000E+02  -0.990000E+02  -0.990000E+02  -0.990000E+02  -0.990000E+02  -0.990000E+02  -0.990000E+02  -0.990000E+02  -0.990000E+02  -0.990000E+02  -0.990000E+02  -0.990000E+02  -0.990000E+02  -0.990000E+02  -0.990000E+02  -0.990000E+02  -0.990000E+02  -0.990000E+02  -0.990000E+02  -0.990000E+02  -0.990000E+02  -0.990000E+02  -0.990000E+02  -0.990000E+02  -0.990000E+02  -0.990000E+02  -0.990000E+02  -0.990000E+02  -0.990000E+02  -0.990000E+02  -0.990000E+02  -0.990000E+02  -0.990000E+02  -0.990000E+02  -0.990000E+02  -0.990000E+02  -0.990000E+02  -0.990000E+02  -0.990000E+02  -0.990000E+02  -0.990000E+02  -0.990000E+02  -0.990000E+02  -0.990000E+02  -0.990000E+02  -0.990000E+02  -0.990000E+02  -0.990000E+02   0.230945E+01   0.231106E+01   0.231280E+01   0.231447E+01   0.231607E+01   0.231759E+01   0.231903E+01   0.232040E+01   0.232169E+01   0.232290E+01   0.232403E+01   0.232508E+01   0.232603E+01   0.232688E+01  -0.990000E+02  -0.990000E+02  -0.990000E+02  -0.990000E+02  -0.990000E+02  -0.990000E+02  -0.990000E+02  -0.990000E+02  -0.990000E+02   0.227481E+01   0.226978E+01   0.226352E+01   0.225658E+01   0.224902E+01   0.224081E+01   0.223195E+01   0.222243E+01   0.221226E+01   0.220146E+01   0.219005E+01   0.217804E+01   0.216548E+01   0.215240E+01   0.213884E+01   0.212485E+01   0.211046E+01   0.209574E+01   0.208071E+01   0.206543E+01   0.204994E+01   0.203428E+01   0.201848E+01   0.200260E+01   0.198665E+01   0.197067E+01   0.195468E+01   0.193873E+01   0.192282E+01   0.190700E+01   0.189126E+01   0.187564E+01   0.186016E+01   0.184483E+01   0.182966E+01   0.181104E+01
-0.990000E+02  -0.990000E+02  -0.990000E+02  -0.990000E+02  -0.990000E+02  -0.990000E+02  -0.990000E+02  -0.990000E+02  -0.990000E+02  -0.990000E+02  -0.990000E+02  -0.990000E+02  -0.990000E+02  -0.990000E+02  -0.990000E+02  -0.990000E+02  -0.990000E+02  -0.990000E+02  -0.990000E+02  -0.990000E+02  -0.990000E+02  -0.990000E+02  -0.990000E+02  -0.990000E+02  -0.990000E+02  -0.990000E+02  -0.990000E+02  -0.990000E+02  -0.990000E+02  -0.990000E+02  -0.990000E+02  -0.990000E+02  -0.990000E+02  -0.990000E+02  -0.990000E+02  -0.990000E+02  -0.990000E+02  -0.990000E+02  -0.990000E+02  -0.990000E+02  -0.990000E+02  -0.990000E+02  -0.990000E+02  -0.990000E+02  -0.990000E+02  -0.990000E+02  -0.990000E+02  -0.990000E+02  -0.990000E+02  -0.990000E+02  -0.990000E+02  -0.990000E+02  -0.990000E+02  -0.990000E+02  -0.990000E+02  -0.990000E+02  -0.990000E+02  -0.990000E+02  -0.990000E+02  -0.990000E+02  -0.990000E+02  -0.990000E+02  -0.990000E+02  -0.990000E+02  -0.990000E+02  -0.990000E+02  -0.990000E+02  -0.990000E+02   0.230813E+01   0.230935E+01   0.231102E+01   0.231276E+01   0.231445E+01   0.231605E+01   0.231758E+01   0.231902E+01   0.232039E+01   0.232168E+01   0.232289E+01   0.232403E+01   0.232508E+01   0.232602E+01   0.232688E+01  -0.990000E+02  -0.990000E+02  -0.990000E+02  -0.990000E+02  -0.990000E+02  -0.990000E+02  -0.990000E+02  -0.990000E+02  -0.990000E+02   0.227484E+01   0.226983E+01   0.226360E+01   0.225667E+01   0.224913E+01   0.224095E+01   0.223211E+01   0.222262E+01   0.221248E+01   0.220171E+01   0.219033E+01   0.217836E+01   0.216583E+01   0.215278E+01   0.213926E+01   0.212530E+01   0.211095E+01   0.209625E+01   0.208126E+01   0.206601E+01   0.205055E+01   0.203492E+01   0.201915E+01   0.200329E+01   0.198736E+01   0.197140E+01   0.195544E+01   0.193950E+01   0.192361E+01   0.190780E+01   0.189207E+01   0.187646E+01   0.186098E+01   0.184566E+01   0.183049E+01   0.181187E+01
-0.990000E+02  -0.990000E+02  -0.990000E+02  -0.990000E+02  -0.990000E+02  -0.990000E+02  -0.990000E+02  -0.990000E+02  -0.990000E+02  -0.990000E+02  -0.990000E+02  -0.990000E+02  -0.990000E+02  -0.990000E+02  -0.990000E+02  -0.990000E+02  -0.990000E+02  -0.990000E+02  -0.990000E+02  -0.990000E+02  -0.990000E+02  -0.990000E+02  -0.990000E+02  -0.990000E+02  -0.990000E+02  -0.990000E+02  -0.990000E+02  -0.990000E+02  -0.990000E+02  -0.990000E+02  -0.990000E+02  -0.990000E+02  -0.990000E+02  -0.990000E+02  -0.990000E+02  -0.990000E+02  -0.990000E+02  -0.990000E+02  -0.990000E+02  -0.990000E+02  -0.990000E+02  -0.990000E+02  -0.990000E+02  -0.990000E+02  -0.990000E+02  -0.990000E+02  -0.990000E+02  -0.990000E+02  -0.990000E+02  -0.990000E+02  -0.990000E+02  -0.990000E+02  -0.990000E+02  -0.990000E+02  -0.990000E+02  -0.990000E+02  -0.990000E+02  -0.990000E+02  -0.990000E+02  -0.990000E+02  -0.990000E+02  -0.990000E+02  -0.990000E+02  -0.990000E+02  -0.990000E+02  -0.990000E+02  -0.990000E+02  -0.990000E+02   0.230800E+01   0.230927E+01   0.231097E+01   0.231273E+01   0.231442E+01   0.231603E+01   0.231756E+01   0.231901E+01   0.232038E+01   0.232167E+01   0.232289E+01   0.232403E+01   0.232508E+01   0.232602E+01   0.232688E+01  -0.990000E+02  -0.990000E+02  -0.990000E+02  -0.990000E+02  -0.990000E+02  -0.990000E+02  -0.990000E+02  -0.990000E+02  -0.990000E+02   0.227488E+01   0.226988E+01   0.226367E+01   0.225677E+01   0.224925E+01   0.224108E+01   0.223227E+01   0.222280E+01   0.221269E+01   0.220195E+01   0.219060E+01   0.217866E+01   0.216617E+01   0.215316E+01   0.213967E+01   0.212574E+01   0.211142E+01   0.209676E+01   0.208180E+01   0.206659E+01   0.205115E+01   0.203555E+01   0.201981E+01   0.200398E+01   0.198807E+01   0.197214E+01   0.195619E+01   0.194027E+01   0.192440E+01   0.190859E+01   0.189288E+01   0.187728E+01   0.186181E+01   0.184648E+01   0.183132E+01   0.181268E+01
-0.990000E+02  -0.990000E+02  -0.990000E+02  -0.990000E+02  -0.990000E+02  -0.990000E+02  -0.990000E+02  -0.990000E+02  -0.990000E+02  -0.990000E+02  -0.990000E+02  -0.990000E+02  -0.990000E+02  -0.990000E+02  -0.990000E+02  -0.990000E+02  -0.990000E+02  -0.990000E+02  -0.990000E+02  -0.990000E+02  -0.990000E+02  -0.990000E+02  -0.990000E+02  -0.990000E+02  -0.990000E+02  -0.990000E+02  -0.990000E+02  -0.990000E+02  -0.990000E+02  -0.990000E+02  -0.990000E+02  -0.990000E+02  -0.990000E+02  -0.990000E+02  -0.990000E+02  -0.990000E+02  -0.990000E+02  -0.990000E+02  -0.990000E+02  -0.990000E+02  -0.990000E+02  -0.990000E+02  -0.990000E+02  -0.990000E+02  -0.990000E+02  -0.990000E+02  -0.990000E+02  -0.990000E+02  -0.990000E+02  -0.990000E+02  -0.990000E+02  -0.990000E+02  -0.990000E+02  -0.990000E+02  -0.990000E+02  -0.990000E+02  -0.990000E+02  -0.990000E+02  -0.990000E+02  -0.990000E+02  -0.990000E+02  -0.990000E+02  -0.990000E+02  -0.990000E+02  -0.990000E+02  -0.990000E+02  -0.990000E+02  -0.990000E+02   0.230787E+01   0.230919E+01   0.231093E+01   0.231269E+01   0.231439E+01   0.231600E+01   0.231754E+01   0.231899E+01   0.232037E+01   0.232167E+01   0.232288E+01   0.232403E+01   0.232508E+01   0.232602E+01   0.232688E+01  -0.990000E+02  -0.990000E+02  -0.990000E+02  -0.990000E+02  -0.990000E+02  -0.990000E+02  -0.990000E+02  -0.990000E+02  -0.990000E+02   0.227492E+01   0.226993E+01   0.226374E+01   0.225686E+01   0.224936E+01   0.224122E+01   0.223243E+01   0.222299E+01   0.221290E+01   0.220219E+01   0.219088E+01   0.217897E+01   0.216651E+01   0.215353E+01   0.214007E+01   0.212618E+01   0.211190E+01   0.209727E+01   0.208234E+01   0.206716E+01   0.205176E+01   0.203618E+01   0.202047E+01   0.200466E+01   0.198878E+01   0.197287E+01   0.195694E+01   0.194104E+01   0.192518E+01   0.190939E+01   0.189368E+01   0.187809E+01   0.186262E+01   0.184730E+01   0.183214E+01   0.181350E+01
-0.990000E+02  -0.990000E+02  -0.990000E+02  -0.990000E+02  -0.990000E+02  -0.990000E+02  -0.990000E+02  -0.990000E+02  -0.990000E+02  -0.990000E+02  -0.990000E+02  -0.990000E+02  -0.990000E+02  -0.990000E+02  -0.990000E+02  -0.990000E+02  -0.990000E+02  -0.990000E+02  -0.990000E+02  -0.990000E+02  -0.990000E+02  -0.990000E+02  -0.990000E+02  -0.990000E+02  -0.990000E+02  -0.990000E+02  -0.990000E+02  -0.990000E+02  -0.990000E+02  -0.990000E+02  -0.990000E+02  -0.990000E+02  -0.990000E+02  -0.990000E+02  -0.990000E+02  -0.990000E+02  -0.990000E+02  -0.990000E+02  -0.990000E+02  -0.990000E+02  -0.990000E+02  -0.990000E+02  -0.990000E+02  -0.990000E+02  -0.990000E+02  -0.990000E+02  -0.990000E+02  -0.990000E+02  -0.990000E+02  -0.990000E+02  -0.990000E+02  -0.990000E+02  -0.990000E+02  -0.990000E+02  -0.990000E+02  -0.990000E+02  -0.990000E+02  -0.990000E+02  -0.990000E+02  -0.990000E+02  -0.990000E+02  -0.990000E+02  -0.990000E+02  -0.990000E+02  -0.990000E+02  -0.990000E+02  -0.990000E+02  -0.990000E+02   0.230774E+01   0.230911E+01   0.231088E+01   0.231266E+01   0.231436E+01   0.231598E+01   0.231752E+01   0.231898E+01   0.232036E+01   0.232166E+01   0.232288E+01   0.232402E+01   0.232508E+01   0.232602E+01  -0.990000E+02  -0.990000E+02  -0.990000E+02  -0.990000E+02  -0.990000E+02  -0.990000E+02  -0.990000E+02  -0.990000E+02  -0.990000E+02  -0.990000E+02   0.227495E+01   0.226998E+01   0.226381E+01   0.225695E+01   0.224947E+01   0.224135E+01   0.223258E+01   0.222317E+01   0.221312E+01   0.220243E+01   0.219115E+01   0.217927E+01   0.216685E+01   0.215390E+01   0.214048E+01   0.212662E+01   0.211237E+01   0.209778E+01   0.208288E+01   0.206773E+01   0.205236E+01   0.203681E+01   0.202113E+01   0.200534E+01   0.198948E+01   0.197359E+01   0.195768E+01   0.194180E+01   0.192595E+01   0.191018E+01   0.189448E+01   0.187890E+01   0.186344E+01   0.184812E+01   0.183296E+01   0.181431E+01
-0.990000E+02  -0.990000E+02  -0.990000E+02  -0.990000E+02  -0.990000E+02  -0.990000E+02  -0.990000E+02  -0.990000E+02  -0.990000E+02  -0.990000E+02  -0.990000E+02  -0.990000E+02  -0.990000E+02  -0.990000E+02  -0.990000E+02  -0.990000E+02  -0.990000E+02  -0.990000E+02  -0.990000E+02  -0.990000E+02  -0.990000E+02  -0.990000E+02  -0.990000E+02  -0.990000E+02  -0.990000E+02  -0.990000E+02  -0.990000E+02  -0.990000E+02  -0.990000E+02  -0.990000E+02  -0.990000E+02  -0.990000E+02  -0.990000E+02  -0.990000E+02  -0.990000E+02  -0.990000E+02  -0.990000E+02  -0.990000E+02  -0.990000E+02  -0.990000E+02  -0.990000E+02  -0.990000E+02  -0.990000E+02  -0.990000E+02  -0.990000E+02  -0.990000E+02  -0.990000E+02  -0.990000E+02  -0.990000E+02  -0.990000E+02  -0.990000E+02  -0.990000E+02  -0.990000E+02  -0.990000E+02  -0.990000E+02  -0.990000E+02  -0.990000E+02  -0.990000E+02  -0.990000E+02  -0.990000E+02  -0.990000E+02  -0.990000E+02  -0.990000E+02  -0.990000E+02  -0.990000E+02  -0.990000E+02  -0.990000E+02  -0.990000E+02   0.230761E+01   0.230904E+01   0.231084E+01   0.231262E+01   0.231433E+01   0.231596E+01   0.231750E+01   0.231896E+01   0.232035E+01   0.232165E+01   0.232287E+01   0.232402E+01   0.232508E+01   0.232601E+01  -0.990000E+02  -0.990000E+02  -0.990000E+02  -0.990000E+02  -0.990000E+02  -0.990000E+02  -0.990000E+02  -0.990000E+02  -0.990000E+02  -0.990000E+02   0.227498E+01   0.227003E+01   0.226388E+01   0.225703E+01   0.224957E+01   0.224148E+01   0.223274E+01   0.222335E+01   0.221332E+01   0.220267E+01   0.219142E+01   0.217958E+01   0.216718E+01   0.215427E+01   0.214088E+01   0.212705E+01   0.211284E+01   0.209828E+01   0.208341E+01   0.206829E+01   0.205295E+01   0.203743E+01   0.202178E+01   0.200601E+01   0.199018E+01   0.197431E+01   0.195842E+01   0.194255E+01   0.192672E+01   0.191096E+01   0.189527E+01   0.187970E+01   0.186424E+01   0.184893E+01   0.183378E+01   0.181511E+01
-0.990000E+02  -0.990000E+02  -0.990000E+02  -0.990000E+02  -0.990000E+02  -0.990000E+02  -0.990000E+02  -0.990000E+02  -0.990000E+02  -0.990000E+02  -0.990000E+02  -0.990000E+02  -0.990000E+02  -0.990000E+02  -0.990000E+02  -0.990000E+02  -0.990000E+02  -0.990000E+02  -0.990000E+02  -0.990000E+02  -0.990000E+02  -0.990000E+02  -0.990000E+02  -0.990000E+02  -0.990000E+02  -0.990000E+02  -0.990000E+02  -0.990000E+02  -0.990000E+02  -0.990000E+02  -0.990000E+02  -0.990000E+02  -0.990000E+02  -0.990000E+02  -0.990000E+02  -0.990000E+02  -0.990000E+02  -0.990000E+02  -0.990000E+02  -0.990000E+02  -0.990000E+02  -0.990000E+02  -0.990000E+02  -0.990000E+02  -0.990000E+02  -0.990000E+02  -0.990000E+02  -0.990000E+02  -0.990000E+02  -0.990000E+02  -0.990000E+02  -0.990000E+02  -0.990000E+02  -0.990000E+02  -0.990000E+02  -0.990000E+02  -0.990000E+02  -0.990000E+02  -0.990000E+02  -0.990000E+02  -0.990000E+02  -0.990000E+02  -0.990000E+02  -0.990000E+02  -0.990000E+02  -0.990000E+02  -0.990000E+02  -0.990000E+02   0.230747E+01   0.230898E+01   0.231079E+01   0.231258E+01   0.231430E+01   0.231593E+01   0.231748E+01   0.231895E+01   0.232033E+01   0.232164E+01   0.232287E+01   0.232402E+01   0.232507E+01   0.232601E+01  -0.990000E+02  -0.990000E+02  -0.990000E+02  -0.990000E+02  -0.990000E+02  -0.990000E+02  -0.990000E+02  -0.990000E+02  -0.990000E+02  -0.990000E+02   0.227502E+01   0.227008E+01   0.226395E+01   0.225712E+01   0.224968E+01   0.224161E+01   0.223289E+01   0.222353E+01   0.221353E+01   0.220291E+01   0.219168E+01   0.217987E+01   0.216751E+01   0.215463E+01   0.214128E+01   0.212749E+01   0.211330E+01   0.209878E+01   0.208394E+01   0.206885E+01   0.205354E+01   0.203805E+01   0.202242E+01   0.200668E+01   0.199088E+01   0.197502E+01   0.195916E+01   0.194330E+01   0.192749E+01   0.191174E+01   0.189606E+01   0.188050E+01   0.186505E+01   0.184974E+01   0.183459E+01   0.181591E+01
-0.990000E+02  -0.990000E+02  -0.990000E+02  -0.990000E+02  -0.990000E+02  -0.990000E+02  -0.990000E+02  -0.990000E+02  -0.990000E+02  -0.990000E+02  -0.990000E+02  -0.990000E+02  -0.990000E+02  -0.990000E+02  -0.990000E+02  -0.990000E+02  -0.990000E+02  -0.990000E+02  -0.990000E+02  -0.990000E+02  -0.990000E+02  -0.990000E+02  -0.990000E+02  -0.990000E+02  -0.990000E+02  -0.990000E+02  -0.990000E+02  -0.990000E+02  -0.990000E+02  -0.990000E+02  -0.990000E+02  -0.990000E+02  -0.990000E+02  -0.990000E+02  -0.990000E+02  -0.990000E+02  -0.990000E+02  -0.990000E+02  -0.990000E+02  -0.990000E+02  -0.990000E+02  -0.990000E+02  -0.990000E+02  -0.990000E+02  -0.990000E+02  -0.990000E+02  -0.990000E+02  -0.990000E+02  -0.990000E+02  -0.990000E+02  -0.990000E+02  -0.990000E+02  -0.990000E+02  -0.990000E+02  -0.990000E+02  -0.990000E+02  -0.990000E+02  -0.990000E+02  -0.990000E+02  -0.990000E+02  -0.990000E+02  -0.990000E+02  -0.990000E+02  -0.990000E+02  -0.990000E+02  -0.990000E+02  -0.990000E+02  -0.990000E+02   0.230733E+01   0.230891E+01   0.231074E+01   0.231255E+01   0.231427E+01   0.231591E+01   0.231746E+01   0.231893E+01   0.232032E+01   0.232163E+01   0.232286E+01   0.232401E+01   0.232507E+01   0.232600E+01  -0.990000E+02  -0.990000E+02  -0.990000E+02  -0.990000E+02  -0.990000E+02  -0.990000E+02  -0.990000E+02  -0.990000E+02  -0.990000E+02  -0.990000E+02   0.227505E+01   0.227012E+01   0.226402E+01   0.225721E+01   0.224979E+01   0.224174E+01   0.223305E+01   0.222371E+01   0.221374E+01   0.220314E+01   0.219195E+01   0.218017E+01   0.216784E+01   0.215499E+01   0.214167E+01   0.212791E+01   0.211377E+01   0.209927E+01   0.208447E+01   0.206941E+01   0.205413E+01   0.203867E+01   0.202306E+01   0.200735E+01   0.199157E+01   0.197574E+01   0.195989E+01   0.194405E+01   0.192825E+01   0.191251E+01   0.189685E+01   0.188129E+01   0.186585E+01   0.185054E+01   0.183539E+01   0.181671E+01
-0.990000E+02  -0.990000E+02  -0.990000E+02  -0.990000E+02  -0.990000E+02  -0.990000E+02  -0.990000E+02  -0.990000E+02  -0.990000E+02  -0.990000E+02  -0.990000E+02  -0.990000E+02  -0.990000E+02  -0.990000E+02  -0.990000E+02  -0.990000E+02  -0.990000E+02  -0.990000E+02  -0.990000E+02  -0.990000E+02  -0.990000E+02  -0.990000E+02  -0.990000E+02  -0.990000E+02  -0.990000E+02  -0.990000E+02  -0.990000E+02  -0.990000E+02  -0.990000E+02  -0.990000E+02  -0.990000E+02  -0.990000E+02  -0.990000E+02  -0.990000E+02  -0.990000E+02  -0.990000E+02  -0.990000E+02  -0.990000E+02  -0.990000E+02  -0.990000E+02  -0.990000E+02  -0.990000E+02  -0.990000E+02  -0.990000E+02  -0.990000E+02  -0.990000E+02  -0.990000E+02  -0.990000E+02  -0.990000E+02  -0.990000E+02  -0.990000E+02  -0.990000E+02  -0.990000E+02  -0.990000E+02  -0.990000E+02  -0.990000E+02  -0.990000E+02  -0.990000E+02  -0.990000E+02  -0.990000E+02  -0.990000E+02  -0.990000E+02  -0.990000E+02  -0.990000E+02  -0.990000E+02  -0.990000E+02  -0.990000E+02  -0.990000E+02   0.230720E+01   0.230885E+01   0.231070E+01   0.231251E+01   0.231424E+01   0.231588E+01   0.231744E+01   0.231891E+01   0.232031E+01   0.232162E+01   0.232285E+01   0.232401E+01   0.232507E+01   0.232599E+01  -0.990000E+02  -0.990000E+02  -0.990000E+02  -0.990000E+02  -0.990000E+02  -0.990000E+02  -0.990000E+02  -0.990000E+02  -0.990000E+02  -0.990000E+02   0.227508E+01   0.227017E+01   0.226408E+01   0.225729E+01   0.224989E+01   0.224186E+01   0.223320E+01   0.222389E+01   0.221394E+01   0.220338E+01   0.219221E+01   0.218047E+01   0.216817E+01   0.215535E+01   0.214206E+01   0.212834E+01   0.211422E+01   0.209976E+01   0.208499E+01   0.206996E+01   0.205471E+01   0.203928E+01   0.202370E+01   0.200801E+01   0.199225E+01   0.197644E+01   0.196061E+01   0.194479E+01   0.192901E+01   0.191328E+01   0.189763E+01   0.188208E+01   0.186664E+01   0.185134E+01   0.183619E+01   0.181750E+01
-0.990000E+02  -0.990000E+02  -0.990000E+02  -0.990000E+02  -0.990000E+02  -0.990000E+02  -0.990000E+02  -0.990000E+02  -0.990000E+02  -0.990000E+02  -0.990000E+02  -0.990000E+02  -0.990000E+02  -0.990000E+02  -0.990000E+02  -0.990000E+02  -0.990000E+02  -0.990000E+02  -0.990000E+02  -0.990000E+02  -0.990000E+02  -0.990000E+02  -0.990000E+02  -0.990000E+02  -0.990000E+02  -0.990000E+02  -0.990000E+02  -0.990000E+02  -0.990000E+02  -0.990000E+02  -0.990000E+02  -0.990000E+02  -0.990000E+02  -0.990000E+02  -0.990000E+02  -0.990000E+02  -0.990000E+02  -0.990000E+02  -0.990000E+02  -0.990000E+02  -0.990000E+02  -0.990000E+02  -0.990000E+02  -0.990000E+02  -0.990000E+02  -0.990000E+02  -0.990000E+02  -0.990000E+02  -0.990000E+02  -0.990000E+02  -0.990000E+02  -0.990000E+02  -0.990000E+02  -0.990000E+02  -0.990000E+02  -0.990000E+02  -0.990000E+02  -0.990000E+02  -0.990000E+02  -0.990000E+02  -0.990000E+02  -0.990000E+02  -0.990000E+02  -0.990000E+02  -0.990000E+02  -0.990000E+02  -0.990000E+02   0.230580E+01   0.230706E+01   0.230878E+01   0.231065E+01   0.231247E+01   0.231421E+01   0.231586E+01   0.231742E+01   0.231890E+01   0.232030E+01   0.232161E+01   0.232285E+01   0.232400E+01   0.232507E+01   0.232599E+01  -0.990000E+02  -0.990000E+02  -0.990000E+02  -0.990000E+02  -0.990000E+02  -0.990000E+02  -0.990000E+02  -0.990000E+02  -0.990000E+02  -0.990000E+02   0.227511E+01   0.227021E+01   0.226415E+01   0.225737E+01   0.225000E+01   0.224199E+01   0.223334E+01   0.222406E+01   0.221414E+01   0.220361E+01   0.219247E+01   0.218076E+01   0.216849E+01   0.215571E+01   0.214245E+01   0.212876E+01   0.211468E+01   0.210025E+01   0.208551E+01   0.207051E+01   0.205529E+01   0.203989E+01   0.202434E+01   0.200867E+01   0.199293E+01   0.197714E+01   0.196133E+01   0.194553E+01   0.192976E+01   0.191405E+01   0.189841E+01   0.188286E+01   0.186743E+01   0.185214E+01   0.183699E+01   0.181829E+01
-0.990000E+02  -0.990000E+02  -0.990000E+02  -0.990000E+02  -0.990000E+02  -0.990000E+02  -0.990000E+02  -0.990000E+02  -0.990000E+02  -0.990000E+02  -0.990000E+02  -0.990000E+02  -0.990000E+02  -0.990000E+02  -0.990000E+02  -0.990000E+02  -0.990000E+02  -0.990000E+02  -0.990000E+02  -0.990000E+02  -0.990000E+02  -0.990000E+02  -0.990000E+02  -0.990000E+02  -0.990000E+02  -0.990000E+02  -0.990000E+02  -0.990000E+02  -0.990000E+02  -0.990000E+02  -0.990000E+02  -0.990000E+02  -0.990000E+02  -0.990000E+02  -0.990000E+02  -0.990000E+02  -0.990000E+02  -0.990000E+02  -0.990000E+02  -0.990000E+02  -0.990000E+02  -0.990000E+02  -0.990000E+02  -0.990000E+02  -0.990000E+02  -0.990000E+02  -0.990000E+02  -0.990000E+02  -0.990000E+02  -0.990000E+02  -0.990000E+02  -0.990000E+02  -0.990000E+02  -0.990000E+02  -0.990000E+02  -0.990000E+02  -0.990000E+02  -0.990000E+02  -0.990000E+02  -0.990000E+02  -0.990000E+02  -0.990000E+02  -0.990000E+02  -0.990000E+02  -0.990000E+02  -0.990000E+02  -0.990000E+02   0.230563E+01   0.230693E+01   0.230872E+01   0.231061E+01   0.231243E+01   0.231418E+01   0.231583E+01   0.231740E+01   0.231888E+01   0.232028E+01   0.232160E+01   0.232284E+01   0.232400E+01   0.232507E+01   0.232598E+01  -0.990000E+02  -0.990000E+02  -0.990000E+02  -0.990000E+02  -0.990000E+02  -0.990000E+02  -0.990000E+02  -0.990000E+02  -0.990000E+02  -0.990000E+02   0.227514E+01   0.227026E+01   0.226421E+01   0.225745E+01   0.225010E+01   0.224211E+01   0.223349E+01   0.222423E+01   0.221434E+01   0.220384E+01   0.219273E+01   0.218105E+01   0.216881E+01   0.215606E+01   0.214284E+01   0.212918E+01   0.211513E+01   0.210073E+01   0.208603E+01   0.207106E+01   0.205587E+01   0.204049E+01   0.202496E+01   0.200933E+01   0.199361E+01   0.197784E+01   0.196205E+01   0.194627E+01   0.193051E+01   0.191481E+01   0.189918E+01   0.188364E+01   0.186822E+01   0.185293E+01   0.183778E+01   0.181907E+01
-0.990000E+02  -0.990000E+02  -0.990000E+02  -0.990000E+02  -0.990000E+02  -0.990000E+02  -0.990000E+02  -0.990000E+02  -0.990000E+02  -0.990000E+02  -0.990000E+02  -0.990000E+02  -0.990000E+02  -0.990000E+02  -0.990000E+02  -0.990000E+02  -0.990000E+02  -0.990000E+02  -0.990000E+02  -0.990000E+02  -0.990000E+02  -0.990000E+02  -0.990000E+02  -0.990000E+02  -0.990000E+02  -0.990000E+02  -0.990000E+02  -0.990000E+02  -0.990000E+02  -0.990000E+02  -0.990000E+02  -0.990000E+02  -0.990000E+02  -0.990000E+02  -0.990000E+02  -0.990000E+02  -0.990000E+02  -0.990000E+02  -0.990000E+02  -0.990000E+02  -0.990000E+02  -0.990000E+02  -0.990000E+02  -0.990000E+02  -0.990000E+02  -0.990000E+02  -0.990000E+02  -0.990000E+02  -0.990000E+02  -0.990000E+02  -0.990000E+02  -0.990000E+02  -0.990000E+02  -0.990000E+02  -0.990000E+02  -0.990000E+02  -0.990000E+02  -0.990000E+02  -0.990000E+02  -0.990000E+02  -0.990000E+02  -0.990000E+02  -0.990000E+02  -0.990000E+02  -0.990000E+02  -0.990000E+02  -0.990000E+02   0.230546E+01   0.230682E+01   0.230866E+01   0.231056E+01   0.231240E+01   0.231415E+01   0.231580E+01   0.231738E+01   0.231886E+01   0.232027E+01   0.232159E+01   0.232283E+01   0.232399E+01   0.232506E+01   0.232597E+01  -0.990000E+02  -0.990000E+02  -0.990000E+02  -0.990000E+02  -0.990000E+02  -0.990000E+02  -0.990000E+02  -0.990000E+02  -0.990000E+02  -0.990000E+02   0.227517E+01   0.227030E+01   0.226427E+01   0.225753E+01   0.225020E+01   0.224223E+01   0.223364E+01   0.222440E+01   0.221454E+01   0.220406E+01   0.219299E+01   0.218133E+01   0.216913E+01   0.215641E+01   0.214322E+01   0.212960E+01   0.211558E+01   0.210121E+01   0.208654E+01   0.207160E+01   0.205644E+01   0.204109E+01   0.202559E+01   0.200998E+01   0.199428E+01   0.197854E+01   0.196276E+01   0.194700E+01   0.193126E+01   0.191557E+01   0.189994E+01   0.188442E+01   0.186900E+01   0.185371E+01   0.183857E+01   0.181985E+01
-0.990000E+02  -0.990000E+02  -0.990000E+02  -0.990000E+02  -0.990000E+02  -0.990000E+02  -0.990000E+02  -0.990000E+02  -0.990000E+02  -0.990000E+02  -0.990000E+02  -0.990000E+02  -0.990000E+02  -0.990000E+02  -0.990000E+02  -0.990000E+02  -0.990000E+02  -0.990000E+02  -0.990000E+02  -0.990000E+02  -0.990000E+02  -0.990000E+02  -0.990000E+02  -0.990000E+02  -0.990000E+02  -0.990000E+02  -0.990000E+02  -0.990000E+02  -0.990000E+02  -0.990000E+02  -0.990000E+02  -0.990000E+02  -0.990000E+02  -0.990000E+02  -0.990000E+02  -0.990000E+02  -0.990000E+02  -0.990000E+02  -0.990000E+02  -0.990000E+02  -0.990000E+02  -0.990000E+02  -0.990000E+02  -0.990000E+02  -0.990000E+02  -0.990000E+02  -0.990000E+02  -0.990000E+02  -0.990000E+02  -0.990000E+02  -0.990000E+02  -0.990000E+02  -0.990000E+02  -0.990000E+02  -0.990000E+02  -0.990000E+02  -0.990000E+02  -0.990000E+02  -0.990000E+02  -0.990000E+02  -0.990000E+02  -0.990000E+02  -0.990000E+02  -0.990000E+02  -0.990000E+02  -0.990000E+02  -0.990000E+02   0.230529E+01   0.230672E+01   0.230859E+01   0.231051E+01   0.231236E+01   0.231411E+01   0.231578E+01   0.231735E+01   0.231885E+01   0.232025E+01   0.232158E+01   0.232282E+01   0.232398E+01   0.232506E+01   0.232596E+01  -0.990000E+02  -0.990000E+02  -0.990000E+02  -0.990000E+02  -0.990000E+02  -0.990000E+02  -0.990000E+02  -0.990000E+02  -0.990000E+02  -0.990000E+02   0.227520E+01   0.227034E+01   0.226434E+01   0.225761E+01   0.225030E+01   0.224235E+01   0.223378E+01   0.222457E+01   0.221474E+01   0.220429E+01   0.219324E+01   0.218162E+01   0.216945E+01   0.215676E+01   0.214360E+01   0.213001E+01   0.211602E+01   0.210169E+01   0.208705E+01   0.207214E+01   0.205700E+01   0.204168E+01   0.202621E+01   0.201062E+01   0.199495E+01   0.197923E+01   0.196347E+01   0.194772E+01   0.193199E+01   0.191632E+01   0.190071E+01   0.188519E+01   0.186978E+01   0.185449E+01   0.183935E+01   0.182062E+01
-0.990000E+02  -0.990000E+02  -0.990000E+02  -0.990000E+02  -0.990000E+02  -0.990000E+02  -0.990000E+02  -0.990000E+02  -0.990000E+02  -0.990000E+02  -0.990000E+02  -0.990000E+02  -0.990000E+02  -0.990000E+02  -0.990000E+02  -0.990000E+02  -0.990000E+02  -0.990000E+02  -0.990000E+02  -0.990000E+02  -0.990000E+02  -0.990000E+02  -0.990000E+02  -0.990000E+02  -0.990000E+02  -0.990000E+02  -0.990000E+02  -0.990000E+02  -0.990000E+02  -0.990000E+02  -0.990000E+02  -0.990000E+02  -0.990000E+02  -0.990000E+02  -0.990000E+02  -0.990000E+02  -0.990000E+02  -0.990000E+02  -0.990000E+02  -0.990000E+02  -0.990000E+02  -0.990000E+02  -0.990000E+02  -0.990000E+02  -0.990000E+02  -0.990000E+02  -0.990000E+02  -0.990000E+02  -0.990000E+02  -0.990000E+02  -0.990000E+02  -0.990000E+02  -0.990000E+02  -0.990000E+02  -0.990000E+02  -0.990000E+02  -0.990000E+02  -0.990000E+02  -0.990000E+02  -0.990000E+02  -0.990000E+02  -0.990000E+02  -0.990000E+02  -0.990000E+02  -0.990000E+02  -0.990000E+02  -0.990000E+02   0.230511E+01   0.230662E+01   0.230853E+01   0.231046E+01   0.231232E+01   0.231408E+01   0.231575E+01   0.231733E+01   0.231883E+01   0.232024E+01   0.232157E+01   0.232281E+01   0.232398E+01   0.232505E+01   0.232595E+01  -0.990000E+02  -0.990000E+02  -0.990000E+02  -0.990000E+02  -0.990000E+02  -0.990000E+02  -0.990000E+02  -0.990000E+02  -0.990000E+02  -0.990000E+02   0.227523E+01   0.227038E+01   0.226440E+01   0.225769E+01   0.225039E+01   0.224247E+01   0.223392E+01   0.222474E+01   0.221493E+01   0.220451E+01   0.219349E+01   0.218190E+01   0.216976E+01   0.215711E+01   0.214398E+01   0.213042E+01   0.211647E+01   0.210216E+01   0.208755E+01   0.207267E+01   0.205757E+01   0.204227E+01   0.202683E+01   0.201126E+01   0.199561E+01   0.197991E+01   0.196418E+01   0.194844E+01   0.193273E+01   0.191707E+01   0.190146E+01   0.188596E+01   0.187055E+01   0.185527E+01   0.184013E+01   0.182139E+01
-0.990000E+02  -0.990000E+02  -0.990000E+02  -0.990000E+02  -0.990000E+02  -0.990000E+02  -0.990000E+02  -0.990000E+02  -0.990000E+02  -0.990000E+02  -0.990000E+02  -0.990000E+02  -0.990000E+02  -0.990000E+02  -0.990000E+02  -0.990000E+02  -0.990000E+02  -0.990000E+02  -0.990000E+02  -0.990000E+02  -0.990000E+02  -0.990000E+02  -0.990000E+02  -0.990000E+02  -0.990000E+02  -0.990000E+02  -0.990000E+02  -0.990000E+02  -0.990000E+02  -0.990000E+02  -0.990000E+02  -0.990000E+02  -0.990000E+02  -0.990000E+02  -0.990000E+02  -0.990000E+02  -0.990000E+02  -0.990000E+02  -0.990000E+02  -0.990000E+02  -0.990000E+02  -0.990000E+02  -0.990000E+02  -0.990000E+02  -0.990000E+02  -0.990000E+02  -0.990000E+02  -0.990000E+02  -0.990000E+02  -0.990000E+02  -0.990000E+02  -0.990000E+02  -0.990000E+02  -0.990000E+02  -0.990000E+02  -0.990000E+02  -0.990000E+02  -0.990000E+02  -0.990000E+02  -0.990000E+02  -0.990000E+02  -0.990000E+02  -0.990000E+02  -0.990000E+02  -0.990000E+02  -0.990000E+02  -0.990000E+02   0.230493E+01   0.230653E+01   0.230847E+01   0.231041E+01   0.231228E+01   0.231405E+01   0.231572E+01   0.231731E+01   0.231881E+01   0.232022E+01   0.232156E+01   0.232280E+01   0.232397E+01   0.232505E+01   0.232594E+01  -0.990000E+02  -0.990000E+02  -0.990000E+02  -0.990000E+02  -0.990000E+02  -0.990000E+02  -0.990000E+02  -0.990000E+02  -0.990000E+02  -0.990000E+02   0.227526E+01   0.227042E+01   0.226446E+01   0.225777E+01   0.225049E+01   0.224259E+01   0.223406E+01   0.222490E+01   0.221512E+01   0.220473E+01   0.219374E+01   0.218218E+01   0.217007E+01   0.215745E+01   0.214435E+01   0.213083E+01   0.211690E+01   0.210263E+01   0.208805E+01   0.207320E+01   0.205813E+01   0.204286E+01   0.202744E+01   0.201190E+01   0.199627E+01   0.198059E+01   0.196487E+01   0.194916E+01   0.193346E+01   0.191781E+01   0.190222E+01   0.188672E+01   0.187132E+01   0.185604E+01   0.184090E+01   0.182216E+01
-0.990000E+02  -0.990000E+02  -0.990000E+02  -0.990000E+02  -0.990000E+02  -0.990000E+02  -0.990000E+02  -0.990000E+02  -0.990000E+02  -0.990000E+02  -0.990000E+02  -0.990000E+02  -0.990000E+02  -0.990000E+02  -0.990000E+02  -0.990000E+02  -0.990000E+02  -0.990000E+02  -0.990000E+02  -0.990000E+02  -0.990000E+02  -0.990000E+02  -0.990000E+02  -0.990000E+02  -0.990000E+02  -0.990000E+02  -0.990000E+02  -0.990000E+02  -0.990000E+02  -0.990000E+02  -0.990000E+02  -0.990000E+02  -0.990000E+02  -0.990000E+02  -0.990000E+02  -0.990000E+02  -0.990000E+02  -0.990000E+02  -0.990000E+02  -0.990000E+02  -0.990000E+02  -0.990000E+02  -0.990000E+02  -0.990000E+02  -0.990000E+02  -0.990000E+02  -0.990000E+02  -0.990000E+02  -0.990000E+02  -0.990000E+02  -0.990000E+02  -0.990000E+02  -0.990000E+02  -0.990000E+02  -0.990000E+02  -0.990000E+02  -0.990000E+02  -0.990000E+02  -0.990000E+02  -0.990000E+02  -0.990000E+02  -0.990000E+02  -0.990000E+02  -0.990000E+02  -0.990000E+02  -0.990000E+02  -0.990000E+02   0.230475E+01   0.230644E+01   0.230841E+01   0.231037E+01   0.231224E+01   0.231401E+01   0.231570E+01   0.231729E+01   0.231879E+01   0.232021E+01   0.232154E+01   0.232279E+01   0.232396E+01   0.232504E+01   0.232593E+01  -0.990000E+02  -0.990000E+02  -0.990000E+02  -0.990000E+02  -0.990000E+02  -0.990000E+02  -0.990000E+02  -0.990000E+02  -0.990000E+02  -0.990000E+02   0.227529E+01   0.227046E+01   0.226451E+01   0.225784E+01   0.225058E+01   0.224271E+01   0.223420E+01   0.222507E+01   0.221531E+01   0.220494E+01   0.219398E+01   0.218245E+01   0.217038E+01   0.215779E+01   0.214472E+01   0.213123E+01   0.211734E+01   0.210310E+01   0.208855E+01   0.207373E+01   0.205868E+01   0.204344E+01   0.202805E+01   0.201253E+01   0.199693E+01   0.198127E+01   0.196557E+01   0.194987E+01   0.193419E+01   0.191855E+01   0.190297E+01   0.188747E+01   0.187208E+01   0.185681E+01   0.184167E+01   0.182292E+01
-0.990000E+02  -0.990000E+02  -0.990000E+02  -0.990000E+02  -0.990000E+02  -0.990000E+02  -0.990000E+02  -0.990000E+02  -0.990000E+02  -0.990000E+02  -0.990000E+02  -0.990000E+02  -0.990000E+02  -0.990000E+02  -0.990000E+02  -0.990000E+02  -0.990000E+02  -0.990000E+02  -0.990000E+02  -0.990000E+02  -0.990000E+02  -0.990000E+02  -0.990000E+02  -0.990000E+02  -0.990000E+02  -0.990000E+02  -0.990000E+02  -0.990000E+02  -0.990000E+02  -0.990000E+02  -0.990000E+02  -0.990000E+02  -0.990000E+02  -0.990000E+02  -0.990000E+02  -0.990000E+02  -0.990000E+02  -0.990000E+02  -0.990000E+02  -0.990000E+02  -0.990000E+02  -0.990000E+02  -0.990000E+02  -0.990000E+02  -0.990000E+02  -0.990000E+02  -0.990000E+02  -0.990000E+02  -0.990000E+02  -0.990000E+02  -0.990000E+02  -0.990000E+02  -0.990000E+02  -0.990000E+02  -0.990000E+02  -0.990000E+02  -0.990000E+02  -0.990000E+02  -0.990000E+02  -0.990000E+02  -0.990000E+02  -0.990000E+02  -0.990000E+02  -0.990000E+02  -0.990000E+02  -0.990000E+02  -0.990000E+02   0.230457E+01   0.230635E+01   0.230835E+01   0.231032E+01   0.231220E+01   0.231398E+01   0.231567E+01   0.231726E+01   0.231877E+01   0.232019E+01   0.232153E+01   0.232278E+01   0.232395E+01   0.232504E+01   0.232592E+01  -0.990000E+02  -0.990000E+02  -0.990000E+02  -0.990000E+02  -0.990000E+02  -0.990000E+02  -0.990000E+02  -0.990000E+02  -0.990000E+02  -0.990000E+02   0.227531E+01   0.227049E+01   0.226457E+01   0.225792E+01   0.225068E+01   0.224282E+01   0.223434E+01   0.222523E+01   0.221550E+01   0.220516E+01   0.219423E+01   0.218273E+01   0.217068E+01   0.215812E+01   0.214509E+01   0.213163E+01   0.211777E+01   0.210356E+01   0.208904E+01   0.207425E+01   0.205923E+01   0.204402E+01   0.202865E+01   0.201316E+01   0.199758E+01   0.198194E+01   0.196626E+01   0.195057E+01   0.193491E+01   0.191928E+01   0.190371E+01   0.188823E+01   0.187284E+01   0.185757E+01   0.184244E+01   0.182368E+01
-0.990000E+02  -0.990000E+02  -0.990000E+02  -0.990000E+02  -0.990000E+02  -0.990000E+02  -0.990000E+02  -0.990000E+02  -0.990000E+02  -0.990000E+02  -0.990000E+02  -0.990000E+02  -0.990000E+02  -0.990000E+02  -0.990000E+02  -0.990000E+02  -0.990000E+02  -0.990000E+02  -0.990000E+02  -0.990000E+02  -0.990000E+02  -0.990000E+02  -0.990000E+02  -0.990000E+02  -0.990000E+02  -0.990000E+02  -0.990000E+02  -0.990000E+02  -0.990000E+02  -0.990000E+02  -0.990000E+02  -0.990000E+02  -0.990000E+02  -0.990000E+02  -0.990000E+02  -0.990000E+02  -0.990000E+02  -0.990000E+02  -0.990000E+02  -0.990000E+02  -0.990000E+02  -0.990000E+02  -0.990000E+02  -0.990000E+02  -0.990000E+02  -0.990000E+02  -0.990000E+02  -0.990000E+02  -0.990000E+02  -0.990000E+02  -0.990000E+02  -0.990000E+02  -0.990000E+02  -0.990000E+02  -0.990000E+02  -0.990000E+02  -0.990000E+02  -0.990000E+02  -0.990000E+02  -0.990000E+02  -0.990000E+02  -0.990000E+02  -0.990000E+02  -0.990000E+02  -0.990000E+02  -0.990000E+02   0.230305E+01   0.230439E+01   0.230626E+01   0.230829E+01   0.231027E+01   0.231215E+01   0.231394E+01   0.231564E+01   0.231724E+01   0.231875E+01   0.232018E+01   0.232152E+01   0.232277E+01   0.232395E+01   0.232503E+01   0.232591E+01  -0.990000E+02  -0.990000E+02  -0.990000E+02  -0.990000E+02  -0.990000E+02  -0.990000E+02  -0.990000E+02  -0.990000E+02  -0.990000E+02  -0.990000E+02   0.227534E+01   0.227053E+01   0.226463E+01   0.225799E+01   0.225077E+01   0.224293E+01   0.223447E+01   0.222539E+01   0.221568E+01   0.220537E+01   0.219447E+01   0.218300E+01   0.217098E+01   0.215846E+01   0.214546E+01   0.213202E+01   0.211820E+01   0.210402E+01   0.208953E+01   0.207477E+01   0.205978E+01   0.204460E+01   0.202925E+01   0.201379E+01   0.199823E+01   0.198260E+01   0.196694E+01   0.195128E+01   0.193562E+01   0.192001E+01   0.190445E+01   0.188897E+01   0.187359E+01   0.185833E+01   0.184320E+01   0.182443E+01
-0.990000E+02  -0.990000E+02  -0.990000E+02  -0.990000E+02  -0.990000E+02  -0.990000E+02  -0.990000E+02  -0.990000E+02  -0.990000E+02  -0.990000E+02  -0.990000E+02  -0.990000E+02  -0.990000E+02  -0.990000E+02  -0.990000E+02  -0.990000E+02  -0.990000E+02  -0.990000E+02  -0.990000E+02  -0.990000E+02  -0.990000E+02  -0.990000E+02  -0.990000E+02  -0.990000E+02  -0.990000E+02  -0.990000E+02  -0.990000E+02  -0.990000E+02  -0.990000E+02  -0.990000E+02  -0.990000E+02  -0.990000E+02  -0.990000E+02  -0.990000E+02  -0.990000E+02  -0.990000E+02  -0.990000E+02  -0.990000E+02  -0.990000E+02  -0.990000E+02  -0.990000E+02  -0.990000E+02  -0.990000E+02  -0.990000E+02  -0.990000E+02  -0.990000E+02  -0.990000E+02  -0.990000E+02  -0.990000E+02  -0.990000E+02  -0.990000E+02  -0.990000E+02  -0.990000E+02  -0.990000E+02  -0.990000E+02  -0.990000E+02  -0.990000E+02  -0.990000E+02  -0.990000E+02  -0.990000E+02  -0.990000E+02  -0.990000E+02  -0.990000E+02  -0.990000E+02  -0.990000E+02  -0.990000E+02   0.230283E+01   0.230424E+01   0.230618E+01   0.230822E+01   0.231022E+01   0.231211E+01   0.231391E+01   0.231561E+01   0.231721E+01   0.231873E+01   0.232016E+01   0.232150E+01   0.232276E+01   0.232394E+01   0.232502E+01   0.232590E+01  -0.990000E+02  -0.990000E+02  -0.990000E+02  -0.990000E+02  -0.990000E+02  -0.990000E+02  -0.990000E+02  -0.990000E+02  -0.990000E+02  -0.990000E+02   0.227536E+01   0.227057E+01   0.226468E+01   0.225806E+01   0.225086E+01   0.224304E+01   0.223461E+01   0.222554E+01   0.221586E+01   0.220558E+01   0.219471E+01   0.218327E+01   0.217128E+01   0.215879E+01   0.214582E+01   0.213242E+01   0.211862E+01   0.210447E+01   0.209002E+01   0.207529E+01   0.206032E+01   0.204517E+01   0.202985E+01   0.201441E+01   0.199887E+01   0.198327E+01   0.196763E+01   0.195197E+01   0.193634E+01   0.192073E+01   0.190518E+01   0.188972E+01   0.187434E+01   0.185909E+01   0.184396E+01   0.182518E+01
-0.990000E+02  -0.990000E+02  -0.990000E+02  -0.990000E+02  -0.990000E+02  -0.990000E+02  -0.990000E+02  -0.990000E+02  -0.990000E+02  -0.990000E+02  -0.990000E+02  -0.990000E+02  -0.990000E+02  -0.990000E+02  -0.990000E+02  -0.990000E+02  -0.990000E+02  -0.990000E+02  -0.990000E+02  -0.990000E+02  -0.990000E+02  -0.990000E+02  -0.990000E+02  -0.990000E+02  -0.990000E+02  -0.990000E+02  -0.990000E+02  -0.990000E+02  -0.990000E+02  -0.990000E+02  -0.990000E+02  -0.990000E+02  -0.990000E+02  -0.990000E+02  -0.990000E+02  -0.990000E+02  -0.990000E+02  -0.990000E+02  -0.990000E+02  -0.990000E+02  -0.990000E+02  -0.990000E+02  -0.990000E+02  -0.990000E+02  -0.990000E+02  -0.990000E+02  -0.990000E+02  -0.990000E+02  -0.990000E+02  -0.990000E+02  -0.990000E+02  -0.990000E+02  -0.990000E+02  -0.990000E+02  -0.990000E+02  -0.990000E+02  -0.990000E+02  -0.990000E+02  -0.990000E+02  -0.990000E+02  -0.990000E+02  -0.990000E+02  -0.990000E+02  -0.990000E+02  -0.990000E+02  -0.990000E+02   0.230260E+01   0.230410E+01   0.230609E+01   0.230816E+01   0.231017E+01   0.231207E+01   0.231387E+01   0.231558E+01   0.231719E+01   0.231871E+01   0.232014E+01   0.232149E+01   0.232275E+01   0.232393E+01   0.232502E+01   0.232589E+01  -0.990000E+02  -0.990000E+02  -0.990000E+02  -0.990000E+02  -0.990000E+02  -0.990000E+02  -0.990000E+02  -0.990000E+02  -0.990000E+02  -0.990000E+02   0.227538E+01   0.227060E+01   0.226473E+01   0.225813E+01   0.225095E+01   0.224315E+01   0.223474E+01   0.222570E+01   0.221605E+01   0.220579E+01   0.219494E+01   0.218353E+01   0.217158E+01   0.215911E+01   0.214618E+01   0.213281E+01   0.211904E+01   0.210493E+01   0.209050E+01   0.207580E+01   0.206086E+01   0.204573E+01   0.203044E+01   0.201502E+01   0.199951E+01   0.198393E+01   0.196830E+01   0.195267E+01   0.193704E+01   0.192145E+01   0.190592E+01   0.189046E+01   0.187509E+01   0.185983E+01   0.184471E+01   0.182592E+01
-0.990000E+02  -0.990000E+02  -0.990000E+02  -0.990000E+02  -0.990000E+02  -0.990000E+02  -0.990000E+02  -0.990000E+02  -0.990000E+02  -0.990000E+02  -0.990000E+02  -0.990000E+02  -0.990000E+02  -0.990000E+02  -0.990000E+02  -0.990000E+02  -0.990000E+02  -0.990000E+02  -0.990000E+02  -0.990000E+02  -0.990000E+02  -0.990000E+02  -0.990000E+02  -0.990000E+02  -0.990000E+02  -0.990000E+02  -0.990000E+02  -0.990000E+02  -0.990000E+02  -0.990000E+02  -0.990000E+02  -0.990000E+02  -0.990000E+02  -0.990000E+02  -0.990000E+02  -0.990000E+02  -0.990000E+02  -0.990000E+02  -0.990000E+02  -0.990000E+02  -0.990000E+02  -0.990000E+02  -0.990000E+02  -0.990000E+02  -0.990000E+02  -0.990000E+02  -0.990000E+02  -0.990000E+02  -0.990000E+02  -0.990000E+02  -0.990000E+02  -0.990000E+02  -0.990000E+02  -0.990000E+02  -0.990000E+02  -0.990000E+02  -0.990000E+02  -0.990000E+02  -0.990000E+02  -0.990000E+02  -0.990000E+02  -0.990000E+02  -0.990000E+02  -0.990000E+02  -0.990000E+02  -0.990000E+02   0.230238E+01   0.230396E+01   0.230601E+01   0.230810E+01   0.231011E+01   0.231203E+01   0.231384E+01   0.231555E+01   0.231716E+01   0.231869E+01   0.232012E+01   0.232147E+01   0.232274E+01   0.232392E+01   0.232501E+01   0.232587E+01  -0.990000E+02  -0.990000E+02  -0.990000E+02  -0.990000E+02  -0.990000E+02  -0.990000E+02  -0.990000E+02  -0.990000E+02  -0.990000E+02  -0.990000E+02   0.227540E+01   0.227063E+01   0.226478E+01   0.225820E+01   0.225103E+01   0.224326E+01   0.223487E+01   0.222585E+01   0.221622E+01   0.220599E+01   0.219518E+01   0.218379E+01   0.217187E+01   0.215944E+01   0.214653E+01   0.213319E+01   0.211946E+01   0.210537E+01   0.209098E+01   0.207630E+01   0.206140E+01   0.204629E+01   0.203103E+01   0.201563E+01   0.200014E+01   0.198458E+01   0.196897E+01   0.195336E+01   0.193775E+01   0.192217E+01   0.190664E+01   0.189119E+01   0.187583E+01   0.186058E+01   0.184546E+01   0.182666E+01
-0.990000E+02  -0.990000E+02  -0.990000E+02  -0.990000E+02  -0.990000E+02  -0.990000E+02  -0.990000E+02  -0.990000E+02  -0.990000E+02  -0.990000E+02  -0.990000E+02  -0.990000E+02  -0.990000E+02  -0.990000E+02  -0.990000E+02  -0.990000E+02  -0.990000E+02  -0.990000E+02  -0.990000E+02  -0.990000E+02  -0.990000E+02  -0.990000E+02  -0.990000E+02  -0.990000E+02  -0.990000E+02  -0.990000E+02  -0.990000E+02  -0.990000E+02  -0.990000E+02  -0.990000E+02  -0.990000E+02  -0.990000E+02  -0.990000E+02  -0.990000E+02  -0.990000E+02  -0.990000E+02  -0.990000E+02  -0.990000E+02  -0.990000E+02  -0.990000E+02  -0.990000E+02  -0.990000E+02  -0.990000E+02  -0.990000E+02  -0.990000E+02  -0.990000E+02  -0.990000E+02  -0.990000E+02  -0.990000E+02  -0.990000E+02  -0.990000E+02  -0.990000E+02  -0.990000E+02  -0.990000E+02  -0.990000E+02  -0.990000E+02  -0.990000E+02  -0.990000E+02  -0.990000E+02  -0.990000E+02  -0.990000E+02  -0.990000E+02  -0.990000E+02  -0.990000E+02  -0.990000E+02  -0.990000E+02   0.230214E+01   0.230384E+01   0.230593E+01   0.230804E+01   0.231006E+01   0.231198E+01   0.231380E+01   0.231552E+01   0.231714E+01   0.231867E+01   0.232010E+01   0.232146E+01   0.232272E+01   0.232390E+01   0.232500E+01   0.232586E+01  -0.990000E+02  -0.990000E+02  -0.990000E+02  -0.990000E+02  -0.990000E+02  -0.990000E+02  -0.990000E+02  -0.990000E+02  -0.990000E+02  -0.990000E+02   0.227543E+01   0.227066E+01   0.226483E+01   0.225827E+01   0.225112E+01   0.224336E+01   0.223499E+01   0.222600E+01   0.221640E+01   0.220620E+01   0.219541E+01   0.218405E+01   0.217216E+01   0.215976E+01   0.214688E+01   0.213357E+01   0.211987E+01   0.210582E+01   0.209145E+01   0.207681E+01   0.206193E+01   0.204685E+01   0.203161E+01   0.201624E+01   0.200077E+01   0.198523E+01   0.196964E+01   0.195404E+01   0.193844E+01   0.192288E+01   0.190736E+01   0.189192E+01   0.187657E+01   0.186132E+01   0.184620E+01   0.182740E+01
-0.990000E+02  -0.990000E+02  -0.990000E+02  -0.990000E+02  -0.990000E+02  -0.990000E+02  -0.990000E+02  -0.990000E+02  -0.990000E+02  -0.990000E+02  -0.990000E+02  -0.990000E+02  -0.990000E+02  -0.990000E+02  -0.990000E+02  -0.990000E+02  -0.990000E+02  -0.990000E+02  -0.990000E+02  -0.990000E+02  -0.990000E+02  -0.990000E+02  -0.990000E+02  -0.990000E+02  -0.990000E+02  -0.990000E+02  -0.990000E+02  -0.990000E+02  -0.990000E+02  -0.990000E+02  -0.990000E+02  -0.990000E+02  -0.990000E+02  -0.990000E+02  -0.990000E+02  -0.990000E+02  -0.990000E+02  -0.990000E+02  -0.990000E+02  -0.990000E+02  -0.990000E+02  -0.990000E+02  -0.990000E+02  -0.990000E+02  -0.990000E+02  -0.990000E+02  -0.990000E+02  -0.990000E+02  -0.990000E+02  -0.990000E+02  -0.990000E+02  -0.990000E+02  -0.990000E+02  -0.990000E+02  -0.990000E+02  -0.990000E+02  -0.990000E+02  -0.990000E+02  -0.990000E+02  -0.990000E+02  -0.990000E+02  -0.990000E+02  -0.990000E+02  -0.990000E+02  -0.990000E+02  -0.990000E+02   0.230191E+01   0.230372E+01   0.230585E+01   0.230797E+01   0.231001E+01   0.231194E+01   0.231376E+01   0.231549E+01   0.231711E+01   0.231864E+01   0.232009E+01   0.232144E+01   0.232271E+01   0.232389E+01   0.232499E+01   0.232584E+01  -0.990000E+02  -0.990000E+02  -0.990000E+02  -0.990000E+02  -0.990000E+02  -0.990000E+02  -0.990000E+02  -0.990000E+02  -0.990000E+02  -0.990000E+02   0.227545E+01   0.227069E+01   0.226488E+01   0.225833E+01   0.225120E+01   0.224347E+01   0.223512E+01   0.222615E+01   0.221657E+01   0.220640E+01   0.219564E+01   0.218431E+01   0.217245E+01   0.216007E+01   0.214723E+01   0.213395E+01   0.212028E+01   0.210626E+01   0.209192E+01   0.207731E+01   0.206246E+01   0.204741E+01   0.203219E+01   0.201684E+01   0.200139E+01   0.198587E+01   0.197031E+01   0.195472E+01   0.193914E+01   0.192359E+01   0.190808E+01   0.189265E+01   0.187730E+01   0.186206E+01   0.184694E+01   0.182813E+01
-0.990000E+02  -0.990000E+02  -0.990000E+02  -0.990000E+02  -0.990000E+02  -0.990000E+02  -0.990000E+02  -0.990000E+02  -0.990000E+02  -0.990000E+02  -0.990000E+02  -0.990000E+02  -0.990000E+02  -0.990000E+02  -0.990000E+02  -0.990000E+02  -0.990000E+02  -0.990000E+02  -0.990000E+02  -0.990000E+02  -0.990000E+02  -0.990000E+02  -0.990000E+02  -0.990000E+02  -0.990000E+02  -0.990000E+02  -0.990000E+02  -0.990000E+02  -0.990000E+02  -0.990000E+02  -0.990000E+02  -0.990000E+02  -0.990000E+02  -0.990000E+02  -0.990000E+02  -0.990000E+02  -0.990000E+02  -0.990000E+02  -0.990000E+02  -0.990000E+02  -0.990000E+02  -0.990000E+02  -0.990000E+02  -0.990000E+02  -0.990000E+02  -0.990000E+02  -0.990000E+02  -0.990000E+02  -0.990000E+02  -0.990000E+02  -0.990000E+02  -0.990000E+02  -0.990000E+02  -0.990000E+02  -0.990000E+02  -0.990000E+02  -0.990000E+02  -0.990000E+02  -0.990000E+02  -0.990000E+02  -0.990000E+02  -0.990000E+02  -0.990000E+02  -0.990000E+02  -0.990000E+02  -0.990000E+02   0.230140E+01   0.230360E+01   0.230577E+01   0.230791E+01   0.230996E+01   0.231190E+01   0.231373E+01   0.231545E+01   0.231708E+01   0.231862E+01   0.232007E+01   0.232142E+01   0.232270E+01   0.232388E+01   0.232497E+01   0.232583E+01  -0.990000E+02  -0.990000E+02  -0.990000E+02  -0.990000E+02  -0.990000E+02  -0.990000E+02  -0.990000E+02  -0.990000E+02  -0.990000E+02  -0.990000E+02   0.227546E+01   0.227072E+01   0.226493E+01   0.225839E+01   0.225128E+01   0.224357E+01   0.223524E+01   0.222630E+01   0.221675E+01   0.220660E+01   0.219586E+01   0.218457E+01   0.217273E+01   0.216039E+01   0.214758E+01   0.213433E+01   0.212069E+01   0.210670E+01   0.209239E+01   0.207780E+01   0.206298E+01   0.204796E+01   0.203277E+01   0.201744E+01   0.200201E+01   0.198651E+01   0.197096E+01   0.195539E+01   0.193983E+01   0.192429E+01   0.190879E+01   0.189337E+01   0.187802E+01   0.186279E+01   0.184767E+01   0.182885E+01
-0.990000E+02  -0.990000E+02  -0.990000E+02  -0.990000E+02  -0.990000E+02  -0.990000E+02  -0.990000E+02  -0.990000E+02  -0.990000E+02  -0.990000E+02  -0.990000E+02  -0.990000E+02  -0.990000E+02  -0.990000E+02  -0.990000E+02  -0.990000E+02  -0.990000E+02  -0.990000E+02  -0.990000E+02  -0.990000E+02  -0.990000E+02  -0.990000E+02  -0.990000E+02  -0.990000E+02  -0.990000E+02  -0.990000E+02  -0.990000E+02  -0.990000E+02  -0.990000E+02  -0.990000E+02  -0.990000E+02  -0.990000E+02  -0.990000E+02  -0.990000E+02  -0.990000E+02  -0.990000E+02  -0.990000E+02  -0.990000E+02  -0.990000E+02  -0.990000E+02  -0.990000E+02  -0.990000E+02  -0.990000E+02  -0.990000E+02  -0.990000E+02  -0.990000E+02  -0.990000E+02  -0.990000E+02  -0.990000E+02  -0.990000E+02  -0.990000E+02  -0.990000E+02  -0.990000E+02  -0.990000E+02  -0.990000E+02  -0.990000E+02  -0.990000E+02  -0.990000E+02  -0.990000E+02  -0.990000E+02  -0.990000E+02  -0.990000E+02  -0.990000E+02  -0.990000E+02  -0.990000E+02   0.229971E+01   0.230117E+01   0.230348E+01   0.230568E+01   0.230784E+01   0.230990E+01   0.231185E+01   0.231369E+01   0.231542E+01   0.231706E+01   0.231860E+01   0.232005E+01   0.232141E+01   0.232268E+01   0.232387E+01   0.232496E+01   0.232581E+01  -0.990000E+02  -0.990000E+02  -0.990000E+02  -0.990000E+02  -0.990000E+02  -0.990000E+02  -0.990000E+02  -0.990000E+02  -0.990000E+02  -0.990000E+02   0.227548E+01   0.227075E+01   0.226498E+01   0.225846E+01   0.225136E+01   0.224367E+01   0.223536E+01   0.222645E+01   0.221692E+01   0.220679E+01   0.219609E+01   0.218482E+01   0.217301E+01   0.216070E+01   0.214792E+01   0.213470E+01   0.212109E+01   0.210713E+01   0.209285E+01   0.207829E+01   0.206350E+01   0.204850E+01   0.203334E+01   0.201803E+01   0.200263E+01   0.198715E+01   0.197162E+01   0.195606E+01   0.194051E+01   0.192499E+01   0.190950E+01   0.189408E+01   0.187875E+01   0.186351E+01   0.184840E+01   0.182957E+01
-0.990000E+02  -0.990000E+02  -0.990000E+02  -0.990000E+02  -0.990000E+02  -0.990000E+02  -0.990000E+02  -0.990000E+02  -0.990000E+02  -0.990000E+02  -0.990000E+02  -0.990000E+02  -0.990000E+02  -0.990000E+02  -0.990000E+02  -0.990000E+02  -0.990000E+02  -0.990000E+02  -0.990000E+02  -0.990000E+02  -0.990000E+02  -0.990000E+02  -0.990000E+02  -0.990000E+02  -0.990000E+02  -0.990000E+02  -0.990000E+02  -0.990000E+02  -0.990000E+02  -0.990000E+02  -0.990000E+02  -0.990000E+02  -0.990000E+02  -0.990000E+02  -0.990000E+02  -0.990000E+02  -0.990000E+02  -0.990000E+02  -0.990000E+02  -0.990000E+02  -0.990000E+02  -0.990000E+02  -0.990000E+02  -0.990000E+02  -0.990000E+02  -0.990000E+02  -0.990000E+02  -0.990000E+02  -0.990000E+02  -0.990000E+02  -0.990000E+02  -0.990000E+02  -0.990000E+02  -0.990000E+02  -0.990000E+02  -0.990000E+02  -0.990000E+02  -0.990000E+02  -0.990000E+02  -0.990000E+02  -0.990000E+02  -0.990000E+02  -0.990000E+02  -0.990000E+02  -0.990000E+02   0.229941E+01   0.230097E+01   0.230337E+01   0.230560E+01   0.230778E+01   0.230985E+01   0.231180E+01   0.231365E+01   0.231539E+01   0.231703E+01   0.231857E+01   0.232003E+01   0.232139E+01   0.232267E+01   0.232385E+01   0.232495E+01   0.232579E+01  -0.990000E+02  -0.990000E+02  -0.990000E+02  -0.990000E+02  -0.990000E+02  -0.990000E+02  -0.990000E+02  -0.990000E+02  -0.990000E+02  -0.990000E+02   0.227550E+01   0.227078E+01   0.226502E+01   0.225852E+01   0.225144E+01   0.224377E+01   0.223548E+01   0.222659E+01   0.221708E+01   0.220698E+01   0.219631E+01   0.218507E+01   0.217329E+01   0.216101E+01   0.214826E+01   0.213507E+01   0.212149E+01   0.210756E+01   0.209331E+01   0.207878E+01   0.206401E+01   0.204904E+01   0.203390E+01   0.201862E+01   0.200324E+01   0.198778E+01   0.197227E+01   0.195673E+01   0.194119E+01   0.192568E+01   0.191020E+01   0.189479E+01   0.187946E+01   0.186424E+01   0.184912E+01   0.183029E+01
-0.990000E+02  -0.990000E+02  -0.990000E+02  -0.990000E+02  -0.990000E+02  -0.990000E+02  -0.990000E+02  -0.990000E+02  -0.990000E+02  -0.990000E+02  -0.990000E+02  -0.990000E+02  -0.990000E+02  -0.990000E+02  -0.990000E+02  -0.990000E+02  -0.990000E+02  -0.990000E+02  -0.990000E+02  -0.990000E+02  -0.990000E+02  -0.990000E+02  -0.990000E+02  -0.990000E+02  -0.990000E+02  -0.990000E+02  -0.990000E+02  -0.990000E+02  -0.990000E+02  -0.990000E+02  -0.990000E+02  -0.990000E+02  -0.990000E+02  -0.990000E+02  -0.990000E+02  -0.990000E+02  -0.990000E+02  -0.990000E+02  -0.990000E+02  -0.990000E+02  -0.990000E+02  -0.990000E+02  -0.990000E+02  -0.990000E+02  -0.990000E+02  -0.990000E+02  -0.990000E+02  -0.990000E+02  -0.990000E+02  -0.990000E+02  -0.990000E+02  -0.990000E+02  -0.990000E+02  -0.990000E+02  -0.990000E+02  -0.990000E+02  -0.990000E+02  -0.990000E+02  -0.990000E+02  -0.990000E+02  -0.990000E+02  -0.990000E+02  -0.990000E+02  -0.990000E+02  -0.990000E+02   0.229910E+01   0.230079E+01   0.230326E+01   0.230552E+01   0.230771E+01   0.230979E+01   0.231176E+01   0.231361E+01   0.231536E+01   0.231700E+01   0.231855E+01   0.232000E+01   0.232137E+01   0.232265E+01   0.232384E+01   0.232493E+01   0.232577E+01  -0.990000E+02  -0.990000E+02  -0.990000E+02  -0.990000E+02  -0.990000E+02  -0.990000E+02  -0.990000E+02  -0.990000E+02  -0.990000E+02  -0.990000E+02   0.227552E+01   0.227080E+01   0.226506E+01   0.225858E+01   0.225152E+01   0.224387E+01   0.223560E+01   0.222673E+01   0.221725E+01   0.220718E+01   0.219653E+01   0.218531E+01   0.217357E+01   0.216131E+01   0.214859E+01   0.213544E+01   0.212189E+01   0.210798E+01   0.209376E+01   0.207926E+01   0.206452E+01   0.204958E+01   0.203446E+01   0.201921E+01   0.200385E+01   0.198841E+01   0.197291E+01   0.195739E+01   0.194187E+01   0.192637E+01   0.191090E+01   0.189550E+01   0.188018E+01   0.186495E+01   0.184984E+01   0.183100E+01
-0.990000E+02  -0.990000E+02  -0.990000E+02  -0.990000E+02  -0.990000E+02  -0.990000E+02  -0.990000E+02  -0.990000E+02  -0.990000E+02  -0.990000E+02  -0.990000E+02  -0.990000E+02  -0.990000E+02  -0.990000E+02  -0.990000E+02  -0.990000E+02  -0.990000E+02  -0.990000E+02  -0.990000E+02  -0.990000E+02  -0.990000E+02  -0.990000E+02  -0.990000E+02  -0.990000E+02  -0.990000E+02  -0.990000E+02  -0.990000E+02  -0.990000E+02  -0.990000E+02  -0.990000E+02  -0.990000E+02  -0.990000E+02  -0.990000E+02  -0.990000E+02  -0.990000E+02  -0.990000E+02  -0.990000E+02  -0.990000E+02  -0.990000E+02  -0.990000E+02  -0.990000E+02  -0.990000E+02  -0.990000E+02  -0.990000E+02  -0.990000E+02  -0.990000E+02  -0.990000E+02  -0.990000E+02  -0.990000E+02  -0.990000E+02  -0.990000E+02  -0.990000E+02  -0.990000E+02  -0.990000E+02  -0.990000E+02  -0.990000E+02  -0.990000E+02  -0.990000E+02  -0.990000E+02  -0.990000E+02  -0.990000E+02  -0.990000E+02  -0.990000E+02  -0.990000E+02  -0.990000E+02   0.229879E+01   0.230062E+01   0.230315E+01   0.230544E+01   0.230764E+01   0.230974E+01   0.231171E+01   0.231357E+01   0.231532E+01   0.231697E+01   0.231852E+01   0.231998E+01   0.232135E+01   0.232263E+01   0.232382E+01   0.232491E+01   0.232575E+01  -0.990000E+02  -0.990000E+02  -0.990000E+02  -0.990000E+02  -0.990000E+02  -0.990000E+02  -0.990000E+02  -0.990000E+02  -0.990000E+02  -0.990000E+02   0.227553E+01   0.227082E+01   0.226511E+01   0.225863E+01   0.225160E+01   0.224396E+01   0.223572E+01   0.222687E+01   0.221741E+01   0.220736E+01   0.219674E+01   0.218556E+01   0.217384E+01   0.216162E+01   0.214893E+01   0.213580E+01   0.212228E+01   0.210841E+01   0.209422E+01   0.207974E+01   0.206503E+01   0.205011E+01   0.203502E+01   0.201979E+01   0.200445E+01   0.198903E+01   0.197355E+01   0.195805E+01   0.194254E+01   0.192705E+01   0.191159E+01   0.189620E+01   0.188089E+01   0.186567E+01   0.185056E+01   0.183171E+01
-0.990000E+02  -0.990000E+02  -0.990000E+02  -0.990000E+02  -0.990000E+02  -0.990000E+02  -0.990000E+02  -0.990000E+02  -0.990000E+02  -0.990000E+02  -0.990000E+02  -0.990000E+02  -0.990000E+02  -0.990000E+02  -0.990000E+02  -0.990000E+02  -0.990000E+02  -0.990000E+02  -0.990000E+02  -0.990000E+02  -0.990000E+02  -0.990000E+02  -0.990000E+02  -0.990000E+02  -0.990000E+02  -0.990000E+02  -0.990000E+02  -0.990000E+02  -0.990000E+02  -0.990000E+02  -0.990000E+02  -0.990000E+02  -0.990000E+02  -0.990000E+02  -0.990000E+02  -0.990000E+02  -0.990000E+02  -0.990000E+02  -0.990000E+02  -0.990000E+02  -0.990000E+02  -0.990000E+02  -0.990000E+02  -0.990000E+02  -0.990000E+02  -0.990000E+02  -0.990000E+02  -0.990000E+02  -0.990000E+02  -0.990000E+02  -0.990000E+02  -0.990000E+02  -0.990000E+02  -0.990000E+02  -0.990000E+02  -0.990000E+02  -0.990000E+02  -0.990000E+02  -0.990000E+02  -0.990000E+02  -0.990000E+02  -0.990000E+02  -0.990000E+02  -0.990000E+02  -0.990000E+02   0.229848E+01   0.230045E+01   0.230304E+01   0.230535E+01   0.230758E+01   0.230968E+01   0.231166E+01   0.231353E+01   0.231529E+01   0.231694E+01   0.231850E+01   0.231996E+01   0.232133E+01   0.232261E+01   0.232381E+01   0.232489E+01   0.232573E+01  -0.990000E+02  -0.990000E+02  -0.990000E+02  -0.990000E+02  -0.990000E+02  -0.990000E+02  -0.990000E+02  -0.990000E+02  -0.990000E+02  -0.990000E+02   0.227554E+01   0.227085E+01   0.226515E+01   0.225869E+01   0.225167E+01   0.224405E+01   0.223583E+01   0.222700E+01   0.221757E+01   0.220755E+01   0.219695E+01   0.218580E+01   0.217411E+01   0.216192E+01   0.214925E+01   0.213616E+01   0.212267E+01   0.210883E+01   0.209466E+01   0.208022E+01   0.206553E+01   0.205064E+01   0.203558E+01   0.202037E+01   0.200505E+01   0.198965E+01   0.197419E+01   0.195870E+01   0.194321E+01   0.192773E+01   0.191228E+01   0.189690E+01   0.188159E+01   0.186638E+01   0.185127E+01   0.183242E+01
-0.990000E+02  -0.990000E+02  -0.990000E+02  -0.990000E+02  -0.990000E+02  -0.990000E+02  -0.990000E+02  -0.990000E+02  -0.990000E+02  -0.990000E+02  -0.990000E+02  -0.990000E+02  -0.990000E+02  -0.990000E+02  -0.990000E+02  -0.990000E+02  -0.990000E+02  -0.990000E+02  -0.990000E+02  -0.990000E+02  -0.990000E+02  -0.990000E+02  -0.990000E+02  -0.990000E+02  -0.990000E+02  -0.990000E+02  -0.990000E+02  -0.990000E+02  -0.990000E+02  -0.990000E+02  -0.990000E+02  -0.990000E+02  -0.990000E+02  -0.990000E+02  -0.990000E+02  -0.990000E+02  -0.990000E+02  -0.990000E+02  -0.990000E+02  -0.990000E+02  -0.990000E+02  -0.990000E+02  -0.990000E+02  -0.990000E+02  -0.990000E+02  -0.990000E+02  -0.990000E+02  -0.990000E+02  -0.990000E+02  -0.990000E+02  -0.990000E+02  -0.990000E+02  -0.990000E+02  -0.990000E+02  -0.990000E+02  -0.990000E+02  -0.990000E+02  -0.990000E+02  -0.990000E+02  -0.990000E+02  -0.990000E+02   0.229611E+01  -0.990000E+02  -0.990000E+02   0.229672E+01   0.229816E+01   0.230029E+01   0.230293E+01   0.230527E+01   0.230751E+01   0.230962E+01   0.231161E+01   0.231349E+01   0.231525E+01   0.231691E+01   0.231847E+01   0.231994E+01   0.232131E+01   0.232260E+01   0.232379E+01   0.232487E+01  -0.990000E+02  -0.990000E+02  -0.990000E+02  -0.990000E+02  -0.990000E+02  -0.990000E+02  -0.990000E+02  -0.990000E+02  -0.990000E+02  -0.990000E+02  -0.990000E+02   0.227064E+01   0.226802E+01   0.226520E+01   0.225874E+01   0.225174E+01   0.224414E+01   0.223594E+01   0.222714E+01   0.221773E+01   0.220774E+01   0.219717E+01   0.218604E+01   0.217438E+01   0.216221E+01   0.214958E+01   0.213652E+01   0.212306E+01   0.210924E+01   0.209511E+01   0.208069E+01   0.206603E+01   0.205117E+01   0.203613E+01   0.202094E+01   0.200564E+01   0.199026E+01   0.197482E+01   0.195889E+01   0.194348E+01   0.192804E+01   0.191263E+01   0.189728E+01   0.188202E+01   0.186683E+01   0.185196E+01   0.183309E+01
-0.990000E+02  -0.990000E+02  -0.990000E+02  -0.990000E+02  -0.990000E+02  -0.990000E+02  -0.990000E+02  -0.990000E+02  -0.990000E+02  -0.990000E+02  -0.990000E+02  -0.990000E+02  -0.990000E+02  -0.990000E+02  -0.990000E+02  -0.990000E+02  -0.990000E+02  -0.990000E+02  -0.990000E+02  -0.990000E+02  -0.990000E+02  -0.990000E+02  -0.990000E+02  -0.990000E+02  -0.990000E+02  -0.990000E+02  -0.990000E+02  -0.990000E+02  -0.990000E+02  -0.990000E+02  -0.990000E+02  -0.990000E+02  -0.990000E+02  -0.990000E+02  -0.990000E+02  -0.990000E+02  -0.990000E+02  -0.990000E+02  -0.990000E+02  -0.990000E+02  -0.990000E+02  -0.990000E+02  -0.990000E+02  -0.990000E+02  -0.990000E+02  -0.990000E+02  -0.990000E+02  -0.990000E+02  -0.990000E+02  -0.990000E+02  -0.990000E+02  -0.990000E+02  -0.990000E+02  -0.990000E+02  -0.990000E+02  -0.990000E+02  -0.990000E+02  -0.990000E+02  -0.990000E+02  -0.990000E+02   0.229406E+01   0.229636E+01   0.229762E+01  -0.990000E+02  -0.990000E+02   0.229893E+01   0.230013E+01   0.230282E+01   0.230518E+01   0.230744E+01   0.230956E+01   0.231157E+01   0.231345E+01   0.231521E+01   0.231688E+01   0.231844E+01   0.231991E+01   0.232129E+01   0.232258E+01   0.232378E+01   0.232485E+01  -0.990000E+02  -0.990000E+02  -0.990000E+02  -0.990000E+02  -0.990000E+02  -0.990000E+02  -0.990000E+02  -0.990000E+02  -0.990000E+02  -0.990000E+02  -0.990000E+02   0.227065E+01   0.226805E+01   0.226203E+01   0.225882E+01   0.225180E+01   0.224423E+01   0.223605E+01   0.222727E+01   0.221789E+01   0.220792E+01   0.219737E+01   0.218627E+01   0.217464E+01   0.216251E+01   0.214990E+01   0.213687E+01   0.212344E+01   0.210965E+01   0.209555E+01   0.208116E+01   0.206653E+01   0.205169E+01   0.203667E+01   0.202151E+01   0.200623E+01   0.199087E+01   0.197494E+01   0.195955E+01   0.194415E+01   0.192867E+01   0.191329E+01   0.189795E+01   0.188270E+01   0.186751E+01   0.185265E+01   0.183376E+01
-0.990000E+02  -0.990000E+02  -0.990000E+02  -0.990000E+02  -0.990000E+02  -0.990000E+02  -0.990000E+02  -0.990000E+02  -0.990000E+02  -0.990000E+02  -0.990000E+02  -0.990000E+02  -0.990000E+02  -0.990000E+02  -0.990000E+02  -0.990000E+02  -0.990000E+02  -0.990000E+02  -0.990000E+02  -0.990000E+02  -0.990000E+02  -0.990000E+02  -0.990000E+02  -0.990000E+02  -0.990000E+02  -0.990000E+02  -0.990000E+02  -0.990000E+02  -0.990000E+02  -0.990000E+02  -0.990000E+02  -0.990000E+02  -0.990000E+02  -0.990000E+02  -0.990000E+02  -0.990000E+02  -0.990000E+02  -0.990000E+02  -0.990000E+02  -0.990000E+02  -0.990000E+02  -0.990000E+02  -0.990000E+02  -0.990000E+02  -0.990000E+02  -0.990000E+02  -0.990000E+02  -0.990000E+02  -0.990000E+02  -0.990000E+02  -0.990000E+02  -0.990000E+02  -0.990000E+02  -0.990000E+02  -0.990000E+02  -0.990000E+02  -0.990000E+02  -0.990000E+02  -0.990000E+02   0.229202E+01   0.229411E+01   0.229599E+01   0.229764E+01  -0.990000E+02  -0.990000E+02   0.229878E+01   0.229997E+01   0.230271E+01   0.230510E+01   0.230737E+01   0.230950E+01   0.231151E+01   0.231340E+01   0.231518E+01   0.231685E+01   0.231841E+01   0.231989E+01   0.232127E+01   0.232256E+01   0.232376E+01   0.232482E+01  -0.990000E+02  -0.990000E+02  -0.990000E+02  -0.990000E+02  -0.990000E+02  -0.990000E+02  -0.990000E+02  -0.990000E+02  -0.990000E+02  -0.990000E+02  -0.990000E+02   0.227067E+01   0.226807E+01   0.226207E+01   0.225887E+01   0.225186E+01   0.224432E+01   0.223616E+01   0.222740E+01   0.221804E+01   0.220810E+01   0.219758E+01   0.218651E+01   0.217490E+01   0.216280E+01   0.215022E+01   0.213722E+01   0.212382E+01   0.211006E+01   0.209598E+01   0.208163E+01   0.206702E+01   0.205221E+01   0.203721E+01   0.202207E+01   0.200682E+01   0.199091E+01   0.197558E+01   0.196020E+01   0.194477E+01   0.192932E+01   0.191395E+01   0.189862E+01   0.188337E+01   0.186819E+01   0.185333E+01   0.183442E+01
-0.990000E+02  -0.990000E+02  -0.990000E+02  -0.990000E+02  -0.990000E+02  -0.990000E+02  -0.990000E+02  -0.990000E+02  -0.990000E+02  -0.990000E+02  -0.990000E+02  -0.990000E+02  -0.990000E+02  -0.990000E+02  -0.990000E+02  -0.990000E+02  -0.990000E+02  -0.990000E+02  -0.990000E+02  -0.990000E+02  -0.990000E+02  -0.990000E+02  -0.990000E+02  -0.990000E+02  -0.990000E+02  -0.990000E+02  -0.990000E+02  -0.990000E+02  -0.990000E+02  -0.990000E+02  -0.990000E+02  -0.990000E+02  -0.990000E+02  -0.990000E+02  -0.990000E+02  -0.990000E+02  -0.990000E+02  -0.990000E+02  -0.990000E+02  -0.990000E+02  -0.990000E+02  -0.990000E+02  -0.990000E+02  -0.990000E+02  -0.990000E+02  -0.990000E+02  -0.990000E+02  -0.990000E+02  -0.990000E+02  -0.990000E+02  -0.990000E+02  -0.990000E+02  -0.990000E+02  -0.990000E+02  -0.990000E+02  -0.990000E+02  -0.990000E+02  -0.990000E+02  -0.990000E+02   0.229109E+01   0.229415E+01   0.229574E+01   0.229759E+01  -0.990000E+02  -0.990000E+02   0.229863E+01   0.229982E+01   0.230259E+01   0.230501E+01   0.230729E+01   0.230944E+01   0.231146E+01   0.231336E+01   0.231514E+01   0.231681E+01   0.231838E+01   0.231986E+01   0.232124E+01   0.232253E+01   0.232374E+01   0.232479E+01  -0.990000E+02  -0.990000E+02  -0.990000E+02  -0.990000E+02  -0.990000E+02  -0.990000E+02  -0.990000E+02  -0.990000E+02  -0.990000E+02  -0.990000E+02  -0.990000E+02   0.227069E+01   0.226809E+01   0.226211E+01   0.225563E+01   0.225195E+01   0.224440E+01   0.223627E+01   0.222753E+01   0.221819E+01   0.220827E+01   0.219778E+01   0.218674E+01   0.217516E+01   0.216309E+01   0.215054E+01   0.213757E+01   0.212419E+01   0.211047E+01   0.209642E+01   0.208209E+01   0.206751E+01   0.205272E+01   0.203775E+01   0.202263E+01   0.200740E+01   0.199151E+01   0.197623E+01   0.196079E+01   0.194540E+01   0.192996E+01   0.191460E+01   0.189928E+01   0.188405E+01   0.186887E+01   0.185402E+01   0.183508E+01
-0.990000E+02  -0.990000E+02  -0.990000E+02  -0.990000E+02  -0.990000E+02  -0.990000E+02  -0.990000E+02  -0.990000E+02  -0.990000E+02  -0.990000E+02  -0.990000E+02  -0.990000E+02  -0.990000E+02  -0.990000E+02  -0.990000E+02  -0.990000E+02  -0.990000E+02  -0.990000E+02  -0.990000E+02  -0.990000E+02  -0.990000E+02  -0.990000E+02  -0.990000E+02  -0.990000E+02  -0.990000E+02  -0.990000E+02  -0.990000E+02  -0.990000E+02  -0.990000E+02  -0.990000E+02  -0.990000E+02  -0.990000E+02  -0.990000E+02  -0.990000E+02  -0.990000E+02  -0.990000E+02  -0.990000E+02  -0.990000E+02  -0.990000E+02  -0.990000E+02  -0.990000E+02  -0.990000E+02  -0.990000E+02  -0.990000E+02  -0.990000E+02  -0.990000E+02  -0.990000E+02  -0.990000E+02  -0.990000E+02  -0.990000E+02  -0.990000E+02  -0.990000E+02  -0.990000E+02  -0.990000E+02  -0.990000E+02  -0.990000E+02  -0.990000E+02  -0.990000E+02  -0.990000E+02   0.229055E+01   0.229379E+01   0.229562E+01   0.229751E+01  -0.990000E+02  -0.990000E+02   0.229848E+01   0.229966E+01   0.230248E+01   0.230492E+01   0.230722E+01   0.230938E+01   0.231141E+01   0.231331E+01   0.231510E+01   0.231678E+01   0.231835E+01   0.231983E+01   0.232122E+01   0.232251E+01   0.232372E+01   0.232476E+01  -0.990000E+02  -0.990000E+02  -0.990000E+02  -0.990000E+02  -0.990000E+02  -0.990000E+02  -0.990000E+02  -0.990000E+02  -0.990000E+02  -0.990000E+02  -0.990000E+02   0.227070E+01   0.226811E+01   0.226214E+01   0.225568E+01   0.225201E+01   0.224446E+01   0.223637E+01   0.222766E+01   0.221834E+01   0.220845E+01   0.219798E+01   0.218697E+01   0.217542E+01   0.216337E+01   0.215085E+01   0.213791E+01   0.212457E+01   0.211087E+01   0.209685E+01   0.208254E+01   0.206799E+01   0.205323E+01   0.203828E+01   0.202319E+01   0.200798E+01   0.199211E+01   0.197689E+01   0.196138E+01   0.194602E+01   0.193060E+01   0.191526E+01   0.189994E+01   0.188472E+01   0.186955E+01   0.185469E+01   0.183574E+01
-0.990000E+02  -0.990000E+02  -0.990000E+02  -0.990000E+02  -0.990000E+02  -0.990000E+02  -0.990000E+02  -0.990000E+02  -0.990000E+02  -0.990000E+02  -0.990000E+02  -0.990000E+02  -0.990000E+02  -0.990000E+02  -0.990000E+02  -0.990000E+02  -0.990000E+02  -0.990000E+02  -0.990000E+02  -0.990000E+02  -0.990000E+02  -0.990000E+02  -0.990000E+02  -0.990000E+02  -0.990000E+02  -0.990000E+02  -0.990000E+02  -0.990000E+02  -0.990000E+02  -0.990000E+02  -0.990000E+02  -0.990000E+02  -0.990000E+02  -0.990000E+02  -0.990000E+02  -0.990000E+02  -0.990000E+02  -0.990000E+02  -0.990000E+02  -0.990000E+02  -0.990000E+02  -0.990000E+02  -0.990000E+02  -0.990000E+02  -0.990000E+02  -0.990000E+02  -0.990000E+02  -0.990000E+02  -0.990000E+02  -0.990000E+02  -0.990000E+02  -0.990000E+02  -0.990000E+02  -0.990000E+02  -0.990000E+02  -0.990000E+02  -0.990000E+02  -0.990000E+02  -0.990000E+02   0.229186E+01   0.229347E+01   0.229556E+01   0.229741E+01  -0.990000E+02  -0.990000E+02   0.229833E+01   0.229951E+01   0.230237E+01   0.230483E+01   0.230715E+01   0.230932E+01   0.231136E+01   0.231327E+01   0.231506E+01   0.231674E+01   0.231832E+01   0.231980E+01   0.232119E+01   0.232249E+01   0.232370E+01   0.232473E+01  -0.990000E+02  -0.990000E+02  -0.990000E+02  -0.990000E+02  -0.990000E+02  -0.990000E+02  -0.990000E+02  -0.990000E+02  -0.990000E+02  -0.990000E+02  -0.990000E+02   0.227071E+01   0.226813E+01   0.226218E+01   0.225573E+01   0.225207E+01   0.224453E+01   0.223648E+01   0.222778E+01   0.221849E+01   0.220862E+01   0.219818E+01   0.218719E+01   0.217567E+01   0.216365E+01   0.215117E+01   0.213825E+01   0.212494E+01   0.211126E+01   0.209727E+01   0.208300E+01   0.206847E+01   0.205373E+01   0.203881E+01   0.202374E+01   0.200791E+01   0.199272E+01   0.197750E+01   0.196197E+01   0.194664E+01   0.193123E+01   0.191590E+01   0.190060E+01   0.188538E+01   0.187022E+01   0.185537E+01   0.183640E+01
-0.990000E+02  -0.990000E+02  -0.990000E+02  -0.990000E+02  -0.990000E+02  -0.990000E+02  -0.990000E+02  -0.990000E+02  -0.990000E+02  -0.990000E+02  -0.990000E+02  -0.990000E+02  -0.990000E+02  -0.990000E+02  -0.990000E+02  -0.990000E+02  -0.990000E+02  -0.990000E+02  -0.990000E+02  -0.990000E+02  -0.990000E+02  -0.990000E+02  -0.990000E+02  -0.990000E+02  -0.990000E+02  -0.990000E+02  -0.990000E+02  -0.990000E+02  -0.990000E+02  -0.990000E+02  -0.990000E+02  -0.990000E+02  -0.990000E+02  -0.990000E+02  -0.990000E+02  -0.990000E+02  -0.990000E+02  -0.990000E+02  -0.990000E+02  -0.990000E+02  -0.990000E+02  -0.990000E+02  -0.990000E+02  -0.990000E+02  -0.990000E+02  -0.990000E+02  -0.990000E+02  -0.990000E+02  -0.990000E+02  -0.990000E+02  -0.990000E+02  -0.990000E+02  -0.990000E+02  -0.990000E+02  -0.990000E+02  -0.990000E+02  -0.990000E+02  -0.990000E+02  -0.990000E+02   0.229147E+01   0.229329E+01   0.229551E+01   0.229729E+01  -0.990000E+02  -0.990000E+02   0.229818E+01   0.229936E+01   0.230226E+01   0.230474E+01   0.230707E+01   0.230926E+01   0.231130E+01   0.231322E+01   0.231502E+01   0.231671E+01   0.231829E+01   0.231977E+01   0.232117E+01   0.232247E+01   0.232368E+01   0.232470E+01  -0.990000E+02  -0.990000E+02  -0.990000E+02  -0.990000E+02  -0.990000E+02  -0.990000E+02  -0.990000E+02  -0.990000E+02  -0.990000E+02  -0.990000E+02  -0.990000E+02   0.227072E+01   0.226815E+01   0.226221E+01   0.225578E+01   0.225213E+01   0.224459E+01   0.223658E+01   0.222790E+01   0.221864E+01   0.220879E+01   0.219838E+01   0.218741E+01   0.217592E+01   0.216393E+01   0.215147E+01   0.213858E+01   0.212530E+01   0.211166E+01   0.209769E+01   0.208345E+01   0.206895E+01   0.205423E+01   0.203934E+01   0.202429E+01   0.200848E+01   0.199335E+01   0.197806E+01   0.196257E+01   0.194726E+01   0.193187E+01   0.191655E+01   0.190126E+01   0.188604E+01   0.187088E+01   0.185604E+01   0.183705E+01
-0.990000E+02  -0.990000E+02  -0.990000E+02  -0.990000E+02  -0.990000E+02  -0.990000E+02  -0.990000E+02  -0.990000E+02  -0.990000E+02  -0.990000E+02  -0.990000E+02  -0.990000E+02  -0.990000E+02  -0.990000E+02  -0.990000E+02  -0.990000E+02  -0.990000E+02  -0.990000E+02  -0.990000E+02  -0.990000E+02  -0.990000E+02  -0.990000E+02  -0.990000E+02  -0.990000E+02  -0.990000E+02  -0.990000E+02  -0.990000E+02  -0.990000E+02  -0.990000E+02  -0.990000E+02  -0.990000E+02  -0.990000E+02  -0.990000E+02  -0.990000E+02  -0.990000E+02  -0.990000E+02  -0.990000E+02  -0.990000E+02  -0.990000E+02  -0.990000E+02  -0.990000E+02  -0.990000E+02  -0.990000E+02  -0.990000E+02  -0.990000E+02  -0.990000E+02  -0.990000E+02  -0.990000E+02  -0.990000E+02  -0.990000E+02  -0.990000E+02  -0.990000E+02  -0.990000E+02  -0.990000E+02  -0.990000E+02  -0.990000E+02  -0.990000E+02  -0.990000E+02   0.228946E+01   0.229108E+01   0.229318E+01   0.229547E+01   0.229715E+01  -0.990000E+02  -0.990000E+02   0.229803E+01   0.229920E+01   0.230214E+01   0.230465E+01   0.230699E+01   0.230919E+01   0.231125E+01   0.231317E+01   0.231498E+01   0.231667E+01   0.231826E+01   0.231975E+01   0.232114E+01   0.232244E+01   0.232366E+01   0.232467E+01  -0.990000E+02  -0.990000E+02  -0.990000E+02  -0.990000E+02  -0.990000E+02  -0.990000E+02  -0.990000E+02  -0.990000E+02  -0.990000E+02  -0.990000E+02  -0.990000E+02   0.227073E+01   0.226817E+01   0.226224E+01   0.225582E+01   0.225219E+01   0.224466E+01   0.223667E+01   0.222802E+01   0.221878E+01   0.220896E+01   0.219857E+01   0.218763E+01   0.217617E+01   0.216421E+01   0.215178E+01   0.213892E+01   0.212566E+01   0.211205E+01   0.209811E+01   0.208389E+01   0.206942E+01   0.205473E+01   0.203986E+01   0.202483E+01   0.200905E+01   0.199397E+01   0.197862E+01   0.196317E+01   0.194788E+01   0.193250E+01   0.191719E+01   0.190191E+01   0.188670E+01   0.187155E+01   0.185670E+01   0.183770E+01
-0.990000E+02  -0.990000E+02  -0.990000E+02  -0.990000E+02  -0.990000E+02  -0.990000E+02  -0.990000E+02  -0.990000E+02  -0.990000E+02  -0.990000E+02  -0.990000E+02  -0.990000E+02  -0.990000E+02  -0.990000E+02  -0.990000E+02  -0.990000E+02  -0.990000E+02  -0.990000E+02  -0.990000E+02  -0.990000E+02  -0.990000E+02  -0.990000E+02  -0.990000E+02  -0.990000E+02  -0.990000E+02  -0.990000E+02  -0.990000E+02  -0.990000E+02  -0.990000E+02  -0.990000E+02  -0.990000E+02  -0.990000E+02  -0.990000E+02  -0.990000E+02  -0.990000E+02  -0.990000E+02  -0.990000E+02  -0.990000E+02  -0.990000E+02  -0.990000E+02  -0.990000E+02  -0.990000E+02  -0.990000E+02  -0.990000E+02  -0.990000E+02  -0.990000E+02  -0.990000E+02  -0.990000E+02  -0.990000E+02  -0.990000E+02  -0.990000E+02  -0.990000E+02  -0.990000E+02  -0.990000E+02  -0.990000E+02  -0.990000E+02  -0.990000E+02  -0.990000E+02   0.228901E+01   0.229085E+01   0.229311E+01   0.229543E+01   0.229702E+01  -0.990000E+02  -0.990000E+02   0.229788E+01   0.229905E+01   0.230203E+01   0.230455E+01   0.230692E+01   0.230913E+01   0.231119E+01   0.231312E+01   0.231493E+01   0.231663E+01   0.231822E+01   0.231971E+01   0.232111E+01   0.232241E+01   0.232363E+01   0.232464E+01  -0.990000E+02  -0.990000E+02  -0.990000E+02  -0.990000E+02  -0.990000E+02  -0.990000E+02  -0.990000E+02  -0.990000E+02  -0.990000E+02  -0.990000E+02  -0.990000E+02   0.227074E+01   0.226818E+01   0.226227E+01   0.225587E+01   0.225225E+01   0.224472E+01   0.223677E+01   0.222814E+01   0.221892E+01   0.220912E+01   0.219876E+01   0.218785E+01   0.217641E+01   0.216448E+01   0.215208E+01   0.213925E+01   0.212602E+01   0.211243E+01   0.209853E+01   0.208433E+01   0.206988E+01   0.205522E+01   0.204037E+01   0.202537E+01   0.200961E+01   0.199458E+01   0.197917E+01   0.196376E+01   0.194849E+01   0.193312E+01   0.191783E+01   0.190255E+01   0.188736E+01   0.187220E+01   0.185737E+01   0.183834E+01
-0.990000E+02  -0.990000E+02  -0.990000E+02  -0.990000E+02  -0.990000E+02  -0.990000E+02  -0.990000E+02  -0.990000E+02  -0.990000E+02  -0.990000E+02  -0.990000E+02  -0.990000E+02  -0.990000E+02  -0.990000E+02  -0.990000E+02  -0.990000E+02  -0.990000E+02  -0.990000E+02  -0.990000E+02  -0.990000E+02  -0.990000E+02  -0.990000E+02  -0.990000E+02  -0.990000E+02  -0.990000E+02  -0.990000E+02  -0.990000E+02  -0.990000E+02  -0.990000E+02  -0.990000E+02  -0.990000E+02  -0.990000E+02  -0.990000E+02  -0.990000E+02  -0.990000E+02  -0.990000E+02  -0.990000E+02  -0.990000E+02  -0.990000E+02  -0.990000E+02  -0.990000E+02  -0.990000E+02  -0.990000E+02  -0.990000E+02  -0.990000E+02  -0.990000E+02  -0.990000E+02  -0.990000E+02  -0.990000E+02  -0.990000E+02  -0.990000E+02  -0.990000E+02  -0.990000E+02  -0.990000E+02  -0.990000E+02  -0.990000E+02  -0.990000E+02   0.228690E+01   0.228856E+01   0.229071E+01   0.229305E+01   0.229538E+01   0.229688E+01  -0.990000E+02  -0.990000E+02   0.229773E+01   0.229890E+01   0.230191E+01   0.230446E+01   0.230684E+01   0.230906E+01   0.231113E+01   0.231307E+01   0.231489E+01   0.231659E+01   0.231819E+01   0.231968E+01   0.232108E+01   0.232239E+01   0.232361E+01   0.232460E+01  -0.990000E+02  -0.990000E+02  -0.990000E+02  -0.990000E+02  -0.990000E+02  -0.990000E+02  -0.990000E+02  -0.990000E+02  -0.990000E+02  -0.990000E+02  -0.990000E+02   0.227075E+01   0.226819E+01   0.226230E+01   0.225591E+01   0.224915E+01   0.224482E+01   0.223686E+01   0.222825E+01   0.221906E+01   0.220928E+01   0.219895E+01   0.218806E+01   0.217665E+01   0.216475E+01   0.215238E+01   0.213957E+01   0.212638E+01   0.211282E+01   0.209894E+01   0.208477E+01   0.207035E+01   0.205571E+01   0.204089E+01   0.202590E+01   0.201017E+01   0.199519E+01   0.197972E+01   0.196435E+01   0.194910E+01   0.193374E+01   0.191846E+01   0.190320E+01   0.188801E+01   0.187286E+01   0.185802E+01   0.183898E+01
-0.990000E+02  -0.990000E+02  -0.990000E+02  -0.990000E+02  -0.990000E+02  -0.990000E+02  -0.990000E+02  -0.990000E+02  -0.990000E+02  -0.990000E+02  -0.990000E+02  -0.990000E+02  -0.990000E+02  -0.990000E+02  -0.990000E+02  -0.990000E+02  -0.990000E+02  -0.990000E+02  -0.990000E+02  -0.990000E+02  -0.990000E+02  -0.990000E+02  -0.990000E+02  -0.990000E+02  -0.990000E+02  -0.990000E+02  -0.990000E+02  -0.990000E+02  -0.990000E+02  -0.990000E+02  -0.990000E+02  -0.990000E+02  -0.990000E+02  -0.990000E+02  -0.990000E+02  -0.990000E+02  -0.990000E+02  -0.990000E+02  -0.990000E+02  -0.990000E+02  -0.990000E+02  -0.990000E+02  -0.990000E+02  -0.990000E+02  -0.990000E+02  -0.990000E+02  -0.990000E+02  -0.990000E+02  -0.990000E+02  -0.990000E+02  -0.990000E+02  -0.990000E+02  -0.990000E+02  -0.990000E+02  -0.990000E+02  -0.990000E+02  -0.990000E+02   0.228638E+01   0.228829E+01   0.229061E+01   0.229300E+01   0.229534E+01   0.229675E+01  -0.990000E+02  -0.990000E+02   0.229758E+01   0.229874E+01   0.230179E+01   0.230436E+01   0.230676E+01   0.230899E+01   0.231107E+01   0.231302E+01   0.231484E+01   0.231655E+01   0.231815E+01   0.231965E+01   0.232105E+01   0.232236E+01   0.232358E+01   0.232457E+01  -0.990000E+02  -0.990000E+02  -0.990000E+02  -0.990000E+02  -0.990000E+02  -0.990000E+02  -0.990000E+02  -0.990000E+02  -0.990000E+02  -0.990000E+02  -0.990000E+02   0.227075E+01   0.226821E+01   0.226232E+01   0.225595E+01   0.224920E+01   0.224489E+01   0.223693E+01   0.222837E+01   0.221919E+01   0.220944E+01   0.219913E+01   0.218828E+01   0.217689E+01   0.216501E+01   0.215267E+01   0.213990E+01   0.212673E+01   0.211320E+01   0.209934E+01   0.208520E+01   0.207081E+01   0.205620E+01   0.204139E+01   0.202643E+01   0.201072E+01   0.199580E+01   0.198027E+01   0.196494E+01   0.194970E+01   0.193436E+01   0.191909E+01   0.190384E+01   0.188865E+01   0.187351E+01   0.185868E+01   0.183962E+01
-0.990000E+02  -0.990000E+02  -0.990000E+02  -0.990000E+02  -0.990000E+02  -0.990000E+02  -0.990000E+02  -0.990000E+02  -0.990000E+02  -0.990000E+02  -0.990000E+02  -0.990000E+02  -0.990000E+02  -0.990000E+02  -0.990000E+02  -0.990000E+02  -0.990000E+02  -0.990000E+02  -0.990000E+02  -0.990000E+02  -0.990000E+02  -0.990000E+02  -0.990000E+02  -0.990000E+02  -0.990000E+02  -0.990000E+02  -0.990000E+02  -0.990000E+02  -0.990000E+02  -0.990000E+02  -0.990000E+02  -0.990000E+02  -0.990000E+02  -0.990000E+02  -0.990000E+02  -0.990000E+02  -0.990000E+02  -0.990000E+02  -0.990000E+02  -0.990000E+02  -0.990000E+02  -0.990000E+02  -0.990000E+02  -0.990000E+02  -0.990000E+02  -0.990000E+02  -0.990000E+02  -0.990000E+02  -0.990000E+02  -0.990000E+02  -0.990000E+02  -0.990000E+02  -0.990000E+02  -0.990000E+02  -0.990000E+02  -0.990000E+02   0.228415E+01   0.228587E+01   0.228813E+01   0.229053E+01   0.229295E+01   0.229529E+01   0.229662E+01  -0.990000E+02  -0.990000E+02   0.229742E+01   0.229859E+01   0.230167E+01   0.230426E+01   0.230668E+01   0.230892E+01   0.231101E+01   0.231297E+01   0.231480E+01   0.231651E+01   0.231811E+01   0.231962E+01   0.232102E+01   0.232233E+01   0.232356E+01   0.232453E+01  -0.990000E+02  -0.990000E+02  -0.990000E+02  -0.990000E+02  -0.990000E+02  -0.990000E+02  -0.990000E+02  -0.990000E+02  -0.990000E+02  -0.990000E+02  -0.990000E+02   0.227076E+01   0.226822E+01   0.226235E+01   0.225599E+01   0.224926E+01   0.224496E+01   0.223700E+01   0.222848E+01   0.221933E+01   0.220960E+01   0.219932E+01   0.218848E+01   0.217713E+01   0.216528E+01   0.215296E+01   0.214022E+01   0.212707E+01   0.211357E+01   0.209975E+01   0.208563E+01   0.207126E+01   0.205668E+01   0.204190E+01   0.202696E+01   0.201127E+01   0.199640E+01   0.198080E+01   0.196553E+01   0.195031E+01   0.193498E+01   0.191972E+01   0.190447E+01   0.188930E+01   0.187416E+01   0.185933E+01   0.184025E+01
-0.990000E+02  -0.990000E+02  -0.990000E+02  -0.990000E+02  -0.990000E+02  -0.990000E+02  -0.990000E+02  -0.990000E+02  -0.990000E+02  -0.990000E+02  -0.990000E+02  -0.990000E+02  -0.990000E+02  -0.990000E+02  -0.990000E+02  -0.990000E+02  -0.990000E+02  -0.990000E+02  -0.990000E+02  -0.990000E+02  -0.990000E+02  -0.990000E+02  -0.990000E+02  -0.990000E+02  -0.990000E+02  -0.990000E+02  -0.990000E+02  -0.990000E+02  -0.990000E+02  -0.990000E+02  -0.990000E+02  -0.990000E+02  -0.990000E+02  -0.990000E+02  -0.990000E+02  -0.990000E+02  -0.990000E+02  -0.990000E+02  -0.990000E+02  -0.990000E+02  -0.990000E+02  -0.990000E+02  -0.990000E+02  -0.990000E+02  -0.990000E+02  -0.990000E+02  -0.990000E+02  -0.990000E+02  -0.990000E+02  -0.990000E+02  -0.990000E+02  -0.990000E+02  -0.990000E+02  -0.990000E+02  -0.990000E+02  -0.990000E+02   0.228354E+01   0.228560E+01   0.228800E+01   0.229047E+01   0.229289E+01   0.229524E+01   0.229649E+01  -0.990000E+02  -0.990000E+02   0.229727E+01   0.229843E+01   0.230155E+01   0.230416E+01   0.230659E+01   0.230885E+01   0.231095E+01   0.231292E+01   0.231475E+01   0.231647E+01   0.231808E+01   0.231958E+01   0.232099E+01   0.232230E+01   0.232353E+01   0.232450E+01  -0.990000E+02  -0.990000E+02  -0.990000E+02  -0.990000E+02  -0.990000E+02  -0.990000E+02  -0.990000E+02  -0.990000E+02  -0.990000E+02  -0.990000E+02  -0.990000E+02   0.227076E+01   0.226823E+01   0.226237E+01   0.225603E+01   0.224931E+01   0.224503E+01   0.223707E+01   0.222859E+01   0.221946E+01   0.220976E+01   0.219950E+01   0.218869E+01   0.217736E+01   0.216554E+01   0.215325E+01   0.214053E+01   0.212742E+01   0.211395E+01   0.210015E+01   0.208606E+01   0.207172E+01   0.205715E+01   0.204240E+01   0.202748E+01   0.201181E+01   0.199699E+01   0.198134E+01   0.196611E+01   0.195091E+01   0.193559E+01   0.192034E+01   0.190511E+01   0.188993E+01   0.187480E+01   0.185997E+01   0.184088E+01
-0.990000E+02  -0.990000E+02  -0.990000E+02  -0.990000E+02  -0.990000E+02  -0.990000E+02  -0.990000E+02  -0.990000E+02  -0.990000E+02  -0.990000E+02  -0.990000E+02  -0.990000E+02  -0.990000E+02  -0.990000E+02  -0.990000E+02  -0.990000E+02  -0.990000E+02  -0.990000E+02  -0.990000E+02  -0.990000E+02  -0.990000E+02  -0.990000E+02  -0.990000E+02  -0.990000E+02  -0.990000E+02  -0.990000E+02  -0.990000E+02  -0.990000E+02  -0.990000E+02  -0.990000E+02  -0.990000E+02  -0.990000E+02  -0.990000E+02  -0.990000E+02  -0.990000E+02  -0.990000E+02  -0.990000E+02  -0.990000E+02  -0.990000E+02  -0.990000E+02  -0.990000E+02  -0.990000E+02  -0.990000E+02  -0.990000E+02  -0.990000E+02  -0.990000E+02  -0.990000E+02  -0.990000E+02  -0.990000E+02  -0.990000E+02  -0.990000E+02  -0.990000E+02  -0.990000E+02  -0.990000E+02  -0.990000E+02   0.228114E+01   0.228303E+01   0.228542E+01   0.228791E+01   0.229041E+01   0.229284E+01   0.229519E+01   0.229637E+01  -0.990000E+02  -0.990000E+02   0.229711E+01   0.229828E+01   0.230143E+01   0.230406E+01   0.230651E+01   0.230878E+01   0.231089E+01   0.231286E+01   0.231470E+01   0.231643E+01   0.231804E+01   0.231954E+01   0.232095E+01   0.232227E+01   0.232350E+01   0.232446E+01  -0.990000E+02  -0.990000E+02  -0.990000E+02  -0.990000E+02  -0.990000E+02  -0.990000E+02  -0.990000E+02  -0.990000E+02  -0.990000E+02  -0.990000E+02  -0.990000E+02   0.227076E+01   0.226823E+01   0.226239E+01   0.225607E+01   0.224937E+01   0.224509E+01   0.223714E+01   0.222869E+01   0.221959E+01   0.220991E+01   0.219967E+01   0.218889E+01   0.217759E+01   0.216580E+01   0.215354E+01   0.214085E+01   0.212776E+01   0.211431E+01   0.210054E+01   0.208648E+01   0.207216E+01   0.205762E+01   0.204289E+01   0.202800E+01   0.201235E+01   0.199757E+01   0.198187E+01   0.196670E+01   0.195150E+01   0.193620E+01   0.192096E+01   0.190574E+01   0.189057E+01   0.187544E+01   0.186062E+01   0.184151E+01
-0.990000E+02  -0.990000E+02  -0.990000E+02  -0.990000E+02  -0.990000E+02  -0.990000E+02  -0.990000E+02  -0.990000E+02  -0.990000E+02  -0.990000E+02  -0.990000E+02  -0.990000E+02  -0.990000E+02  -0.990000E+02  -0.990000E+02  -0.990000E+02  -0.990000E+02  -0.990000E+02  -0.990000E+02  -0.990000E+02  -0.990000E+02  -0.990000E+02  -0.990000E+02  -0.990000E+02  -0.990000E+02  -0.990000E+02  -0.990000E+02  -0.990000E+02  -0.990000E+02  -0.990000E+02  -0.990000E+02  -0.990000E+02  -0.990000E+02  -0.990000E+02  -0.990000E+02  -0.990000E+02  -0.990000E+02  -0.990000E+02  -0.990000E+02  -0.990000E+02  -0.990000E+02  -0.990000E+02  -0.990000E+02  -0.990000E+02  -0.990000E+02  -0.990000E+02  -0.990000E+02  -0.990000E+02  -0.990000E+02  -0.990000E+02  -0.990000E+02  -0.990000E+02  -0.990000E+02  -0.990000E+02   0.227866E+01   0.228043E+01   0.228277E+01   0.228528E+01   0.228783E+01   0.229034E+01   0.229279E+01   0.229510E+01  -0.990000E+02  -0.990000E+02  -0.990000E+02   0.229695E+01   0.229812E+01   0.230130E+01   0.230396E+01   0.230642E+01   0.230871E+01   0.231083E+01   0.231281E+01   0.231465E+01   0.231638E+01   0.231800E+01   0.231951E+01   0.232092E+01   0.232224E+01   0.232347E+01   0.232442E+01  -0.990000E+02  -0.990000E+02  -0.990000E+02  -0.990000E+02  -0.990000E+02  -0.990000E+02  -0.990000E+02  -0.990000E+02  -0.990000E+02  -0.990000E+02  -0.990000E+02   0.227076E+01   0.226824E+01   0.226241E+01   0.225610E+01   0.224942E+01   0.224516E+01   0.223721E+01   0.222880E+01   0.221971E+01   0.221006E+01   0.219985E+01   0.218909E+01   0.217782E+01   0.216605E+01   0.215382E+01   0.214116E+01   0.212810E+01   0.211468E+01   0.210093E+01   0.208690E+01   0.207261E+01   0.205809E+01   0.204338E+01   0.202851E+01   0.201289E+01   0.199815E+01   0.198240E+01   0.196728E+01   0.195209E+01   0.193680E+01   0.192158E+01   0.190636E+01   0.189120E+01   0.187608E+01   0.186126E+01   0.184213E+01
-0.990000E+02  -0.990000E+02  -0.990000E+02  -0.990000E+02  -0.990000E+02  -0.990000E+02  -0.990000E+02  -0.990000E+02  -0.990000E+02  -0.990000E+02  -0.990000E+02  -0.990000E+02  -0.990000E+02  -0.990000E+02  -0.990000E+02  -0.990000E+02  -0.990000E+02  -0.990000E+02  -0.990000E+02  -0.990000E+02  -0.990000E+02  -0.990000E+02  -0.990000E+02  -0.990000E+02  -0.990000E+02  -0.990000E+02  -0.990000E+02  -0.990000E+02  -0.990000E+02  -0.990000E+02  -0.990000E+02  -0.990000E+02  -0.990000E+02  -0.990000E+02  -0.990000E+02  -0.990000E+02  -0.990000E+02  -0.990000E+02  -0.990000E+02  -0.990000E+02  -0.990000E+02  -0.990000E+02  -0.990000E+02  -0.990000E+02  -0.990000E+02  -0.990000E+02  -0.990000E+02  -0.990000E+02  -0.990000E+02  -0.990000E+02  -0.990000E+02  -0.990000E+02  -0.990000E+02  -0.990000E+02   0.227783E+01   0.228004E+01   0.228258E+01   0.228517E+01   0.228776E+01   0.229028E+01   0.229274E+01   0.229500E+01  -0.990000E+02  -0.990000E+02  -0.990000E+02   0.229679E+01   0.229796E+01   0.230117E+01   0.230386E+01   0.230633E+01   0.230863E+01   0.231076E+01   0.231275E+01   0.231460E+01   0.231634E+01   0.231796E+01   0.231947E+01   0.232089E+01   0.232220E+01   0.232344E+01   0.232438E+01  -0.990000E+02  -0.990000E+02  -0.990000E+02  -0.990000E+02  -0.990000E+02  -0.990000E+02  -0.990000E+02  -0.990000E+02  -0.990000E+02  -0.990000E+02  -0.990000E+02   0.227075E+01   0.226824E+01   0.226243E+01   0.225614E+01   0.224947E+01   0.224522E+01   0.223727E+01   0.222890E+01   0.221984E+01   0.221021E+01   0.220002E+01   0.218929E+01   0.217804E+01   0.216630E+01   0.215410E+01   0.214146E+01   0.212843E+01   0.211504E+01   0.210132E+01   0.208732E+01   0.207305E+01   0.205856E+01   0.204387E+01   0.202902E+01   0.201342E+01   0.199872E+01   0.198292E+01   0.196785E+01   0.195268E+01   0.193740E+01   0.192219E+01   0.190698E+01   0.189183E+01   0.187671E+01   0.186189E+01   0.184275E+01
-0.990000E+02  -0.990000E+02  -0.990000E+02  -0.990000E+02  -0.990000E+02  -0.990000E+02  -0.990000E+02  -0.990000E+02  -0.990000E+02  -0.990000E+02  -0.990000E+02  -0.990000E+02  -0.990000E+02  -0.990000E+02  -0.990000E+02  -0.990000E+02  -0.990000E+02  -0.990000E+02  -0.990000E+02  -0.990000E+02  -0.990000E+02  -0.990000E+02  -0.990000E+02  -0.990000E+02  -0.990000E+02  -0.990000E+02  -0.990000E+02  -0.990000E+02  -0.990000E+02  -0.990000E+02  -0.990000E+02  -0.990000E+02  -0.990000E+02  -0.990000E+02  -0.990000E+02  -0.990000E+02  -0.990000E+02  -0.990000E+02  -0.990000E+02  -0.990000E+02  -0.990000E+02  -0.990000E+02  -0.990000E+02  -0.990000E+02  -0.990000E+02  -0.990000E+02  -0.990000E+02  -0.990000E+02  -0.990000E+02  -0.990000E+02  -0.990000E+02  -0.990000E+02  -0.990000E+02   0.227511E+01   0.227723E+01   0.227979E+01   0.228242E+01   0.228508E+01   0.228768E+01   0.229023E+01   0.229267E+01   0.229492E+01  -0.990000E+02  -0.990000E+02  -0.990000E+02   0.229663E+01   0.229779E+01   0.230104E+01   0.230375E+01   0.230625E+01   0.230856E+01   0.231070E+01   0.231269E+01   0.231455E+01   0.231629E+01   0.231791E+01   0.231943E+01   0.232085E+01   0.232217E+01   0.232341E+01   0.232433E+01  -0.990000E+02  -0.990000E+02  -0.990000E+02  -0.990000E+02  -0.990000E+02  -0.990000E+02  -0.990000E+02  -0.990000E+02  -0.990000E+02  -0.990000E+02  -0.990000E+02   0.227075E+01   0.226825E+01   0.226245E+01   0.225617E+01   0.224952E+01   0.224528E+01   0.223733E+01   0.222900E+01   0.221996E+01   0.221035E+01   0.220019E+01   0.218949E+01   0.217826E+01   0.216655E+01   0.215437E+01   0.214177E+01   0.212876E+01   0.211540E+01   0.210171E+01   0.208773E+01   0.207349E+01   0.205902E+01   0.204436E+01   0.202953E+01   0.201395E+01   0.199929E+01   0.198345E+01   0.196843E+01   0.195327E+01   0.193800E+01   0.192280E+01   0.190760E+01   0.189245E+01   0.187734E+01   0.186252E+01   0.184337E+01
-0.990000E+02  -0.990000E+02  -0.990000E+02  -0.990000E+02  -0.990000E+02  -0.990000E+02  -0.990000E+02  -0.990000E+02  -0.990000E+02  -0.990000E+02  -0.990000E+02  -0.990000E+02  -0.990000E+02  -0.990000E+02  -0.990000E+02  -0.990000E+02  -0.990000E+02  -0.990000E+02  -0.990000E+02  -0.990000E+02  -0.990000E+02  -0.990000E+02  -0.990000E+02  -0.990000E+02  -0.990000E+02  -0.990000E+02  -0.990000E+02  -0.990000E+02  -0.990000E+02  -0.990000E+02  -0.990000E+02  -0.990000E+02  -0.990000E+02  -0.990000E+02  -0.990000E+02  -0.990000E+02  -0.990000E+02  -0.990000E+02  -0.990000E+02  -0.990000E+02  -0.990000E+02  -0.990000E+02  -0.990000E+02  -0.990000E+02  -0.990000E+02  -0.990000E+02  -0.990000E+02  -0.990000E+02  -0.990000E+02  -0.990000E+02  -0.990000E+02  -0.990000E+02   0.227223E+01   0.227431E+01   0.227690E+01   0.227959E+01   0.228230E+01   0.228499E+01   0.228761E+01   0.229016E+01   0.229260E+01   0.229484E+01  -0.990000E+02  -0.990000E+02  -0.990000E+02   0.229646E+01   0.229763E+01   0.230091E+01   0.230364E+01   0.230616E+01   0.230848E+01   0.231063E+01   0.231263E+01   0.231450E+01   0.231624E+01   0.231787E+01   0.231939E+01   0.232081E+01   0.232213E+01   0.232337E+01   0.232429E+01  -0.990000E+02  -0.990000E+02  -0.990000E+02  -0.990000E+02  -0.990000E+02  -0.990000E+02  -0.990000E+02  -0.990000E+02  -0.990000E+02  -0.990000E+02  -0.990000E+02   0.227074E+01   0.226825E+01   0.226246E+01   0.225620E+01   0.224956E+01   0.224534E+01   0.223740E+01   0.222910E+01   0.222008E+01   0.221050E+01   0.220036E+01   0.218968E+01   0.217848E+01   0.216680E+01   0.215465E+01   0.214207E+01   0.212909E+01   0.211576E+01   0.210209E+01   0.208813E+01   0.207392E+01   0.205948E+01   0.204484E+01   0.203003E+01   0.201448E+01   0.199985E+01   0.198396E+01   0.196900E+01   0.195385E+01   0.193860E+01   0.192340E+01   0.190821E+01   0.189307E+01   0.187796E+01   0.186315E+01   0.184398E+01
-0.990000E+02  -0.990000E+02  -0.990000E+02  -0.990000E+02  -0.990000E+02  -0.990000E+02  -0.990000E+02  -0.990000E+02  -0.990000E+02  -0.990000E+02  -0.990000E+02  -0.990000E+02  -0.990000E+02  -0.990000E+02  -0.990000E+02  -0.990000E+02  -0.990000E+02  -0.990000E+02  -0.990000E+02  -0.990000E+02  -0.990000E+02  -0.990000E+02  -0.990000E+02  -0.990000E+02  -0.990000E+02  -0.990000E+02  -0.990000E+02  -0.990000E+02  -0.990000E+02  -0.990000E+02  -0.990000E+02  -0.990000E+02  -0.990000E+02  -0.990000E+02  -0.990000E+02  -0.990000E+02  -0.990000E+02  -0.990000E+02  -0.990000E+02  -0.990000E+02  -0.990000E+02  -0.990000E+02  -0.990000E+02  -0.990000E+02  -0.990000E+02  -0.990000E+02  -0.990000E+02  -0.990000E+02  -0.990000E+02  -0.990000E+02  -0.990000E+02   0.226900E+01   0.227127E+01   0.227391E+01   0.227665E+01   0.227943E+01   0.228219E+01   0.228490E+01   0.228755E+01   0.229009E+01   0.229253E+01   0.229475E+01  -0.990000E+02  -0.990000E+02  -0.990000E+02   0.229630E+01   0.229746E+01   0.230078E+01   0.230353E+01   0.230606E+01   0.230840E+01   0.231056E+01   0.231257E+01   0.231445E+01   0.231619E+01   0.231783E+01   0.231935E+01   0.232077E+01   0.232210E+01   0.232334E+01   0.232425E+01  -0.990000E+02  -0.990000E+02  -0.990000E+02  -0.990000E+02  -0.990000E+02  -0.990000E+02  -0.990000E+02  -0.990000E+02  -0.990000E+02  -0.990000E+02  -0.990000E+02   0.227074E+01   0.226825E+01   0.226248E+01   0.225623E+01   0.224961E+01   0.224540E+01   0.223746E+01   0.222920E+01   0.222020E+01   0.221064E+01   0.220052E+01   0.218987E+01   0.217870E+01   0.216704E+01   0.215492E+01   0.214237E+01   0.212942E+01   0.211611E+01   0.210247E+01   0.208854E+01   0.207435E+01   0.205993E+01   0.204531E+01   0.203053E+01   0.201500E+01   0.200041E+01   0.198448E+01   0.196957E+01   0.195442E+01   0.193919E+01   0.192400E+01   0.190882E+01   0.189369E+01   0.187858E+01   0.186377E+01   0.184459E+01
-0.990000E+02  -0.990000E+02  -0.990000E+02  -0.990000E+02  -0.990000E+02  -0.990000E+02  -0.990000E+02  -0.990000E+02  -0.990000E+02  -0.990000E+02  -0.990000E+02  -0.990000E+02  -0.990000E+02  -0.990000E+02  -0.990000E+02  -0.990000E+02  -0.990000E+02  -0.990000E+02  -0.990000E+02  -0.990000E+02  -0.990000E+02  -0.990000E+02  -0.990000E+02  -0.990000E+02  -0.990000E+02  -0.990000E+02  -0.990000E+02  -0.990000E+02  -0.990000E+02  -0.990000E+02  -0.990000E+02  -0.990000E+02  -0.990000E+02  -0.990000E+02  -0.990000E+02  -0.990000E+02  -0.990000E+02  -0.990000E+02  -0.990000E+02  -0.990000E+02  -0.990000E+02  -0.990000E+02  -0.990000E+02  -0.990000E+02  -0.990000E+02  -0.990000E+02  -0.990000E+02  -0.990000E+02  -0.990000E+02  -0.990000E+02   0.226568E+01   0.226790E+01   0.227079E+01   0.227360E+01   0.227645E+01   0.227929E+01   0.228209E+01   0.228482E+01   0.228747E+01   0.229001E+01   0.229247E+01   0.229465E+01  -0.990000E+02  -0.990000E+02  -0.990000E+02   0.229612E+01   0.229728E+01   0.230064E+01   0.230342E+01   0.230597E+01   0.230832E+01   0.231049E+01   0.231251E+01   0.231439E+01   0.231614E+01   0.231778E+01   0.231931E+01   0.232073E+01   0.232213E+01   0.232330E+01  -0.990000E+02  -0.990000E+02  -0.990000E+02  -0.990000E+02  -0.990000E+02  -0.990000E+02  -0.990000E+02  -0.990000E+02  -0.990000E+02  -0.990000E+02  -0.990000E+02  -0.990000E+02   0.227073E+01   0.226825E+01   0.226249E+01   0.225625E+01   0.224965E+01   0.224545E+01   0.223752E+01   0.222929E+01   0.222032E+01   0.221078E+01   0.220069E+01   0.219006E+01   0.217892E+01   0.216728E+01   0.215519E+01   0.214266E+01   0.212974E+01   0.211646E+01   0.210285E+01   0.208894E+01   0.207478E+01   0.206038E+01   0.204579E+01   0.203103E+01   0.201552E+01   0.200096E+01   0.198499E+01   0.197014E+01   0.195500E+01   0.193977E+01   0.192460E+01   0.190943E+01   0.189430E+01   0.187920E+01   0.186439E+01   0.184520E+01
-0.990000E+02  -0.990000E+02  -0.990000E+02  -0.990000E+02  -0.990000E+02  -0.990000E+02  -0.990000E+02  -0.990000E+02  -0.990000E+02  -0.990000E+02  -0.990000E+02  -0.990000E+02  -0.990000E+02  -0.990000E+02  -0.990000E+02  -0.990000E+02  -0.990000E+02  -0.990000E+02  -0.990000E+02  -0.990000E+02  -0.990000E+02  -0.990000E+02  -0.990000E+02  -0.990000E+02  -0.990000E+02  -0.990000E+02  -0.990000E+02  -0.990000E+02  -0.990000E+02  -0.990000E+02  -0.990000E+02  -0.990000E+02  -0.990000E+02  -0.990000E+02  -0.990000E+02  -0.990000E+02  -0.990000E+02  -0.990000E+02  -0.990000E+02  -0.990000E+02  -0.990000E+02  -0.990000E+02  -0.990000E+02  -0.990000E+02  -0.990000E+02  -0.990000E+02  -0.990000E+02  -0.990000E+02  -0.990000E+02   0.226205E+01   0.226451E+01   0.226734E+01   0.227042E+01   0.227335E+01   0.227628E+01   0.227917E+01   0.228199E+01   0.228474E+01   0.228739E+01   0.228993E+01   0.229241E+01   0.229455E+01  -0.990000E+02  -0.990000E+02  -0.990000E+02   0.229595E+01   0.229711E+01   0.230050E+01   0.230330E+01   0.230587E+01   0.230823E+01   0.231042E+01   0.231245E+01   0.231433E+01   0.231609E+01   0.231773E+01   0.231926E+01   0.232069E+01   0.232209E+01   0.232325E+01  -0.990000E+02  -0.990000E+02  -0.990000E+02  -0.990000E+02  -0.990000E+02  -0.990000E+02  -0.990000E+02  -0.990000E+02  -0.990000E+02  -0.990000E+02  -0.990000E+02  -0.990000E+02   0.227072E+01   0.226824E+01   0.226250E+01   0.225628E+01   0.224969E+01   0.224551E+01   0.223758E+01   0.222939E+01   0.222043E+01   0.221092E+01   0.220085E+01   0.219025E+01   0.217913E+01   0.216752E+01   0.215546E+01   0.214296E+01   0.213006E+01   0.211681E+01   0.210322E+01   0.208934E+01   0.207520E+01   0.206083E+01   0.204626E+01   0.203152E+01   0.201603E+01   0.200151E+01   0.198550E+01   0.197070E+01   0.195557E+01   0.194036E+01   0.192520E+01   0.191003E+01   0.189491E+01   0.187981E+01   0.186501E+01   0.184580E+01
-0.990000E+02  -0.990000E+02  -0.990000E+02  -0.990000E+02  -0.990000E+02  -0.990000E+02  -0.990000E+02  -0.990000E+02  -0.990000E+02  -0.990000E+02  -0.990000E+02  -0.990000E+02  -0.990000E+02  -0.990000E+02  -0.990000E+02  -0.990000E+02  -0.990000E+02  -0.990000E+02  -0.990000E+02  -0.990000E+02  -0.990000E+02  -0.990000E+02  -0.990000E+02  -0.990000E+02  -0.990000E+02  -0.990000E+02  -0.990000E+02  -0.990000E+02  -0.990000E+02  -0.990000E+02  -0.990000E+02  -0.990000E+02  -0.990000E+02  -0.990000E+02  -0.990000E+02  -0.990000E+02  -0.990000E+02  -0.990000E+02  -0.990000E+02  -0.990000E+02  -0.990000E+02  -0.990000E+02  -0.990000E+02  -0.990000E+02  -0.990000E+02  -0.990000E+02  -0.990000E+02   0.225606E+01   0.225814E+01   0.226092E+01   0.226388E+01   0.226691E+01   0.227011E+01   0.227314E+01   0.227613E+01   0.227905E+01   0.228190E+01   0.228466E+01   0.228730E+01   0.228986E+01   0.229236E+01   0.229443E+01  -0.990000E+02  -0.990000E+02  -0.990000E+02   0.229577E+01   0.229694E+01   0.230009E+01   0.230319E+01   0.230578E+01   0.230815E+01   0.231035E+01   0.231239E+01   0.231428E+01   0.231604E+01   0.231769E+01   0.231922E+01   0.232066E+01   0.232205E+01   0.232320E+01  -0.990000E+02  -0.990000E+02  -0.990000E+02  -0.990000E+02  -0.990000E+02  -0.990000E+02  -0.990000E+02  -0.990000E+02  -0.990000E+02  -0.990000E+02  -0.990000E+02  -0.990000E+02   0.227071E+01   0.226824E+01   0.226251E+01   0.225631E+01   0.224973E+01   0.224556E+01   0.223764E+01   0.222948E+01   0.222055E+01   0.221105E+01   0.220101E+01   0.219044E+01   0.217934E+01   0.216776E+01   0.215572E+01   0.214325E+01   0.213038E+01   0.211715E+01   0.210359E+01   0.208974E+01   0.207562E+01   0.206128E+01   0.204673E+01   0.203201E+01   0.201655E+01   0.200205E+01   0.198600E+01   0.197126E+01   0.195613E+01   0.194094E+01   0.192579E+01   0.191063E+01   0.189551E+01   0.188042E+01   0.186562E+01   0.184640E+01
-0.990000E+02  -0.990000E+02  -0.990000E+02  -0.990000E+02  -0.990000E+02  -0.990000E+02  -0.990000E+02  -0.990000E+02  -0.990000E+02  -0.990000E+02  -0.990000E+02  -0.990000E+02  -0.990000E+02  -0.990000E+02  -0.990000E+02  -0.990000E+02  -0.990000E+02  -0.990000E+02  -0.990000E+02  -0.990000E+02  -0.990000E+02  -0.990000E+02  -0.990000E+02  -0.990000E+02  -0.990000E+02  -0.990000E+02  -0.990000E+02  -0.990000E+02  -0.990000E+02  -0.990000E+02  -0.990000E+02  -0.990000E+02  -0.990000E+02  -0.990000E+02  -0.990000E+02  -0.990000E+02  -0.990000E+02  -0.990000E+02  -0.990000E+02  -0.990000E+02  -0.990000E+02  -0.990000E+02  -0.990000E+02  -0.990000E+02  -0.990000E+02   0.224955E+01   0.225139E+01   0.225408E+01   0.225709E+01   0.226021E+01   0.226337E+01   0.226655E+01   0.226986E+01   0.227296E+01   0.227599E+01   0.227894E+01   0.228181E+01   0.228456E+01   0.228721E+01   0.228979E+01   0.229230E+01   0.229430E+01  -0.990000E+02  -0.990000E+02  -0.990000E+02   0.229559E+01   0.229676E+01   0.229995E+01   0.230307E+01   0.230568E+01   0.230807E+01   0.231028E+01   0.231232E+01   0.231422E+01   0.231599E+01   0.231764E+01   0.231918E+01   0.232062E+01   0.232201E+01   0.232314E+01  -0.990000E+02  -0.990000E+02  -0.990000E+02  -0.990000E+02  -0.990000E+02  -0.990000E+02  -0.990000E+02  -0.990000E+02  -0.990000E+02  -0.990000E+02  -0.990000E+02  -0.990000E+02   0.227070E+01   0.226824E+01   0.226252E+01   0.225633E+01   0.224977E+01   0.224561E+01   0.223769E+01   0.222957E+01   0.222066E+01   0.221119E+01   0.220117E+01   0.219062E+01   0.217955E+01   0.216800E+01   0.215598E+01   0.214354E+01   0.213070E+01   0.211750E+01   0.210396E+01   0.209013E+01   0.207604E+01   0.206172E+01   0.204719E+01   0.203249E+01   0.201705E+01   0.200259E+01   0.198651E+01   0.197182E+01   0.195670E+01   0.194152E+01   0.192638E+01   0.191123E+01   0.189612E+01   0.188103E+01   0.186623E+01   0.184700E+01
-0.990000E+02  -0.990000E+02  -0.990000E+02  -0.990000E+02  -0.990000E+02  -0.990000E+02  -0.990000E+02  -0.990000E+02  -0.990000E+02  -0.990000E+02  -0.990000E+02  -0.990000E+02  -0.990000E+02  -0.990000E+02  -0.990000E+02  -0.990000E+02  -0.990000E+02  -0.990000E+02  -0.990000E+02  -0.990000E+02  -0.990000E+02  -0.990000E+02  -0.990000E+02  -0.990000E+02  -0.990000E+02  -0.990000E+02  -0.990000E+02  -0.990000E+02  -0.990000E+02  -0.990000E+02  -0.990000E+02  -0.990000E+02  -0.990000E+02  -0.990000E+02  -0.990000E+02  -0.990000E+02  -0.990000E+02  -0.990000E+02  -0.990000E+02  -0.990000E+02  -0.990000E+02  -0.990000E+02  -0.990000E+02   0.224184E+01   0.224381E+01   0.224663E+01   0.224975E+01   0.225299E+01   0.225630E+01   0.225963E+01   0.226295E+01   0.226624E+01   0.226964E+01   0.227279E+01   0.227586E+01   0.227884E+01   0.228170E+01   0.228446E+01   0.228713E+01   0.228973E+01   0.229225E+01   0.229416E+01  -0.990000E+02  -0.990000E+02  -0.990000E+02   0.229541E+01   0.229658E+01   0.229980E+01   0.230295E+01   0.230558E+01   0.230798E+01   0.231020E+01   0.231226E+01   0.231416E+01   0.231594E+01   0.231759E+01   0.231913E+01   0.232058E+01   0.232197E+01   0.232309E+01  -0.990000E+02  -0.990000E+02  -0.990000E+02  -0.990000E+02  -0.990000E+02  -0.990000E+02  -0.990000E+02  -0.990000E+02  -0.990000E+02  -0.990000E+02  -0.990000E+02  -0.990000E+02   0.227069E+01   0.226823E+01   0.226253E+01   0.225635E+01   0.224981E+01   0.224566E+01   0.223775E+01   0.222966E+01   0.222077E+01   0.221132E+01   0.220133E+01   0.219080E+01   0.217976E+01   0.216823E+01   0.215624E+01   0.214382E+01   0.213101E+01   0.211783E+01   0.210433E+01   0.209053E+01   0.207646E+01   0.206216E+01   0.204765E+01   0.203298E+01   0.201756E+01   0.200312E+01   0.198701E+01   0.197238E+01   0.195726E+01   0.194209E+01   0.192696E+01   0.191182E+01   0.189671E+01   0.188164E+01   0.186683E+01   0.184759E+01
-0.990000E+02  -0.990000E+02  -0.990000E+02  -0.990000E+02  -0.990000E+02  -0.990000E+02  -0.990000E+02  -0.990000E+02  -0.990000E+02  -0.990000E+02  -0.990000E+02  -0.990000E+02  -0.990000E+02  -0.990000E+02  -0.990000E+02  -0.990000E+02  -0.990000E+02  -0.990000E+02  -0.990000E+02  -0.990000E+02  -0.990000E+02  -0.990000E+02  -0.990000E+02  -0.990000E+02  -0.990000E+02  -0.990000E+02  -0.990000E+02  -0.990000E+02  -0.990000E+02  -0.990000E+02  -0.990000E+02  -0.990000E+02  -0.990000E+02  -0.990000E+02  -0.990000E+02  -0.990000E+02  -0.990000E+02  -0.990000E+02  -0.990000E+02  -0.990000E+02  -0.990000E+02   0.223227E+01   0.223492E+01   0.223817E+01   0.224154E+01   0.224502E+01   0.224855E+01   0.225210E+01   0.225564E+01   0.225914E+01   0.226260E+01   0.226598E+01   0.226944E+01   0.227264E+01   0.227573E+01   0.227872E+01   0.228159E+01   0.228436E+01   0.228705E+01   0.228966E+01   0.229219E+01   0.229400E+01  -0.990000E+02  -0.990000E+02  -0.990000E+02   0.229523E+01   0.229639E+01   0.229965E+01   0.230283E+01   0.230548E+01   0.230790E+01   0.231013E+01   0.231219E+01   0.231410E+01   0.231588E+01   0.231754E+01   0.231909E+01   0.232053E+01   0.232193E+01   0.232304E+01  -0.990000E+02  -0.990000E+02  -0.990000E+02  -0.990000E+02  -0.990000E+02  -0.990000E+02  -0.990000E+02  -0.990000E+02  -0.990000E+02  -0.990000E+02  -0.990000E+02  -0.990000E+02   0.227068E+01   0.226822E+01   0.226253E+01   0.225637E+01   0.224985E+01   0.224571E+01   0.223780E+01   0.222975E+01   0.222088E+01   0.221145E+01   0.220148E+01   0.219098E+01   0.217996E+01   0.216846E+01   0.215650E+01   0.214411E+01   0.213132E+01   0.211817E+01   0.210469E+01   0.209091E+01   0.207687E+01   0.206259E+01   0.204811E+01   0.203346E+01   0.201806E+01   0.200365E+01   0.198751E+01   0.197293E+01   0.195781E+01   0.194266E+01   0.192754E+01   0.191241E+01   0.189731E+01   0.188224E+01   0.186744E+01   0.184818E+01
-0.990000E+02  -0.990000E+02  -0.990000E+02  -0.990000E+02  -0.990000E+02  -0.990000E+02  -0.990000E+02  -0.990000E+02  -0.990000E+02  -0.990000E+02  -0.990000E+02  -0.990000E+02  -0.990000E+02  -0.990000E+02  -0.990000E+02  -0.990000E+02  -0.990000E+02  -0.990000E+02  -0.990000E+02  -0.990000E+02  -0.990000E+02  -0.990000E+02  -0.990000E+02  -0.990000E+02  -0.990000E+02  -0.990000E+02  -0.990000E+02  -0.990000E+02  -0.990000E+02  -0.990000E+02  -0.990000E+02  -0.990000E+02  -0.990000E+02  -0.990000E+02  -0.990000E+02  -0.990000E+02  -0.990000E+02   0.221444E+01   0.221720E+01   0.222055E+01   0.222418E+01   0.222799E+01   0.223189E+01   0.223590E+01   0.223982E+01   0.224371E+01   0.224756E+01   0.225135E+01   0.225508E+01   0.225873E+01   0.226229E+01   0.226575E+01   0.226926E+01   0.227249E+01   0.227561E+01   0.227860E+01   0.228148E+01   0.228427E+01   0.228698E+01   0.228960E+01   0.229214E+01   0.229385E+01  -0.990000E+02  -0.990000E+02  -0.990000E+02   0.229504E+01   0.229620E+01   0.229950E+01   0.230271E+01   0.230537E+01   0.230781E+01   0.231005E+01   0.231212E+01   0.231404E+01   0.231583E+01   0.231749E+01   0.231904E+01   0.232049E+01   0.232189E+01   0.232298E+01  -0.990000E+02  -0.990000E+02  -0.990000E+02  -0.990000E+02  -0.990000E+02  -0.990000E+02  -0.990000E+02  -0.990000E+02  -0.990000E+02  -0.990000E+02  -0.990000E+02  -0.990000E+02   0.227066E+01   0.226822E+01   0.226254E+01   0.225639E+01   0.224988E+01   0.224576E+01   0.223786E+01   0.222983E+01   0.222098E+01   0.221158E+01   0.220164E+01   0.219116E+01   0.218017E+01   0.216869E+01   0.215675E+01   0.214439E+01   0.213163E+01   0.211850E+01   0.210505E+01   0.209130E+01   0.207728E+01   0.206303E+01   0.204857E+01   0.203393E+01   0.201856E+01   0.200418E+01   0.198800E+01   0.197348E+01   0.195837E+01   0.194323E+01   0.192812E+01   0.191299E+01   0.189790E+01   0.188283E+01   0.186804E+01   0.184877E+01
-0.990000E+02  -0.990000E+02  -0.990000E+02  -0.990000E+02  -0.990000E+02  -0.990000E+02  -0.990000E+02  -0.990000E+02  -0.990000E+02  -0.990000E+02  -0.990000E+02  -0.990000E+02  -0.990000E+02  -0.990000E+02  -0.990000E+02  -0.990000E+02  -0.990000E+02  -0.990000E+02  -0.990000E+02  -0.990000E+02  -0.990000E+02  -0.990000E+02  -0.990000E+02  -0.990000E+02  -0.990000E+02  -0.990000E+02  -0.990000E+02  -0.990000E+02  -0.990000E+02  -0.990000E+02   0.217449E+01   0.217458E+01   0.217880E+01   0.218398E+01   0.218936E+01   0.219472E+01   0.220003E+01   0.220524E+01   0.221035E+01   0.221532E+01   0.222018E+01   0.222490E+01   0.222949E+01   0.223404E+01   0.223839E+01   0.224262E+01   0.224674E+01   0.225074E+01   0.225462E+01   0.225838E+01   0.226202E+01   0.226554E+01   0.226909E+01   0.227234E+01   0.227547E+01   0.227847E+01   0.228136E+01   0.228418E+01   0.228691E+01   0.228954E+01   0.229208E+01   0.229369E+01  -0.990000E+02  -0.990000E+02  -0.990000E+02   0.229484E+01   0.229601E+01   0.229934E+01   0.230258E+01   0.230527E+01   0.230772E+01   0.230997E+01   0.231205E+01   0.231398E+01   0.231577E+01   0.231744E+01   0.231899E+01   0.232045E+01   0.232184E+01   0.232293E+01  -0.990000E+02  -0.990000E+02  -0.990000E+02  -0.990000E+02  -0.990000E+02  -0.990000E+02  -0.990000E+02  -0.990000E+02  -0.990000E+02  -0.990000E+02  -0.990000E+02  -0.990000E+02   0.227065E+01   0.226821E+01   0.226254E+01   0.225641E+01   0.224992E+01   0.224580E+01   0.223791E+01   0.222992E+01   0.222109E+01   0.221171E+01   0.220179E+01   0.219133E+01   0.218037E+01   0.216892E+01   0.215701E+01   0.214467E+01   0.213193E+01   0.211884E+01   0.210541E+01   0.209168E+01   0.207768E+01   0.206345E+01   0.204902E+01   0.203440E+01   0.201906E+01   0.200470E+01   0.198849E+01   0.197403E+01   0.195892E+01   0.194379E+01   0.192869E+01   0.191358E+01   0.189849E+01   0.188343E+01   0.186863E+01   0.184935E+01
-0.990000E+02  -0.990000E+02  -0.990000E+02  -0.990000E+02  -0.990000E+02  -0.990000E+02  -0.990000E+02  -0.990000E+02  -0.990000E+02  -0.990000E+02  -0.990000E+02  -0.990000E+02  -0.990000E+02  -0.990000E+02  -0.990000E+02  -0.990000E+02  -0.990000E+02  -0.990000E+02  -0.990000E+02  -0.990000E+02  -0.990000E+02  -0.990000E+02  -0.990000E+02   0.199126E+01   0.201522E+01   0.204348E+01   0.206711E+01   0.208753E+01   0.210527E+01   0.212081E+01   0.213451E+01   0.214667E+01   0.215754E+01   0.216734E+01   0.217625E+01   0.218437E+01   0.219184E+01   0.219876E+01   0.220522E+01   0.221127E+01   0.221698E+01   0.222238E+01   0.222753E+01   0.223253E+01   0.223722E+01   0.224173E+01   0.224606E+01   0.225022E+01   0.225422E+01   0.225807E+01   0.226178E+01   0.226534E+01   0.226892E+01   0.227219E+01   0.227532E+01   0.227833E+01   0.228126E+01   0.228409E+01   0.228683E+01   0.228948E+01   0.229202E+01   0.229352E+01  -0.990000E+02  -0.990000E+02  -0.990000E+02   0.229464E+01   0.229581E+01   0.229919E+01   0.230246E+01   0.230516E+01   0.230763E+01   0.230989E+01   0.231198E+01   0.231392E+01   0.231571E+01   0.231739E+01   0.231894E+01   0.232040E+01   0.232180E+01   0.232287E+01  -0.990000E+02  -0.990000E+02  -0.990000E+02  -0.990000E+02  -0.990000E+02  -0.990000E+02  -0.990000E+02  -0.990000E+02  -0.990000E+02  -0.990000E+02  -0.990000E+02  -0.990000E+02   0.227063E+01   0.226820E+01   0.226255E+01   0.225643E+01   0.224995E+01   0.224585E+01   0.223796E+01   0.223000E+01   0.222119E+01   0.221184E+01   0.220194E+01   0.219151E+01   0.218057E+01   0.216914E+01   0.215726E+01   0.214494E+01   0.213224E+01   0.211916E+01   0.210576E+01   0.209206E+01   0.207809E+01   0.206388E+01   0.204947E+01   0.203487E+01   0.201955E+01   0.200521E+01   0.198898E+01   0.197457E+01   0.195946E+01   0.194436E+01   0.192926E+01   0.191416E+01   0.189907E+01   0.188402E+01   0.186922E+01   0.184993E+01
-0.990000E+02  -0.990000E+02  -0.990000E+02  -0.990000E+02  -0.990000E+02  -0.990000E+02  -0.990000E+02  -0.990000E+02  -0.990000E+02  -0.990000E+02  -0.990000E+02  -0.990000E+02  -0.990000E+02  -0.990000E+02  -0.990000E+02  -0.990000E+02   0.695443E+00   0.734658E+00   0.842327E+00   0.129825E+01   0.156645E+01   0.170767E+01   0.180342E+01   0.187492E+01   0.193094E+01   0.197610E+01   0.201323E+01   0.204418E+01   0.207027E+01   0.209249E+01   0.211156E+01   0.212806E+01   0.214246E+01   0.215512E+01   0.216637E+01   0.217640E+01   0.218542E+01   0.219361E+01   0.220110E+01   0.220800E+01   0.221439E+01   0.222036E+01   0.222595E+01   0.223130E+01   0.223628E+01   0.224100E+01   0.224549E+01   0.224978E+01   0.225387E+01   0.225779E+01   0.226155E+01   0.226515E+01   0.226874E+01   0.227201E+01   0.227516E+01   0.227821E+01   0.228116E+01   0.228401E+01   0.228677E+01   0.228942E+01   0.229196E+01   0.229336E+01  -0.990000E+02  -0.990000E+02  -0.990000E+02   0.229444E+01   0.229561E+01   0.229903E+01   0.230233E+01   0.230505E+01   0.230754E+01   0.230981E+01   0.231191E+01   0.231385E+01   0.231566E+01   0.231733E+01   0.231889E+01   0.232036E+01   0.232175E+01   0.232281E+01  -0.990000E+02  -0.990000E+02  -0.990000E+02  -0.990000E+02  -0.990000E+02  -0.990000E+02  -0.990000E+02  -0.990000E+02  -0.990000E+02  -0.990000E+02  -0.990000E+02  -0.990000E+02   0.227061E+01   0.226818E+01   0.226255E+01   0.225644E+01   0.224998E+01   0.224589E+01   0.223801E+01   0.223008E+01   0.222130E+01   0.221196E+01   0.220208E+01   0.219168E+01   0.218076E+01   0.216936E+01   0.215750E+01   0.214522E+01   0.213254E+01   0.211949E+01   0.210611E+01   0.209243E+01   0.207849E+01   0.206430E+01   0.204991E+01   0.203534E+01   0.202004E+01   0.200573E+01   0.198947E+01   0.197511E+01   0.196000E+01   0.194491E+01   0.192983E+01   0.191473E+01   0.189966E+01   0.188460E+01   0.186981E+01   0.185051E+01
-0.990000E+02  -0.990000E+02  -0.990000E+02  -0.990000E+02  -0.990000E+02  -0.990000E+02  -0.990000E+02  -0.990000E+02  -0.990000E+02  -0.990000E+02  -0.990000E+02  -0.990000E+02  -0.990000E+02  -0.990000E+02  -0.990000E+02  -0.990000E+02   0.695396E+00   0.734947E+00   0.767985E+00   0.810022E+00   0.115747E+01   0.150791E+01   0.167582E+01   0.178353E+01   0.186187E+01   0.192235E+01   0.197064E+01   0.201007E+01   0.204276E+01   0.207020E+01   0.209346E+01   0.211335E+01   0.213050E+01   0.214541E+01   0.215851E+01   0.217004E+01   0.218031E+01   0.218951E+01   0.219783E+01   0.220540E+01   0.221234E+01   0.221874E+01   0.222468E+01   0.223030E+01   0.223549E+01   0.224037E+01   0.224499E+01   0.224938E+01   0.225355E+01   0.225753E+01   0.226132E+01   0.226493E+01   0.226854E+01   0.227184E+01   0.227502E+01   0.227809E+01   0.228106E+01   0.228393E+01   0.228670E+01   0.228935E+01   0.229190E+01   0.229320E+01  -0.990000E+02  -0.990000E+02  -0.990000E+02   0.229423E+01   0.229540E+01   0.229887E+01   0.230220E+01   0.230494E+01   0.230744E+01   0.230973E+01   0.231184E+01   0.231379E+01   0.231560E+01   0.231728E+01   0.231884E+01   0.232031E+01   0.232171E+01   0.232276E+01  -0.990000E+02  -0.990000E+02  -0.990000E+02  -0.990000E+02  -0.990000E+02  -0.990000E+02  -0.990000E+02  -0.990000E+02  -0.990000E+02  -0.990000E+02  -0.990000E+02  -0.990000E+02   0.227059E+01   0.226817E+01   0.226255E+01   0.225646E+01   0.225001E+01   0.224593E+01   0.223806E+01   0.223016E+01   0.222140E+01   0.221208E+01   0.220223E+01   0.219185E+01   0.218096E+01   0.216958E+01   0.215775E+01   0.214549E+01   0.213283E+01   0.211981E+01   0.210646E+01   0.209281E+01   0.207888E+01   0.206472E+01   0.205035E+01   0.203580E+01   0.202052E+01   0.200623E+01   0.198995E+01   0.197565E+01   0.196054E+01   0.194547E+01   0.193039E+01   0.191530E+01   0.190023E+01   0.188519E+01   0.187040E+01   0.185109E+01
-0.990000E+02  -0.990000E+02  -0.990000E+02  -0.990000E+02  -0.990000E+02  -0.990000E+02  -0.990000E+02  -0.990000E+02  -0.990000E+02  -0.990000E+02  -0.990000E+02  -0.990000E+02  -0.990000E+02  -0.990000E+02  -0.990000E+02  -0.990000E+02   0.695283E+00   0.734834E+00   0.767870E+00   0.798074E+00   0.845584E+00   0.122229E+01   0.154255E+01   0.169929E+01   0.180184E+01   0.187714E+01   0.193556E+01   0.198235E+01   0.202062E+01   0.205239E+01   0.207908E+01   0.210171E+01   0.212108E+01   0.213779E+01   0.215234E+01   0.216507E+01   0.217630E+01   0.218629E+01   0.219525E+01   0.220333E+01   0.221068E+01   0.221741E+01   0.222361E+01   0.222944E+01   0.223480E+01   0.223982E+01   0.224455E+01   0.224902E+01   0.225324E+01   0.225725E+01   0.226107E+01   0.226470E+01   0.226834E+01   0.227166E+01   0.227487E+01   0.227798E+01   0.228097E+01   0.228386E+01   0.228663E+01   0.228930E+01   0.229175E+01  -0.990000E+02  -0.990000E+02  -0.990000E+02  -0.990000E+02   0.229402E+01   0.229519E+01   0.229870E+01   0.230206E+01   0.230483E+01   0.230734E+01   0.230965E+01   0.231177E+01   0.231372E+01   0.231554E+01   0.231722E+01   0.231879E+01   0.232026E+01   0.232166E+01   0.232270E+01  -0.990000E+02  -0.990000E+02  -0.990000E+02  -0.990000E+02  -0.990000E+02  -0.990000E+02  -0.990000E+02  -0.990000E+02  -0.990000E+02  -0.990000E+02  -0.990000E+02  -0.990000E+02   0.227057E+01   0.226816E+01   0.226255E+01   0.225647E+01   0.225004E+01   0.224597E+01   0.223810E+01   0.223024E+01   0.222149E+01   0.221220E+01   0.220237E+01   0.219201E+01   0.218115E+01   0.216980E+01   0.215799E+01   0.214576E+01   0.213313E+01   0.212013E+01   0.210680E+01   0.209318E+01   0.207928E+01   0.206514E+01   0.205079E+01   0.203626E+01   0.202100E+01   0.200674E+01   0.199044E+01   0.197618E+01   0.196108E+01   0.194602E+01   0.193095E+01   0.191587E+01   0.190081E+01   0.188577E+01   0.187098E+01   0.185166E+01
-0.990000E+02  -0.990000E+02  -0.990000E+02  -0.990000E+02  -0.990000E+02  -0.990000E+02  -0.990000E+02  -0.990000E+02  -0.990000E+02  -0.990000E+02  -0.990000E+02  -0.990000E+02  -0.990000E+02  -0.990000E+02  -0.990000E+02  -0.990000E+02   0.695167E+00   0.734718E+00   0.767754E+00   0.797963E+00   0.827264E+00   0.933836E+00   0.139195E+01   0.162155E+01   0.175057E+01   0.183996E+01   0.190732E+01   0.196034E+01   0.200319E+01   0.203845E+01   0.206785E+01   0.209264E+01   0.211372E+01   0.213182E+01   0.214749E+01   0.216112E+01   0.217309E+01   0.218368E+01   0.219313E+01   0.220161E+01   0.220928E+01   0.221627E+01   0.222269E+01   0.222870E+01   0.223419E+01   0.223932E+01   0.224413E+01   0.224865E+01   0.225292E+01   0.225696E+01   0.226080E+01   0.226446E+01   0.226813E+01   0.227150E+01   0.227474E+01   0.227787E+01   0.228088E+01   0.228378E+01   0.228656E+01   0.228922E+01   0.229163E+01  -0.990000E+02  -0.990000E+02  -0.990000E+02  -0.990000E+02   0.229381E+01   0.229497E+01   0.229853E+01   0.230192E+01   0.230471E+01   0.230725E+01   0.230956E+01   0.231169E+01   0.231365E+01   0.231547E+01   0.231717E+01   0.231874E+01   0.232021E+01   0.232161E+01   0.232263E+01  -0.990000E+02  -0.990000E+02  -0.990000E+02  -0.990000E+02  -0.990000E+02  -0.990000E+02  -0.990000E+02  -0.990000E+02  -0.990000E+02  -0.990000E+02  -0.990000E+02  -0.990000E+02   0.227055E+01   0.226814E+01   0.226254E+01   0.225648E+01   0.225006E+01   0.224601E+01   0.223815E+01   0.223032E+01   0.222159E+01   0.221232E+01   0.220251E+01   0.219218E+01   0.218134E+01   0.217001E+01   0.215823E+01   0.214602E+01   0.213342E+01   0.212045E+01   0.210715E+01   0.209354E+01   0.207967E+01   0.206555E+01   0.205123E+01   0.203671E+01   0.202148E+01   0.200723E+01   0.199092E+01   0.197671E+01   0.196161E+01   0.194657E+01   0.193151E+01   0.191643E+01   0.190138E+01   0.188634E+01   0.187155E+01   0.185223E+01
-0.990000E+02  -0.990000E+02  -0.990000E+02  -0.990000E+02  -0.990000E+02  -0.990000E+02  -0.990000E+02  -0.990000E+02  -0.990000E+02  -0.990000E+02  -0.990000E+02  -0.990000E+02  -0.990000E+02  -0.990000E+02  -0.990000E+02  -0.990000E+02   0.695048E+00   0.734598E+00   0.767634E+00   0.797843E+00   0.827396E+00   0.865004E+00   0.120925E+01   0.154906E+01   0.170684E+01   0.180933E+01   0.188442E+01   0.194262E+01   0.198919E+01   0.202724E+01   0.205880E+01   0.208528E+01   0.210772E+01   0.212691E+01   0.214347E+01   0.215783E+01   0.217039E+01   0.218147E+01   0.219131E+01   0.220012E+01   0.220807E+01   0.221528E+01   0.222187E+01   0.222802E+01   0.223362E+01   0.223883E+01   0.224369E+01   0.224826E+01   0.225256E+01   0.225663E+01   0.226051E+01   0.226422E+01   0.226794E+01   0.227134E+01   0.227462E+01   0.227777E+01   0.228080E+01   0.228370E+01   0.228649E+01   0.228912E+01   0.229152E+01  -0.990000E+02  -0.990000E+02  -0.990000E+02  -0.990000E+02   0.229359E+01   0.229476E+01   0.229836E+01   0.230178E+01   0.230460E+01   0.230715E+01   0.230947E+01   0.231161E+01   0.231359E+01   0.231541E+01   0.231711E+01   0.231869E+01   0.232016E+01   0.232156E+01   0.232257E+01  -0.990000E+02  -0.990000E+02  -0.990000E+02  -0.990000E+02  -0.990000E+02  -0.990000E+02  -0.990000E+02  -0.990000E+02  -0.990000E+02  -0.990000E+02  -0.990000E+02  -0.990000E+02   0.227052E+01   0.226812E+01   0.226254E+01   0.225649E+01   0.225009E+01   0.224604E+01   0.223819E+01   0.223039E+01   0.222168E+01   0.221243E+01   0.220265E+01   0.219234E+01   0.218152E+01   0.217022E+01   0.215847E+01   0.214629E+01   0.213371E+01   0.212076E+01   0.210749E+01   0.209391E+01   0.208005E+01   0.206596E+01   0.205166E+01   0.203717E+01   0.202196E+01   0.200773E+01   0.199139E+01   0.197723E+01   0.196213E+01   0.194711E+01   0.193206E+01   0.191699E+01   0.190194E+01   0.188691E+01   0.187213E+01   0.185279E+01
-0.990000E+02  -0.990000E+02  -0.990000E+02  -0.990000E+02  -0.990000E+02  -0.990000E+02  -0.990000E+02  -0.990000E+02  -0.990000E+02  -0.990000E+02  -0.990000E+02  -0.990000E+02  -0.990000E+02  -0.990000E+02  -0.990000E+02  -0.990000E+02   0.694925E+00   0.734475E+00   0.767511E+00   0.797719E+00   0.827270E+00   0.855938E+00   0.102751E+01   0.147708E+01   0.166764E+01   0.178277E+01   0.186483E+01   0.192754E+01   0.197730E+01   0.201772E+01   0.205110E+01   0.207902E+01   0.210260E+01   0.212271E+01   0.214002E+01   0.215499E+01   0.216806E+01   0.217955E+01   0.218973E+01   0.219881E+01   0.220697E+01   0.221436E+01   0.222109E+01   0.222734E+01   0.223302E+01   0.223829E+01   0.224321E+01   0.224782E+01   0.225217E+01   0.225630E+01   0.226023E+01   0.226400E+01   0.226775E+01   0.227120E+01   0.227450E+01   0.227767E+01   0.228070E+01   0.228362E+01   0.228640E+01   0.228903E+01   0.229140E+01  -0.990000E+02  -0.990000E+02  -0.990000E+02  -0.990000E+02   0.229337E+01   0.229453E+01   0.229818E+01   0.230164E+01   0.230448E+01   0.230705E+01   0.230939E+01   0.231153E+01   0.231351E+01   0.231535E+01   0.231705E+01   0.231863E+01   0.232011E+01   0.232151E+01   0.232251E+01  -0.990000E+02  -0.990000E+02  -0.990000E+02  -0.990000E+02  -0.990000E+02  -0.990000E+02  -0.990000E+02  -0.990000E+02  -0.990000E+02  -0.990000E+02  -0.990000E+02  -0.990000E+02   0.227050E+01   0.226810E+01   0.226253E+01   0.225650E+01   0.225011E+01   0.224608E+01   0.223823E+01   0.223046E+01   0.222177E+01   0.221255E+01   0.220279E+01   0.219250E+01   0.218171E+01   0.217043E+01   0.215870E+01   0.214655E+01   0.213399E+01   0.212107E+01   0.210782E+01   0.209427E+01   0.208044E+01   0.206637E+01   0.205208E+01   0.203761E+01   0.202243E+01   0.200822E+01   0.199186E+01   0.197775E+01   0.196265E+01   0.194765E+01   0.193261E+01   0.191755E+01   0.190251E+01   0.188748E+01   0.187270E+01   0.185335E+01
-0.990000E+02  -0.990000E+02  -0.990000E+02  -0.990000E+02  -0.990000E+02  -0.990000E+02  -0.990000E+02  -0.990000E+02  -0.990000E+02  -0.990000E+02  -0.990000E+02  -0.990000E+02  -0.990000E+02  -0.990000E+02  -0.990000E+02  -0.990000E+02   0.694798E+00   0.734348E+00   0.767383E+00   0.797592E+00   0.827143E+00   0.855804E+00   0.934468E+00   0.140113E+01   0.163128E+01   0.175910E+01   0.184766E+01   0.191444E+01   0.196702E+01   0.200951E+01   0.204447E+01   0.207362E+01   0.209818E+01   0.211907E+01   0.213701E+01   0.215249E+01   0.216597E+01   0.217780E+01   0.218824E+01   0.219754E+01   0.220588E+01   0.221340E+01   0.222024E+01   0.222658E+01   0.223234E+01   0.223769E+01   0.224268E+01   0.224736E+01   0.225178E+01   0.225598E+01   0.225997E+01   0.226379E+01   0.226759E+01   0.227106E+01   0.227439E+01   0.227757E+01   0.228062E+01   0.228354E+01   0.228629E+01   0.228894E+01   0.229127E+01  -0.990000E+02  -0.990000E+02  -0.990000E+02  -0.990000E+02   0.229314E+01   0.229430E+01   0.229800E+01   0.230150E+01   0.230436E+01   0.230694E+01   0.230930E+01   0.231145E+01   0.231344E+01   0.231528E+01   0.231699E+01   0.231857E+01   0.232006E+01   0.232146E+01   0.232245E+01  -0.990000E+02  -0.990000E+02  -0.990000E+02  -0.990000E+02  -0.990000E+02  -0.990000E+02  -0.990000E+02  -0.990000E+02  -0.990000E+02  -0.990000E+02  -0.990000E+02  -0.990000E+02   0.227047E+01   0.226808E+01   0.226252E+01   0.225650E+01   0.225013E+01   0.224611E+01   0.223827E+01   0.223053E+01   0.222186E+01   0.221266E+01   0.220292E+01   0.219266E+01   0.218189E+01   0.217064E+01   0.215893E+01   0.214680E+01   0.213427E+01   0.212138E+01   0.210815E+01   0.209462E+01   0.208082E+01   0.206677E+01   0.205251E+01   0.203806E+01   0.202289E+01   0.200870E+01   0.199233E+01   0.197827E+01   0.196317E+01   0.194818E+01   0.193315E+01   0.191810E+01   0.190306E+01   0.188804E+01   0.187326E+01   0.185391E+01
-0.990000E+02  -0.990000E+02  -0.990000E+02  -0.990000E+02  -0.990000E+02  -0.990000E+02  -0.990000E+02  -0.990000E+02  -0.990000E+02  -0.990000E+02  -0.990000E+02  -0.990000E+02  -0.990000E+02  -0.990000E+02  -0.990000E+02  -0.990000E+02   0.694667E+00   0.734217E+00   0.767252E+00   0.797461E+00   0.827011E+00   0.856005E+00   0.900922E+00   0.131880E+01   0.159729E+01   0.173779E+01   0.183239E+01   0.190282E+01   0.195787E+01   0.200216E+01   0.203847E+01   0.206867E+01   0.209407E+01   0.211562E+01   0.213410E+01   0.215001E+01   0.216385E+01   0.217596E+01   0.218665E+01   0.219614E+01   0.220464E+01   0.221231E+01   0.221928E+01   0.222573E+01   0.223160E+01   0.223705E+01   0.224213E+01   0.224690E+01   0.225141E+01   0.225567E+01   0.225973E+01   0.226359E+01   0.226743E+01   0.227093E+01   0.227427E+01   0.227747E+01   0.228053E+01   0.228343E+01   0.228619E+01   0.228887E+01   0.229113E+01  -0.990000E+02  -0.990000E+02  -0.990000E+02  -0.990000E+02   0.229290E+01   0.229407E+01   0.229782E+01   0.230135E+01   0.230423E+01   0.230684E+01   0.230920E+01   0.231137E+01   0.231337E+01   0.231521E+01   0.231692E+01   0.231852E+01   0.232001E+01   0.232140E+01   0.232238E+01  -0.990000E+02  -0.990000E+02  -0.990000E+02  -0.990000E+02  -0.990000E+02  -0.990000E+02  -0.990000E+02  -0.990000E+02  -0.990000E+02  -0.990000E+02  -0.990000E+02  -0.990000E+02   0.227044E+01   0.226806E+01   0.226251E+01   0.225651E+01   0.225015E+01   0.224614E+01   0.223831E+01   0.223060E+01   0.222195E+01   0.221277E+01   0.220305E+01   0.219281E+01   0.218207E+01   0.217084E+01   0.215916E+01   0.214706E+01   0.213455E+01   0.212168E+01   0.210848E+01   0.209497E+01   0.208119E+01   0.206717E+01   0.205293E+01   0.203850E+01   0.202336E+01   0.200918E+01   0.199280E+01   0.197878E+01   0.196369E+01   0.194871E+01   0.193369E+01   0.191865E+01   0.190362E+01   0.188860E+01   0.187382E+01   0.185446E+01
-0.990000E+02  -0.990000E+02  -0.990000E+02  -0.990000E+02  -0.990000E+02  -0.990000E+02  -0.990000E+02  -0.990000E+02  -0.990000E+02  -0.990000E+02  -0.990000E+02  -0.990000E+02  -0.990000E+02  -0.990000E+02  -0.990000E+02  -0.990000E+02   0.694533E+00   0.734082E+00   0.767117E+00   0.797325E+00   0.826875E+00   0.855965E+00   0.888235E+00   0.122442E+01   0.156250E+01   0.171649E+01   0.181712E+01   0.189109E+01   0.194853E+01   0.199455E+01   0.203217E+01   0.206340E+01   0.208960E+01   0.211182E+01   0.213084E+01   0.214720E+01   0.216141E+01   0.217384E+01   0.218480E+01   0.219453E+01   0.220324E+01   0.221109E+01   0.221823E+01   0.222483E+01   0.223084E+01   0.223641E+01   0.224160E+01   0.224647E+01   0.225106E+01   0.225539E+01   0.225950E+01   0.226341E+01   0.226728E+01   0.227080E+01   0.227416E+01   0.227737E+01   0.228042E+01   0.228331E+01   0.228609E+01   0.228879E+01   0.229096E+01  -0.990000E+02  -0.990000E+02  -0.990000E+02  -0.990000E+02   0.229266E+01   0.229383E+01   0.229763E+01   0.230120E+01   0.230411E+01   0.230673E+01   0.230911E+01   0.231129E+01   0.231329E+01   0.231515E+01   0.231686E+01   0.231846E+01   0.231995E+01   0.232135E+01   0.232231E+01  -0.990000E+02  -0.990000E+02  -0.990000E+02  -0.990000E+02  -0.990000E+02  -0.990000E+02  -0.990000E+02  -0.990000E+02  -0.990000E+02  -0.990000E+02  -0.990000E+02  -0.990000E+02   0.227041E+01   0.226803E+01   0.226250E+01   0.225651E+01   0.225016E+01   0.224616E+01   0.223834E+01   0.223066E+01   0.222204E+01   0.221287E+01   0.220318E+01   0.219296E+01   0.218224E+01   0.217104E+01   0.215939E+01   0.214731E+01   0.213483E+01   0.212199E+01   0.210881E+01   0.209532E+01   0.208157E+01   0.206756E+01   0.205334E+01   0.203893E+01   0.202382E+01   0.200966E+01   0.199326E+01   0.197929E+01   0.196420E+01   0.194924E+01   0.193423E+01   0.191920E+01   0.190417E+01   0.188916E+01   0.187438E+01   0.185501E+01
-0.990000E+02  -0.990000E+02  -0.990000E+02  -0.990000E+02  -0.990000E+02  -0.990000E+02  -0.990000E+02  -0.990000E+02  -0.990000E+02  -0.990000E+02  -0.990000E+02  -0.990000E+02  -0.990000E+02  -0.990000E+02  -0.990000E+02  -0.990000E+02   0.694394E+00   0.733942E+00   0.766977E+00   0.797185E+00   0.826736E+00   0.855823E+00   0.883398E+00   0.111263E+01   0.152000E+01   0.169131E+01   0.179917E+01   0.187731E+01   0.193754E+01   0.198558E+01   0.202473E+01   0.205715E+01   0.208432E+01   0.210735E+01   0.212700E+01   0.214392E+01   0.215859E+01   0.217143E+01   0.218273E+01   0.219276E+01   0.220174E+01   0.220982E+01   0.221716E+01   0.222394E+01   0.223010E+01   0.223580E+01   0.224111E+01   0.224607E+01   0.225074E+01   0.225513E+01   0.225929E+01   0.226324E+01   0.226713E+01   0.227067E+01   0.227405E+01   0.227726E+01   0.228030E+01   0.228320E+01   0.228600E+01   0.228872E+01   0.229077E+01  -0.990000E+02  -0.990000E+02  -0.990000E+02  -0.990000E+02   0.229242E+01   0.229359E+01   0.229744E+01   0.230104E+01   0.230398E+01   0.230662E+01   0.230901E+01   0.231120E+01   0.231322E+01   0.231508E+01   0.231680E+01   0.231840E+01   0.231989E+01   0.232129E+01   0.232224E+01  -0.990000E+02  -0.990000E+02  -0.990000E+02  -0.990000E+02  -0.990000E+02  -0.990000E+02  -0.990000E+02  -0.990000E+02  -0.990000E+02  -0.990000E+02  -0.990000E+02  -0.990000E+02   0.227038E+01   0.226801E+01   0.226248E+01   0.225651E+01   0.225018E+01   0.224619E+01   0.223838E+01   0.223072E+01   0.222212E+01   0.221298E+01   0.220330E+01   0.219311E+01   0.218242E+01   0.217124E+01   0.215961E+01   0.214755E+01   0.213510E+01   0.212228E+01   0.210913E+01   0.209567E+01   0.208194E+01   0.206795E+01   0.205376E+01   0.203937E+01   0.202427E+01   0.201013E+01   0.199373E+01   0.197979E+01   0.196470E+01   0.194977E+01   0.193476E+01   0.191974E+01   0.190472E+01   0.188971E+01   0.187493E+01   0.185556E+01
-0.990000E+02  -0.990000E+02  -0.990000E+02  -0.990000E+02  -0.990000E+02  -0.990000E+02  -0.990000E+02  -0.990000E+02  -0.990000E+02  -0.990000E+02  -0.990000E+02  -0.990000E+02  -0.990000E+02  -0.990000E+02  -0.990000E+02  -0.990000E+02   0.694250E+00   0.733799E+00   0.766833E+00   0.797041E+00   0.826591E+00   0.855679E+00   0.882272E+00   0.100897E+01   0.146252E+01   0.165959E+01   0.177720E+01   0.186071E+01   0.192444E+01   0.197498E+01   0.201603E+01   0.204993E+01   0.207830E+01   0.210230E+01   0.212275E+01   0.214033E+01   0.215557E+01   0.216888E+01   0.218059E+01   0.219097E+01   0.220024E+01   0.220858E+01   0.221614E+01   0.222310E+01   0.222942E+01   0.223525E+01   0.224066E+01   0.224571E+01   0.225045E+01   0.225490E+01   0.225910E+01   0.226307E+01   0.226698E+01   0.227054E+01   0.227393E+01   0.227713E+01   0.228017E+01   0.228309E+01   0.228592E+01   0.228864E+01   0.229057E+01  -0.990000E+02  -0.990000E+02  -0.990000E+02  -0.990000E+02   0.229217E+01   0.229334E+01   0.229724E+01   0.230088E+01   0.230385E+01   0.230651E+01   0.230892E+01   0.231112E+01   0.231314E+01   0.231500E+01   0.231673E+01   0.231833E+01   0.231984E+01   0.232123E+01   0.232217E+01  -0.990000E+02  -0.990000E+02  -0.990000E+02  -0.990000E+02  -0.990000E+02  -0.990000E+02  -0.990000E+02  -0.990000E+02  -0.990000E+02  -0.990000E+02  -0.990000E+02  -0.990000E+02   0.227034E+01   0.226798E+01   0.226247E+01   0.225650E+01   0.225019E+01   0.224621E+01   0.223841E+01   0.223078E+01   0.222220E+01   0.221308E+01   0.220343E+01   0.219326E+01   0.218259E+01   0.217144E+01   0.215983E+01   0.214780E+01   0.213537E+01   0.212258E+01   0.210945E+01   0.209601E+01   0.208230E+01   0.206834E+01   0.205417E+01   0.203980E+01   0.202473E+01   0.201059E+01   0.199418E+01   0.198029E+01   0.196520E+01   0.195029E+01   0.193528E+01   0.192027E+01   0.190526E+01   0.189026E+01   0.187548E+01   0.185610E+01
-0.990000E+02  -0.990000E+02  -0.990000E+02  -0.990000E+02  -0.990000E+02  -0.990000E+02  -0.990000E+02  -0.990000E+02  -0.990000E+02  -0.990000E+02  -0.990000E+02  -0.990000E+02  -0.990000E+02  -0.990000E+02  -0.990000E+02  -0.990000E+02   0.694102E+00   0.733650E+00   0.766685E+00   0.796892E+00   0.826442E+00   0.855530E+00   0.882285E+00   0.947591E+00   0.138454E+01   0.162126E+01   0.175180E+01   0.184200E+01   0.190995E+01   0.196344E+01   0.200669E+01   0.204229E+01   0.207200E+01   0.209709E+01   0.211843E+01   0.213675E+01   0.215260E+01   0.216642E+01   0.217855E+01   0.218929E+01   0.219886E+01   0.220745E+01   0.221521E+01   0.222235E+01   0.222881E+01   0.223475E+01   0.224026E+01   0.224539E+01   0.225018E+01   0.225467E+01   0.225890E+01   0.226290E+01   0.226684E+01   0.227041E+01   0.227379E+01   0.227698E+01   0.228003E+01   0.228299E+01   0.228584E+01   0.228857E+01   0.229036E+01  -0.990000E+02  -0.990000E+02  -0.990000E+02  -0.990000E+02   0.229191E+01   0.229308E+01   0.229704E+01   0.230072E+01   0.230371E+01   0.230639E+01   0.230882E+01   0.231103E+01   0.231306E+01   0.231493E+01   0.231666E+01   0.231827E+01   0.231978E+01   0.232117E+01   0.232210E+01  -0.990000E+02  -0.990000E+02  -0.990000E+02  -0.990000E+02  -0.990000E+02  -0.990000E+02  -0.990000E+02  -0.990000E+02  -0.990000E+02  -0.990000E+02  -0.990000E+02  -0.990000E+02   0.227031E+01   0.226795E+01   0.226245E+01   0.225650E+01   0.225020E+01   0.224623E+01   0.223844E+01   0.223084E+01   0.222228E+01   0.221318E+01   0.220355E+01   0.219340E+01   0.218275E+01   0.217163E+01   0.216005E+01   0.214804E+01   0.213564E+01   0.212287E+01   0.210976E+01   0.209635E+01   0.208266E+01   0.206873E+01   0.205457E+01   0.204022E+01   0.202517E+01   0.201105E+01   0.199464E+01   0.198079E+01   0.196570E+01   0.195080E+01   0.193581E+01   0.192080E+01   0.190579E+01   0.189080E+01   0.187603E+01   0.185664E+01
-0.990000E+02  -0.990000E+02  -0.990000E+02  -0.990000E+02  -0.990000E+02  -0.990000E+02  -0.990000E+02  -0.990000E+02  -0.990000E+02  -0.990000E+02  -0.990000E+02  -0.990000E+02  -0.990000E+02  -0.990000E+02  -0.990000E+02  -0.990000E+02   0.693950E+00   0.733497E+00   0.766532E+00   0.796739E+00   0.826289E+00   0.855376E+00   0.882286E+00   0.920452E+00   0.128267E+01   0.157823E+01   0.172490E+01   0.182276E+01   0.189532E+01   0.195197E+01   0.199752E+01   0.203488E+01   0.206597E+01   0.209215E+01   0.211437E+01   0.213341E+01   0.214985E+01   0.216416E+01   0.217670E+01   0.218777E+01   0.219762E+01   0.220643E+01   0.221438E+01   0.222167E+01   0.222826E+01   0.223431E+01   0.223990E+01   0.224508E+01   0.224992E+01   0.225445E+01   0.225871E+01   0.226274E+01   0.226669E+01   0.227026E+01   0.227362E+01   0.227683E+01   0.227991E+01   0.228289E+01   0.228576E+01   0.228849E+01   0.229016E+01  -0.990000E+02  -0.990000E+02  -0.990000E+02  -0.990000E+02   0.229165E+01   0.229282E+01   0.229684E+01   0.230056E+01   0.230357E+01   0.230627E+01   0.230871E+01   0.231094E+01   0.231298E+01   0.231485E+01   0.231659E+01   0.231821E+01   0.231972E+01   0.232110E+01   0.232203E+01  -0.990000E+02  -0.990000E+02  -0.990000E+02  -0.990000E+02  -0.990000E+02  -0.990000E+02  -0.990000E+02  -0.990000E+02  -0.990000E+02  -0.990000E+02  -0.990000E+02  -0.990000E+02   0.227027E+01   0.226791E+01   0.226243E+01   0.225649E+01   0.225021E+01   0.224625E+01   0.223847E+01   0.223090E+01   0.222235E+01   0.221327E+01   0.220367E+01   0.219354E+01   0.218292E+01   0.217182E+01   0.216026E+01   0.214828E+01   0.213590E+01   0.212316E+01   0.211007E+01   0.209669E+01   0.208302E+01   0.206911E+01   0.205497E+01   0.204064E+01   0.202562E+01   0.201151E+01   0.199509E+01   0.198128E+01   0.196619E+01   0.195131E+01   0.193632E+01   0.192133E+01   0.190633E+01   0.189134E+01   0.187657E+01   0.185717E+01
-0.990000E+02  -0.990000E+02  -0.990000E+02  -0.990000E+02  -0.990000E+02  -0.990000E+02  -0.990000E+02  -0.990000E+02  -0.990000E+02  -0.990000E+02  -0.990000E+02  -0.990000E+02  -0.990000E+02  -0.990000E+02  -0.990000E+02  -0.990000E+02   0.693793E+00   0.733340E+00   0.766374E+00   0.796581E+00   0.826131E+00   0.855217E+00   0.882148E+00   0.910515E+00   0.116283E+01   0.153293E+01   0.169849E+01   0.180440E+01   0.188162E+01   0.194135E+01   0.198911E+01   0.202813E+01   0.206050E+01   0.208770E+01   0.211074E+01   0.213043E+01   0.214741E+01   0.216216E+01   0.217506E+01   0.218642E+01   0.219651E+01   0.220553E+01   0.221364E+01   0.222107E+01   0.222776E+01   0.223390E+01   0.223955E+01   0.224479E+01   0.224967E+01   0.225423E+01   0.225853E+01   0.226257E+01   0.226652E+01   0.227007E+01   0.227345E+01   0.227668E+01   0.227980E+01   0.228280E+01   0.228567E+01   0.228841E+01   0.228995E+01  -0.990000E+02  -0.990000E+02  -0.990000E+02  -0.990000E+02   0.229138E+01   0.229255E+01   0.229663E+01   0.230039E+01   0.230343E+01   0.230615E+01   0.230861E+01   0.231085E+01   0.231289E+01   0.231478E+01   0.231652E+01   0.231814E+01   0.231965E+01   0.232104E+01   0.232195E+01  -0.990000E+02  -0.990000E+02  -0.990000E+02  -0.990000E+02  -0.990000E+02  -0.990000E+02  -0.990000E+02  -0.990000E+02  -0.990000E+02  -0.990000E+02  -0.990000E+02  -0.990000E+02   0.227023E+01   0.226788E+01   0.226241E+01   0.225648E+01   0.225021E+01   0.224626E+01   0.223849E+01   0.223095E+01   0.222242E+01   0.221337E+01   0.220378E+01   0.219368E+01   0.218308E+01   0.217200E+01   0.216047E+01   0.214851E+01   0.213616E+01   0.212344E+01   0.211038E+01   0.209702E+01   0.208337E+01   0.206948E+01   0.205537E+01   0.204106E+01   0.202606E+01   0.201196E+01   0.199554E+01   0.198177E+01   0.196668E+01   0.195182E+01   0.193684E+01   0.192185E+01   0.190686E+01   0.189187E+01   0.187711E+01   0.185770E+01
-0.990000E+02  -0.990000E+02  -0.990000E+02  -0.990000E+02  -0.990000E+02  -0.990000E+02  -0.990000E+02  -0.990000E+02  -0.990000E+02  -0.990000E+02  -0.990000E+02  -0.990000E+02  -0.990000E+02  -0.990000E+02  -0.990000E+02  -0.990000E+02   0.693631E+00   0.733178E+00   0.766212E+00   0.796419E+00   0.825968E+00   0.855054E+00   0.881985E+00   0.908132E+00   0.105792E+01   0.148706E+01   0.167374E+01   0.178768E+01   0.186930E+01   0.193187E+01   0.198164E+01   0.202215E+01   0.205567E+01   0.208377E+01   0.210753E+01   0.212781E+01   0.214526E+01   0.216039E+01   0.217361E+01   0.218524E+01   0.219554E+01   0.220473E+01   0.221298E+01   0.222052E+01   0.222730E+01   0.223350E+01   0.223921E+01   0.224450E+01   0.224942E+01   0.225402E+01   0.225833E+01   0.226237E+01   0.226631E+01   0.226987E+01   0.227328E+01   0.227655E+01   0.227969E+01   0.228271E+01   0.228560E+01   0.228827E+01  -0.990000E+02  -0.990000E+02  -0.990000E+02  -0.990000E+02  -0.990000E+02   0.229111E+01   0.229228E+01   0.229642E+01   0.230022E+01   0.230329E+01   0.230603E+01   0.230850E+01   0.231075E+01   0.231281E+01   0.231470E+01   0.231645E+01   0.231807E+01   0.231959E+01   0.232097E+01   0.232188E+01  -0.990000E+02  -0.990000E+02  -0.990000E+02  -0.990000E+02  -0.990000E+02  -0.990000E+02  -0.990000E+02  -0.990000E+02  -0.990000E+02  -0.990000E+02  -0.990000E+02  -0.990000E+02   0.227018E+01   0.226784E+01   0.226238E+01   0.225647E+01   0.225022E+01   0.224628E+01   0.223851E+01   0.223100E+01   0.222249E+01   0.221346E+01   0.220389E+01   0.219382E+01   0.218324E+01   0.217218E+01   0.216068E+01   0.214874E+01   0.213642E+01   0.212372E+01   0.211069E+01   0.209734E+01   0.208372E+01   0.206985E+01   0.205576E+01   0.204147E+01   0.202649E+01   0.201241E+01   0.199598E+01   0.198225E+01   0.196717E+01   0.195232E+01   0.193735E+01   0.192237E+01   0.190738E+01   0.189240E+01   0.187764E+01   0.185822E+01
-0.990000E+02  -0.990000E+02  -0.990000E+02  -0.990000E+02  -0.990000E+02  -0.990000E+02  -0.990000E+02  -0.990000E+02  -0.990000E+02  -0.990000E+02  -0.990000E+02  -0.990000E+02  -0.990000E+02  -0.990000E+02  -0.990000E+02  -0.990000E+02   0.693464E+00   0.733010E+00   0.766044E+00   0.796251E+00   0.825800E+00   0.854886E+00   0.881816E+00   0.907960E+00   0.995492E+00   0.144102E+01   0.165084E+01   0.177259E+01   0.185832E+01   0.192348E+01   0.197506E+01   0.201691E+01   0.205144E+01   0.208034E+01   0.210473E+01   0.212552E+01   0.214339E+01   0.215885E+01   0.217234E+01   0.218418E+01   0.219466E+01   0.220399E+01   0.221235E+01   0.221998E+01   0.222684E+01   0.223311E+01   0.223888E+01   0.224422E+01   0.224918E+01   0.225379E+01   0.225809E+01   0.226212E+01   0.226608E+01   0.226967E+01   0.227312E+01   0.227642E+01   0.227960E+01   0.228262E+01   0.228551E+01   0.228809E+01  -0.990000E+02  -0.990000E+02  -0.990000E+02  -0.990000E+02  -0.990000E+02   0.229082E+01   0.229200E+01   0.229620E+01   0.230004E+01   0.230315E+01   0.230591E+01   0.230840E+01   0.231065E+01   0.231272E+01   0.231462E+01   0.231637E+01   0.231800E+01   0.231952E+01   0.232090E+01   0.232180E+01  -0.990000E+02  -0.990000E+02  -0.990000E+02  -0.990000E+02  -0.990000E+02  -0.990000E+02  -0.990000E+02  -0.990000E+02  -0.990000E+02  -0.990000E+02  -0.990000E+02  -0.990000E+02   0.227014E+01   0.226780E+01   0.226235E+01   0.225646E+01   0.225022E+01   0.224629E+01   0.223854E+01   0.223105E+01   0.222256E+01   0.221355E+01   0.220400E+01   0.219395E+01   0.218339E+01   0.217236E+01   0.216088E+01   0.214897E+01   0.213667E+01   0.212400E+01   0.211099E+01   0.209767E+01   0.208407E+01   0.207022E+01   0.205615E+01   0.204188E+01   0.202692E+01   0.201285E+01   0.199642E+01   0.198272E+01   0.196765E+01   0.195282E+01   0.193785E+01   0.192289E+01   0.190790E+01   0.189293E+01   0.187816E+01   0.185874E+01
-0.990000E+02  -0.990000E+02  -0.990000E+02  -0.990000E+02  -0.990000E+02  -0.990000E+02  -0.990000E+02  -0.990000E+02  -0.990000E+02  -0.990000E+02  -0.990000E+02  -0.990000E+02  -0.990000E+02  -0.990000E+02  -0.990000E+02  -0.990000E+02   0.693292E+00   0.732838E+00   0.765872E+00   0.796078E+00   0.825627E+00   0.854713E+00   0.881642E+00   0.908075E+00   0.964733E+00   0.139495E+01   0.163004E+01   0.175926E+01   0.184872E+01   0.191619E+01   0.196935E+01   0.201236E+01   0.204777E+01   0.207734E+01   0.210227E+01   0.212348E+01   0.214169E+01   0.215743E+01   0.217113E+01   0.218316E+01   0.219379E+01   0.220325E+01   0.221173E+01   0.221946E+01   0.222640E+01   0.223274E+01   0.223856E+01   0.224393E+01   0.224890E+01   0.225350E+01   0.225781E+01   0.226186E+01   0.226584E+01   0.226949E+01   0.227297E+01   0.227631E+01   0.227949E+01   0.228253E+01   0.228537E+01   0.228794E+01  -0.990000E+02  -0.990000E+02  -0.990000E+02  -0.990000E+02  -0.990000E+02   0.229053E+01   0.229171E+01   0.229597E+01   0.229986E+01   0.230300E+01   0.230578E+01   0.230828E+01   0.231055E+01   0.231263E+01   0.231454E+01   0.231630E+01   0.231793E+01   0.231950E+01   0.232082E+01  -0.990000E+02  -0.990000E+02  -0.990000E+02  -0.990000E+02  -0.990000E+02  -0.990000E+02  -0.990000E+02  -0.990000E+02  -0.990000E+02  -0.990000E+02  -0.990000E+02  -0.990000E+02  -0.990000E+02   0.227009E+01   0.226776E+01   0.226232E+01   0.225644E+01   0.225021E+01   0.224629E+01   0.223855E+01   0.223109E+01   0.222263E+01   0.221363E+01   0.220411E+01   0.219408E+01   0.218355E+01   0.217254E+01   0.216108E+01   0.214920E+01   0.213692E+01   0.212427E+01   0.211128E+01   0.209799E+01   0.208441E+01   0.207059E+01   0.205654E+01   0.204228E+01   0.202735E+01   0.201329E+01   0.199686E+01   0.198319E+01   0.196812E+01   0.195331E+01   0.193835E+01   0.192340E+01   0.190842E+01   0.189345E+01   0.187869E+01   0.185926E+01
-0.990000E+02  -0.990000E+02  -0.990000E+02  -0.990000E+02  -0.990000E+02  -0.990000E+02  -0.990000E+02  -0.990000E+02  -0.990000E+02  -0.990000E+02  -0.990000E+02  -0.990000E+02  -0.990000E+02  -0.990000E+02  -0.990000E+02  -0.990000E+02   0.693115E+00   0.732660E+00   0.765694E+00   0.795900E+00   0.825448E+00   0.854534E+00   0.881463E+00   0.908113E+00   0.949666E+00   0.134902E+01   0.161108E+01   0.174730E+01   0.184009E+01   0.190958E+01   0.196413E+01   0.200813E+01   0.204433E+01   0.207448E+01   0.209988E+01   0.212148E+01   0.214000E+01   0.215600E+01   0.216994E+01   0.218216E+01   0.219295E+01   0.220255E+01   0.221115E+01   0.221897E+01   0.222598E+01   0.223237E+01   0.223821E+01   0.224358E+01   0.224854E+01   0.225316E+01   0.225749E+01   0.226159E+01   0.226563E+01   0.226932E+01   0.227284E+01   0.227620E+01   0.227940E+01   0.228241E+01   0.228524E+01   0.228779E+01  -0.990000E+02  -0.990000E+02  -0.990000E+02  -0.990000E+02  -0.990000E+02   0.229023E+01   0.229141E+01   0.229574E+01   0.229968E+01   0.230284E+01   0.230565E+01   0.230817E+01   0.231045E+01   0.231254E+01   0.231445E+01   0.231622E+01   0.231786E+01   0.231943E+01   0.232073E+01  -0.990000E+02  -0.990000E+02  -0.990000E+02  -0.990000E+02  -0.990000E+02  -0.990000E+02  -0.990000E+02  -0.990000E+02  -0.990000E+02  -0.990000E+02  -0.990000E+02  -0.990000E+02  -0.990000E+02   0.227004E+01   0.226772E+01   0.226229E+01   0.225642E+01   0.225021E+01   0.224630E+01   0.223857E+01   0.223114E+01   0.222269E+01   0.221371E+01   0.220422E+01   0.219421E+01   0.218370E+01   0.217271E+01   0.216128E+01   0.214942E+01   0.213716E+01   0.212454E+01   0.211158E+01   0.209831E+01   0.208475E+01   0.207095E+01   0.205692E+01   0.204269E+01   0.202777E+01   0.201373E+01   0.199729E+01   0.198366E+01   0.196859E+01   0.195380E+01   0.193885E+01   0.192390E+01   0.190893E+01   0.189397E+01   0.187921E+01   0.185977E+01
-0.990000E+02  -0.990000E+02  -0.990000E+02  -0.990000E+02  -0.990000E+02  -0.990000E+02  -0.990000E+02  -0.990000E+02  -0.990000E+02  -0.990000E+02  -0.990000E+02  -0.990000E+02  -0.990000E+02  -0.990000E+02  -0.990000E+02  -0.990000E+02   0.692932E+00   0.732477E+00   0.765510E+00   0.795716E+00   0.825264E+00   0.854349E+00   0.881279E+00   0.908046E+00   0.941628E+00   0.129998E+01   0.159185E+01   0.173522E+01   0.183138E+01   0.190291E+01   0.195883E+01   0.200386E+01   0.204084E+01   0.207160E+01   0.209750E+01   0.211952E+01   0.213838E+01   0.215467E+01   0.216884E+01   0.218125E+01   0.219219E+01   0.220191E+01   0.221059E+01   0.221846E+01   0.222550E+01   0.223190E+01   0.223774E+01   0.224313E+01   0.224812E+01   0.225279E+01   0.225718E+01   0.226133E+01   0.226543E+01   0.226917E+01   0.227271E+01   0.227609E+01   0.227928E+01   0.228227E+01   0.228513E+01   0.228761E+01  -0.990000E+02  -0.990000E+02  -0.990000E+02  -0.990000E+02  -0.990000E+02   0.228993E+01   0.229110E+01   0.229551E+01   0.229949E+01   0.230269E+01   0.230552E+01   0.230805E+01   0.231035E+01   0.231244E+01   0.231437E+01   0.231614E+01   0.231779E+01   0.231936E+01   0.232064E+01  -0.990000E+02  -0.990000E+02  -0.990000E+02  -0.990000E+02  -0.990000E+02  -0.990000E+02  -0.990000E+02  -0.990000E+02  -0.990000E+02  -0.990000E+02  -0.990000E+02  -0.990000E+02  -0.990000E+02   0.226999E+01   0.226767E+01   0.226226E+01   0.225640E+01   0.225020E+01   0.224630E+01   0.223858E+01   0.223118E+01   0.222275E+01   0.221379E+01   0.220432E+01   0.219433E+01   0.218384E+01   0.217288E+01   0.216147E+01   0.214964E+01   0.213741E+01   0.212480E+01   0.211187E+01   0.209862E+01   0.208509E+01   0.207130E+01   0.205729E+01   0.204308E+01   0.202819E+01   0.201415E+01   0.199772E+01   0.198412E+01   0.196906E+01   0.195429E+01   0.193934E+01   0.192440E+01   0.190944E+01   0.189448E+01   0.187972E+01   0.186028E+01
-0.990000E+02  -0.990000E+02  -0.990000E+02  -0.990000E+02  -0.990000E+02  -0.990000E+02  -0.990000E+02  -0.990000E+02  -0.990000E+02  -0.990000E+02  -0.990000E+02  -0.990000E+02  -0.990000E+02  -0.990000E+02  -0.990000E+02  -0.990000E+02   0.692743E+00   0.732288E+00   0.765321E+00   0.795527E+00   0.825074E+00   0.854159E+00   0.881088E+00   0.907895E+00   0.936995E+00   0.124430E+01   0.157166E+01   0.172306E+01   0.182281E+01   0.189647E+01   0.195382E+01   0.199989E+01   0.203766E+01   0.206903E+01   0.209541E+01   0.211780E+01   0.213696E+01   0.215348E+01   0.216782E+01   0.218037E+01   0.219140E+01   0.220118E+01   0.220990E+01   0.221780E+01   0.222486E+01   0.223129E+01   0.223718E+01   0.224262E+01   0.224768E+01   0.225242E+01   0.225689E+01   0.226111E+01   0.226526E+01   0.226902E+01   0.227259E+01   0.227597E+01   0.227914E+01   0.228212E+01   0.228503E+01   0.228741E+01  -0.990000E+02  -0.990000E+02  -0.990000E+02  -0.990000E+02  -0.990000E+02   0.228961E+01   0.229079E+01   0.229527E+01   0.229930E+01   0.230253E+01   0.230538E+01   0.230794E+01   0.231024E+01   0.231235E+01   0.231428E+01   0.231606E+01   0.231771E+01   0.231928E+01   0.232055E+01  -0.990000E+02  -0.990000E+02  -0.990000E+02  -0.990000E+02  -0.990000E+02  -0.990000E+02  -0.990000E+02  -0.990000E+02  -0.990000E+02  -0.990000E+02  -0.990000E+02  -0.990000E+02  -0.990000E+02   0.226994E+01   0.226762E+01   0.226222E+01   0.225638E+01   0.225019E+01   0.224630E+01   0.223859E+01   0.223121E+01   0.222280E+01   0.221387E+01   0.220441E+01   0.219445E+01   0.218399E+01   0.217305E+01   0.216166E+01   0.214985E+01   0.213764E+01   0.212507E+01   0.211215E+01   0.209893E+01   0.208542E+01   0.207165E+01   0.205767E+01   0.204347E+01   0.202860E+01   0.201458E+01   0.199815E+01   0.198458E+01   0.196952E+01   0.195477E+01   0.193983E+01   0.192490E+01   0.190994E+01   0.189499E+01   0.188023E+01   0.186079E+01
-0.990000E+02  -0.990000E+02  -0.990000E+02  -0.990000E+02  -0.990000E+02  -0.990000E+02  -0.990000E+02  -0.990000E+02  -0.990000E+02  -0.990000E+02  -0.990000E+02  -0.990000E+02  -0.990000E+02  -0.990000E+02  -0.990000E+02  -0.990000E+02   0.692549E+00   0.732093E+00   0.765126E+00   0.795331E+00   0.824878E+00   0.853963E+00   0.880891E+00   0.907698E+00   0.934574E+00   0.118745E+01   0.155317E+01   0.171245E+01   0.181548E+01   0.189100E+01   0.194957E+01   0.199648E+01   0.203487E+01   0.206671E+01   0.209345E+01   0.211610E+01   0.213546E+01   0.215214E+01   0.216660E+01   0.217923E+01   0.219034E+01   0.220018E+01   0.220896E+01   0.221693E+01   0.222407E+01   0.223058E+01   0.223656E+01   0.224210E+01   0.224726E+01   0.225209E+01   0.225663E+01   0.226091E+01   0.226509E+01   0.226888E+01   0.227246E+01   0.227582E+01   0.227897E+01   0.228200E+01   0.228493E+01   0.228716E+01  -0.990000E+02  -0.990000E+02  -0.990000E+02  -0.990000E+02  -0.990000E+02   0.228929E+01   0.229047E+01   0.229502E+01   0.229910E+01   0.230237E+01   0.230524E+01   0.230781E+01   0.231014E+01   0.231225E+01   0.231419E+01   0.231597E+01   0.231763E+01   0.231921E+01   0.232045E+01  -0.990000E+02  -0.990000E+02  -0.990000E+02  -0.990000E+02  -0.990000E+02  -0.990000E+02  -0.990000E+02  -0.990000E+02  -0.990000E+02  -0.990000E+02  -0.990000E+02  -0.990000E+02  -0.990000E+02   0.226988E+01   0.226757E+01   0.226218E+01   0.225635E+01   0.225018E+01   0.224630E+01   0.223860E+01   0.223125E+01   0.222286E+01   0.221394E+01   0.220451E+01   0.219456E+01   0.218412E+01   0.217321E+01   0.216185E+01   0.215006E+01   0.213788E+01   0.212532E+01   0.211243E+01   0.209923E+01   0.208574E+01   0.207200E+01   0.205803E+01   0.204386E+01   0.202901E+01   0.201500E+01   0.199857E+01   0.198503E+01   0.196998E+01   0.195524E+01   0.194031E+01   0.192539E+01   0.191043E+01   0.189549E+01   0.188073E+01   0.186128E+01
-0.990000E+02  -0.990000E+02  -0.990000E+02  -0.990000E+02  -0.990000E+02  -0.990000E+02  -0.990000E+02  -0.990000E+02  -0.990000E+02  -0.990000E+02  -0.990000E+02  -0.990000E+02  -0.990000E+02  -0.990000E+02  -0.990000E+02  -0.990000E+02   0.692348E+00   0.731892E+00   0.764924E+00   0.795129E+00   0.824676E+00   0.853760E+00   0.880688E+00   0.907494E+00   0.933523E+00   0.113617E+01   0.153601E+01   0.170234E+01   0.180821E+01   0.188532E+01   0.194493E+01   0.199258E+01   0.203149E+01   0.206375E+01   0.209082E+01   0.211375E+01   0.213334E+01   0.215021E+01   0.216484E+01   0.217763E+01   0.218890E+01   0.219888E+01   0.220781E+01   0.221593E+01   0.222321E+01   0.222986E+01   0.223597E+01   0.224163E+01   0.224689E+01   0.225180E+01   0.225640E+01   0.226072E+01   0.226493E+01   0.226874E+01   0.227231E+01   0.227564E+01   0.227881E+01   0.228188E+01   0.228484E+01   0.228690E+01  -0.990000E+02  -0.990000E+02  -0.990000E+02  -0.990000E+02  -0.990000E+02   0.228896E+01   0.229014E+01   0.229477E+01   0.229890E+01   0.230220E+01   0.230510E+01   0.230769E+01   0.231003E+01   0.231215E+01   0.231410E+01   0.231589E+01   0.231755E+01   0.231913E+01   0.232036E+01  -0.990000E+02  -0.990000E+02  -0.990000E+02  -0.990000E+02  -0.990000E+02  -0.990000E+02  -0.990000E+02  -0.990000E+02  -0.990000E+02  -0.990000E+02  -0.990000E+02  -0.990000E+02  -0.990000E+02   0.226982E+01   0.226752E+01   0.226214E+01   0.225632E+01   0.225016E+01   0.224629E+01   0.223861E+01   0.223128E+01   0.222291E+01   0.221401E+01   0.220460E+01   0.219468E+01   0.218426E+01   0.217337E+01   0.216203E+01   0.215027E+01   0.213811E+01   0.212558E+01   0.211271E+01   0.209953E+01   0.208606E+01   0.207234E+01   0.205840E+01   0.204424E+01   0.202942E+01   0.201541E+01   0.199899E+01   0.198548E+01   0.197043E+01   0.195571E+01   0.194079E+01   0.192588E+01   0.191093E+01   0.189599E+01   0.188123E+01   0.186178E+01
-0.990000E+02  -0.990000E+02  -0.990000E+02  -0.990000E+02  -0.990000E+02  -0.990000E+02  -0.990000E+02  -0.990000E+02  -0.990000E+02  -0.990000E+02  -0.990000E+02  -0.990000E+02  -0.990000E+02  -0.990000E+02  -0.990000E+02  -0.990000E+02   0.692141E+00   0.731684E+00   0.764716E+00   0.794921E+00   0.824468E+00   0.853551E+00   0.880479E+00   0.907284E+00   0.933023E+00   0.108729E+01   0.151242E+01   0.168791E+01   0.179752E+01   0.187680E+01   0.193789E+01   0.198663E+01   0.202639E+01   0.205934E+01   0.208697E+01   0.211038E+01   0.213039E+01   0.214762E+01   0.216259E+01   0.217567E+01   0.218720E+01   0.219744E+01   0.220659E+01   0.221491E+01   0.222237E+01   0.222919E+01   0.223544E+01   0.224121E+01   0.224657E+01   0.225155E+01   0.225619E+01   0.226054E+01   0.226478E+01   0.226857E+01   0.227211E+01   0.227546E+01   0.227867E+01   0.228178E+01   0.228474E+01   0.228664E+01  -0.990000E+02  -0.990000E+02  -0.990000E+02  -0.990000E+02  -0.990000E+02   0.228861E+01   0.228980E+01   0.229451E+01   0.229870E+01   0.230203E+01   0.230496E+01   0.230757E+01   0.230991E+01   0.231205E+01   0.231400E+01   0.231580E+01   0.231747E+01   0.231905E+01   0.232026E+01  -0.990000E+02  -0.990000E+02  -0.990000E+02  -0.990000E+02  -0.990000E+02  -0.990000E+02  -0.990000E+02  -0.990000E+02  -0.990000E+02  -0.990000E+02  -0.990000E+02  -0.990000E+02  -0.990000E+02   0.226976E+01   0.226746E+01   0.226209E+01   0.225629E+01   0.225014E+01   0.224628E+01   0.223861E+01   0.223130E+01   0.222295E+01   0.221408E+01   0.220469E+01   0.219479E+01   0.218439E+01   0.217352E+01   0.216221E+01   0.215047E+01   0.213833E+01   0.212583E+01   0.211298E+01   0.209982E+01   0.208638E+01   0.207268E+01   0.205875E+01   0.204462E+01   0.202982E+01   0.201582E+01   0.199941E+01   0.198592E+01   0.197088E+01   0.195618E+01   0.194126E+01   0.192636E+01   0.191141E+01   0.189648E+01   0.188173E+01   0.186227E+01
-0.990000E+02  -0.990000E+02  -0.990000E+02  -0.990000E+02  -0.990000E+02  -0.990000E+02  -0.990000E+02  -0.990000E+02  -0.990000E+02  -0.990000E+02  -0.990000E+02  -0.990000E+02  -0.990000E+02  -0.990000E+02  -0.990000E+02  -0.990000E+02   0.691927E+00   0.731469E+00   0.764501E+00   0.794706E+00   0.824252E+00   0.853336E+00   0.880263E+00   0.907068E+00   0.932736E+00   0.103858E+01   0.147363E+01   0.166538E+01   0.178143E+01   0.186436E+01   0.192788E+01   0.197840E+01   0.201954E+01   0.205358E+01   0.208211E+01   0.210627E+01   0.212692E+01   0.214469E+01   0.216012E+01   0.217361E+01   0.218550E+01   0.219603E+01   0.220545E+01   0.221399E+01   0.222164E+01   0.222861E+01   0.223500E+01   0.224086E+01   0.224628E+01   0.225131E+01   0.225599E+01   0.226037E+01   0.226459E+01   0.226836E+01   0.227190E+01   0.227528E+01   0.227855E+01   0.228168E+01   0.228465E+01   0.228638E+01  -0.990000E+02  -0.990000E+02  -0.990000E+02  -0.990000E+02  -0.990000E+02   0.228826E+01   0.228944E+01   0.229424E+01   0.229849E+01   0.230186E+01   0.230481E+01   0.230744E+01   0.230980E+01   0.231194E+01   0.231390E+01   0.231571E+01   0.231739E+01   0.231897E+01   0.232016E+01  -0.990000E+02  -0.990000E+02  -0.990000E+02  -0.990000E+02  -0.990000E+02  -0.990000E+02  -0.990000E+02  -0.990000E+02  -0.990000E+02  -0.990000E+02  -0.990000E+02  -0.990000E+02  -0.990000E+02   0.226969E+01   0.226740E+01   0.226204E+01   0.225625E+01   0.225012E+01   0.224627E+01   0.223861E+01   0.223133E+01   0.222299E+01   0.221414E+01   0.220477E+01   0.219489E+01   0.218452E+01   0.217367E+01   0.216238E+01   0.215066E+01   0.213855E+01   0.212607E+01   0.211325E+01   0.210011E+01   0.208669E+01   0.207302E+01   0.205911E+01   0.204499E+01   0.203021E+01   0.201622E+01   0.199982E+01   0.198635E+01   0.197132E+01   0.195664E+01   0.194172E+01   0.192683E+01   0.191189E+01   0.189697E+01   0.188221E+01   0.186275E+01
-0.990000E+02  -0.990000E+02  -0.990000E+02  -0.990000E+02  -0.990000E+02  -0.990000E+02  -0.990000E+02  -0.990000E+02  -0.990000E+02  -0.990000E+02  -0.990000E+02  -0.990000E+02  -0.990000E+02  -0.990000E+02  -0.990000E+02  -0.990000E+02   0.691706E+00   0.731248E+00   0.764280E+00   0.794484E+00   0.824030E+00   0.853113E+00   0.880040E+00   0.906845E+00   0.932588E+00   0.999122E+00   0.141645E+01   0.163538E+01   0.176109E+01   0.184920E+01   0.191606E+01   0.196896E+01   0.201188E+01   0.204732E+01   0.207697E+01   0.210204E+01   0.212343E+01   0.214183E+01   0.215778E+01   0.217171E+01   0.218396E+01   0.219480E+01   0.220447E+01   0.221322E+01   0.222104E+01   0.222814E+01   0.223461E+01   0.224055E+01   0.224602E+01   0.225109E+01   0.225579E+01   0.226015E+01   0.226435E+01   0.226812E+01   0.227170E+01   0.227514E+01   0.227844E+01   0.228159E+01   0.228445E+01  -0.990000E+02  -0.990000E+02  -0.990000E+02  -0.990000E+02  -0.990000E+02  -0.990000E+02   0.228790E+01   0.228908E+01   0.229397E+01   0.229827E+01   0.230168E+01   0.230466E+01   0.230730E+01   0.230968E+01   0.231184E+01   0.231381E+01   0.231562E+01   0.231730E+01   0.231888E+01   0.232006E+01  -0.990000E+02  -0.990000E+02  -0.990000E+02  -0.990000E+02  -0.990000E+02  -0.990000E+02  -0.990000E+02  -0.990000E+02  -0.990000E+02  -0.990000E+02  -0.990000E+02  -0.990000E+02  -0.990000E+02   0.226962E+01   0.226734E+01   0.226199E+01   0.225621E+01   0.225010E+01   0.224625E+01   0.223860E+01   0.223135E+01   0.222303E+01   0.221420E+01   0.220485E+01   0.219499E+01   0.218464E+01   0.217382E+01   0.216255E+01   0.215086E+01   0.213877E+01   0.212631E+01   0.211351E+01   0.210040E+01   0.208700E+01   0.207334E+01   0.205946E+01   0.204536E+01   0.203060E+01   0.201662E+01   0.200022E+01   0.198678E+01   0.197176E+01   0.195709E+01   0.194219E+01   0.192730E+01   0.191237E+01   0.189745E+01   0.188270E+01   0.186323E+01
-0.990000E+02  -0.990000E+02  -0.990000E+02  -0.990000E+02  -0.990000E+02  -0.990000E+02  -0.990000E+02  -0.990000E+02  -0.990000E+02  -0.990000E+02  -0.990000E+02  -0.990000E+02  -0.990000E+02  -0.990000E+02  -0.990000E+02  -0.990000E+02   0.691479E+00   0.731021E+00   0.764052E+00   0.794256E+00   0.823802E+00   0.852884E+00   0.879811E+00   0.906615E+00   0.932455E+00   0.975031E+00   0.134277E+01   0.160146E+01   0.173941E+01   0.183359E+01   0.190421E+01   0.195969E+01   0.200452E+01   0.204142E+01   0.207222E+01   0.209821E+01   0.212034E+01   0.213935E+01   0.215579E+01   0.217012E+01   0.218270E+01   0.219381E+01   0.220368E+01   0.221259E+01   0.222053E+01   0.222772E+01   0.223426E+01   0.224026E+01   0.224577E+01   0.225086E+01   0.225554E+01   0.225987E+01   0.226407E+01   0.226788E+01   0.227152E+01   0.227501E+01   0.227834E+01   0.228146E+01   0.228422E+01  -0.990000E+02  -0.990000E+02  -0.990000E+02  -0.990000E+02  -0.990000E+02  -0.990000E+02   0.228753E+01   0.228871E+01   0.229369E+01   0.229805E+01   0.230150E+01   0.230450E+01   0.230717E+01   0.230956E+01   0.231173E+01   0.231370E+01   0.231552E+01   0.231721E+01   0.231879E+01   0.231995E+01  -0.990000E+02  -0.990000E+02  -0.990000E+02  -0.990000E+02  -0.990000E+02  -0.990000E+02  -0.990000E+02  -0.990000E+02  -0.990000E+02  -0.990000E+02  -0.990000E+02  -0.990000E+02  -0.990000E+02   0.226955E+01   0.226728E+01   0.226194E+01   0.225617E+01   0.225007E+01   0.224624E+01   0.223859E+01   0.223137E+01   0.222307E+01   0.221426E+01   0.220493E+01   0.219509E+01   0.218476E+01   0.217396E+01   0.216272E+01   0.215105E+01   0.213898E+01   0.212655E+01   0.211377E+01   0.210068E+01   0.208730E+01   0.207367E+01   0.205980E+01   0.204572E+01   0.203099E+01   0.201701E+01   0.200063E+01   0.198721E+01   0.197219E+01   0.195754E+01   0.194264E+01   0.192777E+01   0.191284E+01   0.189793E+01   0.188318E+01   0.186371E+01
-0.990000E+02  -0.990000E+02  -0.990000E+02  -0.990000E+02  -0.990000E+02  -0.990000E+02  -0.990000E+02  -0.990000E+02  -0.990000E+02  -0.990000E+02  -0.990000E+02  -0.990000E+02  -0.990000E+02  -0.990000E+02  -0.990000E+02  -0.990000E+02   0.691246E+00   0.730787E+00   0.763818E+00   0.794022E+00   0.823567E+00   0.852649E+00   0.879575E+00   0.906378E+00   0.932264E+00   0.963131E+00   0.125847E+01   0.156760E+01   0.171911E+01   0.181946E+01   0.189373E+01   0.195167E+01   0.199826E+01   0.203649E+01   0.206831E+01   0.209510E+01   0.211787E+01   0.213738E+01   0.215422E+01   0.216887E+01   0.218169E+01   0.219298E+01   0.220301E+01   0.221203E+01   0.222007E+01   0.222734E+01   0.223395E+01   0.223998E+01   0.224549E+01   0.225054E+01   0.225521E+01   0.225955E+01   0.226379E+01   0.226767E+01   0.227137E+01   0.227490E+01   0.227822E+01   0.228127E+01   0.228402E+01  -0.990000E+02  -0.990000E+02  -0.990000E+02  -0.990000E+02  -0.990000E+02  -0.990000E+02   0.228714E+01   0.228833E+01   0.229341E+01   0.229783E+01   0.230131E+01   0.230435E+01   0.230703E+01   0.230944E+01   0.231161E+01   0.231360E+01   0.231543E+01   0.231712E+01   0.231870E+01   0.231985E+01  -0.990000E+02  -0.990000E+02  -0.990000E+02  -0.990000E+02  -0.990000E+02  -0.990000E+02  -0.990000E+02  -0.990000E+02  -0.990000E+02  -0.990000E+02  -0.990000E+02  -0.990000E+02  -0.990000E+02   0.226948E+01   0.226721E+01   0.226188E+01   0.225612E+01   0.225004E+01   0.224621E+01   0.223858E+01   0.223138E+01   0.222310E+01   0.221431E+01   0.220500E+01   0.219518E+01   0.218488E+01   0.217410E+01   0.216288E+01   0.215123E+01   0.213919E+01   0.212678E+01   0.211402E+01   0.210096E+01   0.208760E+01   0.207399E+01   0.206014E+01   0.204608E+01   0.203137E+01   0.201740E+01   0.200102E+01   0.198762E+01   0.197262E+01   0.195799E+01   0.194309E+01   0.192823E+01   0.191331E+01   0.189840E+01   0.188365E+01   0.186418E+01
-0.990000E+02  -0.990000E+02  -0.990000E+02  -0.990000E+02  -0.990000E+02  -0.990000E+02  -0.990000E+02  -0.990000E+02  -0.990000E+02  -0.990000E+02  -0.990000E+02  -0.990000E+02  -0.990000E+02  -0.990000E+02  -0.990000E+02  -0.990000E+02   0.691006E+00   0.730546E+00   0.763577E+00   0.793780E+00   0.823325E+00   0.852407E+00   0.879333E+00   0.906135E+00   0.932024E+00   0.958255E+00   0.117623E+01   0.153742E+01   0.170226E+01   0.180810E+01   0.188547E+01   0.194542E+01   0.199343E+01   0.203269E+01   0.206530E+01   0.209269E+01   0.211592E+01   0.213579E+01   0.215292E+01   0.216780E+01   0.218080E+01   0.219226E+01   0.220241E+01   0.221155E+01   0.221967E+01   0.222698E+01   0.223360E+01   0.223961E+01   0.224509E+01   0.225014E+01   0.225483E+01   0.225923E+01   0.226355E+01   0.226749E+01   0.227124E+01   0.227478E+01   0.227804E+01   0.228111E+01   0.228381E+01  -0.990000E+02  -0.990000E+02  -0.990000E+02  -0.990000E+02  -0.990000E+02  -0.990000E+02   0.228674E+01   0.228793E+01   0.229311E+01   0.229760E+01   0.230112E+01   0.230419E+01   0.230689E+01   0.230931E+01   0.231150E+01   0.231349E+01   0.231533E+01   0.231703E+01   0.231861E+01   0.231974E+01  -0.990000E+02  -0.990000E+02  -0.990000E+02  -0.990000E+02  -0.990000E+02  -0.990000E+02  -0.990000E+02  -0.990000E+02  -0.990000E+02  -0.990000E+02  -0.990000E+02  -0.990000E+02  -0.990000E+02   0.226940E+01   0.226714E+01   0.226182E+01   0.225608E+01   0.225000E+01   0.224619E+01   0.223857E+01   0.223139E+01   0.222313E+01   0.221436E+01   0.220507E+01   0.219527E+01   0.218499E+01   0.217424E+01   0.216304E+01   0.215141E+01   0.213939E+01   0.212700E+01   0.211427E+01   0.210123E+01   0.208789E+01   0.207430E+01   0.206047E+01   0.204643E+01   0.203174E+01   0.201778E+01   0.200142E+01   0.198804E+01   0.197304E+01   0.195842E+01   0.194354E+01   0.192869E+01   0.191377E+01   0.189886E+01   0.188412E+01   0.186464E+01
-0.990000E+02  -0.990000E+02  -0.990000E+02  -0.990000E+02  -0.990000E+02  -0.990000E+02  -0.990000E+02  -0.990000E+02  -0.990000E+02  -0.990000E+02  -0.990000E+02  -0.990000E+02  -0.990000E+02  -0.990000E+02  -0.990000E+02  -0.990000E+02   0.690759E+00   0.730299E+00   0.763330E+00   0.793533E+00   0.823077E+00   0.852158E+00   0.879083E+00   0.905886E+00   0.931774E+00   0.956709E+00   0.111144E+01   0.151258E+01   0.168904E+01   0.179924E+01   0.187898E+01   0.194044E+01   0.198951E+01   0.202956E+01   0.206276E+01   0.209062E+01   0.211423E+01   0.213441E+01   0.215180E+01   0.216688E+01   0.218006E+01   0.219165E+01   0.220190E+01   0.221108E+01   0.221921E+01   0.222651E+01   0.223310E+01   0.223910E+01   0.224460E+01   0.224969E+01   0.225446E+01   0.225895E+01   0.226334E+01   0.226734E+01   0.227111E+01   0.227461E+01   0.227784E+01   0.228097E+01   0.228355E+01  -0.990000E+02  -0.990000E+02  -0.990000E+02  -0.990000E+02  -0.990000E+02  -0.990000E+02   0.228634E+01   0.228753E+01   0.229281E+01   0.229736E+01   0.230093E+01   0.230402E+01   0.230675E+01   0.230918E+01   0.231138E+01   0.231339E+01   0.231523E+01   0.231694E+01   0.231852E+01   0.231963E+01  -0.990000E+02  -0.990000E+02  -0.990000E+02  -0.990000E+02  -0.990000E+02  -0.990000E+02  -0.990000E+02  -0.990000E+02  -0.990000E+02  -0.990000E+02  -0.990000E+02  -0.990000E+02  -0.990000E+02   0.226932E+01   0.226706E+01   0.226176E+01   0.225602E+01   0.224996E+01   0.224616E+01   0.223855E+01   0.223140E+01   0.222316E+01   0.221440E+01   0.220513E+01   0.219536E+01   0.218510E+01   0.217437E+01   0.216319E+01   0.215159E+01   0.213959E+01   0.212723E+01   0.211452E+01   0.210150E+01   0.208818E+01   0.207461E+01   0.206080E+01   0.204678E+01   0.203211E+01   0.201816E+01   0.200181E+01   0.198844E+01   0.197346E+01   0.195886E+01   0.194398E+01   0.192914E+01   0.191423E+01   0.189933E+01   0.188458E+01   0.186510E+01
-0.990000E+02  -0.990000E+02  -0.990000E+02  -0.990000E+02  -0.990000E+02  -0.990000E+02  -0.990000E+02  -0.990000E+02  -0.990000E+02  -0.990000E+02  -0.990000E+02  -0.990000E+02  -0.990000E+02  -0.990000E+02  -0.990000E+02  -0.990000E+02   0.690519E+00   0.730058E+00   0.763088E+00   0.793291E+00   0.822835E+00   0.851916E+00   0.878840E+00   0.905642E+00   0.931529E+00   0.956342E+00   0.106724E+01   0.149067E+01   0.167758E+01   0.179156E+01   0.187334E+01   0.193614E+01   0.198614E+01   0.202689E+01   0.206064E+01   0.208892E+01   0.211287E+01   0.213331E+01   0.215089E+01   0.216611E+01   0.217937E+01   0.219100E+01   0.220125E+01   0.221042E+01   0.221853E+01   0.222582E+01   0.223244E+01   0.223848E+01   0.224407E+01   0.224927E+01   0.225414E+01   0.225872E+01   0.226318E+01   0.226721E+01   0.227094E+01   0.227439E+01   0.227767E+01   0.228086E+01   0.228325E+01  -0.990000E+02  -0.990000E+02  -0.990000E+02  -0.990000E+02  -0.990000E+02  -0.990000E+02   0.228592E+01   0.228711E+01   0.229251E+01   0.229686E+01   0.230074E+01   0.230386E+01   0.230660E+01   0.230905E+01   0.231127E+01   0.231328E+01   0.231513E+01   0.231684E+01   0.231842E+01   0.231952E+01  -0.990000E+02  -0.990000E+02  -0.990000E+02  -0.990000E+02  -0.990000E+02  -0.990000E+02  -0.990000E+02  -0.990000E+02  -0.990000E+02  -0.990000E+02  -0.990000E+02  -0.990000E+02  -0.990000E+02   0.226924E+01   0.226699E+01   0.226169E+01   0.225597E+01   0.224993E+01   0.224613E+01   0.223853E+01   0.223140E+01   0.222318E+01   0.221445E+01   0.220520E+01   0.219545E+01   0.218521E+01   0.217450E+01   0.216334E+01   0.215177E+01   0.213979E+01   0.212745E+01   0.211476E+01   0.210176E+01   0.208847E+01   0.207492E+01   0.206113E+01   0.204713E+01   0.203248E+01   0.201853E+01   0.200220E+01   0.198885E+01   0.197387E+01   0.195929E+01   0.194442E+01   0.192959E+01   0.191468E+01   0.189979E+01   0.188505E+01   0.186556E+01
-0.990000E+02  -0.990000E+02  -0.990000E+02  -0.990000E+02  -0.990000E+02  -0.990000E+02  -0.990000E+02  -0.990000E+02  -0.990000E+02  -0.990000E+02  -0.990000E+02  -0.990000E+02  -0.990000E+02  -0.990000E+02  -0.990000E+02  -0.990000E+02   0.690258E+00   0.729797E+00   0.762827E+00   0.793029E+00   0.822573E+00   0.851653E+00   0.878577E+00   0.905378E+00   0.931265E+00   0.956286E+00   0.103902E+01   0.147129E+01   0.166815E+01   0.178547E+01   0.186899E+01   0.193286E+01   0.198359E+01   0.202485E+01   0.205896E+01   0.208750E+01   0.211161E+01   0.213216E+01   0.214980E+01   0.216505E+01   0.217833E+01   0.218996E+01   0.220022E+01   0.220942E+01   0.221759E+01   0.222497E+01   0.223169E+01   0.223787E+01   0.224359E+01   0.224891E+01   0.225388E+01   0.225853E+01   0.226303E+01   0.226703E+01   0.227071E+01   0.227417E+01   0.227752E+01   0.228075E+01   0.228289E+01  -0.990000E+02  -0.990000E+02  -0.990000E+02  -0.990000E+02  -0.990000E+02  -0.990000E+02   0.228546E+01   0.228667E+01   0.229219E+01   0.229661E+01   0.230053E+01   0.230368E+01   0.230645E+01   0.230892E+01   0.231114E+01   0.231317E+01   0.231502E+01   0.231674E+01   0.231832E+01   0.231940E+01  -0.990000E+02  -0.990000E+02  -0.990000E+02  -0.990000E+02  -0.990000E+02  -0.990000E+02  -0.990000E+02  -0.990000E+02  -0.990000E+02  -0.990000E+02  -0.990000E+02  -0.990000E+02  -0.990000E+02   0.226913E+01   0.226691E+01   0.226162E+01   0.225591E+01   0.224988E+01   0.224609E+01   0.223851E+01   0.223140E+01   0.222320E+01   0.221448E+01   0.220526E+01   0.219553E+01   0.218531E+01   0.217462E+01   0.216349E+01   0.215193E+01   0.213998E+01   0.212766E+01   0.211500E+01   0.210202E+01   0.208875E+01   0.207522E+01   0.206145E+01   0.204747E+01   0.203284E+01   0.201890E+01   0.200258E+01   0.198925E+01   0.197428E+01   0.195972E+01   0.194485E+01   0.193003E+01   0.191513E+01   0.190024E+01   0.188550E+01   0.186601E+01
-0.990000E+02  -0.990000E+02  -0.990000E+02  -0.990000E+02  -0.990000E+02  -0.990000E+02  -0.990000E+02  -0.990000E+02  -0.990000E+02  -0.990000E+02  -0.990000E+02  -0.990000E+02  -0.990000E+02  -0.990000E+02  -0.990000E+02  -0.990000E+02   0.689994E+00   0.729532E+00   0.762561E+00   0.792763E+00   0.822306E+00   0.851386E+00   0.878310E+00   0.905110E+00   0.930996E+00   0.956305E+00   0.102205E+01   0.145625E+01   0.166083E+01   0.178042E+01   0.186505E+01   0.192958E+01   0.198075E+01   0.202230E+01   0.205661E+01   0.208531E+01   0.210954E+01   0.213020E+01   0.214793E+01   0.216328E+01   0.217666E+01   0.218842E+01   0.219883E+01   0.220819E+01   0.221653E+01   0.222410E+01   0.223100E+01   0.223735E+01   0.224321E+01   0.224863E+01   0.225368E+01   0.225836E+01   0.226283E+01   0.226677E+01   0.227045E+01   0.227398E+01   0.227740E+01   0.228009E+01  -0.990000E+02  -0.990000E+02  -0.990000E+02  -0.990000E+02  -0.990000E+02  -0.990000E+02  -0.990000E+02   0.228449E+01   0.228623E+01   0.229187E+01   0.229636E+01   0.230033E+01   0.230351E+01   0.230630E+01   0.230879E+01   0.231102E+01   0.231305E+01   0.231492E+01   0.231664E+01   0.231822E+01   0.231929E+01  -0.990000E+02  -0.990000E+02  -0.990000E+02  -0.990000E+02  -0.990000E+02  -0.990000E+02  -0.990000E+02  -0.990000E+02  -0.990000E+02  -0.990000E+02  -0.990000E+02  -0.990000E+02  -0.990000E+02   0.226897E+01   0.226683E+01   0.226155E+01   0.225585E+01   0.224983E+01   0.224606E+01   0.223848E+01   0.223140E+01   0.222321E+01   0.221452E+01   0.220531E+01   0.219560E+01   0.218540E+01   0.217474E+01   0.216363E+01   0.215210E+01   0.214017E+01   0.212787E+01   0.211523E+01   0.210227E+01   0.208902E+01   0.207551E+01   0.206176E+01   0.204780E+01   0.203320E+01   0.201926E+01   0.200295E+01   0.198964E+01   0.197468E+01   0.196014E+01   0.194528E+01   0.193046E+01   0.191557E+01   0.190069E+01   0.188595E+01   0.186646E+01
-0.990000E+02  -0.990000E+02  -0.990000E+02  -0.990000E+02  -0.990000E+02  -0.990000E+02  -0.990000E+02  -0.990000E+02  -0.990000E+02  -0.990000E+02  -0.990000E+02  -0.990000E+02  -0.990000E+02  -0.990000E+02  -0.990000E+02  -0.990000E+02   0.689723E+00   0.729260E+00   0.762289E+00   0.792491E+00   0.822034E+00   0.851113E+00   0.878036E+00   0.904836E+00   0.930721E+00   0.956298E+00   0.101018E+01   0.143666E+01   0.164925E+01   0.177164E+01   0.185781E+01   0.192337E+01   0.197531E+01   0.201747E+01   0.205231E+01   0.208145E+01   0.210609E+01   0.212711E+01   0.214519E+01   0.216087E+01   0.217457E+01   0.218663E+01   0.219733E+01   0.220697E+01   0.221557E+01   0.222336E+01   0.223045E+01   0.223694E+01   0.224291E+01   0.224842E+01   0.225349E+01   0.225814E+01   0.226254E+01   0.226648E+01   0.227020E+01   0.227380E+01   0.227690E+01   0.227901E+01  -0.990000E+02  -0.990000E+02  -0.990000E+02  -0.990000E+02  -0.990000E+02  -0.990000E+02  -0.990000E+02   0.228348E+01   0.228579E+01   0.229155E+01   0.229611E+01   0.230013E+01   0.230334E+01   0.230615E+01   0.230865E+01   0.231090E+01   0.231294E+01   0.231481E+01   0.231654E+01   0.231812E+01   0.231917E+01  -0.990000E+02  -0.990000E+02  -0.990000E+02  -0.990000E+02  -0.990000E+02  -0.990000E+02  -0.990000E+02  -0.990000E+02  -0.990000E+02  -0.990000E+02  -0.990000E+02  -0.990000E+02  -0.990000E+02   0.226876E+01   0.226674E+01   0.226147E+01   0.225579E+01   0.224978E+01   0.224601E+01   0.223845E+01   0.223139E+01   0.222322E+01   0.221454E+01   0.220535E+01   0.219566E+01   0.218549E+01   0.217485E+01   0.216376E+01   0.215225E+01   0.214034E+01   0.212807E+01   0.211545E+01   0.210252E+01   0.208929E+01   0.207580E+01   0.206207E+01   0.204812E+01   0.203354E+01   0.201961E+01   0.200333E+01   0.199002E+01   0.197508E+01   0.196055E+01   0.194570E+01   0.193089E+01   0.191600E+01   0.190113E+01   0.188639E+01   0.186690E+01
-0.990000E+02  -0.990000E+02  -0.990000E+02  -0.990000E+02  -0.990000E+02  -0.990000E+02  -0.990000E+02  -0.990000E+02  -0.990000E+02  -0.990000E+02  -0.990000E+02  -0.990000E+02  -0.990000E+02  -0.990000E+02  -0.990000E+02  -0.990000E+02   0.689444E+00   0.728981E+00   0.762010E+00   0.792211E+00   0.821753E+00   0.850832E+00   0.877755E+00   0.904554E+00   0.930439E+00   0.956205E+00   0.998879E+00   0.139608E+01   0.162631E+01   0.175524E+01   0.184501E+01   0.191297E+01   0.196666E+01   0.201021E+01   0.204617E+01   0.207625E+01   0.210169E+01   0.212341E+01   0.214210E+01   0.215832E+01   0.217249E+01   0.218497E+01   0.219603E+01   0.220598E+01   0.221482E+01   0.222280E+01   0.223005E+01   0.223665E+01   0.224269E+01   0.224821E+01   0.225322E+01   0.225780E+01   0.226219E+01   0.226616E+01   0.226997E+01   0.227335E+01   0.227599E+01  -0.990000E+02  -0.990000E+02  -0.990000E+02  -0.990000E+02  -0.990000E+02  -0.990000E+02  -0.990000E+02  -0.990000E+02   0.228241E+01   0.228533E+01   0.229122E+01   0.229585E+01   0.229993E+01   0.230317E+01   0.230600E+01   0.230852E+01   0.231078E+01   0.231283E+01   0.231470E+01   0.231644E+01   0.231801E+01   0.231905E+01  -0.990000E+02  -0.990000E+02  -0.990000E+02  -0.990000E+02  -0.990000E+02  -0.990000E+02  -0.990000E+02  -0.990000E+02  -0.990000E+02  -0.990000E+02  -0.990000E+02  -0.990000E+02  -0.990000E+02   0.226852E+01   0.226665E+01   0.226140E+01   0.225572E+01   0.224973E+01   0.224597E+01   0.223842E+01   0.223137E+01   0.222322E+01   0.221456E+01   0.220539E+01   0.219573E+01   0.218557E+01   0.217495E+01   0.216389E+01   0.215240E+01   0.214052E+01   0.212826E+01   0.211567E+01   0.210275E+01   0.208955E+01   0.207608E+01   0.206237E+01   0.204844E+01   0.203388E+01   0.201996E+01   0.200370E+01   0.199040E+01   0.197547E+01   0.196096E+01   0.194611E+01   0.193132E+01   0.191643E+01   0.190156E+01   0.188683E+01   0.186733E+01
-0.990000E+02  -0.990000E+02  -0.990000E+02  -0.990000E+02  -0.990000E+02  -0.990000E+02  -0.990000E+02  -0.990000E+02  -0.990000E+02  -0.990000E+02  -0.990000E+02  -0.990000E+02  -0.990000E+02  -0.990000E+02  -0.990000E+02  -0.990000E+02   0.689159E+00   0.728694E+00   0.761723E+00   0.791924E+00   0.821466E+00   0.850544E+00   0.877466E+00   0.904265E+00   0.930149E+00   0.956016E+00   0.988521E+00   0.132700E+01   0.159198E+01   0.173261E+01   0.182835E+01   0.190008E+01   0.195644E+01   0.200200E+01   0.203953E+01   0.207088E+01   0.209737E+01   0.211994E+01   0.213935E+01   0.215616E+01   0.217082E+01   0.218369E+01   0.219506E+01   0.220525E+01   0.221429E+01   0.222242E+01   0.222977E+01   0.223642E+01   0.224242E+01   0.224786E+01   0.225281E+01   0.225738E+01   0.226181E+01   0.226585E+01   0.226950E+01   0.227252E+01   0.227461E+01  -0.990000E+02  -0.990000E+02  -0.990000E+02  -0.990000E+02  -0.990000E+02  -0.990000E+02  -0.990000E+02  -0.990000E+02   0.228128E+01   0.228486E+01   0.229088E+01   0.229559E+01   0.229972E+01   0.230299E+01   0.230585E+01   0.230838E+01   0.231065E+01   0.231271E+01   0.231460E+01   0.231634E+01   0.231790E+01   0.231892E+01  -0.990000E+02  -0.990000E+02  -0.990000E+02  -0.990000E+02  -0.990000E+02  -0.990000E+02  -0.990000E+02  -0.990000E+02  -0.990000E+02  -0.990000E+02  -0.990000E+02  -0.990000E+02  -0.990000E+02   0.226825E+01   0.226656E+01   0.226131E+01   0.225565E+01   0.224967E+01   0.224592E+01   0.223838E+01   0.223135E+01   0.222322E+01   0.221458E+01   0.220543E+01   0.219578E+01   0.218565E+01   0.217505E+01   0.216401E+01   0.215254E+01   0.214068E+01   0.212845E+01   0.211588E+01   0.210299E+01   0.208980E+01   0.207635E+01   0.206266E+01   0.204876E+01   0.203422E+01   0.202030E+01   0.200406E+01   0.199078E+01   0.197586E+01   0.196136E+01   0.194652E+01   0.193174E+01   0.191686E+01   0.190200E+01   0.188726E+01   0.186776E+01
-0.990000E+02  -0.990000E+02  -0.990000E+02  -0.990000E+02  -0.990000E+02  -0.990000E+02  -0.990000E+02  -0.990000E+02  -0.990000E+02  -0.990000E+02  -0.990000E+02  -0.990000E+02  -0.990000E+02  -0.990000E+02  -0.990000E+02  -0.990000E+02   0.688866E+00   0.728401E+00   0.761429E+00   0.791630E+00   0.821171E+00   0.850249E+00   0.877171E+00   0.903969E+00   0.929852E+00   0.955754E+00   0.981604E+00   0.123671E+01   0.155208E+01   0.170866E+01   0.181173E+01   0.188782E+01   0.194712E+01   0.199481E+01   0.203394E+01   0.206653E+01   0.209398E+01   0.211732E+01   0.213732E+01   0.215461E+01   0.216964E+01   0.218281E+01   0.219442E+01   0.220479E+01   0.221396E+01   0.222214E+01   0.222947E+01   0.223603E+01   0.224195E+01   0.224734E+01   0.225228E+01   0.225690E+01   0.226141E+01   0.226532E+01   0.226865E+01   0.227140E+01  -0.990000E+02  -0.990000E+02  -0.990000E+02  -0.990000E+02  -0.990000E+02  -0.990000E+02  -0.990000E+02  -0.990000E+02   0.227857E+01   0.228010E+01   0.228437E+01   0.229053E+01   0.229533E+01   0.229950E+01   0.230281E+01   0.230569E+01   0.230824E+01   0.231052E+01   0.231259E+01   0.231448E+01   0.231623E+01   0.231779E+01   0.231880E+01  -0.990000E+02  -0.990000E+02  -0.990000E+02  -0.990000E+02  -0.990000E+02  -0.990000E+02  -0.990000E+02  -0.990000E+02  -0.990000E+02  -0.990000E+02  -0.990000E+02  -0.990000E+02  -0.990000E+02   0.226797E+01   0.226647E+01   0.226123E+01   0.225558E+01   0.224961E+01   0.224587E+01   0.223834E+01   0.223133E+01   0.222322E+01   0.221460E+01   0.220546E+01   0.219584E+01   0.218572E+01   0.217515E+01   0.216413E+01   0.215268E+01   0.214085E+01   0.212864E+01   0.211609E+01   0.210322E+01   0.209005E+01   0.207662E+01   0.206295E+01   0.204906E+01   0.203455E+01   0.202063E+01   0.200442E+01   0.199115E+01   0.197624E+01   0.196176E+01   0.194693E+01   0.193215E+01   0.191728E+01   0.190242E+01   0.188769E+01   0.186819E+01
-0.990000E+02  -0.990000E+02  -0.990000E+02  -0.990000E+02  -0.990000E+02  -0.990000E+02  -0.990000E+02  -0.990000E+02  -0.990000E+02  -0.990000E+02  -0.990000E+02  -0.990000E+02  -0.990000E+02  -0.990000E+02  -0.990000E+02  -0.990000E+02   0.688567E+00   0.728101E+00   0.761129E+00   0.791329E+00   0.820870E+00   0.849947E+00   0.876868E+00   0.903665E+00   0.929548E+00   0.955453E+00   0.978595E+00   0.115075E+01   0.151507E+01   0.168874E+01   0.179865E+01   0.187853E+01   0.194026E+01   0.198964E+01   0.203000E+01   0.206352E+01   0.209168E+01   0.211558E+01   0.213603E+01   0.215366E+01   0.216897E+01   0.218233E+01   0.219405E+01   0.220446E+01   0.221358E+01   0.222167E+01   0.222889E+01   0.223538E+01   0.224127E+01   0.224667E+01   0.225171E+01   0.225641E+01   0.226080E+01   0.226445E+01   0.226786E+01   0.227207E+01  -0.990000E+02  -0.990000E+02  -0.990000E+02  -0.990000E+02  -0.990000E+02  -0.990000E+02  -0.990000E+02  -0.990000E+02   0.227746E+01   0.227891E+01   0.228387E+01   0.229017E+01   0.229506E+01   0.229928E+01   0.230263E+01   0.230553E+01   0.230810E+01   0.231039E+01   0.231247E+01   0.231437E+01   0.231612E+01   0.231767E+01   0.231867E+01  -0.990000E+02  -0.990000E+02  -0.990000E+02  -0.990000E+02  -0.990000E+02  -0.990000E+02  -0.990000E+02  -0.990000E+02  -0.990000E+02  -0.990000E+02  -0.990000E+02  -0.990000E+02  -0.990000E+02   0.226768E+01   0.226637E+01   0.226114E+01   0.225550E+01   0.224954E+01   0.224581E+01   0.223830E+01   0.223131E+01   0.222321E+01   0.221461E+01   0.220549E+01   0.219589E+01   0.218579E+01   0.217524E+01   0.216424E+01   0.215282E+01   0.214100E+01   0.212882E+01   0.211629E+01   0.210344E+01   0.209030E+01   0.207689E+01   0.206324E+01   0.204937E+01   0.203487E+01   0.202096E+01   0.200477E+01   0.199151E+01   0.197662E+01   0.196215E+01   0.194732E+01   0.193256E+01   0.191769E+01   0.190284E+01   0.188811E+01   0.186861E+01
-0.990000E+02  -0.990000E+02  -0.990000E+02  -0.990000E+02  -0.990000E+02  -0.990000E+02  -0.990000E+02  -0.990000E+02  -0.990000E+02  -0.990000E+02  -0.990000E+02  -0.990000E+02  -0.990000E+02  -0.990000E+02  -0.990000E+02  -0.990000E+02   0.688259E+00   0.727793E+00   0.760820E+00   0.791020E+00   0.820560E+00   0.849637E+00   0.876557E+00   0.903354E+00   0.929236E+00   0.955140E+00   0.977748E+00   0.109256E+01   0.148622E+01   0.167476E+01   0.178989E+01   0.187251E+01   0.193596E+01   0.198653E+01   0.202775E+01   0.206190E+01   0.209054E+01   0.211477E+01   0.213545E+01   0.215321E+01   0.216855E+01   0.218187E+01   0.219349E+01   0.220377E+01   0.221277E+01   0.222078E+01   0.222796E+01   0.223447E+01   0.224044E+01   0.224598E+01   0.225110E+01   0.225569E+01   0.225987E+01   0.226367E+01   0.226874E+01   0.227224E+01  -0.990000E+02  -0.990000E+02  -0.990000E+02  -0.990000E+02  -0.990000E+02  -0.990000E+02  -0.990000E+02  -0.990000E+02   0.227630E+01   0.227769E+01   0.228334E+01   0.228980E+01   0.229477E+01   0.229906E+01   0.230244E+01   0.230536E+01   0.230795E+01   0.231026E+01   0.231234E+01   0.231425E+01   0.231601E+01   0.231755E+01   0.231854E+01  -0.990000E+02  -0.990000E+02  -0.990000E+02  -0.990000E+02  -0.990000E+02  -0.990000E+02  -0.990000E+02  -0.990000E+02  -0.990000E+02  -0.990000E+02  -0.990000E+02  -0.990000E+02  -0.990000E+02   0.226740E+01   0.226627E+01   0.226105E+01   0.225542E+01   0.224947E+01   0.224575E+01   0.223825E+01   0.223128E+01   0.222320E+01   0.221461E+01   0.220552E+01   0.219593E+01   0.218586E+01   0.217533E+01   0.216435E+01   0.215295E+01   0.214116E+01   0.212899E+01   0.211649E+01   0.210366E+01   0.209054E+01   0.207715E+01   0.206352E+01   0.204967E+01   0.203519E+01   0.202129E+01   0.200512E+01   0.199187E+01   0.197699E+01   0.196254E+01   0.194772E+01   0.193296E+01   0.191810E+01   0.190326E+01   0.188853E+01   0.186902E+01
-0.990000E+02  -0.990000E+02  -0.990000E+02  -0.990000E+02  -0.990000E+02  -0.990000E+02  -0.990000E+02  -0.990000E+02  -0.990000E+02  -0.990000E+02  -0.990000E+02  -0.990000E+02  -0.990000E+02  -0.990000E+02  -0.990000E+02  -0.990000E+02   0.687944E+00   0.727476E+00   0.760503E+00   0.790702E+00   0.820243E+00   0.849319E+00   0.876238E+00   0.903034E+00   0.928915E+00   0.954819E+00   0.977577E+00   0.106078E+01   0.146840E+01   0.166772E+01   0.178602E+01   0.187015E+01   0.193446E+01   0.198552E+01   0.202703E+01   0.206131E+01   0.208997E+01   0.211414E+01   0.213470E+01   0.215231E+01   0.216749E+01   0.218067E+01   0.219219E+01   0.220242E+01   0.221142E+01   0.221949E+01   0.222679E+01   0.223348E+01   0.223964E+01   0.224525E+01   0.225022E+01   0.225465E+01   0.225904E+01   0.226454E+01   0.226900E+01  -0.990000E+02  -0.990000E+02  -0.990000E+02  -0.990000E+02  -0.990000E+02  -0.990000E+02  -0.990000E+02  -0.990000E+02  -0.990000E+02   0.227509E+01   0.227644E+01   0.228278E+01   0.228941E+01   0.229448E+01   0.229883E+01   0.230224E+01   0.230519E+01   0.230779E+01   0.231012E+01   0.231221E+01   0.231413E+01   0.231589E+01   0.231742E+01   0.231841E+01  -0.990000E+02  -0.990000E+02  -0.990000E+02  -0.990000E+02  -0.990000E+02  -0.990000E+02  -0.990000E+02  -0.990000E+02  -0.990000E+02  -0.990000E+02  -0.990000E+02  -0.990000E+02  -0.990000E+02   0.226713E+01   0.226616E+01   0.226095E+01   0.225533E+01   0.224940E+01   0.224569E+01   0.223820E+01   0.223124E+01   0.222318E+01   0.221462E+01   0.220554E+01   0.219597E+01   0.218592E+01   0.217541E+01   0.216446E+01   0.215308E+01   0.214131E+01   0.212917E+01   0.211668E+01   0.210387E+01   0.209078E+01   0.207741E+01   0.206380E+01   0.204996E+01   0.203551E+01   0.202161E+01   0.200547E+01   0.199222E+01   0.197736E+01   0.196292E+01   0.194810E+01   0.193336E+01   0.191851E+01   0.190367E+01   0.188894E+01   0.186943E+01
-0.990000E+02  -0.990000E+02  -0.990000E+02  -0.990000E+02  -0.990000E+02  -0.990000E+02  -0.990000E+02  -0.990000E+02  -0.990000E+02  -0.990000E+02  -0.990000E+02  -0.990000E+02  -0.990000E+02  -0.990000E+02  -0.990000E+02  -0.990000E+02   0.687619E+00   0.727151E+00   0.760178E+00   0.790376E+00   0.819916E+00   0.848992E+00   0.875911E+00   0.902706E+00   0.928586E+00   0.954489E+00   0.977572E+00   0.104539E+01   0.146359E+01   0.166632E+01   0.178492E+01   0.186897E+01   0.193310E+01   0.198396E+01   0.202525E+01   0.205935E+01   0.208784E+01   0.211190E+01   0.213239E+01   0.214998E+01   0.216520E+01   0.217846E+01   0.219011E+01   0.220051E+01   0.220973E+01   0.221807E+01   0.222566E+01   0.223255E+01   0.223870E+01   0.224413E+01   0.224900E+01   0.225381E+01   0.225982E+01   0.226501E+01   0.226846E+01  -0.990000E+02  -0.990000E+02  -0.990000E+02  -0.990000E+02  -0.990000E+02  -0.990000E+02  -0.990000E+02  -0.990000E+02  -0.990000E+02   0.227383E+01   0.227515E+01   0.228220E+01   0.228901E+01   0.229418E+01   0.229858E+01   0.230204E+01   0.230502E+01   0.230764E+01   0.230997E+01   0.231208E+01   0.231401E+01   0.231581E+01   0.231728E+01  -0.990000E+02  -0.990000E+02  -0.990000E+02  -0.990000E+02  -0.990000E+02  -0.990000E+02  -0.990000E+02  -0.990000E+02  -0.990000E+02  -0.990000E+02  -0.990000E+02  -0.990000E+02  -0.990000E+02  -0.990000E+02   0.226687E+01   0.226605E+01   0.226085E+01   0.225524E+01   0.224932E+01   0.224562E+01   0.223814E+01   0.223121E+01   0.222317E+01   0.221462E+01   0.220556E+01   0.219601E+01   0.218598E+01   0.217549E+01   0.216456E+01   0.215320E+01   0.214146E+01   0.212934E+01   0.211687E+01   0.210409E+01   0.209101E+01   0.207766E+01   0.206407E+01   0.205025E+01   0.203582E+01   0.202193E+01   0.200581E+01   0.199256E+01   0.197772E+01   0.196329E+01   0.194849E+01   0.193375E+01   0.191890E+01   0.190407E+01   0.188935E+01   0.186984E+01
-0.990000E+02  -0.990000E+02  -0.990000E+02  -0.990000E+02  -0.990000E+02  -0.990000E+02  -0.990000E+02  -0.990000E+02  -0.990000E+02  -0.990000E+02  -0.990000E+02  -0.990000E+02  -0.990000E+02  -0.990000E+02  -0.990000E+02  -0.990000E+02   0.687285E+00   0.726816E+00   0.759842E+00   0.790041E+00   0.819580E+00   0.848655E+00   0.875573E+00   0.902368E+00   0.928247E+00   0.954149E+00   0.977571E+00   0.103533E+01   0.145397E+01   0.165788E+01   0.177724E+01   0.186188E+01   0.192650E+01   0.197781E+01   0.201954E+01   0.205405E+01   0.208295E+01   0.210740E+01   0.212828E+01   0.214626E+01   0.216188E+01   0.217556E+01   0.218766E+01   0.219852E+01   0.220818E+01   0.221683E+01   0.222451E+01   0.223126E+01   0.223721E+01   0.224265E+01   0.224823E+01   0.225470E+01   0.226051E+01   0.226523E+01  -0.990000E+02  -0.990000E+02  -0.990000E+02  -0.990000E+02  -0.990000E+02  -0.990000E+02  -0.990000E+02  -0.990000E+02  -0.990000E+02  -0.990000E+02   0.227252E+01   0.227382E+01   0.228159E+01   0.228860E+01   0.229387E+01   0.229834E+01   0.230183E+01   0.230484E+01   0.230747E+01   0.230983E+01   0.231194E+01   0.231388E+01   0.231569E+01   0.231713E+01  -0.990000E+02  -0.990000E+02  -0.990000E+02  -0.990000E+02  -0.990000E+02  -0.990000E+02  -0.990000E+02  -0.990000E+02  -0.990000E+02  -0.990000E+02  -0.990000E+02  -0.990000E+02  -0.990000E+02  -0.990000E+02   0.226662E+01   0.226593E+01   0.226075E+01   0.225515E+01   0.224924E+01   0.224555E+01   0.223808E+01   0.223117E+01   0.222314E+01   0.221461E+01   0.220557E+01   0.219605E+01   0.218604E+01   0.217557E+01   0.216466E+01   0.215332E+01   0.214160E+01   0.212950E+01   0.211705E+01   0.210429E+01   0.209123E+01   0.207791E+01   0.206433E+01   0.205054E+01   0.203612E+01   0.202224E+01   0.200614E+01   0.199290E+01   0.197807E+01   0.196366E+01   0.194886E+01   0.193414E+01   0.191929E+01   0.190447E+01   0.188975E+01   0.187023E+01
-0.990000E+02  -0.990000E+02  -0.990000E+02  -0.990000E+02  -0.990000E+02  -0.990000E+02  -0.990000E+02  -0.990000E+02  -0.990000E+02  -0.990000E+02  -0.990000E+02  -0.990000E+02  -0.990000E+02  -0.990000E+02  -0.990000E+02  -0.990000E+02   0.686942E+00   0.726472E+00   0.759498E+00   0.789695E+00   0.819234E+00   0.848309E+00   0.875226E+00   0.902020E+00   0.927898E+00   0.953799E+00   0.977456E+00   0.102318E+01   0.141274E+01   0.163135E+01   0.175730E+01   0.184580E+01   0.191310E+01   0.196643E+01   0.200979E+01   0.204567E+01   0.207575E+01   0.210127E+01   0.212313E+01   0.214202E+01   0.215848E+01   0.217292E+01   0.218562E+01   0.219687E+01   0.220664E+01   0.221515E+01   0.222259E+01   0.222923E+01   0.223553E+01   0.224224E+01   0.224942E+01   0.225570E+01   0.226064E+01   0.226417E+01  -0.990000E+02  -0.990000E+02  -0.990000E+02  -0.990000E+02  -0.990000E+02  -0.990000E+02  -0.990000E+02  -0.990000E+02  -0.990000E+02  -0.990000E+02   0.227114E+01   0.227244E+01   0.228096E+01   0.228817E+01   0.229356E+01   0.229808E+01   0.230162E+01   0.230465E+01   0.230731E+01   0.230967E+01   0.231180E+01   0.231375E+01   0.231556E+01   0.231698E+01  -0.990000E+02  -0.990000E+02  -0.990000E+02  -0.990000E+02  -0.990000E+02  -0.990000E+02  -0.990000E+02  -0.990000E+02  -0.990000E+02  -0.990000E+02  -0.990000E+02  -0.990000E+02  -0.990000E+02  -0.990000E+02   0.226638E+01   0.226581E+01   0.226064E+01   0.225505E+01   0.224915E+01   0.224547E+01   0.223802E+01   0.223112E+01   0.222311E+01   0.221460E+01   0.220558E+01   0.219608E+01   0.218609E+01   0.217564E+01   0.216475E+01   0.215344E+01   0.214173E+01   0.212966E+01   0.211723E+01   0.210449E+01   0.209145E+01   0.207815E+01   0.206459E+01   0.205081E+01   0.203642E+01   0.202254E+01   0.200647E+01   0.199323E+01   0.197842E+01   0.196402E+01   0.194923E+01   0.193452E+01   0.191968E+01   0.190486E+01   0.189014E+01   0.187062E+01
-0.990000E+02  -0.990000E+02  -0.990000E+02  -0.990000E+02  -0.990000E+02  -0.990000E+02  -0.990000E+02  -0.990000E+02  -0.990000E+02  -0.990000E+02  -0.990000E+02  -0.990000E+02  -0.990000E+02  -0.990000E+02  -0.990000E+02  -0.990000E+02   0.686597E+00   0.726127E+00   0.759152E+00   0.789349E+00   0.818887E+00   0.847961E+00   0.874878E+00   0.901671E+00   0.927549E+00   0.953448E+00   0.977215E+00   0.101026E+01   0.132969E+01   0.158571E+01   0.172627E+01   0.182259E+01   0.189503E+01   0.195211E+01   0.199840E+01   0.203664E+01   0.206868E+01   0.209581E+01   0.211896E+01   0.213883E+01   0.215592E+01   0.217065E+01   0.218334E+01   0.219436E+01   0.220385E+01   0.221224E+01   0.221999E+01   0.222773E+01   0.223592E+01   0.224391E+01   0.225061E+01   0.225543E+01   0.225912E+01   0.226163E+01  -0.990000E+02  -0.990000E+02  -0.990000E+02  -0.990000E+02  -0.990000E+02  -0.990000E+02  -0.990000E+02  -0.990000E+02  -0.990000E+02  -0.990000E+02   0.226876E+01   0.227101E+01   0.228031E+01   0.228774E+01   0.229324E+01   0.229783E+01   0.230141E+01   0.230447E+01   0.230715E+01   0.230952E+01   0.231167E+01   0.231363E+01   0.231543E+01   0.231683E+01  -0.990000E+02  -0.990000E+02  -0.990000E+02  -0.990000E+02  -0.990000E+02  -0.990000E+02  -0.990000E+02  -0.990000E+02  -0.990000E+02  -0.990000E+02  -0.990000E+02  -0.990000E+02  -0.990000E+02  -0.990000E+02   0.226616E+01   0.226569E+01   0.226053E+01   0.225495E+01   0.224906E+01   0.224539E+01   0.223795E+01   0.223107E+01   0.222308E+01   0.221459E+01   0.220559E+01   0.219610E+01   0.218613E+01   0.217570E+01   0.216483E+01   0.215355E+01   0.214186E+01   0.212981E+01   0.211741E+01   0.210469E+01   0.209167E+01   0.207838E+01   0.206485E+01   0.205109E+01   0.203672E+01   0.202284E+01   0.200679E+01   0.199356E+01   0.197876E+01   0.196438E+01   0.194960E+01   0.193489E+01   0.192006E+01   0.190524E+01   0.189053E+01   0.187101E+01
-0.990000E+02  -0.990000E+02  -0.990000E+02  -0.990000E+02  -0.990000E+02  -0.990000E+02  -0.990000E+02  -0.990000E+02  -0.990000E+02  -0.990000E+02  -0.990000E+02  -0.990000E+02  -0.990000E+02  -0.990000E+02  -0.990000E+02  -0.990000E+02   0.686251E+00   0.725780E+00   0.758805E+00   0.789002E+00   0.818539E+00   0.847613E+00   0.874529E+00   0.901321E+00   0.927198E+00   0.953096E+00   0.976895E+00   0.100190E+01   0.121720E+01   0.153037E+01   0.169403E+01   0.180116E+01   0.187996E+01   0.194124E+01   0.199039E+01   0.203060E+01   0.206391E+01   0.209176E+01   0.211519E+01   0.213501E+01   0.215185E+01   0.216626E+01   0.217873E+01   0.218983E+01   0.219994E+01   0.220974E+01   0.221966E+01   0.222943E+01   0.223813E+01   0.224485E+01   0.224962E+01   0.225326E+01   0.225575E+01  -0.990000E+02  -0.990000E+02  -0.990000E+02  -0.990000E+02  -0.990000E+02  -0.990000E+02  -0.990000E+02  -0.990000E+02  -0.990000E+02  -0.990000E+02  -0.990000E+02   0.226605E+01   0.226953E+01   0.227964E+01   0.228731E+01   0.229292E+01   0.229758E+01   0.230120E+01   0.230429E+01   0.230698E+01   0.230938E+01   0.231153E+01   0.231350E+01   0.231531E+01   0.231668E+01  -0.990000E+02  -0.990000E+02  -0.990000E+02  -0.990000E+02  -0.990000E+02  -0.990000E+02  -0.990000E+02  -0.990000E+02  -0.990000E+02  -0.990000E+02  -0.990000E+02  -0.990000E+02  -0.990000E+02  -0.990000E+02   0.226594E+01   0.226556E+01   0.226042E+01   0.225485E+01   0.224897E+01   0.224531E+01   0.223788E+01   0.223102E+01   0.222305E+01   0.221457E+01   0.220559E+01   0.219612E+01   0.218617E+01   0.217576E+01   0.216491E+01   0.215365E+01   0.214199E+01   0.212995E+01   0.211757E+01   0.210487E+01   0.209188E+01   0.207861E+01   0.206509E+01   0.205135E+01   0.203700E+01   0.202313E+01   0.200711E+01   0.199388E+01   0.197911E+01   0.196473E+01   0.194996E+01   0.193526E+01   0.192044E+01   0.190563E+01   0.189091E+01   0.187140E+01
-0.990000E+02  -0.990000E+02  -0.990000E+02  -0.990000E+02  -0.990000E+02  -0.990000E+02  -0.990000E+02  -0.990000E+02  -0.990000E+02  -0.990000E+02  -0.990000E+02  -0.990000E+02  -0.990000E+02  -0.990000E+02  -0.990000E+02  -0.990000E+02   0.685902E+00   0.725430E+00   0.758454E+00   0.788650E+00   0.818187E+00   0.847260E+00   0.874175E+00   0.900967E+00   0.926842E+00   0.952740E+00   0.976542E+00   0.999342E+00   0.113203E+01   0.148904E+01   0.167362E+01   0.178763E+01   0.186945E+01   0.193214E+01   0.198188E+01   0.202222E+01   0.205543E+01   0.208311E+01   0.210643E+01   0.212633E+01   0.214360E+01   0.215896E+01   0.217305E+01   0.218654E+01   0.219955E+01   0.221189E+01   0.222287E+01   0.223169E+01   0.223808E+01   0.224282E+01   0.224654E+01   0.224910E+01  -0.990000E+02  -0.990000E+02  -0.990000E+02  -0.990000E+02  -0.990000E+02  -0.990000E+02  -0.990000E+02  -0.990000E+02  -0.990000E+02  -0.990000E+02  -0.990000E+02  -0.990000E+02   0.226293E+01   0.226797E+01   0.227895E+01   0.228686E+01   0.229259E+01   0.229732E+01   0.230098E+01   0.230410E+01   0.230682E+01   0.230923E+01   0.231139E+01   0.231337E+01   0.231518E+01   0.231652E+01  -0.990000E+02  -0.990000E+02  -0.990000E+02  -0.990000E+02  -0.990000E+02  -0.990000E+02  -0.990000E+02  -0.990000E+02  -0.990000E+02  -0.990000E+02  -0.990000E+02  -0.990000E+02  -0.990000E+02  -0.990000E+02   0.226573E+01   0.226543E+01   0.226030E+01   0.225474E+01   0.224888E+01   0.224522E+01   0.223781E+01   0.223096E+01   0.222301E+01   0.221454E+01   0.220558E+01   0.219613E+01   0.218621E+01   0.217582E+01   0.216499E+01   0.215375E+01   0.214211E+01   0.213009E+01   0.211774E+01   0.210506E+01   0.209208E+01   0.207883E+01   0.206534E+01   0.205161E+01   0.203729E+01   0.202342E+01   0.200743E+01   0.199420E+01   0.197944E+01   0.196508E+01   0.195032E+01   0.193563E+01   0.192081E+01   0.190601E+01   0.189129E+01   0.187178E+01
-0.990000E+02  -0.990000E+02  -0.990000E+02  -0.990000E+02  -0.990000E+02  -0.990000E+02  -0.990000E+02  -0.990000E+02  -0.990000E+02  -0.990000E+02  -0.990000E+02  -0.990000E+02  -0.990000E+02  -0.990000E+02  -0.990000E+02  -0.990000E+02   0.685547E+00   0.725074E+00   0.758098E+00   0.788294E+00   0.817830E+00   0.846902E+00   0.873817E+00   0.900608E+00   0.926483E+00   0.952379E+00   0.976180E+00   0.998725E+00   0.108175E+01   0.143942E+01   0.163830E+01   0.175746E+01   0.184222E+01   0.190707E+01   0.195873E+01   0.200098E+01   0.203627E+01   0.206635E+01   0.209253E+01   0.211582E+01   0.213700E+01   0.215654E+01   0.217450E+01   0.219070E+01   0.220453E+01   0.221555E+01   0.222370E+01   0.222974E+01   0.223450E+01   0.223825E+01   0.224091E+01  -0.990000E+02  -0.990000E+02  -0.990000E+02  -0.990000E+02  -0.990000E+02  -0.990000E+02  -0.990000E+02  -0.990000E+02  -0.990000E+02  -0.990000E+02  -0.990000E+02  -0.990000E+02  -0.990000E+02   0.225925E+01   0.226631E+01   0.227823E+01   0.228641E+01   0.229226E+01   0.229706E+01   0.230077E+01   0.230391E+01   0.230665E+01   0.230908E+01   0.231125E+01   0.231324E+01   0.231505E+01   0.231636E+01  -0.990000E+02  -0.990000E+02  -0.990000E+02  -0.990000E+02  -0.990000E+02  -0.990000E+02  -0.990000E+02  -0.990000E+02  -0.990000E+02  -0.990000E+02  -0.990000E+02  -0.990000E+02  -0.990000E+02  -0.990000E+02   0.226553E+01   0.226529E+01   0.226018E+01   0.225463E+01   0.224878E+01   0.224513E+01   0.223773E+01   0.223090E+01   0.222296E+01   0.221452E+01   0.220558E+01   0.219614E+01   0.218624E+01   0.217587E+01   0.216506E+01   0.215384E+01   0.214222E+01   0.213023E+01   0.211790E+01   0.210524E+01   0.209228E+01   0.207905E+01   0.206558E+01   0.205187E+01   0.203757E+01   0.202370E+01   0.200774E+01   0.199451E+01   0.197978E+01   0.196543E+01   0.195067E+01   0.193599E+01   0.192118E+01   0.190638E+01   0.189167E+01   0.187216E+01
-0.990000E+02  -0.990000E+02  -0.990000E+02  -0.990000E+02  -0.990000E+02  -0.990000E+02  -0.990000E+02  -0.990000E+02  -0.990000E+02  -0.990000E+02  -0.990000E+02  -0.990000E+02  -0.990000E+02  -0.990000E+02  -0.990000E+02  -0.990000E+02   0.685189E+00   0.724715E+00   0.757738E+00   0.787934E+00   0.817470E+00   0.846541E+00   0.873455E+00   0.900245E+00   0.926119E+00   0.952014E+00   0.975814E+00   0.998253E+00   0.103659E+01   0.129402E+01   0.153842E+01   0.168368E+01   0.178507E+01   0.186250E+01   0.192471E+01   0.197637E+01   0.202029E+01   0.205821E+01   0.209121E+01   0.211990E+01   0.214459E+01   0.216544E+01   0.218240E+01   0.219560E+01   0.220544E+01   0.221292E+01   0.221890E+01   0.222384E+01   0.222820E+01  -0.990000E+02  -0.990000E+02  -0.990000E+02  -0.990000E+02  -0.990000E+02  -0.990000E+02  -0.990000E+02  -0.990000E+02  -0.990000E+02  -0.990000E+02  -0.990000E+02  -0.990000E+02  -0.990000E+02  -0.990000E+02   0.225311E+01   0.225475E+01   0.226454E+01   0.227747E+01   0.228593E+01   0.229192E+01   0.229680E+01   0.230055E+01   0.230373E+01   0.230648E+01   0.230892E+01   0.231111E+01   0.231311E+01   0.231492E+01   0.231621E+01  -0.990000E+02  -0.990000E+02  -0.990000E+02  -0.990000E+02  -0.990000E+02  -0.990000E+02  -0.990000E+02  -0.990000E+02  -0.990000E+02  -0.990000E+02  -0.990000E+02  -0.990000E+02  -0.990000E+02  -0.990000E+02   0.226533E+01   0.226516E+01   0.226006E+01   0.225452E+01   0.224868E+01   0.224504E+01   0.223765E+01   0.223084E+01   0.222292E+01   0.221449E+01   0.220556E+01   0.219615E+01   0.218626E+01   0.217592E+01   0.216513E+01   0.215393E+01   0.214233E+01   0.213036E+01   0.211805E+01   0.210541E+01   0.209248E+01   0.207927E+01   0.206581E+01   0.205213E+01   0.203784E+01   0.202398E+01   0.200805E+01   0.199482E+01   0.198010E+01   0.196577E+01   0.195102E+01   0.193635E+01   0.192154E+01   0.190675E+01   0.189205E+01   0.187253E+01
-0.990000E+02  -0.990000E+02  -0.990000E+02  -0.990000E+02  -0.990000E+02  -0.990000E+02  -0.990000E+02  -0.990000E+02  -0.990000E+02  -0.990000E+02  -0.990000E+02  -0.990000E+02  -0.990000E+02  -0.990000E+02  -0.990000E+02  -0.990000E+02   0.684830E+00   0.724355E+00   0.757378E+00   0.787573E+00   0.817108E+00   0.846179E+00   0.873092E+00   0.899881E+00   0.925754E+00   0.951649E+00   0.975448E+00   0.997878E+00   0.102126E+01   0.110963E+01   0.139423E+01   0.161336E+01   0.175330E+01   0.185348E+01   0.193001E+01   0.199047E+01   0.203906E+01   0.207834E+01   0.210993E+01   0.213496E+01   0.215439E+01   0.216933E+01   0.218093E+01   0.219030E+01   0.219808E+01   0.220502E+01   0.221285E+01   0.222505E+01  -0.990000E+02  -0.990000E+02  -0.990000E+02  -0.990000E+02  -0.990000E+02  -0.990000E+02  -0.990000E+02  -0.990000E+02  -0.990000E+02  -0.990000E+02  -0.990000E+02  -0.990000E+02  -0.990000E+02  -0.990000E+02  -0.990000E+02   0.224757E+01   0.224912E+01   0.226262E+01   0.227668E+01   0.228545E+01   0.229157E+01   0.229653E+01   0.230033E+01   0.230353E+01   0.230631E+01   0.230877E+01   0.231097E+01   0.231298E+01   0.231478E+01   0.231605E+01  -0.990000E+02  -0.990000E+02  -0.990000E+02  -0.990000E+02  -0.990000E+02  -0.990000E+02  -0.990000E+02  -0.990000E+02  -0.990000E+02  -0.990000E+02  -0.990000E+02  -0.990000E+02  -0.990000E+02  -0.990000E+02   0.226514E+01   0.226501E+01   0.225994E+01   0.225441E+01   0.224858E+01   0.224495E+01   0.223757E+01   0.223078E+01   0.222287E+01   0.221446E+01   0.220555E+01   0.219616E+01   0.218629E+01   0.217596E+01   0.216520E+01   0.215402E+01   0.214244E+01   0.213049E+01   0.211820E+01   0.210559E+01   0.209267E+01   0.207948E+01   0.206604E+01   0.205238E+01   0.203811E+01   0.202426E+01   0.200836E+01   0.199513E+01   0.198043E+01   0.196611E+01   0.195136E+01   0.193671E+01   0.192191E+01   0.190712E+01   0.189242E+01   0.187290E+01
-0.990000E+02  -0.990000E+02  -0.990000E+02  -0.990000E+02  -0.990000E+02  -0.990000E+02  -0.990000E+02  -0.990000E+02  -0.990000E+02  -0.990000E+02  -0.990000E+02  -0.990000E+02  -0.990000E+02  -0.990000E+02  -0.990000E+02  -0.990000E+02   0.684470E+00   0.723994E+00   0.757017E+00   0.787211E+00   0.816746E+00   0.845816E+00   0.872728E+00   0.899517E+00   0.925389E+00   0.951282E+00   0.975080E+00   0.997509E+00   0.102059E+01   0.108149E+01   0.140805E+01   0.169229E+01   0.182805E+01   0.191611E+01   0.197937E+01   0.202672E+01   0.206289E+01   0.209094E+01   0.211304E+01   0.213080E+01   0.214546E+01   0.215791E+01   0.216884E+01   0.217933E+01   0.219154E+01   0.220853E+01   0.221885E+01  -0.990000E+02  -0.990000E+02  -0.990000E+02  -0.990000E+02  -0.990000E+02  -0.990000E+02  -0.990000E+02  -0.990000E+02  -0.990000E+02  -0.990000E+02  -0.990000E+02  -0.990000E+02  -0.990000E+02  -0.990000E+02  -0.990000E+02  -0.990000E+02   0.224018E+01   0.224169E+01   0.226052E+01   0.227584E+01   0.228494E+01   0.229122E+01   0.229625E+01   0.230010E+01   0.230334E+01   0.230614E+01   0.230861E+01   0.231083E+01   0.231284E+01   0.231464E+01   0.231589E+01  -0.990000E+02  -0.990000E+02  -0.990000E+02  -0.990000E+02  -0.990000E+02  -0.990000E+02  -0.990000E+02  -0.990000E+02  -0.990000E+02  -0.990000E+02  -0.990000E+02  -0.990000E+02  -0.990000E+02  -0.990000E+02   0.226496E+01   0.226487E+01   0.225982E+01   0.225430E+01   0.224847E+01   0.224486E+01   0.223749E+01   0.223071E+01   0.222282E+01   0.221442E+01   0.220554E+01   0.219616E+01   0.218631E+01   0.217601E+01   0.216526E+01   0.215410E+01   0.214255E+01   0.213062E+01   0.211835E+01   0.210576E+01   0.209286E+01   0.207969E+01   0.206627E+01   0.205262E+01   0.203838E+01   0.202453E+01   0.200867E+01   0.199543E+01   0.198075E+01   0.196644E+01   0.195171E+01   0.193706E+01   0.192226E+01   0.190749E+01   0.189278E+01   0.187327E+01
-0.990000E+02  -0.990000E+02  -0.990000E+02  -0.990000E+02  -0.990000E+02  -0.990000E+02  -0.990000E+02  -0.990000E+02  -0.990000E+02  -0.990000E+02  -0.990000E+02  -0.990000E+02  -0.990000E+02  -0.990000E+02  -0.990000E+02  -0.990000E+02   0.684096E+00   0.723620E+00   0.756642E+00   0.786836E+00   0.816370E+00   0.845439E+00   0.872351E+00   0.899139E+00   0.925010E+00   0.950902E+00   0.974699E+00   0.997127E+00   0.102309E+01   0.112983E+01   0.165288E+01   0.179068E+01   0.187155E+01   0.193050E+01   0.197613E+01   0.201273E+01   0.204282E+01   0.206803E+01   0.208955E+01   0.210843E+01   0.212602E+01   0.214456E+01   0.216746E+01   0.218885E+01   0.220127E+01   0.220732E+01  -0.990000E+02  -0.990000E+02  -0.990000E+02  -0.990000E+02  -0.990000E+02  -0.990000E+02  -0.990000E+02  -0.990000E+02  -0.990000E+02  -0.990000E+02  -0.990000E+02  -0.990000E+02  -0.990000E+02  -0.990000E+02  -0.990000E+02  -0.990000E+02  -0.990000E+02   0.222964E+01   0.223115E+01   0.225818E+01   0.227496E+01   0.228442E+01   0.229085E+01   0.229597E+01   0.229986E+01   0.230314E+01   0.230596E+01   0.230845E+01   0.231068E+01   0.231270E+01   0.231450E+01   0.231572E+01  -0.990000E+02  -0.990000E+02  -0.990000E+02  -0.990000E+02  -0.990000E+02  -0.990000E+02  -0.990000E+02  -0.990000E+02  -0.990000E+02  -0.990000E+02  -0.990000E+02  -0.990000E+02  -0.990000E+02  -0.990000E+02   0.226477E+01   0.226472E+01   0.225968E+01   0.225418E+01   0.224837E+01   0.224476E+01   0.223740E+01   0.223064E+01   0.222276E+01   0.221439E+01   0.220552E+01   0.219616E+01   0.218633E+01   0.217605E+01   0.216532E+01   0.215418E+01   0.214265E+01   0.213075E+01   0.211849E+01   0.210592E+01   0.209305E+01   0.207990E+01   0.206650E+01   0.205286E+01   0.203864E+01   0.202480E+01   0.200896E+01   0.199572E+01   0.198107E+01   0.196677E+01   0.195204E+01   0.193741E+01   0.192262E+01   0.190784E+01   0.189314E+01   0.187362E+01
-0.990000E+02  -0.990000E+02  -0.990000E+02  -0.990000E+02  -0.990000E+02  -0.990000E+02  -0.990000E+02  -0.990000E+02  -0.990000E+02  -0.990000E+02  -0.990000E+02  -0.990000E+02  -0.990000E+02  -0.990000E+02  -0.990000E+02  -0.990000E+02   0.683697E+00   0.723220E+00   0.756241E+00   0.786435E+00   0.815968E+00   0.845037E+00   0.871948E+00   0.898735E+00   0.924605E+00   0.950497E+00   0.974292E+00   0.996719E+00   0.102715E+01   0.116418E+01   0.159966E+01   0.171388E+01   0.179693E+01   0.186159E+01   0.191406E+01   0.195826E+01   0.199727E+01   0.203424E+01   0.207264E+01   0.211330E+01   0.214557E+01   0.216430E+01   0.217592E+01   0.218378E+01  -0.990000E+02  -0.990000E+02  -0.990000E+02  -0.990000E+02  -0.990000E+02  -0.990000E+02  -0.990000E+02  -0.990000E+02  -0.990000E+02  -0.990000E+02  -0.990000E+02  -0.990000E+02  -0.990000E+02  -0.990000E+02  -0.990000E+02  -0.990000E+02  -0.990000E+02  -0.990000E+02  -0.990000E+02   0.221309E+01   0.221468E+01   0.225555E+01   0.227402E+01   0.228387E+01   0.229046E+01   0.229567E+01   0.229962E+01   0.230293E+01   0.230578E+01   0.230828E+01   0.231052E+01   0.231255E+01   0.231435E+01   0.231555E+01  -0.990000E+02  -0.990000E+02  -0.990000E+02  -0.990000E+02  -0.990000E+02  -0.990000E+02  -0.990000E+02  -0.990000E+02  -0.990000E+02  -0.990000E+02  -0.990000E+02  -0.990000E+02  -0.990000E+02  -0.990000E+02   0.226458E+01   0.226455E+01   0.225954E+01   0.225405E+01   0.224825E+01   0.224465E+01   0.223731E+01   0.223056E+01   0.222270E+01   0.221434E+01   0.220549E+01   0.219615E+01   0.218634E+01   0.217607E+01   0.216537E+01   0.215425E+01   0.214274E+01   0.213086E+01   0.211863E+01   0.210607E+01   0.209322E+01   0.208009E+01   0.206671E+01   0.205309E+01   0.203889E+01   0.202505E+01   0.200925E+01   0.199601E+01   0.198137E+01   0.196708E+01   0.195236E+01   0.193774E+01   0.192295E+01   0.190819E+01   0.189349E+01   0.187397E+01
-0.990000E+02  -0.990000E+02  -0.990000E+02  -0.990000E+02  -0.990000E+02  -0.990000E+02  -0.990000E+02  -0.990000E+02  -0.990000E+02  -0.990000E+02  -0.990000E+02  -0.990000E+02  -0.990000E+02  -0.990000E+02  -0.990000E+02  -0.990000E+02   0.683276E+00   0.722798E+00   0.755819E+00   0.786012E+00   0.815545E+00   0.844613E+00   0.871523E+00   0.898309E+00   0.924178E+00   0.950068E+00   0.973863E+00   0.996288E+00   0.102258E+01   0.107157E+01   0.133859E+01   0.152981E+01   0.167362E+01   0.179395E+01   0.190146E+01   0.199008E+01   0.204962E+01   0.208548E+01   0.210813E+01   0.212396E+01   0.213503E+01  -0.990000E+02  -0.990000E+02  -0.990000E+02  -0.990000E+02  -0.990000E+02  -0.990000E+02  -0.990000E+02  -0.990000E+02  -0.990000E+02  -0.990000E+02  -0.990000E+02  -0.990000E+02  -0.990000E+02  -0.990000E+02  -0.990000E+02  -0.990000E+02  -0.990000E+02  -0.990000E+02  -0.990000E+02  -0.990000E+02  -0.990000E+02  -0.990000E+02   0.218178E+01   0.218372E+01   0.225254E+01   0.227302E+01   0.228329E+01   0.229006E+01   0.229536E+01   0.229936E+01   0.230271E+01   0.230558E+01   0.230810E+01   0.231036E+01   0.231239E+01   0.231419E+01   0.231537E+01  -0.990000E+02  -0.990000E+02  -0.990000E+02  -0.990000E+02  -0.990000E+02  -0.990000E+02  -0.990000E+02  -0.990000E+02  -0.990000E+02  -0.990000E+02  -0.990000E+02  -0.990000E+02  -0.990000E+02  -0.990000E+02   0.226438E+01   0.226438E+01   0.225939E+01   0.225392E+01   0.224812E+01   0.224453E+01   0.223720E+01   0.223047E+01   0.222262E+01   0.221428E+01   0.220545E+01   0.219613E+01   0.218634E+01   0.217609E+01   0.216541E+01   0.215431E+01   0.214282E+01   0.213096E+01   0.211875E+01   0.210622E+01   0.209338E+01   0.208027E+01   0.206691E+01   0.205331E+01   0.203913E+01   0.202530E+01   0.200952E+01   0.199628E+01   0.198167E+01   0.196738E+01   0.195268E+01   0.193806E+01   0.192328E+01   0.190852E+01   0.189383E+01   0.187431E+01
-0.990000E+02  -0.990000E+02  -0.990000E+02  -0.990000E+02  -0.990000E+02  -0.990000E+02  -0.990000E+02  -0.990000E+02  -0.990000E+02  -0.990000E+02  -0.990000E+02  -0.990000E+02  -0.990000E+02  -0.990000E+02  -0.990000E+02  -0.990000E+02   0.682829E+00   0.722350E+00   0.755370E+00   0.785563E+00   0.815095E+00   0.844163E+00   0.871072E+00   0.897857E+00   0.923726E+00   0.949615E+00   0.973408E+00   0.995832E+00   0.102194E+01   0.106240E+01   0.133827E+01   0.173537E+01   0.186488E+01   0.192760E+01   0.196963E+01   0.199988E+01   0.202038E+01   0.202934E+01  -0.990000E+02  -0.990000E+02  -0.990000E+02  -0.990000E+02  -0.990000E+02  -0.990000E+02  -0.990000E+02  -0.990000E+02  -0.990000E+02  -0.990000E+02  -0.990000E+02  -0.990000E+02  -0.990000E+02  -0.990000E+02  -0.990000E+02  -0.990000E+02  -0.990000E+02  -0.990000E+02  -0.990000E+02  -0.990000E+02  -0.990000E+02  -0.990000E+02  -0.990000E+02  -0.990000E+02  -0.990000E+02   0.210329E+01   0.210690E+01   0.224905E+01   0.227195E+01   0.228269E+01   0.228964E+01   0.229504E+01   0.229910E+01   0.230248E+01   0.230538E+01   0.230792E+01   0.231018E+01   0.231223E+01   0.231402E+01   0.231518E+01  -0.990000E+02  -0.990000E+02  -0.990000E+02  -0.990000E+02  -0.990000E+02  -0.990000E+02  -0.990000E+02  -0.990000E+02  -0.990000E+02  -0.990000E+02  -0.990000E+02  -0.990000E+02  -0.990000E+02  -0.990000E+02   0.226418E+01   0.226420E+01   0.225923E+01   0.225377E+01   0.224799E+01   0.224440E+01   0.223708E+01   0.223037E+01   0.222254E+01   0.221421E+01   0.220540E+01   0.219610E+01   0.218633E+01   0.217610E+01   0.216544E+01   0.215436E+01   0.214289E+01   0.213105E+01   0.211886E+01   0.210635E+01   0.209354E+01   0.208045E+01   0.206710E+01   0.205352E+01   0.203936E+01   0.202553E+01   0.200979E+01   0.199654E+01   0.198195E+01   0.196767E+01   0.195298E+01   0.193837E+01   0.192360E+01   0.190884E+01   0.189415E+01   0.187463E+01
-0.990000E+02  -0.990000E+02  -0.990000E+02  -0.990000E+02  -0.990000E+02  -0.990000E+02  -0.990000E+02  -0.990000E+02  -0.990000E+02  -0.990000E+02  -0.990000E+02  -0.990000E+02  -0.990000E+02  -0.990000E+02  -0.990000E+02  -0.990000E+02   0.682238E+00   0.721757E+00   0.754778E+00   0.784970E+00   0.814502E+00   0.843569E+00   0.870479E+00   0.897263E+00   0.923132E+00   0.949020E+00   0.972813E+00   0.995237E+00   0.102512E+01   0.114396E+01   0.153529E+01   0.160444E+01   0.162282E+01  -0.990000E+02  -0.990000E+02  -0.990000E+02  -0.990000E+02  -0.990000E+02  -0.990000E+02  -0.990000E+02  -0.990000E+02  -0.990000E+02  -0.990000E+02  -0.990000E+02  -0.990000E+02  -0.990000E+02  -0.990000E+02  -0.990000E+02  -0.990000E+02  -0.990000E+02  -0.990000E+02  -0.990000E+02  -0.990000E+02  -0.990000E+02  -0.990000E+02  -0.990000E+02  -0.990000E+02  -0.990000E+02  -0.990000E+02  -0.990000E+02  -0.990000E+02  -0.990000E+02  -0.990000E+02   0.183571E+01   0.185303E+01   0.224489E+01   0.227079E+01   0.228204E+01   0.228918E+01   0.229468E+01   0.229880E+01   0.230221E+01   0.230514E+01   0.230769E+01   0.230997E+01   0.231203E+01   0.231381E+01   0.231495E+01  -0.990000E+02  -0.990000E+02  -0.990000E+02  -0.990000E+02  -0.990000E+02  -0.990000E+02  -0.990000E+02  -0.990000E+02  -0.990000E+02  -0.990000E+02  -0.990000E+02  -0.990000E+02  -0.990000E+02  -0.990000E+02   0.226394E+01   0.226396E+01   0.225902E+01   0.225358E+01   0.224780E+01   0.224423E+01   0.223692E+01   0.223022E+01   0.222241E+01   0.221410E+01   0.220530E+01   0.219602E+01   0.218627E+01   0.217606E+01   0.216542E+01   0.215437E+01   0.214291E+01   0.213109E+01   0.211893E+01   0.210643E+01   0.209364E+01   0.208057E+01   0.206724E+01   0.205368E+01   0.203954E+01   0.202572E+01   0.201000E+01   0.199674E+01   0.198217E+01   0.196791E+01   0.195322E+01   0.193862E+01   0.192386E+01   0.190911E+01   0.189442E+01   0.187490E+01
-0.990000E+02  -0.990000E+02  -0.990000E+02  -0.990000E+02  -0.990000E+02  -0.990000E+02  -0.990000E+02  -0.990000E+02  -0.990000E+02  -0.990000E+02  -0.990000E+02  -0.990000E+02  -0.990000E+02  -0.990000E+02  -0.990000E+02  -0.990000E+02   0.681568E+00   0.721085E+00   0.754104E+00   0.784295E+00   0.813826E+00   0.842891E+00   0.869799E+00   0.896581E+00   0.922446E+00   0.948332E+00   0.972121E+00   0.994542E+00   0.102131E+01   0.104032E+01   0.111932E+01   0.107538E+01  -0.990000E+02  -0.990000E+02  -0.990000E+02  -0.990000E+02  -0.990000E+02  -0.990000E+02  -0.990000E+02  -0.990000E+02  -0.990000E+02  -0.990000E+02  -0.990000E+02  -0.990000E+02  -0.990000E+02  -0.990000E+02  -0.990000E+02  -0.990000E+02  -0.990000E+02  -0.990000E+02  -0.990000E+02  -0.990000E+02  -0.990000E+02  -0.990000E+02  -0.990000E+02  -0.990000E+02  -0.990000E+02  -0.990000E+02  -0.990000E+02  -0.990000E+02  -0.990000E+02  -0.990000E+02  -0.990000E+02   0.167510E+01   0.170388E+01   0.223986E+01   0.226954E+01   0.228135E+01   0.228870E+01   0.229430E+01   0.229847E+01   0.230193E+01   0.230488E+01   0.230745E+01   0.230974E+01   0.231180E+01   0.231358E+01   0.231470E+01  -0.990000E+02  -0.990000E+02  -0.990000E+02  -0.990000E+02  -0.990000E+02  -0.990000E+02  -0.990000E+02  -0.990000E+02  -0.990000E+02  -0.990000E+02  -0.990000E+02  -0.990000E+02  -0.990000E+02  -0.990000E+02   0.226366E+01   0.226370E+01   0.225878E+01   0.225336E+01   0.224760E+01   0.224403E+01   0.223673E+01   0.223005E+01   0.222225E+01   0.221396E+01   0.220517E+01   0.219591E+01   0.218618E+01   0.217599E+01   0.216537E+01   0.215433E+01   0.214290E+01   0.213110E+01   0.211896E+01   0.210648E+01   0.209371E+01   0.208066E+01   0.206735E+01   0.205381E+01   0.203968E+01   0.202586E+01   0.201018E+01   0.199692E+01   0.198237E+01   0.196811E+01   0.195343E+01   0.193885E+01   0.192408E+01   0.190934E+01   0.189465E+01   0.187513E+01
-0.990000E+02  -0.990000E+02  -0.990000E+02  -0.990000E+02  -0.990000E+02  -0.990000E+02  -0.990000E+02  -0.990000E+02  -0.990000E+02  -0.990000E+02  -0.990000E+02  -0.990000E+02  -0.990000E+02  -0.990000E+02  -0.990000E+02  -0.990000E+02   0.681095E+00   0.720612E+00   0.753630E+00   0.783820E+00   0.813350E+00   0.842414E+00   0.869320E+00   0.896101E+00   0.921965E+00   0.947849E+00   0.971637E+00   0.994055E+00   0.102086E+01   0.104620E+01   0.105341E+01   0.107320E+01  -0.990000E+02  -0.990000E+02  -0.990000E+02  -0.990000E+02  -0.990000E+02  -0.990000E+02  -0.990000E+02  -0.990000E+02  -0.990000E+02  -0.990000E+02  -0.990000E+02  -0.990000E+02  -0.990000E+02  -0.990000E+02  -0.990000E+02  -0.990000E+02  -0.990000E+02  -0.990000E+02  -0.990000E+02  -0.990000E+02  -0.990000E+02  -0.990000E+02  -0.990000E+02  -0.990000E+02  -0.990000E+02  -0.990000E+02  -0.990000E+02  -0.990000E+02  -0.990000E+02  -0.990000E+02  -0.990000E+02   0.163424E+01   0.166164E+01   0.223364E+01   0.226826E+01   0.228068E+01   0.228825E+01   0.229396E+01   0.229820E+01   0.230169E+01   0.230466E+01   0.230726E+01   0.230956E+01   0.231163E+01   0.231339E+01   0.231451E+01  -0.990000E+02  -0.990000E+02  -0.990000E+02  -0.990000E+02  -0.990000E+02  -0.990000E+02  -0.990000E+02  -0.990000E+02  -0.990000E+02  -0.990000E+02  -0.990000E+02  -0.990000E+02  -0.990000E+02  -0.990000E+02   0.226345E+01   0.226350E+01   0.225860E+01   0.225319E+01   0.224745E+01   0.224388E+01   0.223660E+01   0.222993E+01   0.222215E+01   0.221387E+01   0.220510E+01   0.219586E+01   0.218615E+01   0.217598E+01   0.216538E+01   0.215436E+01   0.214295E+01   0.213117E+01   0.211904E+01   0.210659E+01   0.209384E+01   0.208081E+01   0.206752E+01   0.205399E+01   0.203989E+01   0.202607E+01   0.201042E+01   0.199715E+01   0.198263E+01   0.196838E+01   0.195371E+01   0.193913E+01   0.192438E+01   0.190964E+01   0.189496E+01   0.187543E+01
-0.990000E+02  -0.990000E+02  -0.990000E+02  -0.990000E+02  -0.990000E+02  -0.990000E+02  -0.990000E+02  -0.990000E+02  -0.990000E+02  -0.990000E+02  -0.990000E+02  -0.990000E+02  -0.990000E+02  -0.990000E+02  -0.990000E+02  -0.990000E+02   0.680638E+00   0.720153E+00   0.753171E+00   0.783360E+00   0.812889E+00   0.841953E+00   0.868858E+00   0.895638E+00   0.921501E+00   0.947383E+00   0.971170E+00   0.993587E+00   0.102042E+01   0.104243E+01   0.105287E+01   0.107273E+01  -0.990000E+02  -0.990000E+02  -0.990000E+02  -0.990000E+02  -0.990000E+02  -0.990000E+02  -0.990000E+02  -0.990000E+02  -0.990000E+02  -0.990000E+02  -0.990000E+02  -0.990000E+02  -0.990000E+02  -0.990000E+02  -0.990000E+02  -0.990000E+02  -0.990000E+02  -0.990000E+02  -0.990000E+02  -0.990000E+02  -0.990000E+02  -0.990000E+02  -0.990000E+02  -0.990000E+02  -0.990000E+02  -0.990000E+02  -0.990000E+02  -0.990000E+02  -0.990000E+02  -0.990000E+02  -0.990000E+02   0.160188E+01   0.162647E+01   0.222556E+01   0.226688E+01   0.227999E+01   0.228779E+01   0.229362E+01   0.229792E+01   0.230145E+01   0.230445E+01   0.230707E+01   0.230952E+01   0.231146E+01   0.231320E+01  -0.990000E+02  -0.990000E+02  -0.990000E+02  -0.990000E+02  -0.990000E+02  -0.990000E+02  -0.990000E+02  -0.990000E+02  -0.990000E+02  -0.990000E+02  -0.990000E+02  -0.990000E+02  -0.990000E+02  -0.990000E+02  -0.990000E+02   0.226324E+01   0.226329E+01   0.225842E+01   0.225303E+01   0.224730E+01   0.224374E+01   0.223647E+01   0.222981E+01   0.222205E+01   0.221379E+01   0.220504E+01   0.219581E+01   0.218612E+01   0.217597E+01   0.216539E+01   0.215439E+01   0.214300E+01   0.213124E+01   0.211914E+01   0.210671E+01   0.209397E+01   0.208096E+01   0.206769E+01   0.205418E+01   0.204010E+01   0.202629E+01   0.201066E+01   0.199739E+01   0.198289E+01   0.196866E+01   0.195400E+01   0.193943E+01   0.192468E+01   0.190995E+01   0.189526E+01   0.187574E+01
-0.990000E+02  -0.990000E+02  -0.990000E+02  -0.990000E+02  -0.990000E+02  -0.990000E+02  -0.990000E+02  -0.990000E+02  -0.990000E+02  -0.990000E+02  -0.990000E+02  -0.990000E+02  -0.990000E+02  -0.990000E+02  -0.990000E+02  -0.990000E+02   0.680173E+00   0.719687E+00   0.752704E+00   0.782893E+00   0.812421E+00   0.841484E+00   0.868388E+00   0.895167E+00   0.921029E+00   0.946910E+00   0.970695E+00   0.993110E+00   0.101997E+01   0.104004E+01   0.105240E+01   0.107225E+01  -0.990000E+02  -0.990000E+02  -0.990000E+02  -0.990000E+02  -0.990000E+02  -0.990000E+02  -0.990000E+02  -0.990000E+02  -0.990000E+02  -0.990000E+02  -0.990000E+02  -0.990000E+02  -0.990000E+02  -0.990000E+02  -0.990000E+02  -0.990000E+02  -0.990000E+02  -0.990000E+02  -0.990000E+02  -0.990000E+02  -0.990000E+02  -0.990000E+02  -0.990000E+02  -0.990000E+02  -0.990000E+02  -0.990000E+02  -0.990000E+02  -0.990000E+02  -0.990000E+02  -0.990000E+02  -0.990000E+02   0.157677E+01   0.159774E+01   0.221480E+01   0.226539E+01   0.227928E+01   0.228732E+01   0.229327E+01   0.229764E+01   0.230121E+01   0.230424E+01   0.230689E+01   0.230934E+01   0.231129E+01   0.231299E+01  -0.990000E+02  -0.990000E+02  -0.990000E+02  -0.990000E+02  -0.990000E+02  -0.990000E+02  -0.990000E+02  -0.990000E+02  -0.990000E+02  -0.990000E+02  -0.990000E+02  -0.990000E+02  -0.990000E+02  -0.990000E+02  -0.990000E+02   0.226303E+01   0.226308E+01   0.225823E+01   0.225286E+01   0.224714E+01   0.224360E+01   0.223633E+01   0.222969E+01   0.222194E+01   0.221370E+01   0.220497E+01   0.219576E+01   0.218608E+01   0.217595E+01   0.216539E+01   0.215442E+01   0.214305E+01   0.213131E+01   0.211922E+01   0.210681E+01   0.209410E+01   0.208110E+01   0.206785E+01   0.205436E+01   0.204030E+01   0.202650E+01   0.201090E+01   0.199763E+01   0.198315E+01   0.196892E+01   0.195427E+01   0.193971E+01   0.192497E+01   0.191025E+01   0.189557E+01   0.187605E+01
-0.990000E+02  -0.990000E+02  -0.990000E+02  -0.990000E+02  -0.990000E+02  -0.990000E+02  -0.990000E+02  -0.990000E+02  -0.990000E+02  -0.990000E+02  -0.990000E+02  -0.990000E+02  -0.990000E+02  -0.990000E+02  -0.990000E+02  -0.990000E+02   0.679705E+00   0.719218E+00   0.752235E+00   0.782423E+00   0.811951E+00   0.841012E+00   0.867916E+00   0.894694E+00   0.920554E+00   0.946434E+00   0.970218E+00   0.992632E+00   0.101951E+01   0.103833E+01   0.105192E+01   0.107176E+01  -0.990000E+02  -0.990000E+02  -0.990000E+02  -0.990000E+02  -0.990000E+02  -0.990000E+02  -0.990000E+02  -0.990000E+02  -0.990000E+02  -0.990000E+02  -0.990000E+02  -0.990000E+02  -0.990000E+02  -0.990000E+02  -0.990000E+02  -0.990000E+02  -0.990000E+02  -0.990000E+02  -0.990000E+02  -0.990000E+02  -0.990000E+02  -0.990000E+02  -0.990000E+02  -0.990000E+02  -0.990000E+02  -0.990000E+02  -0.990000E+02  -0.990000E+02  -0.990000E+02  -0.990000E+02  -0.990000E+02   0.155701E+01   0.157395E+01   0.219901E+01   0.226378E+01   0.227853E+01   0.228684E+01   0.229291E+01   0.229735E+01   0.230097E+01   0.230403E+01   0.230671E+01   0.230915E+01   0.231112E+01   0.231277E+01  -0.990000E+02  -0.990000E+02  -0.990000E+02  -0.990000E+02  -0.990000E+02  -0.990000E+02  -0.990000E+02  -0.990000E+02  -0.990000E+02  -0.990000E+02  -0.990000E+02  -0.990000E+02  -0.990000E+02  -0.990000E+02  -0.990000E+02   0.226282E+01   0.226287E+01   0.225804E+01   0.225269E+01   0.224699E+01   0.224345E+01   0.223619E+01   0.222957E+01   0.222183E+01   0.221360E+01   0.220489E+01   0.219570E+01   0.218604E+01   0.217593E+01   0.216539E+01   0.215444E+01   0.214309E+01   0.213137E+01   0.211930E+01   0.210691E+01   0.209422E+01   0.208124E+01   0.206801E+01   0.205454E+01   0.204049E+01   0.202670E+01   0.201114E+01   0.199786E+01   0.198341E+01   0.196919E+01   0.195454E+01   0.193999E+01   0.192526E+01   0.191054E+01   0.189586E+01   0.187634E+01
-0.990000E+02  -0.990000E+02  -0.990000E+02  -0.990000E+02  -0.990000E+02  -0.990000E+02  -0.990000E+02  -0.990000E+02  -0.990000E+02  -0.990000E+02  -0.990000E+02  -0.990000E+02  -0.990000E+02  -0.990000E+02  -0.990000E+02  -0.990000E+02   0.679227E+00   0.718739E+00   0.751755E+00   0.781943E+00   0.811470E+00   0.840531E+00   0.867433E+00   0.894210E+00   0.920070E+00   0.945948E+00   0.969730E+00   0.992143E+00   0.101902E+01   0.103705E+01   0.105143E+01   0.107127E+01  -0.990000E+02  -0.990000E+02  -0.990000E+02  -0.990000E+02  -0.990000E+02  -0.990000E+02  -0.990000E+02  -0.990000E+02  -0.990000E+02  -0.990000E+02  -0.990000E+02  -0.990000E+02  -0.990000E+02  -0.990000E+02  -0.990000E+02  -0.990000E+02  -0.990000E+02  -0.990000E+02  -0.990000E+02  -0.990000E+02  -0.990000E+02  -0.990000E+02  -0.990000E+02  -0.990000E+02  -0.990000E+02  -0.990000E+02  -0.990000E+02  -0.990000E+02  -0.990000E+02  -0.990000E+02  -0.990000E+02   0.154126E+01   0.155405E+01   0.217406E+01   0.226202E+01   0.227775E+01   0.228635E+01   0.229255E+01   0.229706E+01   0.230072E+01   0.230382E+01   0.230652E+01   0.230896E+01   0.231094E+01   0.231256E+01  -0.990000E+02  -0.990000E+02  -0.990000E+02  -0.990000E+02  -0.990000E+02  -0.990000E+02  -0.990000E+02  -0.990000E+02  -0.990000E+02  -0.990000E+02  -0.990000E+02  -0.990000E+02  -0.990000E+02  -0.990000E+02  -0.990000E+02   0.226260E+01   0.226264E+01   0.225784E+01   0.225251E+01   0.224682E+01   0.224330E+01   0.223605E+01   0.222944E+01   0.222172E+01   0.221350E+01   0.220481E+01   0.219563E+01   0.218599E+01   0.217590E+01   0.216538E+01   0.215445E+01   0.214312E+01   0.213142E+01   0.211938E+01   0.210701E+01   0.209433E+01   0.208138E+01   0.206816E+01   0.205471E+01   0.204068E+01   0.202689E+01   0.201137E+01   0.199808E+01   0.198365E+01   0.196944E+01   0.195481E+01   0.194027E+01   0.192554E+01   0.191083E+01   0.189616E+01   0.187664E+01
-0.990000E+02  -0.990000E+02  -0.990000E+02  -0.990000E+02  -0.990000E+02  -0.990000E+02  -0.990000E+02  -0.990000E+02  -0.990000E+02  -0.990000E+02  -0.990000E+02  -0.990000E+02  -0.990000E+02  -0.990000E+02  -0.990000E+02  -0.990000E+02   0.678730E+00   0.718241E+00   0.751257E+00   0.781444E+00   0.810970E+00   0.840030E+00   0.866932E+00   0.893708E+00   0.919566E+00   0.945443E+00   0.969224E+00   0.991635E+00   0.101852E+01   0.103604E+01   0.105092E+01   0.107076E+01  -0.990000E+02  -0.990000E+02  -0.990000E+02  -0.990000E+02  -0.990000E+02  -0.990000E+02  -0.990000E+02  -0.990000E+02  -0.990000E+02  -0.990000E+02  -0.990000E+02  -0.990000E+02  -0.990000E+02  -0.990000E+02  -0.990000E+02  -0.990000E+02  -0.990000E+02  -0.990000E+02  -0.990000E+02  -0.990000E+02  -0.990000E+02  -0.990000E+02  -0.990000E+02  -0.990000E+02  -0.990000E+02  -0.990000E+02  -0.990000E+02  -0.990000E+02  -0.990000E+02  -0.990000E+02  -0.990000E+02   0.152890E+01   0.153772E+01   0.212987E+01   0.226008E+01   0.227694E+01   0.228584E+01   0.229218E+01   0.229676E+01   0.230047E+01   0.230360E+01   0.230633E+01   0.230877E+01   0.231076E+01   0.231234E+01  -0.990000E+02  -0.990000E+02  -0.990000E+02  -0.990000E+02  -0.990000E+02  -0.990000E+02  -0.990000E+02  -0.990000E+02  -0.990000E+02  -0.990000E+02  -0.990000E+02  -0.990000E+02  -0.990000E+02  -0.990000E+02  -0.990000E+02   0.226237E+01   0.226241E+01   0.225764E+01   0.225232E+01   0.224665E+01   0.224314E+01   0.223590E+01   0.222930E+01   0.222159E+01   0.221340E+01   0.220471E+01   0.219556E+01   0.218594E+01   0.217587E+01   0.216537E+01   0.215445E+01   0.214314E+01   0.213147E+01   0.211944E+01   0.210709E+01   0.209443E+01   0.208150E+01   0.206830E+01   0.205487E+01   0.204086E+01   0.202708E+01   0.201159E+01   0.199829E+01   0.198389E+01   0.196969E+01   0.195507E+01   0.194054E+01   0.192581E+01   0.191111E+01   0.189644E+01   0.187692E+01
-0.990000E+02  -0.990000E+02  -0.990000E+02  -0.990000E+02  -0.990000E+02  -0.990000E+02  -0.990000E+02  -0.990000E+02  -0.990000E+02  -0.990000E+02  -0.990000E+02  -0.990000E+02  -0.990000E+02  -0.990000E+02  -0.990000E+02  -0.990000E+02   0.678195E+00   0.717704E+00   0.750719E+00   0.780906E+00   0.810431E+00   0.839490E+00   0.866392E+00   0.893166E+00   0.919023E+00   0.944899E+00   0.968679E+00   0.991088E+00   0.101797E+01   0.103520E+01   0.105038E+01   0.107021E+01  -0.990000E+02  -0.990000E+02  -0.990000E+02  -0.990000E+02  -0.990000E+02  -0.990000E+02  -0.990000E+02  -0.990000E+02  -0.990000E+02  -0.990000E+02  -0.990000E+02  -0.990000E+02  -0.990000E+02  -0.990000E+02  -0.990000E+02  -0.990000E+02  -0.990000E+02  -0.990000E+02  -0.990000E+02  -0.990000E+02  -0.990000E+02  -0.990000E+02  -0.990000E+02  -0.990000E+02  -0.990000E+02  -0.990000E+02  -0.990000E+02  -0.990000E+02  -0.990000E+02  -0.990000E+02  -0.990000E+02   0.151984E+01   0.152537E+01   0.204224E+01   0.225792E+01   0.227608E+01   0.228531E+01   0.229179E+01   0.229645E+01   0.230021E+01   0.230337E+01   0.230612E+01   0.230856E+01   0.231056E+01   0.231210E+01  -0.990000E+02  -0.990000E+02  -0.990000E+02  -0.990000E+02  -0.990000E+02  -0.990000E+02  -0.990000E+02  -0.990000E+02  -0.990000E+02  -0.990000E+02  -0.990000E+02  -0.990000E+02  -0.990000E+02  -0.990000E+02  -0.990000E+02   0.226213E+01   0.226216E+01   0.225742E+01   0.225212E+01   0.224646E+01   0.224297E+01   0.223574E+01   0.222915E+01   0.222145E+01   0.221327E+01   0.220461E+01   0.219547E+01   0.218587E+01   0.217582E+01   0.216533E+01   0.215444E+01   0.214315E+01   0.213149E+01   0.211949E+01   0.210716E+01   0.209452E+01   0.208161E+01   0.206843E+01   0.205501E+01   0.204103E+01   0.202725E+01   0.201179E+01   0.199849E+01   0.198411E+01   0.196991E+01   0.195531E+01   0.194078E+01   0.192607E+01   0.191137E+01   0.189670E+01   0.187718E+01
-0.990000E+02  -0.990000E+02  -0.990000E+02  -0.990000E+02  -0.990000E+02  -0.990000E+02  -0.990000E+02  -0.990000E+02  -0.990000E+02  -0.990000E+02  -0.990000E+02  -0.990000E+02  -0.990000E+02  -0.990000E+02  -0.990000E+02  -0.990000E+02   0.677589E+00   0.717097E+00   0.750112E+00   0.780297E+00   0.809822E+00   0.838880E+00   0.865781E+00   0.892554E+00   0.918410E+00   0.944285E+00   0.968063E+00   0.990471E+00   0.101735E+01   0.103446E+01   0.104976E+01   0.106959E+01  -0.990000E+02  -0.990000E+02  -0.990000E+02  -0.990000E+02  -0.990000E+02  -0.990000E+02  -0.990000E+02  -0.990000E+02  -0.990000E+02  -0.990000E+02  -0.990000E+02  -0.990000E+02  -0.990000E+02  -0.990000E+02  -0.990000E+02  -0.990000E+02  -0.990000E+02  -0.990000E+02  -0.990000E+02  -0.990000E+02  -0.990000E+02  -0.990000E+02  -0.990000E+02  -0.990000E+02  -0.990000E+02  -0.990000E+02  -0.990000E+02  -0.990000E+02  -0.990000E+02  -0.990000E+02  -0.990000E+02  -0.990000E+02   0.151823E+01   0.189190E+01   0.225549E+01   0.227516E+01   0.228475E+01   0.229113E+01   0.229612E+01   0.229993E+01   0.230312E+01   0.230590E+01   0.230834E+01   0.231035E+01   0.231185E+01  -0.990000E+02  -0.990000E+02  -0.990000E+02  -0.990000E+02  -0.990000E+02  -0.990000E+02  -0.990000E+02  -0.990000E+02  -0.990000E+02  -0.990000E+02  -0.990000E+02  -0.990000E+02  -0.990000E+02  -0.990000E+02  -0.990000E+02   0.226187E+01   0.226189E+01   0.225717E+01   0.225189E+01   0.224625E+01   0.224277E+01   0.223555E+01   0.222897E+01   0.222129E+01   0.221312E+01   0.220448E+01   0.219536E+01   0.218577E+01   0.217574E+01   0.216528E+01   0.215440E+01   0.214313E+01   0.213150E+01   0.211951E+01   0.210720E+01   0.209458E+01   0.208169E+01   0.206853E+01   0.205513E+01   0.204116E+01   0.202739E+01   0.201197E+01   0.199866E+01   0.198431E+01   0.197012E+01   0.195552E+01   0.194100E+01   0.192630E+01   0.191161E+01   0.189694E+01   0.187742E+01
-0.990000E+02  -0.990000E+02  -0.990000E+02  -0.990000E+02  -0.990000E+02  -0.990000E+02  -0.990000E+02  -0.990000E+02  -0.990000E+02  -0.990000E+02  -0.990000E+02  -0.990000E+02  -0.990000E+02  -0.990000E+02  -0.990000E+02  -0.990000E+02   0.676977E+00   0.716484E+00   0.749497E+00   0.779682E+00   0.809206E+00   0.838263E+00   0.865162E+00   0.891934E+00   0.917788E+00   0.943660E+00   0.967436E+00   0.989841E+00   0.101672E+01   0.103383E+01   0.104913E+01   0.106895E+01  -0.990000E+02  -0.990000E+02  -0.990000E+02  -0.990000E+02  -0.990000E+02  -0.990000E+02  -0.990000E+02  -0.990000E+02  -0.990000E+02  -0.990000E+02  -0.990000E+02  -0.990000E+02  -0.990000E+02  -0.990000E+02  -0.990000E+02  -0.990000E+02  -0.990000E+02  -0.990000E+02  -0.990000E+02  -0.990000E+02  -0.990000E+02  -0.990000E+02  -0.990000E+02  -0.990000E+02  -0.990000E+02  -0.990000E+02  -0.990000E+02  -0.990000E+02  -0.990000E+02  -0.990000E+02  -0.990000E+02  -0.990000E+02   0.151588E+01   0.179399E+01   0.225273E+01   0.227419E+01   0.228417E+01   0.229070E+01   0.229578E+01   0.229964E+01   0.230287E+01   0.230567E+01   0.230811E+01   0.231013E+01   0.231160E+01  -0.990000E+02  -0.990000E+02  -0.990000E+02  -0.990000E+02  -0.990000E+02  -0.990000E+02  -0.990000E+02  -0.990000E+02  -0.990000E+02  -0.990000E+02  -0.990000E+02  -0.990000E+02  -0.990000E+02  -0.990000E+02  -0.990000E+02   0.226160E+01   0.226161E+01   0.225692E+01   0.225166E+01   0.224603E+01   0.224257E+01   0.223536E+01   0.222879E+01   0.222112E+01   0.221297E+01   0.220434E+01   0.219524E+01   0.218567E+01   0.217566E+01   0.216521E+01   0.215436E+01   0.214311E+01   0.213149E+01   0.211953E+01   0.210723E+01   0.209464E+01   0.208176E+01   0.206862E+01   0.205524E+01   0.204129E+01   0.202753E+01   0.201214E+01   0.199882E+01   0.198449E+01   0.197031E+01   0.195572E+01   0.194122E+01   0.192652E+01   0.191183E+01   0.189717E+01   0.187765E+01
-0.990000E+02  -0.990000E+02  -0.990000E+02  -0.990000E+02  -0.990000E+02  -0.990000E+02  -0.990000E+02  -0.990000E+02  -0.990000E+02  -0.990000E+02  -0.990000E+02  -0.990000E+02  -0.990000E+02  -0.990000E+02  -0.990000E+02  -0.990000E+02   0.676453E+00   0.715959E+00   0.748971E+00   0.779155E+00   0.808678E+00   0.837734E+00   0.864631E+00   0.891402E+00   0.917255E+00   0.943125E+00   0.966899E+00   0.989302E+00   0.101618E+01   0.103329E+01   0.104859E+01   0.106841E+01  -0.990000E+02  -0.990000E+02  -0.990000E+02  -0.990000E+02  -0.990000E+02  -0.990000E+02  -0.990000E+02  -0.990000E+02  -0.990000E+02  -0.990000E+02  -0.990000E+02  -0.990000E+02  -0.990000E+02  -0.990000E+02  -0.990000E+02  -0.990000E+02  -0.990000E+02  -0.990000E+02  -0.990000E+02  -0.990000E+02  -0.990000E+02  -0.990000E+02  -0.990000E+02  -0.990000E+02  -0.990000E+02  -0.990000E+02  -0.990000E+02  -0.990000E+02  -0.990000E+02  -0.990000E+02  -0.990000E+02  -0.990000E+02   0.151480E+01   0.174685E+01   0.224959E+01   0.227319E+01   0.228360E+01   0.229029E+01   0.229546E+01   0.229937E+01   0.230264E+01   0.230546E+01   0.230791E+01   0.230992E+01   0.231136E+01  -0.990000E+02  -0.990000E+02  -0.990000E+02  -0.990000E+02  -0.990000E+02  -0.990000E+02  -0.990000E+02  -0.990000E+02  -0.990000E+02  -0.990000E+02  -0.990000E+02  -0.990000E+02  -0.990000E+02  -0.990000E+02  -0.990000E+02   0.226136E+01   0.226135E+01   0.225669E+01   0.225145E+01   0.224583E+01   0.224239E+01   0.223520E+01   0.222863E+01   0.222098E+01   0.221284E+01   0.220423E+01   0.219514E+01   0.218559E+01   0.217560E+01   0.216517E+01   0.215433E+01   0.214311E+01   0.213151E+01   0.211957E+01   0.210729E+01   0.209472E+01   0.208186E+01   0.206874E+01   0.205537E+01   0.204145E+01   0.202769E+01   0.201234E+01   0.199901E+01   0.198471E+01   0.197053E+01   0.195596E+01   0.194146E+01   0.192677E+01   0.191209E+01   0.189743E+01   0.187791E+01
-0.990000E+02  -0.990000E+02  -0.990000E+02  -0.990000E+02  -0.990000E+02  -0.990000E+02  -0.990000E+02  -0.990000E+02  -0.990000E+02  -0.990000E+02  -0.990000E+02  -0.990000E+02  -0.990000E+02  -0.990000E+02  -0.990000E+02  -0.990000E+02   0.675950E+00   0.715454E+00   0.748467E+00   0.778650E+00   0.808172E+00   0.837227E+00   0.864123E+00   0.890893E+00   0.916744E+00   0.942613E+00   0.966385E+00   0.988787E+00   0.101566E+01   0.103277E+01   0.104807E+01   0.106789E+01  -0.990000E+02  -0.990000E+02  -0.990000E+02  -0.990000E+02  -0.990000E+02  -0.990000E+02  -0.990000E+02  -0.990000E+02  -0.990000E+02  -0.990000E+02  -0.990000E+02  -0.990000E+02  -0.990000E+02  -0.990000E+02  -0.990000E+02  -0.990000E+02  -0.990000E+02  -0.990000E+02  -0.990000E+02  -0.990000E+02  -0.990000E+02  -0.990000E+02  -0.990000E+02  -0.990000E+02  -0.990000E+02  -0.990000E+02  -0.990000E+02  -0.990000E+02  -0.990000E+02  -0.990000E+02  -0.990000E+02  -0.990000E+02   0.151392E+01   0.170868E+01   0.224592E+01   0.227214E+01   0.228301E+01   0.228987E+01   0.229514E+01   0.229911E+01   0.230241E+01   0.230526E+01   0.230771E+01   0.230972E+01   0.231113E+01  -0.990000E+02  -0.990000E+02  -0.990000E+02  -0.990000E+02  -0.990000E+02  -0.990000E+02  -0.990000E+02  -0.990000E+02  -0.990000E+02  -0.990000E+02  -0.990000E+02  -0.990000E+02  -0.990000E+02  -0.990000E+02  -0.990000E+02   0.226112E+01   0.226110E+01   0.225646E+01   0.225124E+01   0.224564E+01   0.224222E+01   0.223503E+01   0.222848E+01   0.222084E+01   0.221272E+01   0.220412E+01   0.219505E+01   0.218552E+01   0.217554E+01   0.216513E+01   0.215432E+01   0.214311E+01   0.213153E+01   0.211961E+01   0.210736E+01   0.209480E+01   0.208196E+01   0.206886E+01   0.205551E+01   0.204161E+01   0.202785E+01   0.201254E+01   0.199920E+01   0.198493E+01   0.197076E+01   0.195619E+01   0.194171E+01   0.192702E+01   0.191235E+01   0.189769E+01   0.187818E+01
-0.990000E+02  -0.990000E+02  -0.990000E+02  -0.990000E+02  -0.990000E+02  -0.990000E+02  -0.990000E+02  -0.990000E+02  -0.990000E+02  -0.990000E+02  -0.990000E+02  -0.990000E+02  -0.990000E+02  -0.990000E+02  -0.990000E+02  -0.990000E+02   0.675448E+00   0.714951E+00   0.747963E+00   0.778145E+00   0.807666E+00   0.836721E+00   0.863616E+00   0.890385E+00   0.916235E+00   0.942102E+00   0.965873E+00   0.988273E+00   0.101515E+01   0.103226E+01   0.104756E+01   0.106737E+01  -0.990000E+02  -0.990000E+02  -0.990000E+02  -0.990000E+02  -0.990000E+02  -0.990000E+02  -0.990000E+02  -0.990000E+02  -0.990000E+02  -0.990000E+02  -0.990000E+02  -0.990000E+02  -0.990000E+02  -0.990000E+02  -0.990000E+02  -0.990000E+02  -0.990000E+02  -0.990000E+02  -0.990000E+02  -0.990000E+02  -0.990000E+02  -0.990000E+02  -0.990000E+02  -0.990000E+02  -0.990000E+02  -0.990000E+02  -0.990000E+02  -0.990000E+02  -0.990000E+02  -0.990000E+02  -0.990000E+02  -0.990000E+02   0.151311E+01   0.167578E+01   0.224156E+01   0.227103E+01   0.228239E+01   0.228945E+01   0.229482E+01   0.229884E+01   0.230218E+01   0.230505E+01   0.230751E+01   0.230952E+01   0.231090E+01  -0.990000E+02  -0.990000E+02  -0.990000E+02  -0.990000E+02  -0.990000E+02  -0.990000E+02  -0.990000E+02  -0.990000E+02  -0.990000E+02  -0.990000E+02  -0.990000E+02  -0.990000E+02  -0.990000E+02  -0.990000E+02  -0.990000E+02   0.226088E+01   0.226084E+01   0.225623E+01   0.225103E+01   0.224544E+01   0.224204E+01   0.223487E+01   0.222833E+01   0.222069E+01   0.221259E+01   0.220401E+01   0.219495E+01   0.218544E+01   0.217548E+01   0.216510E+01   0.215430E+01   0.214311E+01   0.213155E+01   0.211965E+01   0.210742E+01   0.209488E+01   0.208206E+01   0.206898E+01   0.205565E+01   0.204176E+01   0.202801E+01   0.201274E+01   0.199939E+01   0.198514E+01   0.197098E+01   0.195643E+01   0.194195E+01   0.192727E+01   0.191261E+01   0.189795E+01   0.187844E+01
-0.990000E+02  -0.990000E+02  -0.990000E+02  -0.990000E+02  -0.990000E+02  -0.990000E+02  -0.990000E+02  -0.990000E+02  -0.990000E+02  -0.990000E+02  -0.990000E+02  -0.990000E+02  -0.990000E+02  -0.990000E+02  -0.990000E+02  -0.990000E+02   0.674945E+00   0.714447E+00   0.747458E+00   0.777640E+00   0.807160E+00   0.836213E+00   0.863108E+00   0.889875E+00   0.915724E+00   0.941590E+00   0.965360E+00   0.987758E+00   0.101463E+01   0.103174E+01   0.104704E+01   0.106685E+01  -0.990000E+02  -0.990000E+02  -0.990000E+02  -0.990000E+02  -0.990000E+02  -0.990000E+02  -0.990000E+02  -0.990000E+02  -0.990000E+02  -0.990000E+02  -0.990000E+02  -0.990000E+02  -0.990000E+02  -0.990000E+02  -0.990000E+02  -0.990000E+02  -0.990000E+02  -0.990000E+02  -0.990000E+02  -0.990000E+02  -0.990000E+02  -0.990000E+02  -0.990000E+02  -0.990000E+02  -0.990000E+02  -0.990000E+02  -0.990000E+02  -0.990000E+02  -0.990000E+02  -0.990000E+02  -0.990000E+02  -0.990000E+02   0.151233E+01   0.164729E+01   0.223625E+01   0.226984E+01   0.228176E+01   0.228901E+01   0.229449E+01   0.229857E+01   0.230195E+01   0.230484E+01   0.230730E+01   0.230931E+01   0.231067E+01  -0.990000E+02  -0.990000E+02  -0.990000E+02  -0.990000E+02  -0.990000E+02  -0.990000E+02  -0.990000E+02  -0.990000E+02  -0.990000E+02  -0.990000E+02  -0.990000E+02  -0.990000E+02  -0.990000E+02  -0.990000E+02  -0.990000E+02   0.226063E+01   0.226057E+01   0.225600E+01   0.225082E+01   0.224524E+01   0.224187E+01   0.223470E+01   0.222817E+01   0.222055E+01   0.221246E+01   0.220389E+01   0.219486E+01   0.218536E+01   0.217542E+01   0.216505E+01   0.215428E+01   0.214311E+01   0.213157E+01   0.211969E+01   0.210747E+01   0.209496E+01   0.208216E+01   0.206909E+01   0.205578E+01   0.204191E+01   0.202817E+01   0.201293E+01   0.199958E+01   0.198536E+01   0.197120E+01   0.195666E+01   0.194219E+01   0.192752E+01   0.191286E+01   0.189821E+01   0.187870E+01
-0.990000E+02  -0.990000E+02  -0.990000E+02  -0.990000E+02  -0.990000E+02  -0.990000E+02  -0.990000E+02  -0.990000E+02  -0.990000E+02  -0.990000E+02  -0.990000E+02  -0.990000E+02  -0.990000E+02  -0.990000E+02  -0.990000E+02  -0.990000E+02   0.674439E+00   0.713940E+00   0.746950E+00   0.777131E+00   0.806651E+00   0.835703E+00   0.862597E+00   0.889363E+00   0.915211E+00   0.941076E+00   0.964844E+00   0.987241E+00   0.101411E+01   0.103122E+01   0.104652E+01   0.106633E+01  -0.990000E+02  -0.990000E+02  -0.990000E+02  -0.990000E+02  -0.990000E+02  -0.990000E+02  -0.990000E+02  -0.990000E+02  -0.990000E+02  -0.990000E+02  -0.990000E+02  -0.990000E+02  -0.990000E+02  -0.990000E+02  -0.990000E+02  -0.990000E+02  -0.990000E+02  -0.990000E+02  -0.990000E+02  -0.990000E+02  -0.990000E+02  -0.990000E+02  -0.990000E+02  -0.990000E+02  -0.990000E+02  -0.990000E+02  -0.990000E+02  -0.990000E+02  -0.990000E+02  -0.990000E+02  -0.990000E+02  -0.990000E+02   0.151157E+01   0.162236E+01   0.222977E+01   0.226857E+01   0.228110E+01   0.228857E+01   0.229415E+01   0.229829E+01   0.230171E+01   0.230462E+01   0.230710E+01   0.230910E+01   0.231043E+01  -0.990000E+02  -0.990000E+02  -0.990000E+02  -0.990000E+02  -0.990000E+02  -0.990000E+02  -0.990000E+02  -0.990000E+02  -0.990000E+02  -0.990000E+02  -0.990000E+02  -0.990000E+02  -0.990000E+02  -0.990000E+02  -0.990000E+02   0.226038E+01   0.226030E+01   0.225576E+01   0.225060E+01   0.224504E+01   0.224169E+01   0.223453E+01   0.222801E+01   0.222040E+01   0.221232E+01   0.220377E+01   0.219475E+01   0.218528E+01   0.217536E+01   0.216501E+01   0.215425E+01   0.214310E+01   0.213158E+01   0.211972E+01   0.210753E+01   0.209503E+01   0.208225E+01   0.206920E+01   0.205591E+01   0.204206E+01   0.202833E+01   0.201312E+01   0.199976E+01   0.198556E+01   0.197141E+01   0.195689E+01   0.194243E+01   0.192776E+01   0.191311E+01   0.189847E+01   0.187896E+01
-0.990000E+02  -0.990000E+02  -0.990000E+02  -0.990000E+02  -0.990000E+02  -0.990000E+02  -0.990000E+02  -0.990000E+02  -0.990000E+02  -0.990000E+02  -0.990000E+02  -0.990000E+02  -0.990000E+02  -0.990000E+02  -0.990000E+02  -0.990000E+02   0.673929E+00   0.713429E+00   0.746439E+00   0.776619E+00   0.806138E+00   0.835190E+00   0.862082E+00   0.888847E+00   0.914694E+00   0.940557E+00   0.964323E+00   0.986718E+00   0.101359E+01   0.103073E+01   0.104600E+01   0.106580E+01  -0.990000E+02  -0.990000E+02  -0.990000E+02  -0.990000E+02  -0.990000E+02  -0.990000E+02  -0.990000E+02  -0.990000E+02  -0.990000E+02  -0.990000E+02  -0.990000E+02  -0.990000E+02  -0.990000E+02  -0.990000E+02  -0.990000E+02  -0.990000E+02  -0.990000E+02  -0.990000E+02  -0.990000E+02  -0.990000E+02  -0.990000E+02  -0.990000E+02  -0.990000E+02  -0.990000E+02  -0.990000E+02  -0.990000E+02  -0.990000E+02  -0.990000E+02  -0.990000E+02  -0.990000E+02  -0.990000E+02   0.150795E+01   0.151080E+01   0.160092E+01   0.222119E+01   0.226721E+01   0.228041E+01   0.228812E+01   0.229381E+01   0.229802E+01   0.230148E+01   0.230441E+01   0.230689E+01   0.230888E+01   0.231019E+01  -0.990000E+02  -0.990000E+02  -0.990000E+02  -0.990000E+02  -0.990000E+02  -0.990000E+02  -0.990000E+02  -0.990000E+02  -0.990000E+02  -0.990000E+02  -0.990000E+02  -0.990000E+02  -0.990000E+02  -0.990000E+02  -0.990000E+02   0.226013E+01   0.226003E+01   0.225551E+01   0.225038E+01   0.224483E+01   0.224150E+01   0.223436E+01   0.222785E+01   0.222025E+01   0.221219E+01   0.220365E+01   0.219465E+01   0.218519E+01   0.217529E+01   0.216496E+01   0.215422E+01   0.214309E+01   0.213159E+01   0.211975E+01   0.210758E+01   0.209510E+01   0.208233E+01   0.206931E+01   0.205603E+01   0.204221E+01   0.202848E+01   0.201331E+01   0.199994E+01   0.198577E+01   0.197162E+01   0.195711E+01   0.194266E+01   0.192800E+01   0.191336E+01   0.189872E+01   0.187921E+01
-0.990000E+02  -0.990000E+02  -0.990000E+02  -0.990000E+02  -0.990000E+02  -0.990000E+02  -0.990000E+02  -0.990000E+02  -0.990000E+02  -0.990000E+02  -0.990000E+02  -0.990000E+02  -0.990000E+02  -0.990000E+02  -0.990000E+02  -0.990000E+02   0.673424E+00   0.712923E+00   0.745932E+00   0.776112E+00   0.805630E+00   0.834681E+00   0.861572E+00   0.888336E+00   0.914181E+00   0.940043E+00   0.963808E+00   0.986202E+00   0.101307E+01   0.103026E+01   0.104548E+01   0.106528E+01  -0.990000E+02  -0.990000E+02  -0.990000E+02  -0.990000E+02  -0.990000E+02  -0.990000E+02  -0.990000E+02  -0.990000E+02  -0.990000E+02  -0.990000E+02  -0.990000E+02  -0.990000E+02  -0.990000E+02  -0.990000E+02  -0.990000E+02  -0.990000E+02  -0.990000E+02  -0.990000E+02  -0.990000E+02  -0.990000E+02  -0.990000E+02  -0.990000E+02  -0.990000E+02  -0.990000E+02  -0.990000E+02  -0.990000E+02  -0.990000E+02  -0.990000E+02  -0.990000E+02  -0.990000E+02  -0.990000E+02   0.150722E+01   0.151005E+01   0.158202E+01   0.220942E+01   0.226573E+01   0.227969E+01   0.228765E+01   0.229346E+01   0.229774E+01   0.230143E+01   0.230430E+01   0.230668E+01   0.230864E+01  -0.990000E+02  -0.990000E+02  -0.990000E+02  -0.990000E+02  -0.990000E+02  -0.990000E+02  -0.990000E+02  -0.990000E+02  -0.990000E+02  -0.990000E+02  -0.990000E+02  -0.990000E+02  -0.990000E+02  -0.990000E+02  -0.990000E+02  -0.990000E+02   0.225988E+01   0.225975E+01   0.225527E+01   0.225015E+01   0.224462E+01   0.224132E+01   0.223418E+01   0.222769E+01   0.222010E+01   0.221205E+01   0.220353E+01   0.219454E+01   0.218510E+01   0.217522E+01   0.216491E+01   0.215419E+01   0.214308E+01   0.213160E+01   0.211978E+01   0.210762E+01   0.209517E+01   0.208242E+01   0.206941E+01   0.205615E+01   0.204235E+01   0.202863E+01   0.201349E+01   0.200011E+01   0.198597E+01   0.197183E+01   0.195733E+01   0.194289E+01   0.192824E+01   0.191361E+01   0.189897E+01   0.187947E+01
-0.990000E+02  -0.990000E+02  -0.990000E+02  -0.990000E+02  -0.990000E+02  -0.990000E+02  -0.990000E+02  -0.990000E+02  -0.990000E+02  -0.990000E+02  -0.990000E+02  -0.990000E+02  -0.990000E+02  -0.990000E+02  -0.990000E+02  -0.990000E+02   0.672916E+00   0.712413E+00   0.745422E+00   0.775601E+00   0.805118E+00   0.834168E+00   0.861059E+00   0.887822E+00   0.913666E+00   0.939526E+00   0.963289E+00   0.985681E+00   0.101255E+01   0.102980E+01   0.104496E+01   0.106476E+01  -0.990000E+02  -0.990000E+02  -0.990000E+02  -0.990000E+02  -0.990000E+02  -0.990000E+02  -0.990000E+02  -0.990000E+02  -0.990000E+02  -0.990000E+02  -0.990000E+02  -0.990000E+02  -0.990000E+02  -0.990000E+02  -0.990000E+02  -0.990000E+02  -0.990000E+02  -0.990000E+02  -0.990000E+02  -0.990000E+02  -0.990000E+02  -0.990000E+02  -0.990000E+02  -0.990000E+02  -0.990000E+02  -0.990000E+02  -0.990000E+02  -0.990000E+02  -0.990000E+02  -0.990000E+02  -0.990000E+02   0.150648E+01   0.150929E+01   0.156607E+01   0.219239E+01   0.226413E+01   0.227894E+01   0.228717E+01   0.229311E+01   0.229747E+01   0.230119E+01   0.230407E+01   0.230647E+01   0.230838E+01  -0.990000E+02  -0.990000E+02  -0.990000E+02  -0.990000E+02  -0.990000E+02  -0.990000E+02  -0.990000E+02  -0.990000E+02  -0.990000E+02  -0.990000E+02  -0.990000E+02  -0.990000E+02  -0.990000E+02  -0.990000E+02  -0.990000E+02  -0.990000E+02   0.225962E+01   0.225947E+01   0.225502E+01   0.224993E+01   0.224441E+01   0.224113E+01   0.223400E+01   0.222752E+01   0.221994E+01   0.221191E+01   0.220340E+01   0.219443E+01   0.218501E+01   0.217514E+01   0.216485E+01   0.215415E+01   0.214306E+01   0.213161E+01   0.211980E+01   0.210767E+01   0.209523E+01   0.208250E+01   0.206951E+01   0.205627E+01   0.204249E+01   0.202877E+01   0.201367E+01   0.200028E+01   0.198617E+01   0.197204E+01   0.195755E+01   0.194312E+01   0.192848E+01   0.191385E+01   0.189922E+01   0.187972E+01
-0.990000E+02  -0.990000E+02  -0.990000E+02  -0.990000E+02  -0.990000E+02  -0.990000E+02  -0.990000E+02  -0.990000E+02  -0.990000E+02  -0.990000E+02  -0.990000E+02  -0.990000E+02  -0.990000E+02  -0.990000E+02  -0.990000E+02  -0.990000E+02   0.672398E+00   0.711894E+00   0.744902E+00   0.775081E+00   0.804597E+00   0.833646E+00   0.860536E+00   0.887298E+00   0.913141E+00   0.939000E+00   0.962761E+00   0.985152E+00   0.101202E+01   0.102933E+01   0.104443E+01   0.106422E+01  -0.990000E+02  -0.990000E+02  -0.990000E+02  -0.990000E+02  -0.990000E+02  -0.990000E+02  -0.990000E+02  -0.990000E+02  -0.990000E+02  -0.990000E+02  -0.990000E+02  -0.990000E+02  -0.990000E+02  -0.990000E+02  -0.990000E+02  -0.990000E+02  -0.990000E+02  -0.990000E+02  -0.990000E+02  -0.990000E+02  -0.990000E+02  -0.990000E+02  -0.990000E+02  -0.990000E+02  -0.990000E+02  -0.990000E+02  -0.990000E+02  -0.990000E+02  -0.990000E+02  -0.990000E+02  -0.990000E+02   0.150574E+01   0.150852E+01   0.155214E+01   0.216572E+01   0.226238E+01   0.227816E+01   0.228667E+01   0.229275E+01   0.229720E+01   0.230094E+01   0.230384E+01   0.230625E+01   0.230811E+01  -0.990000E+02  -0.990000E+02  -0.990000E+02  -0.990000E+02  -0.990000E+02  -0.990000E+02  -0.990000E+02  -0.990000E+02  -0.990000E+02  -0.990000E+02  -0.990000E+02  -0.990000E+02  -0.990000E+02  -0.990000E+02  -0.990000E+02  -0.990000E+02   0.225935E+01   0.225918E+01   0.225476E+01   0.224969E+01   0.224419E+01   0.224093E+01   0.223381E+01   0.222735E+01   0.221978E+01   0.221176E+01   0.220327E+01   0.219432E+01   0.218491E+01   0.217506E+01   0.216479E+01   0.215411E+01   0.214304E+01   0.213160E+01   0.211982E+01   0.210770E+01   0.209528E+01   0.208258E+01   0.206961E+01   0.205638E+01   0.204262E+01   0.202891E+01   0.201385E+01   0.200045E+01   0.198636E+01   0.197223E+01   0.195776E+01   0.194334E+01   0.192870E+01   0.191408E+01   0.189946E+01   0.187996E+01
-0.990000E+02  -0.990000E+02  -0.990000E+02  -0.990000E+02  -0.990000E+02  -0.990000E+02  -0.990000E+02  -0.990000E+02  -0.990000E+02  -0.990000E+02  -0.990000E+02  -0.990000E+02  -0.990000E+02  -0.990000E+02  -0.990000E+02  -0.990000E+02   0.671860E+00   0.711355E+00   0.744362E+00   0.774540E+00   0.804056E+00   0.833104E+00   0.859993E+00   0.886754E+00   0.912596E+00   0.938454E+00   0.962214E+00   0.984603E+00   0.101147E+01   0.102883E+01   0.104388E+01   0.106367E+01  -0.990000E+02  -0.990000E+02  -0.990000E+02  -0.990000E+02  -0.990000E+02  -0.990000E+02  -0.990000E+02  -0.990000E+02  -0.990000E+02  -0.990000E+02  -0.990000E+02  -0.990000E+02  -0.990000E+02  -0.990000E+02  -0.990000E+02  -0.990000E+02  -0.990000E+02  -0.990000E+02  -0.990000E+02  -0.990000E+02  -0.990000E+02  -0.990000E+02  -0.990000E+02  -0.990000E+02  -0.990000E+02  -0.990000E+02  -0.990000E+02  -0.990000E+02  -0.990000E+02  -0.990000E+02  -0.990000E+02   0.150496E+01   0.150772E+01   0.154034E+01   0.211934E+01   0.226046E+01   0.227735E+01   0.228617E+01   0.229238E+01   0.229692E+01   0.230068E+01   0.230360E+01   0.230603E+01   0.230783E+01  -0.990000E+02  -0.990000E+02  -0.990000E+02  -0.990000E+02  -0.990000E+02  -0.990000E+02  -0.990000E+02  -0.990000E+02  -0.990000E+02  -0.990000E+02  -0.990000E+02  -0.990000E+02  -0.990000E+02  -0.990000E+02  -0.990000E+02  -0.990000E+02   0.225908E+01   0.225888E+01   0.225449E+01   0.224945E+01   0.224396E+01   0.224073E+01   0.223362E+01   0.222717E+01   0.221962E+01   0.221160E+01   0.220313E+01   0.219419E+01   0.218480E+01   0.217497E+01   0.216472E+01   0.215406E+01   0.214301E+01   0.213159E+01   0.211982E+01   0.210773E+01   0.209533E+01   0.208264E+01   0.206969E+01   0.205649E+01   0.204274E+01   0.202904E+01   0.201401E+01   0.200060E+01   0.198654E+01   0.197242E+01   0.195796E+01   0.194355E+01   0.192892E+01   0.191431E+01   0.189969E+01   0.188019E+01
-0.990000E+02  -0.990000E+02  -0.990000E+02  -0.990000E+02  -0.990000E+02  -0.990000E+02  -0.990000E+02  -0.990000E+02  -0.990000E+02  -0.990000E+02  -0.990000E+02  -0.990000E+02  -0.990000E+02  -0.990000E+02  -0.990000E+02  -0.990000E+02   0.671279E+00   0.710772E+00   0.743779E+00   0.773956E+00   0.803471E+00   0.832519E+00   0.859407E+00   0.886167E+00   0.912007E+00   0.937863E+00   0.961622E+00   0.984010E+00   0.101088E+01   0.102829E+01   0.104329E+01   0.106307E+01  -0.990000E+02  -0.990000E+02  -0.990000E+02  -0.990000E+02  -0.990000E+02  -0.990000E+02  -0.990000E+02  -0.990000E+02  -0.990000E+02  -0.990000E+02  -0.990000E+02  -0.990000E+02  -0.990000E+02  -0.990000E+02  -0.990000E+02  -0.990000E+02  -0.990000E+02  -0.990000E+02  -0.990000E+02  -0.990000E+02  -0.990000E+02  -0.990000E+02  -0.990000E+02  -0.990000E+02  -0.990000E+02  -0.990000E+02  -0.990000E+02  -0.990000E+02  -0.990000E+02  -0.990000E+02  -0.990000E+02   0.150413E+01   0.150687E+01   0.153115E+01   0.203038E+01   0.225831E+01   0.227648E+01   0.228564E+01   0.229200E+01   0.229663E+01   0.230041E+01   0.230335E+01   0.230579E+01   0.230755E+01  -0.990000E+02  -0.990000E+02  -0.990000E+02  -0.990000E+02  -0.990000E+02  -0.990000E+02  -0.990000E+02  -0.990000E+02  -0.990000E+02  -0.990000E+02  -0.990000E+02  -0.990000E+02  -0.990000E+02  -0.990000E+02  -0.990000E+02  -0.990000E+02   0.225879E+01   0.225857E+01   0.225421E+01   0.224919E+01   0.224371E+01   0.224051E+01   0.223340E+01   0.222697E+01   0.221943E+01   0.221143E+01   0.220297E+01   0.219405E+01   0.218468E+01   0.217487E+01   0.216463E+01   0.215399E+01   0.214296E+01   0.213156E+01   0.211981E+01   0.210774E+01   0.209536E+01   0.208269E+01   0.206975E+01   0.205657E+01   0.204284E+01   0.202915E+01   0.201416E+01   0.200074E+01   0.198671E+01   0.197259E+01   0.195814E+01   0.194374E+01   0.192912E+01   0.191452E+01   0.189990E+01   0.188041E+01
-0.990000E+02  -0.990000E+02  -0.990000E+02  -0.990000E+02  -0.990000E+02  -0.990000E+02  -0.990000E+02  -0.990000E+02  -0.990000E+02  -0.990000E+02  -0.990000E+02  -0.990000E+02  -0.990000E+02  -0.990000E+02  -0.990000E+02  -0.990000E+02   0.670599E+00   0.710092E+00   0.743098E+00   0.773274E+00   0.802789E+00   0.831835E+00   0.858722E+00   0.885481E+00   0.911320E+00   0.937176E+00   0.960933E+00   0.983319E+00   0.101019E+01   0.102764E+01   0.104260E+01   0.106238E+01  -0.990000E+02  -0.990000E+02  -0.990000E+02  -0.990000E+02  -0.990000E+02  -0.990000E+02  -0.990000E+02  -0.990000E+02  -0.990000E+02  -0.990000E+02  -0.990000E+02  -0.990000E+02  -0.990000E+02  -0.990000E+02  -0.990000E+02  -0.990000E+02  -0.990000E+02  -0.990000E+02  -0.990000E+02  -0.990000E+02  -0.990000E+02  -0.990000E+02  -0.990000E+02  -0.990000E+02  -0.990000E+02  -0.990000E+02  -0.990000E+02  -0.990000E+02  -0.990000E+02  -0.990000E+02  -0.990000E+02   0.150317E+01   0.150589E+01   0.152554E+01   0.188525E+01   0.225590E+01   0.227556E+01   0.228507E+01   0.229159E+01   0.229631E+01   0.230011E+01   0.230307E+01   0.230552E+01   0.230723E+01  -0.990000E+02  -0.990000E+02  -0.990000E+02  -0.990000E+02  -0.990000E+02  -0.990000E+02  -0.990000E+02  -0.990000E+02  -0.990000E+02  -0.990000E+02  -0.990000E+02  -0.990000E+02  -0.990000E+02  -0.990000E+02  -0.990000E+02  -0.990000E+02   0.225847E+01   0.225822E+01   0.225389E+01   0.224890E+01   0.224343E+01   0.224026E+01   0.223316E+01   0.222674E+01   0.221922E+01   0.221123E+01   0.220278E+01   0.219388E+01   0.218452E+01   0.217473E+01   0.216451E+01   0.215389E+01   0.214287E+01   0.213150E+01   0.211977E+01   0.210771E+01   0.209535E+01   0.208270E+01   0.206979E+01   0.205662E+01   0.204291E+01   0.202923E+01   0.201427E+01   0.200084E+01   0.198684E+01   0.197273E+01   0.195829E+01   0.194390E+01   0.192929E+01   0.191469E+01   0.190007E+01   0.188058E+01
-0.990000E+02  -0.990000E+02  -0.990000E+02  -0.990000E+02  -0.990000E+02  -0.990000E+02  -0.990000E+02  -0.990000E+02  -0.990000E+02  -0.990000E+02  -0.990000E+02  -0.990000E+02  -0.990000E+02  -0.990000E+02  -0.990000E+02  -0.990000E+02   0.669926E+00   0.709416E+00   0.742422E+00   0.772597E+00   0.802110E+00   0.831155E+00   0.858041E+00   0.884797E+00   0.910635E+00   0.936487E+00   0.960242E+00   0.982625E+00   0.100950E+01   0.102698E+01   0.104191E+01   0.106168E+01  -0.990000E+02  -0.990000E+02  -0.990000E+02  -0.990000E+02  -0.990000E+02  -0.990000E+02  -0.990000E+02  -0.990000E+02  -0.990000E+02  -0.990000E+02  -0.990000E+02  -0.990000E+02  -0.990000E+02  -0.990000E+02  -0.990000E+02  -0.990000E+02  -0.990000E+02  -0.990000E+02  -0.990000E+02  -0.990000E+02  -0.990000E+02  -0.990000E+02  -0.990000E+02  -0.990000E+02  -0.990000E+02  -0.990000E+02  -0.990000E+02  -0.990000E+02  -0.990000E+02  -0.990000E+02  -0.990000E+02   0.150222E+01   0.150491E+01   0.152340E+01   0.179044E+01   0.225318E+01   0.227459E+01   0.228450E+01   0.229118E+01   0.229599E+01   0.229981E+01   0.230279E+01   0.230524E+01   0.230691E+01  -0.990000E+02  -0.990000E+02  -0.990000E+02  -0.990000E+02  -0.990000E+02  -0.990000E+02  -0.990000E+02  -0.990000E+02  -0.990000E+02  -0.990000E+02  -0.990000E+02  -0.990000E+02  -0.990000E+02  -0.990000E+02  -0.990000E+02  -0.990000E+02   0.225815E+01   0.225787E+01   0.225357E+01   0.224860E+01   0.224315E+01   0.224001E+01   0.223291E+01   0.222651E+01   0.221900E+01   0.221102E+01   0.220259E+01   0.219370E+01   0.218436E+01   0.217458E+01   0.216439E+01   0.215378E+01   0.214279E+01   0.213143E+01   0.211972E+01   0.210769E+01   0.209534E+01   0.208271E+01   0.206981E+01   0.205666E+01   0.204297E+01   0.202930E+01   0.201437E+01   0.200094E+01   0.198696E+01   0.197286E+01   0.195844E+01   0.194405E+01   0.192945E+01   0.191485E+01   0.190024E+01   0.188075E+01
-0.990000E+02  -0.990000E+02  -0.990000E+02  -0.990000E+02  -0.990000E+02  -0.990000E+02  -0.990000E+02  -0.990000E+02  -0.990000E+02  -0.990000E+02  -0.990000E+02  -0.990000E+02  -0.990000E+02  -0.990000E+02  -0.990000E+02  -0.990000E+02   0.669383E+00   0.708872E+00   0.741876E+00   0.772051E+00   0.801563E+00   0.830606E+00   0.857491E+00   0.884246E+00   0.910081E+00   0.935932E+00   0.959685E+00   0.982066E+00   0.100894E+01   0.102645E+01   0.104135E+01   0.106111E+01  -0.990000E+02  -0.990000E+02  -0.990000E+02  -0.990000E+02  -0.990000E+02  -0.990000E+02  -0.990000E+02  -0.990000E+02  -0.990000E+02  -0.990000E+02  -0.990000E+02  -0.990000E+02  -0.990000E+02  -0.990000E+02  -0.990000E+02  -0.990000E+02  -0.990000E+02  -0.990000E+02  -0.990000E+02  -0.990000E+02  -0.990000E+02  -0.990000E+02  -0.990000E+02  -0.990000E+02  -0.990000E+02  -0.990000E+02  -0.990000E+02  -0.990000E+02  -0.990000E+02  -0.990000E+02  -0.990000E+02   0.150144E+01   0.150411E+01   0.152236E+01   0.174591E+01   0.225009E+01   0.227360E+01   0.228393E+01   0.229079E+01   0.229569E+01   0.229953E+01   0.230254E+01   0.230499E+01   0.230662E+01  -0.990000E+02  -0.990000E+02  -0.990000E+02  -0.990000E+02  -0.990000E+02  -0.990000E+02  -0.990000E+02  -0.990000E+02  -0.990000E+02  -0.990000E+02  -0.990000E+02  -0.990000E+02  -0.990000E+02  -0.990000E+02  -0.990000E+02  -0.990000E+02   0.225786E+01   0.225755E+01   0.225328E+01   0.224834E+01   0.224291E+01   0.223979E+01   0.223269E+01   0.222632E+01   0.221882E+01   0.221085E+01   0.220243E+01   0.219356E+01   0.218424E+01   0.217448E+01   0.216430E+01   0.215371E+01   0.214274E+01   0.213140E+01   0.211971E+01   0.210770E+01   0.209537E+01   0.208276E+01   0.206988E+01   0.205675E+01   0.204308E+01   0.202941E+01   0.201452E+01   0.200108E+01   0.198713E+01   0.197303E+01   0.195862E+01   0.194425E+01   0.192965E+01   0.191507E+01   0.190046E+01   0.188097E+01
-0.990000E+02  -0.990000E+02  -0.990000E+02  -0.990000E+02  -0.990000E+02  -0.990000E+02  -0.990000E+02  -0.990000E+02  -0.990000E+02  -0.990000E+02  -0.990000E+02  -0.990000E+02  -0.990000E+02  -0.990000E+02  -0.990000E+02  -0.990000E+02   0.668878E+00   0.708366E+00   0.741370E+00   0.771544E+00   0.801055E+00   0.830098E+00   0.856981E+00   0.883736E+00   0.909570E+00   0.935419E+00   0.959170E+00   0.981549E+00   0.100843E+01   0.102596E+01   0.104083E+01   0.106059E+01  -0.990000E+02  -0.990000E+02  -0.990000E+02  -0.990000E+02  -0.990000E+02  -0.990000E+02  -0.990000E+02  -0.990000E+02  -0.990000E+02  -0.990000E+02  -0.990000E+02  -0.990000E+02  -0.990000E+02  -0.990000E+02  -0.990000E+02  -0.990000E+02  -0.990000E+02  -0.990000E+02  -0.990000E+02  -0.990000E+02  -0.990000E+02  -0.990000E+02  -0.990000E+02  -0.990000E+02  -0.990000E+02  -0.990000E+02  -0.990000E+02  -0.990000E+02  -0.990000E+02  -0.990000E+02  -0.990000E+02   0.150071E+01   0.150336E+01   0.152151E+01   0.171042E+01   0.224652E+01   0.227257E+01   0.228336E+01   0.229040E+01   0.229539E+01   0.229926E+01   0.230230E+01   0.230474E+01   0.230634E+01  -0.990000E+02  -0.990000E+02  -0.990000E+02  -0.990000E+02  -0.990000E+02  -0.990000E+02  -0.990000E+02  -0.990000E+02  -0.990000E+02  -0.990000E+02  -0.990000E+02  -0.990000E+02  -0.990000E+02  -0.990000E+02  -0.990000E+02  -0.990000E+02   0.225758E+01   0.225724E+01   0.225300E+01   0.224809E+01   0.224267E+01   0.223959E+01   0.223249E+01   0.222613E+01   0.221865E+01   0.221070E+01   0.220228E+01   0.219343E+01   0.218412E+01   0.217438E+01   0.216422E+01   0.215365E+01   0.214270E+01   0.213138E+01   0.211971E+01   0.210772E+01   0.209541E+01   0.208282E+01   0.206996E+01   0.205684E+01   0.204319E+01   0.202953E+01   0.201468E+01   0.200123E+01   0.198731E+01   0.197321E+01   0.195882E+01   0.194445E+01   0.192986E+01   0.191529E+01   0.190068E+01   0.188120E+01
-0.990000E+02  -0.990000E+02  -0.990000E+02  -0.990000E+02  -0.990000E+02  -0.990000E+02  -0.990000E+02  -0.990000E+02  -0.990000E+02  -0.990000E+02  -0.990000E+02  -0.990000E+02  -0.990000E+02  -0.990000E+02  -0.990000E+02  -0.990000E+02   0.668383E+00   0.707869E+00   0.740873E+00   0.771046E+00   0.800556E+00   0.829598E+00   0.856481E+00   0.883234E+00   0.909067E+00   0.934915E+00   0.958664E+00   0.981042E+00   0.100793E+01   0.102546E+01   0.104032E+01   0.106008E+01  -0.990000E+02  -0.990000E+02  -0.990000E+02  -0.990000E+02  -0.990000E+02  -0.990000E+02  -0.990000E+02  -0.990000E+02  -0.990000E+02  -0.990000E+02  -0.990000E+02  -0.990000E+02  -0.990000E+02  -0.990000E+02  -0.990000E+02  -0.990000E+02  -0.990000E+02  -0.990000E+02  -0.990000E+02  -0.990000E+02  -0.990000E+02  -0.990000E+02  -0.990000E+02  -0.990000E+02  -0.990000E+02  -0.990000E+02  -0.990000E+02  -0.990000E+02  -0.990000E+02  -0.990000E+02  -0.990000E+02   0.150000E+01   0.150263E+01   0.152072E+01   0.167965E+01   0.224230E+01   0.227147E+01   0.228277E+01   0.229001E+01   0.229509E+01   0.229899E+01   0.230205E+01   0.230449E+01   0.230605E+01  -0.990000E+02  -0.990000E+02  -0.990000E+02  -0.990000E+02  -0.990000E+02  -0.990000E+02  -0.990000E+02  -0.990000E+02  -0.990000E+02  -0.990000E+02  -0.990000E+02  -0.990000E+02  -0.990000E+02  -0.990000E+02  -0.990000E+02  -0.990000E+02   0.225730E+01   0.225693E+01   0.225272E+01   0.224784E+01   0.224243E+01   0.223938E+01   0.223228E+01   0.222594E+01   0.221848E+01   0.221054E+01   0.220214E+01   0.219330E+01   0.218401E+01   0.217429E+01   0.216414E+01   0.215359E+01   0.214266E+01   0.213136E+01   0.211971E+01   0.210773E+01   0.209545E+01   0.208288E+01   0.207003E+01   0.205694E+01   0.204331E+01   0.202966E+01   0.201483E+01   0.200138E+01   0.198748E+01   0.197339E+01   0.195901E+01   0.194466E+01   0.193008E+01   0.191551E+01   0.190091E+01   0.188144E+01
-0.990000E+02  -0.990000E+02  -0.990000E+02  -0.990000E+02  -0.990000E+02  -0.990000E+02  -0.990000E+02  -0.990000E+02  -0.990000E+02  -0.990000E+02  -0.990000E+02  -0.990000E+02  -0.990000E+02  -0.990000E+02  -0.990000E+02  -0.990000E+02   0.667892E+00   0.707378E+00   0.740380E+00   0.770553E+00   0.800063E+00   0.829104E+00   0.855985E+00   0.882737E+00   0.908569E+00   0.934416E+00   0.958164E+00   0.980540E+00   0.100743E+01   0.102497E+01   0.103982E+01   0.105957E+01  -0.990000E+02  -0.990000E+02  -0.990000E+02  -0.990000E+02  -0.990000E+02  -0.990000E+02  -0.990000E+02  -0.990000E+02  -0.990000E+02  -0.990000E+02  -0.990000E+02  -0.990000E+02  -0.990000E+02  -0.990000E+02  -0.990000E+02  -0.990000E+02  -0.990000E+02  -0.990000E+02  -0.990000E+02  -0.990000E+02  -0.990000E+02  -0.990000E+02  -0.990000E+02  -0.990000E+02  -0.990000E+02  -0.990000E+02  -0.990000E+02  -0.990000E+02  -0.990000E+02  -0.990000E+02  -0.990000E+02   0.149930E+01   0.150191E+01   0.151997E+01   0.165287E+01   0.223721E+01   0.227032E+01   0.228217E+01   0.228961E+01   0.229478E+01   0.229871E+01   0.230181E+01   0.230424E+01   0.230577E+01  -0.990000E+02  -0.990000E+02  -0.990000E+02  -0.990000E+02  -0.990000E+02  -0.990000E+02  -0.990000E+02  -0.990000E+02  -0.990000E+02  -0.990000E+02  -0.990000E+02  -0.990000E+02  -0.990000E+02  -0.990000E+02  -0.990000E+02  -0.990000E+02   0.225702E+01   0.225662E+01   0.225243E+01   0.224759E+01   0.224219E+01   0.223917E+01   0.223207E+01   0.222575E+01   0.221831E+01   0.221038E+01   0.220199E+01   0.219317E+01   0.218389E+01   0.217419E+01   0.216406E+01   0.215353E+01   0.214262E+01   0.213134E+01   0.211971E+01   0.210775E+01   0.209549E+01   0.208293E+01   0.207011E+01   0.205703E+01   0.204342E+01   0.202978E+01   0.201499E+01   0.200153E+01   0.198766E+01   0.197357E+01   0.195921E+01   0.194486E+01   0.193029E+01   0.191573E+01   0.190114E+01   0.188167E+01
-0.990000E+02  -0.990000E+02  -0.990000E+02  -0.990000E+02  -0.990000E+02  -0.990000E+02  -0.990000E+02  -0.990000E+02  -0.990000E+02  -0.990000E+02  -0.990000E+02  -0.990000E+02  -0.990000E+02  -0.990000E+02  -0.990000E+02  -0.990000E+02   0.667400E+00   0.706884E+00   0.739886E+00   0.770058E+00   0.799567E+00   0.828608E+00   0.855488E+00   0.882239E+00   0.908070E+00   0.933915E+00   0.957661E+00   0.980036E+00   0.100694E+01   0.102447E+01   0.103931E+01   0.105906E+01  -0.990000E+02  -0.990000E+02  -0.990000E+02  -0.990000E+02  -0.990000E+02  -0.990000E+02  -0.990000E+02  -0.990000E+02  -0.990000E+02  -0.990000E+02  -0.990000E+02  -0.990000E+02  -0.990000E+02  -0.990000E+02  -0.990000E+02  -0.990000E+02  -0.990000E+02  -0.990000E+02  -0.990000E+02  -0.990000E+02  -0.990000E+02  -0.990000E+02  -0.990000E+02  -0.990000E+02  -0.990000E+02  -0.990000E+02  -0.990000E+02  -0.990000E+02  -0.990000E+02  -0.990000E+02  -0.990000E+02   0.149860E+01   0.150119E+01   0.151922E+01   0.162920E+01   0.223113E+01   0.226908E+01   0.228154E+01   0.228920E+01   0.229446E+01   0.229843E+01   0.230156E+01   0.230397E+01   0.230548E+01  -0.990000E+02  -0.990000E+02  -0.990000E+02  -0.990000E+02  -0.990000E+02  -0.990000E+02  -0.990000E+02  -0.990000E+02  -0.990000E+02  -0.990000E+02  -0.990000E+02  -0.990000E+02  -0.990000E+02  -0.990000E+02  -0.990000E+02  -0.990000E+02   0.225674E+01   0.225631E+01   0.225215E+01   0.224733E+01   0.224195E+01   0.223896E+01   0.223186E+01   0.222556E+01   0.221813E+01   0.221022E+01   0.220184E+01   0.219303E+01   0.218378E+01   0.217409E+01   0.216398E+01   0.215347E+01   0.214257E+01   0.213131E+01   0.211970E+01   0.210777E+01   0.209552E+01   0.208298E+01   0.207018E+01   0.205712E+01   0.204353E+01   0.202989E+01   0.201514E+01   0.200167E+01   0.198783E+01   0.197375E+01   0.195940E+01   0.194507E+01   0.193050E+01   0.191595E+01   0.190136E+01   0.188190E+01
-0.990000E+02  -0.990000E+02  -0.990000E+02  -0.990000E+02  -0.990000E+02  -0.990000E+02  -0.990000E+02  -0.990000E+02  -0.990000E+02  -0.990000E+02  -0.990000E+02  -0.990000E+02  -0.990000E+02  -0.990000E+02  -0.990000E+02  -0.990000E+02   0.666920E+00   0.706404E+00   0.739405E+00   0.769576E+00   0.799085E+00   0.828124E+00   0.855004E+00   0.881754E+00   0.907583E+00   0.933427E+00   0.957172E+00   0.979545E+00   0.100646E+01   0.102398E+01   0.103882E+01   0.105857E+01  -0.990000E+02  -0.990000E+02  -0.990000E+02  -0.990000E+02  -0.990000E+02  -0.990000E+02  -0.990000E+02  -0.990000E+02  -0.990000E+02  -0.990000E+02  -0.990000E+02  -0.990000E+02  -0.990000E+02  -0.990000E+02  -0.990000E+02  -0.990000E+02  -0.990000E+02  -0.990000E+02  -0.990000E+02  -0.990000E+02  -0.990000E+02  -0.990000E+02  -0.990000E+02  -0.990000E+02  -0.990000E+02  -0.990000E+02  -0.990000E+02  -0.990000E+02  -0.990000E+02  -0.990000E+02  -0.990000E+02   0.149791E+01   0.150048E+01   0.151851E+01   0.160905E+01   0.222316E+01   0.226776E+01   0.228090E+01   0.228878E+01   0.229414E+01   0.229815E+01   0.230130E+01   0.230371E+01   0.230519E+01  -0.990000E+02  -0.990000E+02  -0.990000E+02  -0.990000E+02  -0.990000E+02  -0.990000E+02  -0.990000E+02  -0.990000E+02  -0.990000E+02  -0.990000E+02  -0.990000E+02  -0.990000E+02  -0.990000E+02  -0.990000E+02  -0.990000E+02  -0.990000E+02   0.225645E+01   0.225599E+01   0.225186E+01   0.224708E+01   0.224171E+01   0.223875E+01   0.223165E+01   0.222536E+01   0.221796E+01   0.221006E+01   0.220170E+01   0.219290E+01   0.218366E+01   0.217399E+01   0.216390E+01   0.215341E+01   0.214253E+01   0.213129E+01   0.211970E+01   0.210778E+01   0.209555E+01   0.208304E+01   0.207025E+01   0.205721E+01   0.204364E+01   0.203001E+01   0.201529E+01   0.200182E+01   0.198800E+01   0.197393E+01   0.195960E+01   0.194527E+01   0.193072E+01   0.191617E+01   0.190159E+01   0.188213E+01
-0.990000E+02  -0.990000E+02  -0.990000E+02  -0.990000E+02  -0.990000E+02  -0.990000E+02  -0.990000E+02  -0.990000E+02  -0.990000E+02  -0.990000E+02  -0.990000E+02  -0.990000E+02  -0.990000E+02  -0.990000E+02  -0.990000E+02  -0.990000E+02   0.666450E+00   0.705932E+00   0.738933E+00   0.769104E+00   0.798611E+00   0.827650E+00   0.854529E+00   0.881278E+00   0.907106E+00   0.932948E+00   0.956692E+00   0.979064E+00   0.100598E+01   0.102344E+01   0.103834E+01   0.105808E+01  -0.990000E+02  -0.990000E+02  -0.990000E+02  -0.990000E+02  -0.990000E+02  -0.990000E+02  -0.990000E+02  -0.990000E+02  -0.990000E+02  -0.990000E+02  -0.990000E+02  -0.990000E+02  -0.990000E+02  -0.990000E+02  -0.990000E+02  -0.990000E+02  -0.990000E+02  -0.990000E+02  -0.990000E+02  -0.990000E+02  -0.990000E+02  -0.990000E+02  -0.990000E+02  -0.990000E+02  -0.990000E+02  -0.990000E+02  -0.990000E+02  -0.990000E+02  -0.990000E+02  -0.990000E+02  -0.990000E+02   0.149725E+01   0.149980E+01   0.151781E+01   0.159111E+01   0.221251E+01   0.226634E+01   0.228025E+01   0.228864E+01   0.229412E+01   0.229786E+01   0.230105E+01   0.230340E+01  -0.990000E+02  -0.990000E+02  -0.990000E+02  -0.990000E+02  -0.990000E+02  -0.990000E+02  -0.990000E+02  -0.990000E+02  -0.990000E+02  -0.990000E+02  -0.990000E+02  -0.990000E+02  -0.990000E+02  -0.990000E+02  -0.990000E+02  -0.990000E+02  -0.990000E+02   0.225617E+01   0.225568E+01   0.225157E+01   0.224682E+01   0.224147E+01   0.223854E+01   0.223144E+01   0.222517E+01   0.221779E+01   0.220991E+01   0.220155E+01   0.219276E+01   0.218354E+01   0.217389E+01   0.216382E+01   0.215335E+01   0.214249E+01   0.213126E+01   0.211969E+01   0.210780E+01   0.209559E+01   0.208309E+01   0.207032E+01   0.205730E+01   0.204375E+01   0.203013E+01   0.201545E+01   0.200196E+01   0.198818E+01   0.197411E+01   0.195979E+01   0.194547E+01   0.193093E+01   0.191639E+01   0.190182E+01   0.188236E+01
-0.990000E+02  -0.990000E+02  -0.990000E+02  -0.990000E+02  -0.990000E+02  -0.990000E+02  -0.990000E+02  -0.990000E+02  -0.990000E+02  -0.990000E+02  -0.990000E+02  -0.990000E+02  -0.990000E+02  -0.990000E+02  -0.990000E+02  -0.990000E+02   0.665980E+00   0.705462E+00   0.738462E+00   0.768632E+00   0.798139E+00   0.827177E+00   0.854055E+00   0.880803E+00   0.906630E+00   0.932471E+00   0.956213E+00   0.978583E+00   0.100551E+01   0.102299E+01   0.103786E+01   0.105760E+01  -0.990000E+02  -0.990000E+02  -0.990000E+02  -0.990000E+02  -0.990000E+02  -0.990000E+02  -0.990000E+02  -0.990000E+02  -0.990000E+02  -0.990000E+02  -0.990000E+02  -0.990000E+02  -0.990000E+02  -0.990000E+02  -0.990000E+02  -0.990000E+02  -0.990000E+02  -0.990000E+02  -0.990000E+02  -0.990000E+02  -0.990000E+02  -0.990000E+02  -0.990000E+02  -0.990000E+02  -0.990000E+02  -0.990000E+02  -0.990000E+02  -0.990000E+02  -0.990000E+02  -0.990000E+02  -0.990000E+02   0.149659E+01   0.149912E+01   0.151711E+01   0.157591E+01   0.219764E+01   0.226482E+01   0.227960E+01   0.228824E+01   0.229376E+01   0.229757E+01   0.230078E+01   0.230306E+01  -0.990000E+02  -0.990000E+02  -0.990000E+02  -0.990000E+02  -0.990000E+02  -0.990000E+02  -0.990000E+02  -0.990000E+02  -0.990000E+02  -0.990000E+02  -0.990000E+02  -0.990000E+02  -0.990000E+02  -0.990000E+02  -0.990000E+02  -0.990000E+02  -0.990000E+02   0.225588E+01   0.225536E+01   0.225128E+01   0.224657E+01   0.224123E+01   0.223833E+01   0.223123E+01   0.222498E+01   0.221761E+01   0.220975E+01   0.220141E+01   0.219263E+01   0.218342E+01   0.217379E+01   0.216374E+01   0.215328E+01   0.214244E+01   0.213124E+01   0.211969E+01   0.210781E+01   0.209562E+01   0.208314E+01   0.207039E+01   0.205739E+01   0.204386E+01   0.203025E+01   0.201560E+01   0.200211E+01   0.198835E+01   0.197429E+01   0.195998E+01   0.194567E+01   0.193114E+01   0.191661E+01   0.190204E+01   0.188259E+01
-0.990000E+02  -0.990000E+02  -0.990000E+02  -0.990000E+02  -0.990000E+02  -0.990000E+02  -0.990000E+02  -0.990000E+02  -0.990000E+02  -0.990000E+02  -0.990000E+02  -0.990000E+02  -0.990000E+02  -0.990000E+02  -0.990000E+02  -0.990000E+02   0.665509E+00   0.704989E+00   0.737989E+00   0.768159E+00   0.797665E+00   0.826702E+00   0.853579E+00   0.880326E+00   0.906152E+00   0.931992E+00   0.955733E+00   0.978101E+00   0.100504E+01   0.102251E+01   0.103738E+01   0.105711E+01  -0.990000E+02  -0.990000E+02  -0.990000E+02  -0.990000E+02  -0.990000E+02  -0.990000E+02  -0.990000E+02  -0.990000E+02  -0.990000E+02  -0.990000E+02  -0.990000E+02  -0.990000E+02  -0.990000E+02  -0.990000E+02  -0.990000E+02  -0.990000E+02  -0.990000E+02  -0.990000E+02  -0.990000E+02  -0.990000E+02  -0.990000E+02  -0.990000E+02  -0.990000E+02  -0.990000E+02  -0.990000E+02  -0.990000E+02  -0.990000E+02  -0.990000E+02  -0.990000E+02  -0.990000E+02  -0.990000E+02   0.149593E+01   0.149845E+01   0.151641E+01   0.156259E+01   0.217547E+01   0.226319E+01   0.227893E+01   0.228782E+01   0.229340E+01   0.229728E+01   0.230051E+01   0.230273E+01  -0.990000E+02  -0.990000E+02  -0.990000E+02  -0.990000E+02  -0.990000E+02  -0.990000E+02  -0.990000E+02  -0.990000E+02  -0.990000E+02  -0.990000E+02  -0.990000E+02  -0.990000E+02  -0.990000E+02  -0.990000E+02  -0.990000E+02  -0.990000E+02  -0.990000E+02   0.225559E+01   0.225504E+01   0.225098E+01   0.224631E+01   0.224098E+01   0.223811E+01   0.223101E+01   0.222478E+01   0.221743E+01   0.220958E+01   0.220126E+01   0.219249E+01   0.218330E+01   0.217368E+01   0.216365E+01   0.215321E+01   0.214239E+01   0.213121E+01   0.211968E+01   0.210782E+01   0.209565E+01   0.208319E+01   0.207046E+01   0.205747E+01   0.204396E+01   0.203036E+01   0.201574E+01   0.200225E+01   0.198852E+01   0.197446E+01   0.196017E+01   0.194587E+01   0.193135E+01   0.191683E+01   0.190226E+01   0.188282E+01
-0.990000E+02  -0.990000E+02  -0.990000E+02  -0.990000E+02  -0.990000E+02  -0.990000E+02  -0.990000E+02  -0.990000E+02  -0.990000E+02  -0.990000E+02  -0.990000E+02  -0.990000E+02  -0.990000E+02  -0.990000E+02  -0.990000E+02  -0.990000E+02   0.665030E+00   0.704509E+00   0.737508E+00   0.767677E+00   0.797183E+00   0.826219E+00   0.853095E+00   0.879841E+00   0.905666E+00   0.931505E+00   0.955245E+00   0.977612E+00   0.100456E+01   0.102201E+01   0.103689E+01   0.105662E+01  -0.990000E+02  -0.990000E+02  -0.990000E+02  -0.990000E+02  -0.990000E+02  -0.990000E+02  -0.990000E+02  -0.990000E+02  -0.990000E+02  -0.990000E+02  -0.990000E+02  -0.990000E+02  -0.990000E+02  -0.990000E+02  -0.990000E+02  -0.990000E+02  -0.990000E+02  -0.990000E+02  -0.990000E+02  -0.990000E+02  -0.990000E+02  -0.990000E+02  -0.990000E+02  -0.990000E+02  -0.990000E+02  -0.990000E+02  -0.990000E+02  -0.990000E+02  -0.990000E+02  -0.990000E+02  -0.990000E+02   0.149526E+01   0.149776E+01   0.151570E+01   0.155118E+01   0.213935E+01   0.226142E+01   0.227824E+01   0.228738E+01   0.229303E+01   0.229698E+01   0.230023E+01   0.230239E+01  -0.990000E+02  -0.990000E+02  -0.990000E+02  -0.990000E+02  -0.990000E+02  -0.990000E+02  -0.990000E+02  -0.990000E+02  -0.990000E+02  -0.990000E+02  -0.990000E+02  -0.990000E+02  -0.990000E+02  -0.990000E+02  -0.990000E+02  -0.990000E+02  -0.990000E+02   0.225530E+01   0.225472E+01   0.225068E+01   0.224604E+01   0.224073E+01   0.223789E+01   0.223079E+01   0.222458E+01   0.221724E+01   0.220942E+01   0.220110E+01   0.219235E+01   0.218318E+01   0.217357E+01   0.216356E+01   0.215314E+01   0.214234E+01   0.213117E+01   0.211966E+01   0.210782E+01   0.209567E+01   0.208323E+01   0.207052E+01   0.205755E+01   0.204406E+01   0.203047E+01   0.201589E+01   0.200238E+01   0.198868E+01   0.197463E+01   0.196036E+01   0.194607E+01   0.193155E+01   0.191704E+01   0.190248E+01   0.188304E+01
-0.990000E+02  -0.990000E+02  -0.990000E+02  -0.990000E+02  -0.990000E+02  -0.990000E+02  -0.990000E+02  -0.990000E+02  -0.990000E+02  -0.990000E+02  -0.990000E+02  -0.990000E+02  -0.990000E+02  -0.990000E+02  -0.990000E+02  -0.990000E+02   0.664525E+00   0.704003E+00   0.737002E+00   0.767170E+00   0.796675E+00   0.825711E+00   0.852586E+00   0.879331E+00   0.905155E+00   0.930993E+00   0.954731E+00   0.977097E+00   0.100406E+01   0.102148E+01   0.103637E+01   0.105610E+01  -0.990000E+02  -0.990000E+02  -0.990000E+02  -0.990000E+02  -0.990000E+02  -0.990000E+02  -0.990000E+02  -0.990000E+02  -0.990000E+02  -0.990000E+02  -0.990000E+02  -0.990000E+02  -0.990000E+02  -0.990000E+02  -0.990000E+02  -0.990000E+02  -0.990000E+02  -0.990000E+02  -0.990000E+02  -0.990000E+02  -0.990000E+02  -0.990000E+02  -0.990000E+02  -0.990000E+02  -0.990000E+02  -0.990000E+02  -0.990000E+02  -0.990000E+02  -0.990000E+02  -0.990000E+02  -0.990000E+02   0.149456E+01   0.149705E+01   0.151496E+01   0.154183E+01   0.207446E+01   0.225948E+01   0.227751E+01   0.228691E+01   0.229264E+01   0.229667E+01   0.229993E+01   0.230203E+01  -0.990000E+02  -0.990000E+02  -0.990000E+02  -0.990000E+02  -0.990000E+02  -0.990000E+02  -0.990000E+02  -0.990000E+02  -0.990000E+02  -0.990000E+02  -0.990000E+02  -0.990000E+02  -0.990000E+02  -0.990000E+02  -0.990000E+02  -0.990000E+02  -0.990000E+02   0.225499E+01   0.225438E+01   0.225037E+01   0.224577E+01   0.224047E+01   0.223766E+01   0.223056E+01   0.222437E+01   0.221705E+01   0.220924E+01   0.220094E+01   0.219220E+01   0.218304E+01   0.217345E+01   0.216345E+01   0.215306E+01   0.214227E+01   0.213113E+01   0.211964E+01   0.210782E+01   0.209569E+01   0.208326E+01   0.207057E+01   0.205762E+01   0.204415E+01   0.203057E+01   0.201602E+01   0.200250E+01   0.198883E+01   0.197479E+01   0.196053E+01   0.194625E+01   0.193174E+01   0.191724E+01   0.190269E+01   0.188325E+01
-0.990000E+02  -0.990000E+02  -0.990000E+02  -0.990000E+02  -0.990000E+02  -0.990000E+02  -0.990000E+02  -0.990000E+02  -0.990000E+02  -0.990000E+02  -0.990000E+02  -0.990000E+02  -0.990000E+02  -0.990000E+02  -0.990000E+02  -0.990000E+02   0.663956E+00   0.703433E+00   0.736431E+00   0.766599E+00   0.796103E+00   0.825138E+00   0.852013E+00   0.878757E+00   0.904580E+00   0.930416E+00   0.954154E+00   0.976518E+00   0.100349E+01   0.102088E+01   0.103580E+01   0.105552E+01  -0.990000E+02  -0.990000E+02  -0.990000E+02  -0.990000E+02  -0.990000E+02  -0.990000E+02  -0.990000E+02  -0.990000E+02  -0.990000E+02  -0.990000E+02  -0.990000E+02  -0.990000E+02  -0.990000E+02  -0.990000E+02  -0.990000E+02  -0.990000E+02  -0.990000E+02  -0.990000E+02  -0.990000E+02  -0.990000E+02  -0.990000E+02  -0.990000E+02  -0.990000E+02  -0.990000E+02  -0.990000E+02  -0.990000E+02  -0.990000E+02  -0.990000E+02  -0.990000E+02  -0.990000E+02  -0.990000E+02   0.149378E+01   0.149626E+01   0.151413E+01   0.153510E+01   0.195505E+01   0.225734E+01   0.227674E+01   0.228640E+01   0.229223E+01   0.229633E+01   0.229961E+01   0.230165E+01  -0.990000E+02  -0.990000E+02  -0.990000E+02  -0.990000E+02  -0.990000E+02  -0.990000E+02  -0.990000E+02  -0.990000E+02  -0.990000E+02  -0.990000E+02  -0.990000E+02  -0.990000E+02  -0.990000E+02  -0.990000E+02  -0.990000E+02  -0.990000E+02  -0.990000E+02   0.225466E+01   0.225403E+01   0.225004E+01   0.224547E+01   0.224019E+01   0.223741E+01   0.223030E+01   0.222413E+01   0.221683E+01   0.220904E+01   0.220075E+01   0.219203E+01   0.218288E+01   0.217331E+01   0.216333E+01   0.215295E+01   0.214219E+01   0.213106E+01   0.211959E+01   0.210779E+01   0.209568E+01   0.208327E+01   0.207060E+01   0.205766E+01   0.204421E+01   0.203064E+01   0.201612E+01   0.200260E+01   0.198896E+01   0.197492E+01   0.196068E+01   0.194640E+01   0.193191E+01   0.191741E+01   0.190287E+01   0.188343E+01
-0.990000E+02  -0.990000E+02  -0.990000E+02  -0.990000E+02  -0.990000E+02  -0.990000E+02  -0.990000E+02  -0.990000E+02  -0.990000E+02  -0.990000E+02  -0.990000E+02  -0.990000E+02  -0.990000E+02  -0.990000E+02  -0.990000E+02  -0.990000E+02   0.663304E+00   0.702780E+00   0.735777E+00   0.765944E+00   0.795448E+00   0.824482E+00   0.851355E+00   0.878098E+00   0.903920E+00   0.929755E+00   0.953490E+00   0.975853E+00   0.100284E+01   0.102020E+01   0.103513E+01   0.105485E+01  -0.990000E+02  -0.990000E+02  -0.990000E+02  -0.990000E+02  -0.990000E+02  -0.990000E+02  -0.990000E+02  -0.990000E+02  -0.990000E+02  -0.990000E+02  -0.990000E+02  -0.990000E+02  -0.990000E+02  -0.990000E+02  -0.990000E+02  -0.990000E+02  -0.990000E+02  -0.990000E+02  -0.990000E+02  -0.990000E+02  -0.990000E+02  -0.990000E+02  -0.990000E+02  -0.990000E+02  -0.990000E+02  -0.990000E+02  -0.990000E+02  -0.990000E+02  -0.990000E+02  -0.990000E+02  -0.990000E+02   0.149290E+01   0.149536E+01   0.151319E+01   0.153176E+01   0.182329E+01   0.225495E+01   0.227592E+01   0.228586E+01   0.229179E+01   0.229597E+01   0.229925E+01   0.230125E+01  -0.990000E+02  -0.990000E+02  -0.990000E+02  -0.990000E+02  -0.990000E+02  -0.990000E+02  -0.990000E+02  -0.990000E+02  -0.990000E+02  -0.990000E+02  -0.990000E+02  -0.990000E+02  -0.990000E+02  -0.990000E+02  -0.990000E+02  -0.990000E+02  -0.990000E+02   0.225431E+01   0.225364E+01   0.224968E+01   0.224514E+01   0.223988E+01   0.223713E+01   0.223002E+01   0.222387E+01   0.221658E+01   0.220881E+01   0.220054E+01   0.219183E+01   0.218269E+01   0.217314E+01   0.216318E+01   0.215281E+01   0.214207E+01   0.213096E+01   0.211951E+01   0.210773E+01   0.209564E+01   0.208325E+01   0.207059E+01   0.205768E+01   0.204424E+01   0.203068E+01   0.201620E+01   0.200267E+01   0.198906E+01   0.197502E+01   0.196079E+01   0.194653E+01   0.193204E+01   0.191756E+01   0.190301E+01   0.188358E+01
-0.990000E+02  -0.990000E+02  -0.990000E+02  -0.990000E+02  -0.990000E+02  -0.990000E+02  -0.990000E+02  -0.990000E+02  -0.990000E+02  -0.990000E+02  -0.990000E+02  -0.990000E+02  -0.990000E+02  -0.990000E+02  -0.990000E+02  -0.990000E+02   0.662772E+00   0.702246E+00   0.735242E+00   0.765408E+00   0.794911E+00   0.823943E+00   0.850815E+00   0.877556E+00   0.903376E+00   0.929208E+00   0.952941E+00   0.975301E+00   0.100230E+01   0.101962E+01   0.103458E+01   0.105429E+01  -0.990000E+02  -0.990000E+02  -0.990000E+02  -0.990000E+02  -0.990000E+02  -0.990000E+02  -0.990000E+02  -0.990000E+02  -0.990000E+02  -0.990000E+02  -0.990000E+02  -0.990000E+02  -0.990000E+02  -0.990000E+02  -0.990000E+02  -0.990000E+02  -0.990000E+02  -0.990000E+02  -0.990000E+02  -0.990000E+02  -0.990000E+02  -0.990000E+02  -0.990000E+02  -0.990000E+02  -0.990000E+02  -0.990000E+02  -0.990000E+02  -0.990000E+02  -0.990000E+02  -0.990000E+02  -0.990000E+02   0.149216E+01   0.149461E+01   0.151241E+01   0.153052E+01   0.176507E+01   0.225231E+01   0.227508E+01   0.228532E+01   0.229137E+01   0.229563E+01   0.229891E+01   0.230086E+01  -0.990000E+02  -0.990000E+02  -0.990000E+02  -0.990000E+02  -0.990000E+02  -0.990000E+02  -0.990000E+02  -0.990000E+02  -0.990000E+02  -0.990000E+02  -0.990000E+02  -0.990000E+02  -0.990000E+02  -0.990000E+02  -0.990000E+02  -0.990000E+02  -0.990000E+02   0.225398E+01   0.225329E+01   0.224934E+01   0.224485E+01   0.223960E+01   0.223688E+01   0.222977E+01   0.222364E+01   0.221637E+01   0.220861E+01   0.220036E+01   0.219166E+01   0.218253E+01   0.217300E+01   0.216306E+01   0.215271E+01   0.214199E+01   0.213090E+01   0.211946E+01   0.210770E+01   0.209563E+01   0.208326E+01   0.207062E+01   0.205773E+01   0.204431E+01   0.203076E+01   0.201631E+01   0.200278E+01   0.198919E+01   0.197516E+01   0.196095E+01   0.194669E+01   0.193222E+01   0.191774E+01   0.190320E+01   0.188378E+01
-0.990000E+02  -0.990000E+02  -0.990000E+02  -0.990000E+02  -0.990000E+02  -0.990000E+02  -0.990000E+02  -0.990000E+02  -0.990000E+02  -0.990000E+02  -0.990000E+02  -0.990000E+02  -0.990000E+02  -0.990000E+02  -0.990000E+02  -0.990000E+02   0.662343E+00   0.701816E+00   0.734812E+00   0.764978E+00   0.794479E+00   0.823511E+00   0.850382E+00   0.877122E+00   0.902940E+00   0.928771E+00   0.952503E+00   0.974861E+00   0.100187E+01   0.101916E+01   0.103413E+01   0.105384E+01  -0.990000E+02  -0.990000E+02  -0.990000E+02  -0.990000E+02  -0.990000E+02  -0.990000E+02  -0.990000E+02  -0.990000E+02  -0.990000E+02  -0.990000E+02  -0.990000E+02  -0.990000E+02  -0.990000E+02  -0.990000E+02  -0.990000E+02  -0.990000E+02  -0.990000E+02  -0.990000E+02  -0.990000E+02  -0.990000E+02  -0.990000E+02  -0.990000E+02  -0.990000E+02  -0.990000E+02  -0.990000E+02  -0.990000E+02  -0.990000E+02  -0.990000E+02  -0.990000E+02  -0.990000E+02  -0.990000E+02   0.149157E+01   0.149400E+01   0.151176E+01   0.152974E+01   0.173036E+01   0.224934E+01   0.227421E+01   0.228478E+01   0.229097E+01   0.229531E+01   0.229858E+01   0.230050E+01  -0.990000E+02  -0.990000E+02  -0.990000E+02  -0.990000E+02  -0.990000E+02  -0.990000E+02  -0.990000E+02  -0.990000E+02  -0.990000E+02  -0.990000E+02  -0.990000E+02  -0.990000E+02  -0.990000E+02  -0.990000E+02  -0.990000E+02  -0.990000E+02  -0.990000E+02   0.225369E+01   0.225297E+01   0.224904E+01   0.224458E+01   0.223935E+01   0.223665E+01   0.222954E+01   0.222343E+01   0.221618E+01   0.220844E+01   0.220021E+01   0.219152E+01   0.218241E+01   0.217289E+01   0.216296E+01   0.215264E+01   0.214193E+01   0.213086E+01   0.211945E+01   0.210770E+01   0.209565E+01   0.208331E+01   0.207069E+01   0.205781E+01   0.204441E+01   0.203087E+01   0.201645E+01   0.200291E+01   0.198935E+01   0.197533E+01   0.196113E+01   0.194689E+01   0.193242E+01   0.191795E+01   0.190342E+01   0.188400E+01
-0.990000E+02  -0.990000E+02  -0.990000E+02  -0.990000E+02  -0.990000E+02  -0.990000E+02  -0.990000E+02  -0.990000E+02  -0.990000E+02  -0.990000E+02  -0.990000E+02  -0.990000E+02  -0.990000E+02  -0.990000E+02  -0.990000E+02  -0.990000E+02   0.661940E+00   0.701413E+00   0.734408E+00   0.764573E+00   0.794074E+00   0.823105E+00   0.849975E+00   0.876714E+00   0.902532E+00   0.928362E+00   0.952092E+00   0.974449E+00   0.100147E+01   0.101873E+01   0.103372E+01   0.105343E+01  -0.990000E+02  -0.990000E+02  -0.990000E+02  -0.990000E+02  -0.990000E+02  -0.990000E+02  -0.990000E+02  -0.990000E+02  -0.990000E+02  -0.990000E+02  -0.990000E+02  -0.990000E+02  -0.990000E+02  -0.990000E+02  -0.990000E+02  -0.990000E+02  -0.990000E+02  -0.990000E+02  -0.990000E+02  -0.990000E+02  -0.990000E+02  -0.990000E+02  -0.990000E+02  -0.990000E+02  -0.990000E+02  -0.990000E+02  -0.990000E+02  -0.990000E+02  -0.990000E+02  -0.990000E+02  -0.990000E+02   0.149101E+01   0.149344E+01   0.151116E+01   0.152907E+01   0.170088E+01   0.224595E+01   0.227329E+01   0.228422E+01   0.229056E+01   0.229498E+01   0.229824E+01   0.230013E+01  -0.990000E+02  -0.990000E+02  -0.990000E+02  -0.990000E+02  -0.990000E+02  -0.990000E+02  -0.990000E+02  -0.990000E+02  -0.990000E+02  -0.990000E+02  -0.990000E+02  -0.990000E+02  -0.990000E+02  -0.990000E+02  -0.990000E+02  -0.990000E+02  -0.990000E+02   0.225340E+01   0.225265E+01   0.224874E+01   0.224432E+01   0.223911E+01   0.223644E+01   0.222932E+01   0.222323E+01   0.221600E+01   0.220828E+01   0.220006E+01   0.219139E+01   0.218229E+01   0.217279E+01   0.216288E+01   0.215257E+01   0.214188E+01   0.213083E+01   0.211944E+01   0.210771E+01   0.209568E+01   0.208335E+01   0.207075E+01   0.205789E+01   0.204451E+01   0.203099E+01   0.201660E+01   0.200306E+01   0.198952E+01   0.197550E+01   0.196133E+01   0.194709E+01   0.193264E+01   0.191817E+01   0.190365E+01   0.188424E+01
-0.990000E+02  -0.990000E+02  -0.990000E+02  -0.990000E+02  -0.990000E+02  -0.990000E+02  -0.990000E+02  -0.990000E+02  -0.990000E+02  -0.990000E+02  -0.990000E+02  -0.990000E+02  -0.990000E+02  -0.990000E+02  -0.990000E+02  -0.990000E+02   0.661549E+00   0.701020E+00   0.734015E+00   0.764179E+00   0.793680E+00   0.822710E+00   0.849580E+00   0.876318E+00   0.902134E+00   0.927963E+00   0.951692E+00   0.974048E+00   0.100108E+01   0.101831E+01   0.103332E+01   0.105302E+01  -0.990000E+02  -0.990000E+02  -0.990000E+02  -0.990000E+02  -0.990000E+02  -0.990000E+02  -0.990000E+02  -0.990000E+02  -0.990000E+02  -0.990000E+02  -0.990000E+02  -0.990000E+02  -0.990000E+02  -0.990000E+02  -0.990000E+02  -0.990000E+02  -0.990000E+02  -0.990000E+02  -0.990000E+02  -0.990000E+02  -0.990000E+02  -0.990000E+02  -0.990000E+02  -0.990000E+02  -0.990000E+02  -0.990000E+02  -0.990000E+02  -0.990000E+02  -0.990000E+02  -0.990000E+02  -0.990000E+02   0.149048E+01   0.149289E+01   0.151058E+01   0.152844E+01   0.167510E+01   0.224201E+01   0.227230E+01   0.228364E+01   0.229014E+01   0.229464E+01   0.229789E+01   0.229976E+01  -0.990000E+02  -0.990000E+02  -0.990000E+02  -0.990000E+02  -0.990000E+02  -0.990000E+02  -0.990000E+02  -0.990000E+02  -0.990000E+02  -0.990000E+02  -0.990000E+02  -0.990000E+02  -0.990000E+02  -0.990000E+02  -0.990000E+02  -0.990000E+02  -0.990000E+02   0.225310E+01   0.225233E+01   0.224844E+01   0.224407E+01   0.223887E+01   0.223622E+01   0.222911E+01   0.222303E+01   0.221582E+01   0.220811E+01   0.219992E+01   0.219126E+01   0.218217E+01   0.217268E+01   0.216279E+01   0.215250E+01   0.214184E+01   0.213081E+01   0.211943E+01   0.210772E+01   0.209571E+01   0.208340E+01   0.207082E+01   0.205798E+01   0.204462E+01   0.203110E+01   0.201675E+01   0.200320E+01   0.198969E+01   0.197568E+01   0.196152E+01   0.194729E+01   0.193285E+01   0.191840E+01   0.190388E+01   0.188447E+01
-0.990000E+02  -0.990000E+02  -0.990000E+02  -0.990000E+02  -0.990000E+02  -0.990000E+02  -0.990000E+02  -0.990000E+02  -0.990000E+02  -0.990000E+02  -0.990000E+02  -0.990000E+02  -0.990000E+02  -0.990000E+02  -0.990000E+02  -0.990000E+02   0.661159E+00   0.700630E+00   0.733624E+00   0.763788E+00   0.793288E+00   0.822318E+00   0.849186E+00   0.875924E+00   0.901739E+00   0.927567E+00   0.951295E+00   0.973650E+00   0.100070E+01   0.101789E+01   0.103292E+01   0.105262E+01  -0.990000E+02  -0.990000E+02  -0.990000E+02  -0.990000E+02  -0.990000E+02  -0.990000E+02  -0.990000E+02  -0.990000E+02  -0.990000E+02  -0.990000E+02  -0.990000E+02  -0.990000E+02  -0.990000E+02  -0.990000E+02  -0.990000E+02  -0.990000E+02  -0.990000E+02  -0.990000E+02  -0.990000E+02  -0.990000E+02  -0.990000E+02  -0.990000E+02  -0.990000E+02  -0.990000E+02  -0.990000E+02  -0.990000E+02  -0.990000E+02  -0.990000E+02  -0.990000E+02  -0.990000E+02  -0.990000E+02   0.148994E+01   0.149234E+01   0.150999E+01   0.152783E+01   0.165208E+01   0.223756E+01   0.227125E+01   0.228303E+01   0.228970E+01   0.229429E+01   0.229752E+01   0.229937E+01  -0.990000E+02  -0.990000E+02  -0.990000E+02  -0.990000E+02  -0.990000E+02  -0.990000E+02  -0.990000E+02  -0.990000E+02  -0.990000E+02  -0.990000E+02  -0.990000E+02  -0.990000E+02  -0.990000E+02  -0.990000E+02  -0.990000E+02  -0.990000E+02  -0.990000E+02   0.225281E+01   0.225201E+01   0.224814E+01   0.224380E+01   0.223862E+01   0.223600E+01   0.222889E+01   0.222283E+01   0.221564E+01   0.220795E+01   0.219977E+01   0.219113E+01   0.218206E+01   0.217258E+01   0.216271E+01   0.215244E+01   0.214179E+01   0.213078E+01   0.211942E+01   0.210773E+01   0.209574E+01   0.208345E+01   0.207089E+01   0.205806E+01   0.204472E+01   0.203122E+01   0.201689E+01   0.200334E+01   0.198986E+01   0.197586E+01   0.196171E+01   0.194750E+01   0.193306E+01   0.191862E+01   0.190411E+01   0.188471E+01
-0.990000E+02  -0.990000E+02  -0.990000E+02  -0.990000E+02  -0.990000E+02  -0.990000E+02  -0.990000E+02  -0.990000E+02  -0.990000E+02  -0.990000E+02  -0.990000E+02  -0.990000E+02  -0.990000E+02  -0.990000E+02  -0.990000E+02  -0.990000E+02   0.660948E+00   0.700418E+00   0.733412E+00   0.763575E+00   0.793075E+00   0.822104E+00   0.848972E+00   0.875709E+00   0.901523E+00   0.927350E+00   0.951077E+00   0.973431E+00   0.100050E+01   0.101759E+01   0.103270E+01   0.105240E+01  -0.990000E+02  -0.990000E+02  -0.990000E+02  -0.990000E+02  -0.990000E+02  -0.990000E+02  -0.990000E+02  -0.990000E+02  -0.990000E+02  -0.990000E+02  -0.990000E+02  -0.990000E+02  -0.990000E+02  -0.990000E+02  -0.990000E+02  -0.990000E+02  -0.990000E+02  -0.990000E+02  -0.990000E+02  -0.990000E+02  -0.990000E+02  -0.990000E+02  -0.990000E+02  -0.990000E+02  -0.990000E+02  -0.990000E+02  -0.990000E+02  -0.990000E+02  -0.990000E+02  -0.990000E+02  -0.990000E+02   0.148964E+01   0.149203E+01   0.150965E+01   0.152754E+01   0.166636E+01   0.224226E+01   0.227014E+01   0.228243E+01   0.228929E+01   0.229396E+01   0.229711E+01  -0.990000E+02  -0.990000E+02  -0.990000E+02  -0.990000E+02  -0.990000E+02  -0.990000E+02  -0.990000E+02  -0.990000E+02  -0.990000E+02  -0.990000E+02  -0.990000E+02  -0.990000E+02  -0.990000E+02  -0.990000E+02  -0.990000E+02  -0.990000E+02  -0.990000E+02  -0.990000E+02   0.225257E+01   0.225174E+01   0.224789E+01   0.224359E+01   0.223843E+01   0.223584E+01   0.222872E+01   0.222269E+01   0.221551E+01   0.220784E+01   0.219968E+01   0.219105E+01   0.218199E+01   0.217253E+01   0.216267E+01   0.215242E+01   0.214179E+01   0.213080E+01   0.211946E+01   0.210780E+01   0.209582E+01   0.208355E+01   0.207101E+01   0.205820E+01   0.204488E+01   0.203139E+01   0.201709E+01   0.200354E+01   0.199009E+01   0.197609E+01   0.196196E+01   0.194776E+01   0.193334E+01   0.191890E+01   0.190440E+01   0.188501E+01
-0.990000E+02  -0.990000E+02  -0.990000E+02  -0.990000E+02  -0.990000E+02  -0.990000E+02  -0.990000E+02  -0.990000E+02  -0.990000E+02  -0.990000E+02  -0.990000E+02  -0.990000E+02  -0.990000E+02  -0.990000E+02  -0.990000E+02  -0.990000E+02   0.660577E+00   0.700047E+00   0.733040E+00   0.763204E+00   0.792703E+00   0.821731E+00   0.848599E+00   0.875335E+00   0.901149E+00   0.926975E+00   0.950702E+00   0.973055E+00   0.100014E+01   0.101724E+01   0.103232E+01   0.105202E+01  -0.990000E+02  -0.990000E+02  -0.990000E+02  -0.990000E+02  -0.990000E+02  -0.990000E+02  -0.990000E+02  -0.990000E+02  -0.990000E+02  -0.990000E+02  -0.990000E+02  -0.990000E+02  -0.990000E+02  -0.990000E+02  -0.990000E+02  -0.990000E+02  -0.990000E+02  -0.990000E+02  -0.990000E+02  -0.990000E+02  -0.990000E+02  -0.990000E+02  -0.990000E+02  -0.990000E+02  -0.990000E+02  -0.990000E+02  -0.990000E+02  -0.990000E+02  -0.990000E+02  -0.990000E+02  -0.990000E+02   0.148914E+01   0.149152E+01   0.150910E+01   0.152698E+01   0.164304E+01   0.223676E+01   0.226892E+01   0.228154E+01   0.228884E+01   0.229359E+01   0.229665E+01  -0.990000E+02  -0.990000E+02  -0.990000E+02  -0.990000E+02  -0.990000E+02  -0.990000E+02  -0.990000E+02  -0.990000E+02  -0.990000E+02  -0.990000E+02  -0.990000E+02  -0.990000E+02  -0.990000E+02  -0.990000E+02  -0.990000E+02  -0.990000E+02  -0.990000E+02  -0.990000E+02   0.225228E+01   0.225143E+01   0.224759E+01   0.224334E+01   0.223819E+01   0.223562E+01   0.222850E+01   0.222249E+01   0.221533E+01   0.220768E+01   0.219953E+01   0.219092E+01   0.218187E+01   0.217243E+01   0.216259E+01   0.215236E+01   0.214175E+01   0.213077E+01   0.211946E+01   0.210781E+01   0.209585E+01   0.208360E+01   0.207108E+01   0.205829E+01   0.204499E+01   0.203151E+01   0.201724E+01   0.200369E+01   0.199026E+01   0.197627E+01   0.196216E+01   0.194796E+01   0.193355E+01   0.191913E+01   0.190463E+01   0.188525E+01
-0.990000E+02  -0.990000E+02  -0.990000E+02  -0.990000E+02  -0.990000E+02  -0.990000E+02  -0.990000E+02  -0.990000E+02  -0.990000E+02  -0.990000E+02  -0.990000E+02  -0.990000E+02  -0.990000E+02  -0.990000E+02  -0.990000E+02  -0.990000E+02   0.660202E+00   0.699671E+00   0.732664E+00   0.762827E+00   0.792325E+00   0.821353E+00   0.848220E+00   0.874956E+00   0.900769E+00   0.926594E+00   0.950320E+00   0.972671E+00   0.999767E+00   0.101685E+01   0.103194E+01   0.105163E+01  -0.990000E+02  -0.990000E+02  -0.990000E+02  -0.990000E+02  -0.990000E+02  -0.990000E+02  -0.990000E+02  -0.990000E+02  -0.990000E+02  -0.990000E+02  -0.990000E+02  -0.990000E+02  -0.990000E+02  -0.990000E+02  -0.990000E+02  -0.990000E+02  -0.990000E+02  -0.990000E+02  -0.990000E+02  -0.990000E+02  -0.990000E+02  -0.990000E+02  -0.990000E+02  -0.990000E+02  -0.990000E+02  -0.990000E+02  -0.990000E+02  -0.990000E+02  -0.990000E+02  -0.990000E+02  -0.990000E+02   0.148863E+01   0.149101E+01   0.150855E+01   0.152640E+01   0.162265E+01   0.222974E+01   0.226760E+01   0.228084E+01   0.228836E+01   0.229319E+01   0.229618E+01  -0.990000E+02  -0.990000E+02  -0.990000E+02  -0.990000E+02  -0.990000E+02  -0.990000E+02  -0.990000E+02  -0.990000E+02  -0.990000E+02  -0.990000E+02  -0.990000E+02  -0.990000E+02  -0.990000E+02  -0.990000E+02  -0.990000E+02  -0.990000E+02  -0.990000E+02  -0.990000E+02   0.225198E+01   0.225111E+01   0.224729E+01   0.224307E+01   0.223795E+01   0.223540E+01   0.222828E+01   0.222229E+01   0.221514E+01   0.220751E+01   0.219939E+01   0.219079E+01   0.218176E+01   0.217233E+01   0.216250E+01   0.215229E+01   0.214170E+01   0.213074E+01   0.211944E+01   0.210782E+01   0.209588E+01   0.208365E+01   0.207114E+01   0.205837E+01   0.204509E+01   0.203162E+01   0.201739E+01   0.200383E+01   0.199043E+01   0.197645E+01   0.196235E+01   0.194816E+01   0.193376E+01   0.191935E+01   0.190486E+01   0.188548E+01
-0.990000E+02  -0.990000E+02  -0.990000E+02  -0.990000E+02  -0.990000E+02  -0.990000E+02  -0.990000E+02  -0.990000E+02  -0.990000E+02  -0.990000E+02  -0.990000E+02  -0.990000E+02  -0.990000E+02  -0.990000E+02  -0.990000E+02  -0.990000E+02   0.659830E+00   0.699297E+00   0.732290E+00   0.762452E+00   0.791950E+00   0.820978E+00   0.847844E+00   0.874579E+00   0.900391E+00   0.926215E+00   0.949940E+00   0.972290E+00   0.999401E+00   0.101645E+01   0.103156E+01   0.105125E+01  -0.990000E+02  -0.990000E+02  -0.990000E+02  -0.990000E+02  -0.990000E+02  -0.990000E+02  -0.990000E+02  -0.990000E+02  -0.990000E+02  -0.990000E+02  -0.990000E+02  -0.990000E+02  -0.990000E+02  -0.990000E+02  -0.990000E+02  -0.990000E+02  -0.990000E+02  -0.990000E+02  -0.990000E+02  -0.990000E+02  -0.990000E+02  -0.990000E+02  -0.990000E+02  -0.990000E+02  -0.990000E+02  -0.990000E+02  -0.990000E+02  -0.990000E+02  -0.990000E+02  -0.990000E+02  -0.990000E+02   0.148813E+01   0.149049E+01   0.150800E+01   0.152584E+01   0.160479E+01   0.222077E+01   0.226616E+01   0.228011E+01   0.228787E+01   0.229276E+01   0.229569E+01  -0.990000E+02  -0.990000E+02  -0.990000E+02  -0.990000E+02  -0.990000E+02  -0.990000E+02  -0.990000E+02  -0.990000E+02  -0.990000E+02  -0.990000E+02  -0.990000E+02  -0.990000E+02  -0.990000E+02  -0.990000E+02  -0.990000E+02  -0.990000E+02  -0.990000E+02  -0.990000E+02   0.225168E+01   0.225079E+01   0.224698E+01   0.224281E+01   0.223771E+01   0.223518E+01   0.222806E+01   0.222209E+01   0.221496E+01   0.220734E+01   0.219924E+01   0.219066E+01   0.218164E+01   0.217222E+01   0.216242E+01   0.215222E+01   0.214165E+01   0.213071E+01   0.211943E+01   0.210782E+01   0.209591E+01   0.208369E+01   0.207121E+01   0.205846E+01   0.204520E+01   0.203173E+01   0.201753E+01   0.200397E+01   0.199060E+01   0.197662E+01   0.196254E+01   0.194836E+01   0.193398E+01   0.191957E+01   0.190509E+01   0.188571E+01
-0.990000E+02  -0.990000E+02  -0.990000E+02  -0.990000E+02  -0.990000E+02  -0.990000E+02  -0.990000E+02  -0.990000E+02  -0.990000E+02  -0.990000E+02  -0.990000E+02  -0.990000E+02  -0.990000E+02  -0.990000E+02  -0.990000E+02  -0.990000E+02   0.659466E+00   0.698933E+00   0.731925E+00   0.762087E+00   0.791584E+00   0.820611E+00   0.847477E+00   0.874211E+00   0.900023E+00   0.925846E+00   0.949569E+00   0.971918E+00   0.999045E+00   0.101607E+01   0.103119E+01   0.105088E+01  -0.990000E+02  -0.990000E+02  -0.990000E+02  -0.990000E+02  -0.990000E+02  -0.990000E+02  -0.990000E+02  -0.990000E+02  -0.990000E+02  -0.990000E+02  -0.990000E+02  -0.990000E+02  -0.990000E+02  -0.990000E+02  -0.990000E+02  -0.990000E+02  -0.990000E+02  -0.990000E+02  -0.990000E+02  -0.990000E+02  -0.990000E+02  -0.990000E+02  -0.990000E+02  -0.990000E+02  -0.990000E+02  -0.990000E+02  -0.990000E+02  -0.990000E+02  -0.990000E+02  -0.990000E+02  -0.990000E+02   0.148764E+01   0.148999E+01   0.150746E+01   0.152529E+01   0.158925E+01   0.220876E+01   0.226458E+01   0.227935E+01   0.228736E+01   0.229232E+01   0.229518E+01  -0.990000E+02  -0.990000E+02  -0.990000E+02  -0.990000E+02  -0.990000E+02  -0.990000E+02  -0.990000E+02  -0.990000E+02  -0.990000E+02  -0.990000E+02  -0.990000E+02  -0.990000E+02  -0.990000E+02  -0.990000E+02  -0.990000E+02  -0.990000E+02  -0.990000E+02  -0.990000E+02   0.225139E+01   0.225047E+01   0.224668E+01   0.224255E+01   0.223747E+01   0.223496E+01   0.222784E+01   0.222188E+01   0.221478E+01   0.220718E+01   0.219909E+01   0.219053E+01   0.218152E+01   0.217212E+01   0.216233E+01   0.215215E+01   0.214159E+01   0.213068E+01   0.211942E+01   0.210783E+01   0.209593E+01   0.208374E+01   0.207127E+01   0.205854E+01   0.204530E+01   0.203184E+01   0.201768E+01   0.200411E+01   0.199077E+01   0.197679E+01   0.196273E+01   0.194856E+01   0.193419E+01   0.191979E+01   0.190532E+01   0.188595E+01
-0.990000E+02  -0.990000E+02  -0.990000E+02  -0.990000E+02  -0.990000E+02  -0.990000E+02  -0.990000E+02  -0.990000E+02  -0.990000E+02  -0.990000E+02  -0.990000E+02  -0.990000E+02  -0.990000E+02  -0.990000E+02  -0.990000E+02  -0.990000E+02   0.659111E+00   0.698577E+00   0.731569E+00   0.761730E+00   0.791227E+00   0.820253E+00   0.847118E+00   0.873852E+00   0.899662E+00   0.925484E+00   0.949207E+00   0.971555E+00   0.998697E+00   0.101569E+01   0.103082E+01   0.105051E+01  -0.990000E+02  -0.990000E+02  -0.990000E+02  -0.990000E+02  -0.990000E+02  -0.990000E+02  -0.990000E+02  -0.990000E+02  -0.990000E+02  -0.990000E+02  -0.990000E+02  -0.990000E+02  -0.990000E+02  -0.990000E+02  -0.990000E+02  -0.990000E+02  -0.990000E+02  -0.990000E+02  -0.990000E+02  -0.990000E+02  -0.990000E+02  -0.990000E+02  -0.990000E+02  -0.990000E+02  -0.990000E+02  -0.990000E+02  -0.990000E+02  -0.990000E+02  -0.990000E+02  -0.990000E+02  -0.990000E+02   0.148716E+01   0.148951E+01   0.150694E+01   0.152475E+01   0.157580E+01   0.219172E+01   0.226284E+01   0.227854E+01   0.228683E+01   0.229184E+01   0.229466E+01  -0.990000E+02  -0.990000E+02  -0.990000E+02  -0.990000E+02  -0.990000E+02  -0.990000E+02  -0.990000E+02  -0.990000E+02  -0.990000E+02  -0.990000E+02  -0.990000E+02  -0.990000E+02  -0.990000E+02  -0.990000E+02  -0.990000E+02  -0.990000E+02  -0.990000E+02  -0.990000E+02   0.225109E+01   0.225015E+01   0.224638E+01   0.224228E+01   0.223723E+01   0.223473E+01   0.222761E+01   0.222168E+01   0.221459E+01   0.220701E+01   0.219894E+01   0.219040E+01   0.218141E+01   0.217201E+01   0.216224E+01   0.215208E+01   0.214154E+01   0.213065E+01   0.211941E+01   0.210784E+01   0.209596E+01   0.208378E+01   0.207133E+01   0.205862E+01   0.204540E+01   0.203196E+01   0.201782E+01   0.200425E+01   0.199094E+01   0.197697E+01   0.196292E+01   0.194877E+01   0.193440E+01   0.192001E+01   0.190555E+01   0.188619E+01
-0.990000E+02  -0.990000E+02  -0.990000E+02  -0.990000E+02  -0.990000E+02  -0.990000E+02  -0.990000E+02  -0.990000E+02  -0.990000E+02  -0.990000E+02  -0.990000E+02  -0.990000E+02  -0.990000E+02  -0.990000E+02  -0.990000E+02  -0.990000E+02   0.658760E+00   0.698226E+00   0.731217E+00   0.761378E+00   0.790874E+00   0.819900E+00   0.846765E+00   0.873497E+00   0.899307E+00   0.925128E+00   0.948849E+00   0.971197E+00   0.998355E+00   0.101531E+01   0.103046E+01   0.105015E+01  -0.990000E+02  -0.990000E+02  -0.990000E+02  -0.990000E+02  -0.990000E+02  -0.990000E+02  -0.990000E+02  -0.990000E+02  -0.990000E+02  -0.990000E+02  -0.990000E+02  -0.990000E+02  -0.990000E+02  -0.990000E+02  -0.990000E+02  -0.990000E+02  -0.990000E+02  -0.990000E+02  -0.990000E+02  -0.990000E+02  -0.990000E+02  -0.990000E+02  -0.990000E+02  -0.990000E+02  -0.990000E+02  -0.990000E+02  -0.990000E+02  -0.990000E+02  -0.990000E+02  -0.990000E+02  -0.990000E+02   0.148669E+01   0.148903E+01   0.150643E+01   0.152421E+01   0.156424E+01   0.216564E+01   0.226091E+01   0.227769E+01   0.228628E+01   0.229134E+01   0.229413E+01  -0.990000E+02  -0.990000E+02  -0.990000E+02  -0.990000E+02  -0.990000E+02  -0.990000E+02  -0.990000E+02  -0.990000E+02  -0.990000E+02  -0.990000E+02  -0.990000E+02  -0.990000E+02  -0.990000E+02  -0.990000E+02  -0.990000E+02  -0.990000E+02  -0.990000E+02  -0.990000E+02   0.225079E+01   0.224983E+01   0.224608E+01   0.224202E+01   0.223699E+01   0.223451E+01   0.222739E+01   0.222148E+01   0.221441E+01   0.220684E+01   0.219879E+01   0.219027E+01   0.218129E+01   0.217191E+01   0.216215E+01   0.215201E+01   0.214149E+01   0.213062E+01   0.211939E+01   0.210784E+01   0.209598E+01   0.208383E+01   0.207140E+01   0.205870E+01   0.204550E+01   0.203207E+01   0.201796E+01   0.200439E+01   0.199110E+01   0.197714E+01   0.196312E+01   0.194897E+01   0.193461E+01   0.192023E+01   0.190577E+01   0.188642E+01
-0.990000E+02  -0.990000E+02  -0.990000E+02  -0.990000E+02  -0.990000E+02  -0.990000E+02  -0.990000E+02  -0.990000E+02  -0.990000E+02  -0.990000E+02  -0.990000E+02  -0.990000E+02  -0.990000E+02  -0.990000E+02  -0.990000E+02  -0.990000E+02   0.658406E+00   0.697870E+00   0.730862E+00   0.761022E+00   0.790518E+00   0.819543E+00   0.846407E+00   0.873139E+00   0.898948E+00   0.924768E+00   0.948489E+00   0.970835E+00   0.998009E+00   0.101494E+01   0.103010E+01   0.104978E+01  -0.990000E+02  -0.990000E+02  -0.990000E+02  -0.990000E+02  -0.990000E+02  -0.990000E+02  -0.990000E+02  -0.990000E+02  -0.990000E+02  -0.990000E+02  -0.990000E+02  -0.990000E+02  -0.990000E+02  -0.990000E+02  -0.990000E+02  -0.990000E+02  -0.990000E+02  -0.990000E+02  -0.990000E+02  -0.990000E+02  -0.990000E+02  -0.990000E+02  -0.990000E+02  -0.990000E+02  -0.990000E+02  -0.990000E+02  -0.990000E+02  -0.990000E+02  -0.990000E+02  -0.990000E+02  -0.990000E+02   0.148621E+01   0.148855E+01   0.150591E+01   0.152368E+01   0.155446E+01   0.212143E+01   0.225875E+01   0.227679E+01   0.228570E+01   0.229081E+01   0.229357E+01  -0.990000E+02  -0.990000E+02  -0.990000E+02  -0.990000E+02  -0.990000E+02  -0.990000E+02  -0.990000E+02  -0.990000E+02  -0.990000E+02  -0.990000E+02  -0.990000E+02  -0.990000E+02  -0.990000E+02  -0.990000E+02  -0.990000E+02  -0.990000E+02  -0.990000E+02  -0.990000E+02   0.225049E+01   0.224951E+01   0.224577E+01   0.224175E+01   0.223674E+01   0.223428E+01   0.222717E+01   0.222127E+01   0.221422E+01   0.220667E+01   0.219864E+01   0.219013E+01   0.218117E+01   0.217180E+01   0.216206E+01   0.215194E+01   0.214144E+01   0.213058E+01   0.211938E+01   0.210785E+01   0.209601E+01   0.208387E+01   0.207146E+01   0.205878E+01   0.204560E+01   0.203218E+01   0.201810E+01   0.200453E+01   0.199127E+01   0.197731E+01   0.196330E+01   0.194916E+01   0.193482E+01   0.192045E+01   0.190600E+01   0.188666E+01
-0.990000E+02  -0.990000E+02  -0.990000E+02  -0.990000E+02  -0.990000E+02  -0.990000E+02  -0.990000E+02  -0.990000E+02  -0.990000E+02  -0.990000E+02  -0.990000E+02  -0.990000E+02  -0.990000E+02  -0.990000E+02  -0.990000E+02  -0.990000E+02   0.658027E+00   0.697491E+00   0.730482E+00   0.760642E+00   0.790137E+00   0.819162E+00   0.846026E+00   0.872757E+00   0.898565E+00   0.924385E+00   0.948104E+00   0.970449E+00   0.997640E+00   0.101454E+01   0.102972E+01   0.104940E+01  -0.990000E+02  -0.990000E+02  -0.990000E+02  -0.990000E+02  -0.990000E+02  -0.990000E+02  -0.990000E+02  -0.990000E+02  -0.990000E+02  -0.990000E+02  -0.990000E+02  -0.990000E+02  -0.990000E+02  -0.990000E+02  -0.990000E+02  -0.990000E+02  -0.990000E+02  -0.990000E+02  -0.990000E+02  -0.990000E+02  -0.990000E+02  -0.990000E+02  -0.990000E+02  -0.990000E+02  -0.990000E+02  -0.990000E+02  -0.990000E+02  -0.990000E+02  -0.990000E+02  -0.990000E+02  -0.990000E+02   0.148571E+01   0.148804E+01   0.150537E+01   0.152311E+01   0.154665E+01   0.203740E+01   0.225630E+01   0.227583E+01   0.228508E+01   0.229024E+01   0.229298E+01  -0.990000E+02  -0.990000E+02  -0.990000E+02  -0.990000E+02  -0.990000E+02  -0.990000E+02  -0.990000E+02  -0.990000E+02  -0.990000E+02  -0.990000E+02  -0.990000E+02  -0.990000E+02  -0.990000E+02  -0.990000E+02  -0.990000E+02  -0.990000E+02  -0.990000E+02  -0.990000E+02   0.225018E+01   0.224918E+01   0.224546E+01   0.224148E+01   0.223649E+01   0.223405E+01   0.222693E+01   0.222106E+01   0.221402E+01   0.220650E+01   0.219848E+01   0.218999E+01   0.218104E+01   0.217169E+01   0.216196E+01   0.215186E+01   0.214138E+01   0.213054E+01   0.211935E+01   0.210784E+01   0.209602E+01   0.208390E+01   0.207151E+01   0.205885E+01   0.204569E+01   0.203228E+01   0.201823E+01   0.200466E+01   0.199142E+01   0.197747E+01   0.196348E+01   0.194935E+01   0.193502E+01   0.192066E+01   0.190622E+01   0.188688E+01
-0.990000E+02  -0.990000E+02  -0.990000E+02  -0.990000E+02  -0.990000E+02  -0.990000E+02  -0.990000E+02  -0.990000E+02  -0.990000E+02  -0.990000E+02  -0.990000E+02  -0.990000E+02  -0.990000E+02  -0.990000E+02  -0.990000E+02  -0.990000E+02   0.657567E+00   0.697030E+00   0.730020E+00   0.760180E+00   0.789675E+00   0.818699E+00   0.845562E+00   0.872293E+00   0.898101E+00   0.923920E+00   0.947638E+00   0.969983E+00   0.997190E+00   0.101407E+01   0.102925E+01   0.104893E+01  -0.990000E+02  -0.990000E+02  -0.990000E+02  -0.990000E+02  -0.990000E+02  -0.990000E+02  -0.990000E+02  -0.990000E+02  -0.990000E+02  -0.990000E+02  -0.990000E+02  -0.990000E+02  -0.990000E+02  -0.990000E+02  -0.990000E+02  -0.990000E+02  -0.990000E+02  -0.990000E+02  -0.990000E+02  -0.990000E+02  -0.990000E+02  -0.990000E+02  -0.990000E+02  -0.990000E+02  -0.990000E+02  -0.990000E+02  -0.990000E+02  -0.990000E+02  -0.990000E+02  -0.990000E+02  -0.990000E+02   0.148511E+01   0.148744E+01   0.150473E+01   0.152244E+01   0.154146E+01   0.188437E+01   0.225350E+01   0.227479E+01   0.228440E+01   0.228961E+01   0.229236E+01  -0.990000E+02  -0.990000E+02  -0.990000E+02  -0.990000E+02  -0.990000E+02  -0.990000E+02  -0.990000E+02  -0.990000E+02  -0.990000E+02  -0.990000E+02  -0.990000E+02  -0.990000E+02  -0.990000E+02  -0.990000E+02  -0.990000E+02  -0.990000E+02  -0.990000E+02  -0.990000E+02   0.224984E+01   0.224883E+01   0.224512E+01   0.224118E+01   0.223621E+01   0.223378E+01   0.222667E+01   0.222082E+01   0.221380E+01   0.220629E+01   0.219829E+01   0.218982E+01   0.218089E+01   0.217155E+01   0.216184E+01   0.215175E+01   0.214129E+01   0.213046E+01   0.211930E+01   0.210781E+01   0.209601E+01   0.208391E+01   0.207153E+01   0.205889E+01   0.204575E+01   0.203235E+01   0.201834E+01   0.200475E+01   0.199155E+01   0.197761E+01   0.196363E+01   0.194951E+01   0.193519E+01   0.192084E+01   0.190640E+01   0.188707E+01
-0.990000E+02  -0.990000E+02  -0.990000E+02  -0.990000E+02  -0.990000E+02  -0.990000E+02  -0.990000E+02  -0.990000E+02  -0.990000E+02  -0.990000E+02  -0.990000E+02  -0.990000E+02  -0.990000E+02  -0.990000E+02  -0.990000E+02  -0.990000E+02   0.657069E+00   0.696531E+00   0.729521E+00   0.759680E+00   0.789174E+00   0.818197E+00   0.845059E+00   0.871788E+00   0.897594E+00   0.923412E+00   0.947129E+00   0.969471E+00   0.996693E+00   0.101354E+01   0.102874E+01   0.104841E+01  -0.990000E+02  -0.990000E+02  -0.990000E+02  -0.990000E+02  -0.990000E+02  -0.990000E+02  -0.990000E+02  -0.990000E+02  -0.990000E+02  -0.990000E+02  -0.990000E+02  -0.990000E+02  -0.990000E+02  -0.990000E+02  -0.990000E+02  -0.990000E+02  -0.990000E+02  -0.990000E+02  -0.990000E+02  -0.990000E+02  -0.990000E+02  -0.990000E+02  -0.990000E+02  -0.990000E+02  -0.990000E+02  -0.990000E+02  -0.990000E+02  -0.990000E+02  -0.990000E+02  -0.990000E+02  -0.990000E+02   0.148445E+01   0.148677E+01   0.150403E+01   0.152170E+01   0.153943E+01   0.176364E+01   0.225027E+01   0.227367E+01   0.228368E+01   0.228893E+01   0.229169E+01  -0.990000E+02  -0.990000E+02  -0.990000E+02  -0.990000E+02  -0.990000E+02  -0.990000E+02  -0.990000E+02  -0.990000E+02  -0.990000E+02  -0.990000E+02  -0.990000E+02  -0.990000E+02  -0.990000E+02  -0.990000E+02  -0.990000E+02  -0.990000E+02  -0.990000E+02  -0.990000E+02   0.224949E+01   0.224846E+01   0.224476E+01   0.224086E+01   0.223592E+01   0.223350E+01   0.222639E+01   0.222056E+01   0.221356E+01   0.220607E+01   0.219809E+01   0.218964E+01   0.218072E+01   0.217139E+01   0.216169E+01   0.215163E+01   0.214118E+01   0.213038E+01   0.211923E+01   0.210776E+01   0.209598E+01   0.208390E+01   0.207154E+01   0.205892E+01   0.204579E+01   0.203241E+01   0.201842E+01   0.200484E+01   0.199166E+01   0.197772E+01   0.196376E+01   0.194965E+01   0.193534E+01   0.192100E+01   0.190657E+01   0.188725E+01
-0.990000E+02  -0.990000E+02  -0.990000E+02  -0.990000E+02  -0.990000E+02  -0.990000E+02  -0.990000E+02  -0.990000E+02  -0.990000E+02  -0.990000E+02  -0.990000E+02  -0.990000E+02  -0.990000E+02  -0.990000E+02  -0.990000E+02  -0.990000E+02   0.657485E+00   0.696947E+00   0.729940E+00   0.760102E+00   0.789601E+00   0.818631E+00   0.845499E+00   0.872234E+00   0.898052E+00   0.923876E+00   0.947604E+00   0.969956E+00   0.997218E+00   0.101391E+01   0.102929E+01   0.104897E+01  -0.990000E+02  -0.990000E+02  -0.990000E+02  -0.990000E+02  -0.990000E+02  -0.990000E+02  -0.990000E+02  -0.990000E+02  -0.990000E+02  -0.990000E+02  -0.990000E+02  -0.990000E+02  -0.990000E+02  -0.990000E+02  -0.990000E+02  -0.990000E+02  -0.990000E+02  -0.990000E+02  -0.990000E+02  -0.990000E+02  -0.990000E+02  -0.990000E+02  -0.990000E+02  -0.990000E+02  -0.990000E+02  -0.990000E+02  -0.990000E+02  -0.990000E+02  -0.990000E+02  -0.990000E+02  -0.990000E+02   0.148525E+01   0.148763E+01   0.150917E+01   0.152233E+01   0.153992E+01   0.171962E+01   0.224686E+01   0.227266E+01   0.228311E+01   0.228834E+01  -0.990000E+02  -0.990000E+02  -0.990000E+02  -0.990000E+02  -0.990000E+02  -0.990000E+02  -0.990000E+02  -0.990000E+02  -0.990000E+02  -0.990000E+02  -0.990000E+02  -0.990000E+02  -0.990000E+02  -0.990000E+02  -0.990000E+02  -0.990000E+02  -0.990000E+02  -0.990000E+02  -0.990000E+02   0.224941E+01   0.224836E+01   0.224468E+01   0.224082E+01   0.223591E+01   0.223350E+01   0.222640E+01   0.222058E+01   0.221360E+01   0.220613E+01   0.219817E+01   0.218974E+01   0.218084E+01   0.217152E+01   0.216184E+01   0.215179E+01   0.214136E+01   0.213058E+01   0.211946E+01   0.210800E+01   0.209624E+01   0.208418E+01   0.207184E+01   0.205924E+01   0.204614E+01   0.203277E+01   0.201881E+01   0.200523E+01   0.199207E+01   0.197815E+01   0.196421E+01   0.195011E+01   0.193582E+01   0.192149E+01   0.190707E+01   0.188776E+01
-0.990000E+02  -0.990000E+02  -0.990000E+02  -0.990000E+02  -0.990000E+02  -0.990000E+02  -0.990000E+02  -0.990000E+02  -0.990000E+02  -0.990000E+02  -0.990000E+02  -0.990000E+02  -0.990000E+02  -0.990000E+02  -0.990000E+02  -0.990000E+02   0.656473E+00   0.695930E+00   0.728918E+00   0.759074E+00   0.788567E+00   0.817589E+00   0.844449E+00   0.871174E+00   0.896981E+00   0.922791E+00   0.946505E+00   0.968841E+00   0.996100E+00   0.101279E+01   0.102814E+01   0.104780E+01  -0.990000E+02  -0.990000E+02  -0.990000E+02  -0.990000E+02  -0.990000E+02  -0.990000E+02  -0.990000E+02  -0.990000E+02  -0.990000E+02  -0.990000E+02  -0.990000E+02  -0.990000E+02  -0.990000E+02  -0.990000E+02  -0.990000E+02  -0.990000E+02  -0.990000E+02  -0.990000E+02  -0.990000E+02  -0.990000E+02  -0.990000E+02  -0.990000E+02  -0.990000E+02  -0.990000E+02  -0.990000E+02  -0.990000E+02  -0.990000E+02  -0.990000E+02  -0.990000E+02  -0.990000E+02  -0.990000E+02   0.148384E+01   0.148620E+01   0.150288E+01   0.152079E+01   0.153826E+01   0.168954E+01   0.224228E+01   0.227125E+01   0.228216E+01   0.228733E+01  -0.990000E+02  -0.990000E+02  -0.990000E+02  -0.990000E+02  -0.990000E+02  -0.990000E+02  -0.990000E+02  -0.990000E+02  -0.990000E+02  -0.990000E+02  -0.990000E+02  -0.990000E+02  -0.990000E+02  -0.990000E+02  -0.990000E+02  -0.990000E+02  -0.990000E+02  -0.990000E+02  -0.990000E+02   0.224890E+01   0.224784E+01   0.224417E+01   0.224034E+01   0.223546E+01   0.223306E+01   0.222596E+01   0.222017E+01   0.221320E+01   0.220575E+01   0.219781E+01   0.218939E+01   0.218051E+01   0.217121E+01   0.216153E+01   0.215150E+01   0.214109E+01   0.213033E+01   0.211922E+01   0.210779E+01   0.209604E+01   0.208400E+01   0.207168E+01   0.205909E+01   0.204601E+01   0.203265E+01   0.201872E+01   0.200513E+01   0.199201E+01   0.197808E+01   0.196416E+01   0.195007E+01   0.193578E+01   0.192146E+01   0.190705E+01   0.188774E+01
-0.990000E+02  -0.990000E+02  -0.990000E+02  -0.990000E+02  -0.990000E+02  -0.990000E+02  -0.990000E+02  -0.990000E+02  -0.990000E+02  -0.990000E+02  -0.990000E+02  -0.990000E+02  -0.990000E+02  -0.990000E+02  -0.990000E+02  -0.990000E+02   0.656175E+00   0.695631E+00   0.728619E+00   0.758775E+00   0.788267E+00   0.817288E+00   0.844146E+00   0.870871E+00   0.896676E+00   0.922485E+00   0.946196E+00   0.968531E+00   0.995802E+00   0.101249E+01   0.102782E+01   0.104748E+01  -0.990000E+02  -0.990000E+02  -0.990000E+02  -0.990000E+02  -0.990000E+02  -0.990000E+02  -0.990000E+02  -0.990000E+02  -0.990000E+02  -0.990000E+02  -0.990000E+02  -0.990000E+02  -0.990000E+02  -0.990000E+02  -0.990000E+02  -0.990000E+02  -0.990000E+02  -0.990000E+02  -0.990000E+02  -0.990000E+02  -0.990000E+02  -0.990000E+02  -0.990000E+02  -0.990000E+02  -0.990000E+02  -0.990000E+02  -0.990000E+02  -0.990000E+02  -0.990000E+02  -0.990000E+02  -0.990000E+02   0.148344E+01   0.148580E+01   0.150245E+01   0.152032E+01   0.153775E+01   0.166385E+01   0.223689E+01   0.226988E+01   0.228130E+01   0.228645E+01  -0.990000E+02  -0.990000E+02  -0.990000E+02  -0.990000E+02  -0.990000E+02  -0.990000E+02  -0.990000E+02  -0.990000E+02  -0.990000E+02  -0.990000E+02  -0.990000E+02  -0.990000E+02  -0.990000E+02  -0.990000E+02  -0.990000E+02  -0.990000E+02  -0.990000E+02  -0.990000E+02  -0.990000E+02   0.224860E+01   0.224752E+01   0.224387E+01   0.224007E+01   0.223522E+01   0.223283E+01   0.222574E+01   0.221996E+01   0.221302E+01   0.220559E+01   0.219766E+01   0.218926E+01   0.218040E+01   0.217111E+01   0.216145E+01   0.215143E+01   0.214105E+01   0.213030E+01   0.211921E+01   0.210780E+01   0.209607E+01   0.208405E+01   0.207174E+01   0.205918E+01   0.204611E+01   0.203276E+01   0.201886E+01   0.200527E+01   0.199217E+01   0.197826E+01   0.196435E+01   0.195027E+01   0.193600E+01   0.192168E+01   0.190728E+01   0.188798E+01
-0.990000E+02  -0.990000E+02  -0.990000E+02  -0.990000E+02  -0.990000E+02  -0.990000E+02  -0.990000E+02  -0.990000E+02  -0.990000E+02  -0.990000E+02  -0.990000E+02  -0.990000E+02  -0.990000E+02  -0.990000E+02  -0.990000E+02  -0.990000E+02   0.655936E+00   0.695392E+00   0.728379E+00   0.758534E+00   0.788026E+00   0.817046E+00   0.843905E+00   0.870628E+00   0.896433E+00   0.922241E+00   0.945952E+00   0.968286E+00   0.995572E+00   0.101226E+01   0.102758E+01   0.104724E+01  -0.990000E+02  -0.990000E+02  -0.990000E+02  -0.990000E+02  -0.990000E+02  -0.990000E+02  -0.990000E+02  -0.990000E+02  -0.990000E+02  -0.990000E+02  -0.990000E+02  -0.990000E+02  -0.990000E+02  -0.990000E+02  -0.990000E+02  -0.990000E+02  -0.990000E+02  -0.990000E+02  -0.990000E+02  -0.990000E+02  -0.990000E+02  -0.990000E+02  -0.990000E+02  -0.990000E+02  -0.990000E+02  -0.990000E+02  -0.990000E+02  -0.990000E+02  -0.990000E+02  -0.990000E+02  -0.990000E+02   0.148312E+01   0.148548E+01   0.150210E+01   0.151994E+01   0.153736E+01   0.164147E+01   0.223018E+01   0.226840E+01   0.228037E+01   0.228553E+01  -0.990000E+02  -0.990000E+02  -0.990000E+02  -0.990000E+02  -0.990000E+02  -0.990000E+02  -0.990000E+02  -0.990000E+02  -0.990000E+02  -0.990000E+02  -0.990000E+02  -0.990000E+02  -0.990000E+02  -0.990000E+02  -0.990000E+02  -0.990000E+02  -0.990000E+02  -0.990000E+02  -0.990000E+02   0.224832E+01   0.224722E+01   0.224359E+01   0.223982E+01   0.223500E+01   0.223262E+01   0.222553E+01   0.221978E+01   0.221285E+01   0.220543E+01   0.219753E+01   0.218915E+01   0.218030E+01   0.217103E+01   0.216138E+01   0.215138E+01   0.214101E+01   0.213028E+01   0.211922E+01   0.210782E+01   0.209611E+01   0.208411E+01   0.207183E+01   0.205928E+01   0.204623E+01   0.203289E+01   0.201902E+01   0.200543E+01   0.199236E+01   0.197845E+01   0.196457E+01   0.195049E+01   0.193623E+01   0.192193E+01   0.190753E+01   0.188824E+01
-0.990000E+02  -0.990000E+02  -0.990000E+02  -0.990000E+02  -0.990000E+02  -0.990000E+02  -0.990000E+02  -0.990000E+02  -0.990000E+02  -0.990000E+02  -0.990000E+02  -0.990000E+02  -0.990000E+02  -0.990000E+02  -0.990000E+02  -0.990000E+02   0.655709E+00   0.695165E+00   0.728152E+00   0.758307E+00   0.787798E+00   0.816818E+00   0.843676E+00   0.870399E+00   0.896203E+00   0.922011E+00   0.945721E+00   0.968054E+00   0.995356E+00   0.101203E+01   0.102735E+01   0.104700E+01  -0.990000E+02  -0.990000E+02  -0.990000E+02  -0.990000E+02  -0.990000E+02  -0.990000E+02  -0.990000E+02  -0.990000E+02  -0.990000E+02  -0.990000E+02  -0.990000E+02  -0.990000E+02  -0.990000E+02  -0.990000E+02  -0.990000E+02  -0.990000E+02  -0.990000E+02  -0.990000E+02  -0.990000E+02  -0.990000E+02  -0.990000E+02  -0.990000E+02  -0.990000E+02  -0.990000E+02  -0.990000E+02  -0.990000E+02  -0.990000E+02  -0.990000E+02  -0.990000E+02  -0.990000E+02  -0.990000E+02   0.148282E+01   0.148517E+01   0.150178E+01   0.151958E+01   0.153698E+01   0.162200E+01   0.222151E+01   0.226677E+01   0.227936E+01   0.228454E+01  -0.990000E+02  -0.990000E+02  -0.990000E+02  -0.990000E+02  -0.990000E+02  -0.990000E+02  -0.990000E+02  -0.990000E+02  -0.990000E+02  -0.990000E+02  -0.990000E+02  -0.990000E+02  -0.990000E+02  -0.990000E+02  -0.990000E+02  -0.990000E+02  -0.990000E+02  -0.990000E+02  -0.990000E+02   0.224803E+01   0.224692E+01   0.224331E+01   0.223958E+01   0.223478E+01   0.223241E+01   0.222532E+01   0.221959E+01   0.221268E+01   0.220529E+01   0.219740E+01   0.218903E+01   0.218021E+01   0.217095E+01   0.216132E+01   0.215133E+01   0.214098E+01   0.213027E+01   0.211922E+01   0.210785E+01   0.209616E+01   0.208417E+01   0.207191E+01   0.205938E+01   0.204635E+01   0.203303E+01   0.201919E+01   0.200560E+01   0.199255E+01   0.197865E+01   0.196478E+01   0.195072E+01   0.193647E+01   0.192217E+01   0.190779E+01   0.188850E+01
-0.990000E+02  -0.990000E+02  -0.990000E+02  -0.990000E+02  -0.990000E+02  -0.990000E+02  -0.990000E+02  -0.990000E+02  -0.990000E+02  -0.990000E+02  -0.990000E+02  -0.990000E+02  -0.990000E+02  -0.990000E+02  -0.990000E+02  -0.990000E+02   0.655492E+00   0.694947E+00   0.727934E+00   0.758089E+00   0.787580E+00   0.816599E+00   0.843457E+00   0.870180E+00   0.895983E+00   0.921790E+00   0.945500E+00   0.967832E+00   0.995148E+00   0.101181E+01   0.102712E+01   0.104678E+01  -0.990000E+02  -0.990000E+02  -0.990000E+02  -0.990000E+02  -0.990000E+02  -0.990000E+02  -0.990000E+02  -0.990000E+02  -0.990000E+02  -0.990000E+02  -0.990000E+02  -0.990000E+02  -0.990000E+02  -0.990000E+02  -0.990000E+02  -0.990000E+02  -0.990000E+02  -0.990000E+02  -0.990000E+02  -0.990000E+02  -0.990000E+02  -0.990000E+02  -0.990000E+02  -0.990000E+02  -0.990000E+02  -0.990000E+02  -0.990000E+02  -0.990000E+02  -0.990000E+02  -0.990000E+02  -0.990000E+02   0.148253E+01   0.148488E+01   0.150146E+01   0.151924E+01   0.153663E+01   0.160512E+01   0.220984E+01   0.226496E+01   0.227823E+01   0.228349E+01  -0.990000E+02  -0.990000E+02  -0.990000E+02  -0.990000E+02  -0.990000E+02  -0.990000E+02  -0.990000E+02  -0.990000E+02  -0.990000E+02  -0.990000E+02  -0.990000E+02  -0.990000E+02  -0.990000E+02  -0.990000E+02  -0.990000E+02  -0.990000E+02  -0.990000E+02  -0.990000E+02  -0.990000E+02   0.224775E+01   0.224663E+01   0.224303E+01   0.223933E+01   0.223457E+01   0.223219E+01   0.222512E+01   0.221941E+01   0.221252E+01   0.220514E+01   0.219727E+01   0.218892E+01   0.218011E+01   0.217087E+01   0.216125E+01   0.215128E+01   0.214095E+01   0.213026E+01   0.211923E+01   0.210787E+01   0.209620E+01   0.208424E+01   0.207199E+01   0.205948E+01   0.204647E+01   0.203316E+01   0.201935E+01   0.200576E+01   0.199274E+01   0.197885E+01   0.196500E+01   0.195094E+01   0.193671E+01   0.192242E+01   0.190804E+01   0.188877E+01
-0.990000E+02  -0.990000E+02  -0.990000E+02  -0.990000E+02  -0.990000E+02  -0.990000E+02  -0.990000E+02  -0.990000E+02  -0.990000E+02  -0.990000E+02  -0.990000E+02  -0.990000E+02  -0.990000E+02  -0.990000E+02  -0.990000E+02  -0.990000E+02   0.655282E+00   0.694737E+00   0.727723E+00   0.757878E+00   0.787369E+00   0.816388E+00   0.843245E+00   0.869968E+00   0.895770E+00   0.921577E+00   0.945286E+00   0.967617E+00   0.994949E+00   0.101161E+01   0.102691E+01   0.104656E+01  -0.990000E+02  -0.990000E+02  -0.990000E+02  -0.990000E+02  -0.990000E+02  -0.990000E+02  -0.990000E+02  -0.990000E+02  -0.990000E+02  -0.990000E+02  -0.990000E+02  -0.990000E+02  -0.990000E+02  -0.990000E+02  -0.990000E+02  -0.990000E+02  -0.990000E+02  -0.990000E+02  -0.990000E+02  -0.990000E+02  -0.990000E+02  -0.990000E+02  -0.990000E+02  -0.990000E+02  -0.990000E+02  -0.990000E+02  -0.990000E+02  -0.990000E+02  -0.990000E+02  -0.990000E+02  -0.990000E+02   0.148225E+01   0.148460E+01   0.150116E+01   0.151891E+01   0.153629E+01   0.159052E+01   0.219320E+01   0.226292E+01   0.227699E+01   0.228237E+01  -0.990000E+02  -0.990000E+02  -0.990000E+02  -0.990000E+02  -0.990000E+02  -0.990000E+02  -0.990000E+02  -0.990000E+02  -0.990000E+02  -0.990000E+02  -0.990000E+02  -0.990000E+02  -0.990000E+02  -0.990000E+02  -0.990000E+02  -0.990000E+02  -0.990000E+02  -0.990000E+02  -0.990000E+02   0.224747E+01   0.224633E+01   0.224275E+01   0.223908E+01   0.223435E+01   0.223198E+01   0.222492E+01   0.221922E+01   0.221235E+01   0.220499E+01   0.219714E+01   0.218881E+01   0.218002E+01   0.217079E+01   0.216119E+01   0.215124E+01   0.214092E+01   0.213025E+01   0.211924E+01   0.210790E+01   0.209625E+01   0.208431E+01   0.207208E+01   0.205959E+01   0.204660E+01   0.203330E+01   0.201952E+01   0.200593E+01   0.199293E+01   0.197905E+01   0.196521E+01   0.195117E+01   0.193695E+01   0.192267E+01   0.190830E+01   0.188904E+01
-0.990000E+02  -0.990000E+02  -0.990000E+02  -0.990000E+02  -0.990000E+02  -0.990000E+02  -0.990000E+02  -0.990000E+02  -0.990000E+02  -0.990000E+02  -0.990000E+02  -0.990000E+02  -0.990000E+02  -0.990000E+02  -0.990000E+02  -0.990000E+02   0.655078E+00   0.694532E+00   0.727519E+00   0.757673E+00   0.787163E+00   0.816183E+00   0.843039E+00   0.869761E+00   0.895563E+00   0.921369E+00   0.945078E+00   0.967409E+00   0.994755E+00   0.101141E+01   0.102670E+01   0.104635E+01  -0.990000E+02  -0.990000E+02  -0.990000E+02  -0.990000E+02  -0.990000E+02  -0.990000E+02  -0.990000E+02  -0.990000E+02  -0.990000E+02  -0.990000E+02  -0.990000E+02  -0.990000E+02  -0.990000E+02  -0.990000E+02  -0.990000E+02  -0.990000E+02  -0.990000E+02  -0.990000E+02  -0.990000E+02  -0.990000E+02  -0.990000E+02  -0.990000E+02  -0.990000E+02  -0.990000E+02  -0.990000E+02  -0.990000E+02  -0.990000E+02  -0.990000E+02  -0.990000E+02  -0.990000E+02  -0.990000E+02   0.148198E+01   0.148433E+01   0.150087E+01   0.151859E+01   0.153595E+01   0.157800E+01   0.216755E+01   0.226060E+01   0.227562E+01   0.228116E+01  -0.990000E+02  -0.990000E+02  -0.990000E+02  -0.990000E+02  -0.990000E+02  -0.990000E+02  -0.990000E+02  -0.990000E+02  -0.990000E+02  -0.990000E+02  -0.990000E+02  -0.990000E+02  -0.990000E+02  -0.990000E+02  -0.990000E+02  -0.990000E+02  -0.990000E+02  -0.990000E+02  -0.990000E+02   0.224719E+01   0.224604E+01   0.224248E+01   0.223883E+01   0.223414E+01   0.223177E+01   0.222472E+01   0.221904E+01   0.221219E+01   0.220485E+01   0.219701E+01   0.218871E+01   0.217993E+01   0.217072E+01   0.216113E+01   0.215119E+01   0.214090E+01   0.213024E+01   0.211925E+01   0.210793E+01   0.209630E+01   0.208438E+01   0.207217E+01   0.205969E+01   0.204672E+01   0.203343E+01   0.201969E+01   0.200609E+01   0.199312E+01   0.197925E+01   0.196543E+01   0.195140E+01   0.193719E+01   0.192292E+01   0.190856E+01   0.188930E+01
-0.990000E+02  -0.990000E+02  -0.990000E+02  -0.990000E+02  -0.990000E+02  -0.990000E+02  -0.990000E+02  -0.990000E+02  -0.990000E+02  -0.990000E+02  -0.990000E+02  -0.990000E+02  -0.990000E+02  -0.990000E+02  -0.990000E+02  -0.990000E+02   0.654871E+00   0.694325E+00   0.727310E+00   0.757465E+00   0.786955E+00   0.815974E+00   0.842830E+00   0.869551E+00   0.895353E+00   0.921159E+00   0.944867E+00   0.967197E+00   0.994559E+00   0.101120E+01   0.102649E+01   0.104614E+01  -0.990000E+02  -0.990000E+02  -0.990000E+02  -0.990000E+02  -0.990000E+02  -0.990000E+02  -0.990000E+02  -0.990000E+02  -0.990000E+02  -0.990000E+02  -0.990000E+02  -0.990000E+02  -0.990000E+02  -0.990000E+02  -0.990000E+02  -0.990000E+02  -0.990000E+02  -0.990000E+02  -0.990000E+02  -0.990000E+02  -0.990000E+02  -0.990000E+02  -0.990000E+02  -0.990000E+02  -0.990000E+02  -0.990000E+02  -0.990000E+02  -0.990000E+02  -0.990000E+02  -0.990000E+02  -0.990000E+02   0.148171E+01   0.148405E+01   0.150057E+01   0.151826E+01   0.153562E+01   0.156741E+01   0.212339E+01   0.225815E+01   0.227408E+01   0.227985E+01  -0.990000E+02  -0.990000E+02  -0.990000E+02  -0.990000E+02  -0.990000E+02  -0.990000E+02  -0.990000E+02  -0.990000E+02  -0.990000E+02  -0.990000E+02  -0.990000E+02  -0.990000E+02  -0.990000E+02  -0.990000E+02  -0.990000E+02  -0.990000E+02  -0.990000E+02  -0.990000E+02  -0.990000E+02   0.224691E+01   0.224574E+01   0.224220E+01   0.223858E+01   0.223393E+01   0.223155E+01   0.222451E+01   0.221886E+01   0.221202E+01   0.220470E+01   0.219689E+01   0.218860E+01   0.217984E+01   0.217064E+01   0.216106E+01   0.215114E+01   0.214087E+01   0.213023E+01   0.211926E+01   0.210796E+01   0.209635E+01   0.208444E+01   0.207225E+01   0.205980E+01   0.204684E+01   0.203357E+01   0.201985E+01   0.200626E+01   0.199331E+01   0.197944E+01   0.196565E+01   0.195162E+01   0.193743E+01   0.192317E+01   0.190882E+01   0.188957E+01
-0.990000E+02  -0.990000E+02  -0.990000E+02  -0.990000E+02  -0.990000E+02  -0.990000E+02  -0.990000E+02  -0.990000E+02  -0.990000E+02  -0.990000E+02  -0.990000E+02  -0.990000E+02  -0.990000E+02  -0.990000E+02  -0.990000E+02  -0.990000E+02   0.654652E+00   0.694105E+00   0.727091E+00   0.757245E+00   0.786735E+00   0.815753E+00   0.842609E+00   0.869331E+00   0.895132E+00   0.920937E+00   0.944645E+00   0.966974E+00   0.994351E+00   0.101099E+01   0.102627E+01   0.104591E+01  -0.990000E+02  -0.990000E+02  -0.990000E+02  -0.990000E+02  -0.990000E+02  -0.990000E+02  -0.990000E+02  -0.990000E+02  -0.990000E+02  -0.990000E+02  -0.990000E+02  -0.990000E+02  -0.990000E+02  -0.990000E+02  -0.990000E+02  -0.990000E+02  -0.990000E+02  -0.990000E+02  -0.990000E+02  -0.990000E+02  -0.990000E+02  -0.990000E+02  -0.990000E+02  -0.990000E+02  -0.990000E+02  -0.990000E+02  -0.990000E+02  -0.990000E+02  -0.990000E+02  -0.990000E+02  -0.990000E+02   0.148142E+01   0.148376E+01   0.150026E+01   0.151792E+01   0.153526E+01   0.155894E+01   0.203662E+01   0.225503E+01   0.227235E+01   0.227841E+01  -0.990000E+02  -0.990000E+02  -0.990000E+02  -0.990000E+02  -0.990000E+02  -0.990000E+02  -0.990000E+02  -0.990000E+02  -0.990000E+02  -0.990000E+02  -0.990000E+02  -0.990000E+02  -0.990000E+02  -0.990000E+02  -0.990000E+02  -0.990000E+02  -0.990000E+02  -0.990000E+02  -0.990000E+02   0.224662E+01   0.224544E+01   0.224192E+01   0.223833E+01   0.223371E+01   0.223133E+01   0.222430E+01   0.221867E+01   0.221185E+01   0.220455E+01   0.219675E+01   0.218848E+01   0.217974E+01   0.217056E+01   0.216100E+01   0.215109E+01   0.214083E+01   0.213022E+01   0.211926E+01   0.210798E+01   0.209639E+01   0.208450E+01   0.207233E+01   0.205989E+01   0.204696E+01   0.203370E+01   0.202001E+01   0.200641E+01   0.199350E+01   0.197964E+01   0.196586E+01   0.195184E+01   0.193766E+01   0.192341E+01   0.190907E+01   0.188983E+01
-0.990000E+02  -0.990000E+02  -0.990000E+02  -0.990000E+02  -0.990000E+02  -0.990000E+02  -0.990000E+02  -0.990000E+02  -0.990000E+02  -0.990000E+02  -0.990000E+02  -0.990000E+02  -0.990000E+02  -0.990000E+02  -0.990000E+02  -0.990000E+02   0.654373E+00   0.693826E+00   0.726812E+00   0.756966E+00   0.786455E+00   0.815474E+00   0.842330E+00   0.869051E+00   0.894852E+00   0.920657E+00   0.944364E+00   0.966693E+00   0.994085E+00   0.101073E+01   0.102599E+01   0.104563E+01  -0.990000E+02  -0.990000E+02  -0.990000E+02  -0.990000E+02  -0.990000E+02  -0.990000E+02  -0.990000E+02  -0.990000E+02  -0.990000E+02  -0.990000E+02  -0.990000E+02  -0.990000E+02  -0.990000E+02  -0.990000E+02  -0.990000E+02  -0.990000E+02  -0.990000E+02  -0.990000E+02  -0.990000E+02  -0.990000E+02  -0.990000E+02  -0.990000E+02  -0.990000E+02  -0.990000E+02  -0.990000E+02  -0.990000E+02  -0.990000E+02  -0.990000E+02  -0.990000E+02  -0.990000E+02  -0.990000E+02   0.148107E+01   0.148340E+01   0.149988E+01   0.151751E+01   0.153484E+01   0.155340E+01   0.186635E+01   0.225130E+01   0.227037E+01   0.227683E+01  -0.990000E+02  -0.990000E+02  -0.990000E+02  -0.990000E+02  -0.990000E+02  -0.990000E+02  -0.990000E+02  -0.990000E+02  -0.990000E+02  -0.990000E+02  -0.990000E+02  -0.990000E+02  -0.990000E+02  -0.990000E+02  -0.990000E+02  -0.990000E+02  -0.990000E+02  -0.990000E+02  -0.990000E+02   0.224631E+01   0.224512E+01   0.224162E+01   0.223806E+01   0.223347E+01   0.223109E+01   0.222407E+01   0.221846E+01   0.221166E+01   0.220438E+01   0.219660E+01   0.218835E+01   0.217963E+01   0.217046E+01   0.216091E+01   0.215102E+01   0.214078E+01   0.213018E+01   0.211925E+01   0.210799E+01   0.209641E+01   0.208454E+01   0.207239E+01   0.205997E+01   0.204706E+01   0.203381E+01   0.202014E+01   0.200655E+01   0.199366E+01   0.197981E+01   0.196604E+01   0.195204E+01   0.193787E+01   0.192363E+01   0.190930E+01   0.189007E+01
-0.990000E+02  -0.990000E+02  -0.990000E+02  -0.990000E+02  -0.990000E+02  -0.990000E+02  -0.990000E+02  -0.990000E+02  -0.990000E+02  -0.990000E+02  -0.990000E+02  -0.990000E+02  -0.990000E+02  -0.990000E+02  -0.990000E+02  -0.990000E+02   0.654059E+00   0.693511E+00   0.726496E+00   0.756649E+00   0.786138E+00   0.815156E+00   0.842011E+00   0.868731E+00   0.894531E+00   0.920335E+00   0.944041E+00   0.966369E+00   0.993775E+00   0.101029E+01   0.102566E+01   0.104531E+01  -0.990000E+02  -0.990000E+02  -0.990000E+02  -0.990000E+02  -0.990000E+02  -0.990000E+02  -0.990000E+02  -0.990000E+02  -0.990000E+02  -0.990000E+02  -0.990000E+02  -0.990000E+02  -0.990000E+02  -0.990000E+02  -0.990000E+02  -0.990000E+02  -0.990000E+02  -0.990000E+02  -0.990000E+02  -0.990000E+02  -0.990000E+02  -0.990000E+02  -0.990000E+02  -0.990000E+02  -0.990000E+02  -0.990000E+02  -0.990000E+02   0.227038E+01   0.227115E+01  -0.990000E+02  -0.990000E+02   0.148065E+01   0.148298E+01   0.149945E+01   0.151705E+01   0.153435E+01   0.155154E+01   0.173140E+01   0.224674E+01   0.226802E+01  -0.990000E+02  -0.990000E+02  -0.990000E+02  -0.990000E+02  -0.990000E+02  -0.990000E+02  -0.990000E+02  -0.990000E+02  -0.990000E+02  -0.990000E+02  -0.990000E+02  -0.990000E+02  -0.990000E+02  -0.990000E+02  -0.990000E+02  -0.990000E+02  -0.990000E+02  -0.990000E+02  -0.990000E+02  -0.990000E+02   0.224599E+01   0.224479E+01   0.224131E+01   0.223777E+01   0.223322E+01   0.223084E+01   0.222384E+01   0.221824E+01   0.221146E+01   0.220420E+01   0.219644E+01   0.218820E+01   0.217950E+01   0.217035E+01   0.216081E+01   0.215093E+01   0.214071E+01   0.213014E+01   0.211922E+01   0.210798E+01   0.209642E+01   0.208457E+01   0.207244E+01   0.206004E+01   0.204714E+01   0.203390E+01   0.202027E+01   0.200668E+01   0.199381E+01   0.197996E+01   0.196622E+01   0.195223E+01   0.193807E+01   0.192384E+01   0.190951E+01   0.189029E+01
-0.990000E+02  -0.990000E+02  -0.990000E+02  -0.990000E+02  -0.990000E+02  -0.990000E+02  -0.990000E+02  -0.990000E+02  -0.990000E+02  -0.990000E+02  -0.990000E+02  -0.990000E+02  -0.990000E+02  -0.990000E+02  -0.990000E+02  -0.990000E+02   0.653873E+00   0.693324E+00   0.726309E+00   0.756462E+00   0.785950E+00   0.814967E+00   0.841822E+00   0.868541E+00   0.894340E+00   0.920143E+00   0.943848E+00   0.966175E+00   0.993592E+00   0.101019E+01   0.102546E+01   0.104511E+01  -0.990000E+02  -0.990000E+02  -0.990000E+02  -0.990000E+02  -0.990000E+02  -0.990000E+02  -0.990000E+02  -0.990000E+02  -0.990000E+02  -0.990000E+02  -0.990000E+02  -0.990000E+02  -0.990000E+02  -0.990000E+02  -0.990000E+02  -0.990000E+02  -0.990000E+02  -0.990000E+02  -0.990000E+02  -0.990000E+02  -0.990000E+02  -0.990000E+02  -0.990000E+02  -0.990000E+02  -0.990000E+02  -0.990000E+02  -0.990000E+02   0.226867E+01   0.226969E+01  -0.990000E+02  -0.990000E+02   0.148041E+01   0.148273E+01   0.149918E+01   0.151675E+01   0.153404E+01   0.155109E+01   0.169155E+01   0.224106E+01   0.226509E+01  -0.990000E+02  -0.990000E+02  -0.990000E+02  -0.990000E+02  -0.990000E+02  -0.990000E+02  -0.990000E+02  -0.990000E+02  -0.990000E+02  -0.990000E+02  -0.990000E+02  -0.990000E+02  -0.990000E+02  -0.990000E+02  -0.990000E+02  -0.990000E+02  -0.990000E+02  -0.990000E+02  -0.990000E+02  -0.990000E+02   0.224571E+01   0.224450E+01   0.224104E+01   0.223752E+01   0.223301E+01   0.223062E+01   0.222363E+01   0.221806E+01   0.221130E+01   0.220405E+01   0.219631E+01   0.218809E+01   0.217941E+01   0.217028E+01   0.216075E+01   0.215089E+01   0.214069E+01   0.213013E+01   0.211923E+01   0.210801E+01   0.209647E+01   0.208464E+01   0.207252E+01   0.206014E+01   0.204727E+01   0.203404E+01   0.202043E+01   0.200684E+01   0.199400E+01   0.198016E+01   0.196643E+01   0.195245E+01   0.193830E+01   0.192409E+01   0.190977E+01   0.189055E+01
-0.990000E+02  -0.990000E+02  -0.990000E+02  -0.990000E+02  -0.990000E+02  -0.990000E+02  -0.990000E+02  -0.990000E+02  -0.990000E+02  -0.990000E+02  -0.990000E+02  -0.990000E+02  -0.990000E+02  -0.990000E+02  -0.990000E+02  -0.990000E+02   0.653741E+00   0.693192E+00   0.726177E+00   0.756330E+00   0.785818E+00   0.814835E+00   0.841689E+00   0.868408E+00   0.894207E+00   0.920009E+00   0.943713E+00   0.966040E+00   0.993471E+00   0.101010E+01   0.102533E+01   0.104497E+01  -0.990000E+02  -0.990000E+02  -0.990000E+02  -0.990000E+02  -0.990000E+02  -0.990000E+02  -0.990000E+02  -0.990000E+02  -0.990000E+02  -0.990000E+02  -0.990000E+02  -0.990000E+02  -0.990000E+02  -0.990000E+02  -0.990000E+02  -0.990000E+02  -0.990000E+02  -0.990000E+02  -0.990000E+02  -0.990000E+02  -0.990000E+02  -0.990000E+02  -0.990000E+02  -0.990000E+02  -0.990000E+02  -0.990000E+02   0.226550E+01   0.226693E+01  -0.990000E+02  -0.990000E+02  -0.990000E+02   0.148023E+01   0.148256E+01   0.149899E+01   0.151653E+01   0.153380E+01   0.155082E+01   0.166418E+01   0.223368E+01   0.226166E+01  -0.990000E+02  -0.990000E+02  -0.990000E+02  -0.990000E+02  -0.990000E+02  -0.990000E+02  -0.990000E+02  -0.990000E+02  -0.990000E+02  -0.990000E+02  -0.990000E+02  -0.990000E+02  -0.990000E+02  -0.990000E+02  -0.990000E+02  -0.990000E+02  -0.990000E+02  -0.990000E+02  -0.990000E+02  -0.990000E+02   0.224544E+01   0.224422E+01   0.224078E+01   0.223728E+01   0.223281E+01   0.223042E+01   0.222345E+01   0.221789E+01   0.221115E+01   0.220392E+01   0.219620E+01   0.218800E+01   0.217933E+01   0.217022E+01   0.216071E+01   0.215086E+01   0.214067E+01   0.213013E+01   0.211925E+01   0.210805E+01   0.209653E+01   0.208472E+01   0.207262E+01   0.206026E+01   0.204740E+01   0.203419E+01   0.202061E+01   0.200702E+01   0.199421E+01   0.198037E+01   0.196667E+01   0.195269E+01   0.193856E+01   0.192435E+01   0.191004E+01   0.189084E+01
-0.990000E+02  -0.990000E+02  -0.990000E+02  -0.990000E+02  -0.990000E+02  -0.990000E+02  -0.990000E+02  -0.990000E+02  -0.990000E+02  -0.990000E+02  -0.990000E+02  -0.990000E+02  -0.990000E+02  -0.990000E+02  -0.990000E+02  -0.990000E+02   0.653621E+00   0.693072E+00   0.726056E+00   0.756209E+00   0.785697E+00   0.814714E+00   0.841568E+00   0.868286E+00   0.894085E+00   0.919887E+00   0.943591E+00   0.965917E+00   0.993363E+00   0.101000E+01   0.102520E+01   0.104485E+01  -0.990000E+02  -0.990000E+02  -0.990000E+02  -0.990000E+02  -0.990000E+02  -0.990000E+02  -0.990000E+02  -0.990000E+02  -0.990000E+02  -0.990000E+02  -0.990000E+02  -0.990000E+02  -0.990000E+02  -0.990000E+02  -0.990000E+02  -0.990000E+02  -0.990000E+02  -0.990000E+02  -0.990000E+02  -0.990000E+02  -0.990000E+02  -0.990000E+02  -0.990000E+02  -0.990000E+02  -0.990000E+02   0.226204E+01   0.226356E+01   0.226510E+01  -0.990000E+02  -0.990000E+02  -0.990000E+02   0.148007E+01   0.148240E+01   0.149882E+01   0.151633E+01   0.153359E+01   0.155059E+01   0.164036E+01   0.222352E+01   0.225754E+01  -0.990000E+02  -0.990000E+02  -0.990000E+02  -0.990000E+02  -0.990000E+02  -0.990000E+02  -0.990000E+02  -0.990000E+02  -0.990000E+02  -0.990000E+02  -0.990000E+02  -0.990000E+02  -0.990000E+02  -0.990000E+02  -0.990000E+02  -0.990000E+02  -0.990000E+02  -0.990000E+02  -0.990000E+02  -0.990000E+02   0.224517E+01   0.224394E+01   0.224052E+01   0.223704E+01   0.223262E+01   0.223021E+01   0.222326E+01   0.221772E+01   0.221100E+01   0.220379E+01   0.219609E+01   0.218791E+01   0.217926E+01   0.217016E+01   0.216066E+01   0.215083E+01   0.214066E+01   0.213014E+01   0.211928E+01   0.210810E+01   0.209660E+01   0.208480E+01   0.207273E+01   0.206038E+01   0.204755E+01   0.203434E+01   0.202079E+01   0.200720E+01   0.199441E+01   0.198059E+01   0.196690E+01   0.195294E+01   0.193882E+01   0.192462E+01   0.191032E+01   0.189112E+01
-0.990000E+02  -0.990000E+02  -0.990000E+02  -0.990000E+02  -0.990000E+02  -0.990000E+02  -0.990000E+02  -0.990000E+02  -0.990000E+02  -0.990000E+02  -0.990000E+02  -0.990000E+02  -0.990000E+02  -0.990000E+02  -0.990000E+02  -0.990000E+02   0.653507E+00   0.692957E+00   0.725942E+00   0.756094E+00   0.785582E+00   0.814598E+00   0.841452E+00   0.868171E+00   0.893969E+00   0.919770E+00   0.943474E+00   0.965800E+00   0.993260E+00   0.100991E+01   0.102509E+01   0.104473E+01  -0.990000E+02  -0.990000E+02  -0.990000E+02  -0.990000E+02  -0.990000E+02  -0.990000E+02  -0.990000E+02  -0.990000E+02  -0.990000E+02  -0.990000E+02  -0.990000E+02  -0.990000E+02  -0.990000E+02  -0.990000E+02  -0.990000E+02  -0.990000E+02  -0.990000E+02  -0.990000E+02  -0.990000E+02  -0.990000E+02  -0.990000E+02  -0.990000E+02  -0.990000E+02  -0.990000E+02  -0.990000E+02   0.225984E+01   0.226165E+01   0.226314E+01  -0.990000E+02  -0.990000E+02  -0.990000E+02   0.147992E+01   0.148224E+01   0.149865E+01   0.151614E+01   0.153338E+01   0.155037E+01   0.161961E+01   0.220857E+01   0.225248E+01  -0.990000E+02  -0.990000E+02  -0.990000E+02  -0.990000E+02  -0.990000E+02  -0.990000E+02  -0.990000E+02  -0.990000E+02  -0.990000E+02  -0.990000E+02  -0.990000E+02  -0.990000E+02  -0.990000E+02  -0.990000E+02  -0.990000E+02  -0.990000E+02  -0.990000E+02  -0.990000E+02  -0.990000E+02  -0.990000E+02   0.224491E+01   0.224366E+01   0.224027E+01   0.223681E+01   0.223242E+01   0.223001E+01   0.222308E+01   0.221756E+01   0.221085E+01   0.220366E+01   0.219598E+01   0.218782E+01   0.217919E+01   0.217011E+01   0.216062E+01   0.215080E+01   0.214065E+01   0.213015E+01   0.211931E+01   0.210814E+01   0.209666E+01   0.208489E+01   0.207283E+01   0.206050E+01   0.204769E+01   0.203450E+01   0.202097E+01   0.200739E+01   0.199462E+01   0.198081E+01   0.196714E+01   0.195319E+01   0.193908E+01   0.192489E+01   0.191060E+01   0.189141E+01
-0.990000E+02  -0.990000E+02  -0.990000E+02  -0.990000E+02  -0.990000E+02  -0.990000E+02  -0.990000E+02  -0.990000E+02  -0.990000E+02  -0.990000E+02  -0.990000E+02  -0.990000E+02  -0.990000E+02  -0.990000E+02  -0.990000E+02  -0.990000E+02   0.653397E+00   0.692847E+00   0.725831E+00   0.755984E+00   0.785471E+00   0.814487E+00   0.841341E+00   0.868059E+00   0.893857E+00   0.919658E+00   0.943362E+00   0.965687E+00   0.993161E+00   0.100981E+01   0.102497E+01   0.104461E+01  -0.990000E+02  -0.990000E+02  -0.990000E+02  -0.990000E+02  -0.990000E+02  -0.990000E+02  -0.990000E+02  -0.990000E+02  -0.990000E+02  -0.990000E+02  -0.990000E+02  -0.990000E+02  -0.990000E+02  -0.990000E+02  -0.990000E+02  -0.990000E+02  -0.990000E+02  -0.990000E+02  -0.990000E+02  -0.990000E+02  -0.990000E+02  -0.990000E+02  -0.990000E+02  -0.990000E+02   0.225578E+01   0.225758E+01   0.225939E+01  -0.990000E+02  -0.990000E+02  -0.990000E+02  -0.990000E+02   0.147978E+01   0.148210E+01   0.149849E+01   0.151596E+01   0.153318E+01   0.155017E+01   0.160161E+01   0.218431E+01   0.224603E+01  -0.990000E+02  -0.990000E+02  -0.990000E+02  -0.990000E+02  -0.990000E+02  -0.990000E+02  -0.990000E+02  -0.990000E+02  -0.990000E+02  -0.990000E+02  -0.990000E+02  -0.990000E+02  -0.990000E+02  -0.990000E+02  -0.990000E+02  -0.990000E+02  -0.990000E+02  -0.990000E+02  -0.990000E+02  -0.990000E+02   0.224464E+01   0.224338E+01   0.224002E+01   0.223657E+01   0.223223E+01   0.222981E+01   0.222289E+01   0.221739E+01   0.221070E+01   0.220353E+01   0.219587E+01   0.218773E+01   0.217911E+01   0.217005E+01   0.216058E+01   0.215077E+01   0.214064E+01   0.213016E+01   0.211934E+01   0.210819E+01   0.209673E+01   0.208497E+01   0.207294E+01   0.206063E+01   0.204783E+01   0.203465E+01   0.202116E+01   0.200757E+01   0.199483E+01   0.198103E+01   0.196737E+01   0.195343E+01   0.193934E+01   0.192516E+01   0.191088E+01   0.189170E+01
-0.990000E+02  -0.990000E+02  -0.990000E+02  -0.990000E+02  -0.990000E+02  -0.990000E+02  -0.990000E+02  -0.990000E+02  -0.990000E+02  -0.990000E+02  -0.990000E+02  -0.990000E+02  -0.990000E+02  -0.990000E+02  -0.990000E+02  -0.990000E+02   0.653287E+00   0.692737E+00   0.725721E+00   0.755873E+00   0.785361E+00   0.814377E+00   0.841230E+00   0.867948E+00   0.893746E+00   0.919547E+00   0.943250E+00   0.965575E+00   0.993063E+00   0.100972E+01   0.102486E+01   0.104450E+01  -0.990000E+02  -0.990000E+02  -0.990000E+02  -0.990000E+02  -0.990000E+02  -0.990000E+02  -0.990000E+02  -0.990000E+02  -0.990000E+02  -0.990000E+02  -0.990000E+02  -0.990000E+02  -0.990000E+02  -0.990000E+02  -0.990000E+02  -0.990000E+02  -0.990000E+02  -0.990000E+02  -0.990000E+02  -0.990000E+02  -0.990000E+02  -0.990000E+02  -0.990000E+02   0.225129E+01   0.225304E+01   0.225518E+01   0.225686E+01  -0.990000E+02  -0.990000E+02  -0.990000E+02  -0.990000E+02   0.147963E+01   0.148195E+01   0.149833E+01   0.151578E+01   0.153299E+01   0.154997E+01   0.158619E+01   0.213843E+01   0.223746E+01  -0.990000E+02  -0.990000E+02  -0.990000E+02  -0.990000E+02  -0.990000E+02  -0.990000E+02  -0.990000E+02  -0.990000E+02  -0.990000E+02  -0.990000E+02  -0.990000E+02  -0.990000E+02  -0.990000E+02  -0.990000E+02  -0.990000E+02  -0.990000E+02  -0.990000E+02  -0.990000E+02  -0.990000E+02  -0.990000E+02   0.224438E+01   0.224311E+01   0.223977E+01   0.223634E+01   0.223204E+01   0.222960E+01   0.222271E+01   0.221722E+01   0.221056E+01   0.220341E+01   0.219576E+01   0.218763E+01   0.217904E+01   0.217000E+01   0.216054E+01   0.215075E+01   0.214063E+01   0.213017E+01   0.211937E+01   0.210824E+01   0.209680E+01   0.208506E+01   0.207304E+01   0.206075E+01   0.204797E+01   0.203481E+01   0.202134E+01   0.200776E+01   0.199504E+01   0.198124E+01   0.196761E+01   0.195368E+01   0.193959E+01   0.192543E+01   0.191116E+01   0.189199E+01
-0.990000E+02  -0.990000E+02  -0.990000E+02  -0.990000E+02  -0.990000E+02  -0.990000E+02  -0.990000E+02  -0.990000E+02  -0.990000E+02  -0.990000E+02  -0.990000E+02  -0.990000E+02  -0.990000E+02  -0.990000E+02  -0.990000E+02  -0.990000E+02   0.653163E+00   0.692613E+00   0.725597E+00   0.755749E+00   0.785236E+00   0.814252E+00   0.841105E+00   0.867823E+00   0.893621E+00   0.919422E+00   0.943125E+00   0.965449E+00   0.992951E+00   0.100962E+01   0.102474E+01   0.104437E+01  -0.990000E+02  -0.990000E+02  -0.990000E+02  -0.990000E+02  -0.990000E+02  -0.990000E+02  -0.990000E+02  -0.990000E+02  -0.990000E+02  -0.990000E+02  -0.990000E+02  -0.990000E+02  -0.990000E+02  -0.990000E+02  -0.990000E+02  -0.990000E+02  -0.990000E+02  -0.990000E+02  -0.990000E+02  -0.990000E+02  -0.990000E+02  -0.990000E+02   0.224626E+01   0.224796E+01   0.225023E+01   0.225221E+01  -0.990000E+02  -0.990000E+02  -0.990000E+02  -0.990000E+02  -0.990000E+02   0.147947E+01   0.148179E+01   0.149816E+01   0.151558E+01   0.153277E+01   0.154975E+01   0.157363E+01   0.202660E+01   0.222534E+01  -0.990000E+02  -0.990000E+02  -0.990000E+02  -0.990000E+02  -0.990000E+02  -0.990000E+02  -0.990000E+02  -0.990000E+02  -0.990000E+02  -0.990000E+02  -0.990000E+02  -0.990000E+02  -0.990000E+02  -0.990000E+02  -0.990000E+02  -0.990000E+02  -0.990000E+02  -0.990000E+02  -0.990000E+02  -0.990000E+02   0.224411E+01   0.224282E+01   0.223951E+01   0.223610E+01   0.223184E+01   0.222939E+01   0.222252E+01   0.221705E+01   0.221041E+01   0.220327E+01   0.219565E+01   0.218754E+01   0.217896E+01   0.216994E+01   0.216050E+01   0.215071E+01   0.214062E+01   0.213017E+01   0.211939E+01   0.210828E+01   0.209686E+01   0.208514E+01   0.207314E+01   0.206086E+01   0.204811E+01   0.203496E+01   0.202152E+01   0.200793E+01   0.199525E+01   0.198145E+01   0.196784E+01   0.195392E+01   0.193985E+01   0.192569E+01   0.191143E+01   0.189227E+01
-0.990000E+02  -0.990000E+02  -0.990000E+02  -0.990000E+02  -0.990000E+02  -0.990000E+02  -0.990000E+02  -0.990000E+02  -0.990000E+02  -0.990000E+02  -0.990000E+02  -0.990000E+02  -0.990000E+02  -0.990000E+02  -0.990000E+02  -0.990000E+02   0.652945E+00   0.692395E+00   0.725379E+00   0.755531E+00   0.785019E+00   0.814035E+00   0.840888E+00   0.867606E+00   0.893404E+00   0.919205E+00   0.942908E+00   0.965233E+00   0.992750E+00   0.100943E+01   0.102452E+01   0.104416E+01  -0.990000E+02  -0.990000E+02  -0.990000E+02  -0.990000E+02  -0.990000E+02  -0.990000E+02  -0.990000E+02  -0.990000E+02  -0.990000E+02  -0.990000E+02  -0.990000E+02  -0.990000E+02  -0.990000E+02  -0.990000E+02  -0.990000E+02  -0.990000E+02  -0.990000E+02  -0.990000E+02  -0.990000E+02  -0.990000E+02  -0.990000E+02   0.224054E+01   0.224222E+01   0.224456E+01   0.224696E+01   0.224881E+01  -0.990000E+02  -0.990000E+02  -0.990000E+02  -0.990000E+02  -0.990000E+02   0.147920E+01   0.148151E+01   0.149787E+01   0.151527E+01   0.153244E+01   0.154942E+01   0.156623E+01   0.172451E+01   0.220662E+01  -0.990000E+02  -0.990000E+02  -0.990000E+02  -0.990000E+02  -0.990000E+02  -0.990000E+02  -0.990000E+02  -0.990000E+02  -0.990000E+02  -0.990000E+02  -0.990000E+02  -0.990000E+02  -0.990000E+02  -0.990000E+02  -0.990000E+02  -0.990000E+02  -0.990000E+02  -0.990000E+02  -0.990000E+02  -0.990000E+02   0.224381E+01   0.224252E+01   0.223923E+01   0.223583E+01   0.223161E+01   0.222915E+01   0.222230E+01   0.221686E+01   0.221023E+01   0.220311E+01   0.219550E+01   0.218742E+01   0.217886E+01   0.216985E+01   0.216042E+01   0.215066E+01   0.214058E+01   0.213015E+01   0.211938E+01   0.210829E+01   0.209689E+01   0.208519E+01   0.207321E+01   0.206095E+01   0.204821E+01   0.203508E+01   0.202166E+01   0.200808E+01   0.199542E+01   0.198164E+01   0.196804E+01   0.195413E+01   0.194007E+01   0.192592E+01   0.191167E+01   0.189252E+01
-0.990000E+02  -0.990000E+02  -0.990000E+02  -0.990000E+02  -0.990000E+02  -0.990000E+02  -0.990000E+02  -0.990000E+02  -0.990000E+02  -0.990000E+02  -0.990000E+02  -0.990000E+02  -0.990000E+02  -0.990000E+02  -0.990000E+02  -0.990000E+02   0.652735E+00   0.692184E+00   0.725168E+00   0.755319E+00   0.784806E+00   0.813821E+00   0.840674E+00   0.867390E+00   0.893187E+00   0.918986E+00   0.942688E+00   0.965011E+00   0.992539E+00   0.100922E+01   0.102430E+01   0.104393E+01  -0.990000E+02  -0.990000E+02  -0.990000E+02  -0.990000E+02  -0.990000E+02  -0.990000E+02  -0.990000E+02  -0.990000E+02  -0.990000E+02  -0.990000E+02  -0.990000E+02  -0.990000E+02  -0.990000E+02  -0.990000E+02  -0.990000E+02  -0.990000E+02  -0.990000E+02  -0.990000E+02  -0.990000E+02  -0.990000E+02   0.223392E+01   0.223561E+01   0.223806E+01   0.224073E+01   0.224281E+01  -0.990000E+02  -0.990000E+02  -0.990000E+02  -0.990000E+02  -0.990000E+02  -0.990000E+02   0.147892E+01   0.148123E+01   0.149757E+01   0.151494E+01   0.153210E+01   0.154906E+01   0.156527E+01   0.161404E+01   0.217348E+01  -0.990000E+02  -0.990000E+02  -0.990000E+02  -0.990000E+02  -0.990000E+02  -0.990000E+02  -0.990000E+02  -0.990000E+02  -0.990000E+02  -0.990000E+02  -0.990000E+02  -0.990000E+02  -0.990000E+02  -0.990000E+02  -0.990000E+02  -0.990000E+02  -0.990000E+02  -0.990000E+02  -0.990000E+02  -0.990000E+02   0.224351E+01   0.224221E+01   0.223895E+01   0.223556E+01   0.223139E+01   0.222891E+01   0.222209E+01   0.221666E+01   0.221005E+01   0.220295E+01   0.219536E+01   0.218729E+01   0.217875E+01   0.216977E+01   0.216035E+01   0.215060E+01   0.214054E+01   0.213013E+01   0.211938E+01   0.210831E+01   0.209692E+01   0.208524E+01   0.207328E+01   0.206104E+01   0.204832E+01   0.203520E+01   0.202181E+01   0.200823E+01   0.199559E+01   0.198182E+01   0.196823E+01   0.195433E+01   0.194029E+01   0.192615E+01   0.191191E+01   0.189277E+01
-0.990000E+02  -0.990000E+02  -0.990000E+02  -0.990000E+02  -0.990000E+02  -0.990000E+02  -0.990000E+02  -0.990000E+02  -0.990000E+02  -0.990000E+02  -0.990000E+02  -0.990000E+02  -0.990000E+02  -0.990000E+02  -0.990000E+02  -0.990000E+02   0.652672E+00   0.692121E+00   0.725104E+00   0.755256E+00   0.784742E+00   0.813757E+00   0.840609E+00   0.867325E+00   0.893122E+00   0.918921E+00   0.942622E+00   0.964945E+00   0.992485E+00   0.100917E+01   0.102423E+01   0.104386E+01  -0.990000E+02  -0.990000E+02  -0.990000E+02  -0.990000E+02  -0.990000E+02  -0.990000E+02  -0.990000E+02  -0.990000E+02  -0.990000E+02  -0.990000E+02  -0.990000E+02  -0.990000E+02  -0.990000E+02  -0.990000E+02  -0.990000E+02  -0.990000E+02  -0.990000E+02  -0.990000E+02  -0.990000E+02   0.222597E+01   0.222787E+01   0.223051E+01   0.223343E+01   0.223587E+01  -0.990000E+02  -0.990000E+02  -0.990000E+02  -0.990000E+02  -0.990000E+02  -0.990000E+02  -0.990000E+02   0.147883E+01   0.148114E+01   0.149748E+01   0.151482E+01   0.153196E+01   0.154892E+01   0.156513E+01   0.159467E+01   0.209945E+01  -0.990000E+02  -0.990000E+02  -0.990000E+02  -0.990000E+02  -0.990000E+02  -0.990000E+02  -0.990000E+02  -0.990000E+02  -0.990000E+02  -0.990000E+02  -0.990000E+02  -0.990000E+02  -0.990000E+02  -0.990000E+02  -0.990000E+02  -0.990000E+02  -0.990000E+02  -0.990000E+02  -0.990000E+02  -0.990000E+02   0.224326E+01   0.224194E+01   0.223871E+01   0.223533E+01   0.223121E+01   0.222871E+01   0.222191E+01   0.221650E+01   0.220991E+01   0.220284E+01   0.219527E+01   0.218721E+01   0.217869E+01   0.216972E+01   0.216032E+01   0.215058E+01   0.214054E+01   0.213015E+01   0.211942E+01   0.210837E+01   0.209700E+01   0.208534E+01   0.207339E+01   0.206117E+01   0.204847E+01   0.203536E+01   0.202200E+01   0.200843E+01   0.199581E+01   0.198205E+01   0.196848E+01   0.195459E+01   0.194056E+01   0.192643E+01   0.191220E+01   0.189307E+01
-0.990000E+02  -0.990000E+02  -0.990000E+02  -0.990000E+02  -0.990000E+02  -0.990000E+02  -0.990000E+02  -0.990000E+02  -0.990000E+02  -0.990000E+02  -0.990000E+02  -0.990000E+02  -0.990000E+02  -0.990000E+02  -0.990000E+02  -0.990000E+02   0.652630E+00   0.692079E+00   0.725062E+00   0.755213E+00   0.784700E+00   0.813714E+00   0.840566E+00   0.867283E+00   0.893079E+00   0.918878E+00   0.942579E+00   0.964901E+00   0.992455E+00   0.100915E+01   0.102419E+01   0.104382E+01  -0.990000E+02  -0.990000E+02  -0.990000E+02  -0.990000E+02  -0.990000E+02  -0.990000E+02  -0.990000E+02  -0.990000E+02  -0.990000E+02  -0.990000E+02  -0.990000E+02  -0.990000E+02  -0.990000E+02  -0.990000E+02  -0.990000E+02  -0.990000E+02  -0.990000E+02  -0.990000E+02   0.221646E+01   0.221842E+01   0.222153E+01   0.222479E+01   0.222768E+01  -0.990000E+02  -0.990000E+02  -0.990000E+02  -0.990000E+02  -0.990000E+02  -0.990000E+02  -0.990000E+02  -0.990000E+02   0.147877E+01   0.148108E+01   0.149741E+01   0.151474E+01   0.153186E+01   0.154881E+01   0.156503E+01   0.158276E+01   0.185710E+01  -0.990000E+02  -0.990000E+02  -0.990000E+02  -0.990000E+02  -0.990000E+02  -0.990000E+02  -0.990000E+02  -0.990000E+02  -0.990000E+02  -0.990000E+02  -0.990000E+02  -0.990000E+02  -0.990000E+02  -0.990000E+02  -0.990000E+02  -0.990000E+02  -0.990000E+02  -0.990000E+02  -0.990000E+02  -0.990000E+02   0.224301E+01   0.224168E+01   0.223848E+01   0.223511E+01   0.223103E+01   0.222852E+01   0.222175E+01   0.221636E+01   0.220978E+01   0.220273E+01   0.219517E+01   0.218714E+01   0.217864E+01   0.216969E+01   0.216030E+01   0.215057E+01   0.214055E+01   0.213018E+01   0.211947E+01   0.210843E+01   0.209709E+01   0.208544E+01   0.207351E+01   0.206131E+01   0.204863E+01   0.203553E+01   0.202220E+01   0.200863E+01   0.199604E+01   0.198228E+01   0.196873E+01   0.195485E+01   0.194084E+01   0.192672E+01   0.191250E+01   0.189338E+01
-0.990000E+02  -0.990000E+02  -0.990000E+02  -0.990000E+02  -0.990000E+02  -0.990000E+02  -0.990000E+02  -0.990000E+02  -0.990000E+02  -0.990000E+02  -0.990000E+02  -0.990000E+02  -0.990000E+02  -0.990000E+02  -0.990000E+02  -0.990000E+02   0.652589E+00   0.692037E+00   0.725020E+00   0.755171E+00   0.784658E+00   0.813672E+00   0.840524E+00   0.867240E+00   0.893036E+00   0.918835E+00   0.942536E+00   0.964858E+00   0.992424E+00   0.100912E+01   0.102414E+01   0.104378E+01  -0.990000E+02  -0.990000E+02  -0.990000E+02  -0.990000E+02  -0.990000E+02  -0.990000E+02  -0.990000E+02  -0.990000E+02  -0.990000E+02  -0.990000E+02  -0.990000E+02  -0.990000E+02  -0.990000E+02  -0.990000E+02  -0.990000E+02  -0.990000E+02  -0.990000E+02   0.220457E+01   0.220699E+01   0.221045E+01   0.221434E+01   0.221773E+01   0.222029E+01  -0.990000E+02  -0.990000E+02  -0.990000E+02  -0.990000E+02  -0.990000E+02  -0.990000E+02  -0.990000E+02  -0.990000E+02   0.147872E+01   0.148102E+01   0.149734E+01   0.151465E+01   0.153176E+01   0.154871E+01   0.156493E+01   0.158025E+01   0.159362E+01  -0.990000E+02  -0.990000E+02  -0.990000E+02  -0.990000E+02  -0.990000E+02  -0.990000E+02  -0.990000E+02  -0.990000E+02  -0.990000E+02  -0.990000E+02  -0.990000E+02  -0.990000E+02  -0.990000E+02  -0.990000E+02  -0.990000E+02  -0.990000E+02  -0.990000E+02  -0.990000E+02  -0.990000E+02  -0.990000E+02   0.224276E+01   0.224142E+01   0.223825E+01   0.223489E+01   0.223086E+01   0.222833E+01   0.222158E+01   0.221621E+01   0.220966E+01   0.220262E+01   0.219508E+01   0.218707E+01   0.217859E+01   0.216965E+01   0.216028E+01   0.215057E+01   0.214056E+01   0.213020E+01   0.211951E+01   0.210850E+01   0.209717E+01   0.208555E+01   0.207364E+01   0.206145E+01   0.204879E+01   0.203571E+01   0.202240E+01   0.200883E+01   0.199626E+01   0.198252E+01   0.196899E+01   0.195512E+01   0.194112E+01   0.192701E+01   0.191280E+01   0.189369E+01
-0.990000E+02  -0.990000E+02  -0.990000E+02  -0.990000E+02  -0.990000E+02  -0.990000E+02  -0.990000E+02  -0.990000E+02  -0.990000E+02  -0.990000E+02  -0.990000E+02  -0.990000E+02  -0.990000E+02  -0.990000E+02  -0.990000E+02  -0.990000E+02   0.652583E+00   0.692032E+00   0.725015E+00   0.755166E+00   0.784652E+00   0.813667E+00   0.840519E+00   0.867235E+00   0.893031E+00   0.918829E+00   0.942530E+00   0.964852E+00   0.992430E+00   0.100913E+01   0.102414E+01   0.104377E+01  -0.990000E+02  -0.990000E+02  -0.990000E+02  -0.990000E+02  -0.990000E+02  -0.990000E+02  -0.990000E+02  -0.990000E+02  -0.990000E+02  -0.990000E+02  -0.990000E+02  -0.990000E+02  -0.990000E+02  -0.990000E+02  -0.990000E+02   0.218737E+01   0.218923E+01   0.219264E+01   0.219686E+01   0.220125E+01   0.220537E+01   0.220824E+01  -0.990000E+02  -0.990000E+02  -0.990000E+02  -0.990000E+02  -0.990000E+02  -0.990000E+02  -0.990000E+02  -0.990000E+02  -0.990000E+02   0.147871E+01   0.148101E+01   0.149732E+01   0.151461E+01   0.153171E+01   0.154866E+01   0.156489E+01   0.158020E+01   0.159056E+01  -0.990000E+02  -0.990000E+02  -0.990000E+02  -0.990000E+02  -0.990000E+02  -0.990000E+02  -0.990000E+02  -0.990000E+02  -0.990000E+02  -0.990000E+02  -0.990000E+02  -0.990000E+02  -0.990000E+02  -0.990000E+02  -0.990000E+02  -0.990000E+02  -0.990000E+02  -0.990000E+02  -0.990000E+02  -0.990000E+02   0.224252E+01   0.224117E+01   0.223803E+01   0.223468E+01   0.223070E+01   0.222815E+01   0.222143E+01   0.221607E+01   0.220954E+01   0.220252E+01   0.219501E+01   0.218701E+01   0.217854E+01   0.216963E+01   0.216027E+01   0.215057E+01   0.214058E+01   0.213024E+01   0.211957E+01   0.210858E+01   0.209727E+01   0.208566E+01   0.207377E+01   0.206161E+01   0.204896E+01   0.203589E+01   0.202261E+01   0.200904E+01   0.199650E+01   0.198276E+01   0.196925E+01   0.195539E+01   0.194141E+01   0.192731E+01   0.191311E+01   0.189401E+01
-0.990000E+02  -0.990000E+02  -0.990000E+02  -0.990000E+02  -0.990000E+02  -0.990000E+02  -0.990000E+02  -0.990000E+02  -0.990000E+02  -0.990000E+02  -0.990000E+02  -0.990000E+02  -0.990000E+02  -0.990000E+02  -0.990000E+02  -0.990000E+02   0.652586E+00   0.692034E+00   0.725017E+00   0.755169E+00   0.784655E+00   0.813669E+00   0.840521E+00   0.867237E+00   0.893033E+00   0.918832E+00   0.942532E+00   0.964854E+00   0.992445E+00   0.100914E+01   0.102414E+01   0.104377E+01  -0.990000E+02  -0.990000E+02  -0.990000E+02  -0.990000E+02  -0.990000E+02  -0.990000E+02  -0.990000E+02  -0.990000E+02  -0.990000E+02  -0.990000E+02  -0.990000E+02  -0.990000E+02  -0.990000E+02  -0.990000E+02   0.216587E+01   0.216930E+01   0.217416E+01   0.217954E+01   0.218484E+01   0.218945E+01   0.219278E+01  -0.990000E+02  -0.990000E+02  -0.990000E+02  -0.990000E+02  -0.990000E+02  -0.990000E+02  -0.990000E+02  -0.990000E+02  -0.990000E+02  -0.990000E+02   0.147871E+01   0.148101E+01   0.149732E+01   0.151459E+01   0.153168E+01   0.154862E+01   0.156486E+01   0.158019E+01   0.159053E+01  -0.990000E+02  -0.990000E+02  -0.990000E+02  -0.990000E+02  -0.990000E+02  -0.990000E+02  -0.990000E+02  -0.990000E+02  -0.990000E+02  -0.990000E+02  -0.990000E+02  -0.990000E+02  -0.990000E+02  -0.990000E+02  -0.990000E+02  -0.990000E+02  -0.990000E+02  -0.990000E+02  -0.990000E+02  -0.990000E+02   0.224228E+01   0.224092E+01   0.223782E+01   0.223447E+01   0.223053E+01   0.222797E+01   0.222128E+01   0.221594E+01   0.220943E+01   0.220243E+01   0.219493E+01   0.218695E+01   0.217850E+01   0.216961E+01   0.216026E+01   0.215058E+01   0.214060E+01   0.213029E+01   0.211963E+01   0.210866E+01   0.209737E+01   0.208578E+01   0.207391E+01   0.206176E+01   0.204914E+01   0.203608E+01   0.202283E+01   0.200926E+01   0.199674E+01   0.198301E+01   0.196952E+01   0.195567E+01   0.194170E+01   0.192761E+01   0.191342E+01   0.189433E+01
-0.990000E+02  -0.990000E+02  -0.990000E+02  -0.990000E+02  -0.990000E+02  -0.990000E+02  -0.990000E+02  -0.990000E+02  -0.990000E+02  -0.990000E+02  -0.990000E+02  -0.990000E+02  -0.990000E+02  -0.990000E+02  -0.990000E+02  -0.990000E+02   0.652589E+00   0.692038E+00   0.725021E+00   0.755172E+00   0.784658E+00   0.813673E+00   0.840525E+00   0.867241E+00   0.893037E+00   0.918835E+00   0.942536E+00   0.964858E+00   0.992460E+00   0.100916E+01   0.102414E+01   0.104377E+01  -0.990000E+02  -0.990000E+02  -0.990000E+02  -0.990000E+02  -0.990000E+02  -0.990000E+02  -0.990000E+02  -0.990000E+02  -0.990000E+02  -0.990000E+02  -0.990000E+02   0.216194E+01   0.213218E+01   0.213658E+01   0.214283E+01   0.214983E+01   0.215687E+01   0.216343E+01   0.216873E+01   0.217268E+01  -0.990000E+02  -0.990000E+02  -0.990000E+02  -0.990000E+02  -0.990000E+02  -0.990000E+02  -0.990000E+02  -0.990000E+02  -0.990000E+02  -0.990000E+02  -0.990000E+02   0.147871E+01   0.148101E+01   0.149731E+01   0.151456E+01   0.153164E+01   0.154858E+01   0.156483E+01   0.158017E+01   0.159051E+01  -0.990000E+02  -0.990000E+02  -0.990000E+02  -0.990000E+02  -0.990000E+02  -0.990000E+02  -0.990000E+02  -0.990000E+02  -0.990000E+02  -0.990000E+02  -0.990000E+02  -0.990000E+02  -0.990000E+02  -0.990000E+02  -0.990000E+02  -0.990000E+02  -0.990000E+02  -0.990000E+02  -0.990000E+02  -0.990000E+02   0.224205E+01   0.224068E+01   0.223760E+01   0.223426E+01   0.223038E+01   0.222779E+01   0.222113E+01   0.221581E+01   0.220931E+01   0.220233E+01   0.219486E+01   0.218690E+01   0.217847E+01   0.216959E+01   0.216026E+01   0.215058E+01   0.214063E+01   0.213033E+01   0.211970E+01   0.210874E+01   0.209747E+01   0.208590E+01   0.207405E+01   0.206192E+01   0.204931E+01   0.203627E+01   0.202304E+01   0.200948E+01   0.199698E+01   0.198326E+01   0.196979E+01   0.195595E+01   0.194199E+01   0.192791E+01   0.191373E+01   0.189465E+01
-0.990000E+02  -0.990000E+02  -0.990000E+02  -0.990000E+02  -0.990000E+02  -0.990000E+02  -0.990000E+02  -0.990000E+02  -0.990000E+02  -0.990000E+02  -0.990000E+02  -0.990000E+02  -0.990000E+02  -0.990000E+02  -0.990000E+02  -0.990000E+02   0.652594E+00   0.692042E+00   0.725025E+00   0.755176E+00   0.784662E+00   0.813677E+00   0.840529E+00   0.867245E+00   0.893041E+00   0.918839E+00   0.942540E+00   0.964862E+00   0.992475E+00   0.100917E+01   0.102415E+01   0.104378E+01  -0.990000E+02  -0.990000E+02  -0.990000E+02  -0.990000E+02  -0.990000E+02  -0.990000E+02  -0.990000E+02  -0.990000E+02  -0.990000E+02   0.207486E+01   0.207924E+01   0.208712E+01   0.209668E+01   0.210688E+01   0.211695E+01   0.212634E+01   0.213448E+01   0.214030E+01  -0.990000E+02  -0.990000E+02  -0.990000E+02  -0.990000E+02  -0.990000E+02  -0.990000E+02  -0.990000E+02  -0.990000E+02  -0.990000E+02  -0.990000E+02  -0.990000E+02  -0.990000E+02  -0.990000E+02   0.147871E+01   0.148101E+01   0.149731E+01   0.151454E+01   0.153161E+01   0.154855E+01   0.156480E+01   0.158016E+01   0.159050E+01  -0.990000E+02  -0.990000E+02  -0.990000E+02  -0.990000E+02  -0.990000E+02  -0.990000E+02  -0.990000E+02  -0.990000E+02  -0.990000E+02  -0.990000E+02  -0.990000E+02  -0.990000E+02  -0.990000E+02  -0.990000E+02  -0.990000E+02  -0.990000E+02  -0.990000E+02  -0.990000E+02  -0.990000E+02  -0.990000E+02   0.224181E+01   0.224043E+01   0.223739E+01   0.223405E+01   0.223022E+01   0.222761E+01   0.222098E+01   0.221568E+01   0.220920E+01   0.220224E+01   0.219478E+01   0.218684E+01   0.217843E+01   0.216957E+01   0.216025E+01   0.215059E+01   0.214065E+01   0.213038E+01   0.211976E+01   0.210882E+01   0.209757E+01   0.208602E+01   0.207418E+01   0.206207E+01   0.204949E+01   0.203646E+01   0.202325E+01   0.200969E+01   0.199722E+01   0.198351E+01   0.197006E+01   0.195623E+01   0.194228E+01   0.192822E+01   0.191405E+01   0.189497E+01
-0.990000E+02  -0.990000E+02  -0.990000E+02  -0.990000E+02  -0.990000E+02  -0.990000E+02  -0.990000E+02  -0.990000E+02  -0.990000E+02  -0.990000E+02  -0.990000E+02  -0.990000E+02  -0.990000E+02  -0.990000E+02  -0.990000E+02  -0.990000E+02   0.652598E+00   0.692047E+00   0.725030E+00   0.755181E+00   0.784667E+00   0.813682E+00   0.840534E+00   0.867250E+00   0.893046E+00   0.918844E+00   0.942544E+00   0.964867E+00   0.992491E+00   0.100919E+01   0.102415E+01   0.104378E+01  -0.990000E+02  -0.990000E+02  -0.990000E+02  -0.990000E+02  -0.990000E+02  -0.990000E+02   0.196682E+01   0.197634E+01   0.199067E+01   0.200714E+01   0.202421E+01   0.204100E+01   0.205676E+01   0.207113E+01   0.208360E+01   0.209345E+01   0.209989E+01  -0.990000E+02  -0.990000E+02  -0.990000E+02  -0.990000E+02  -0.990000E+02  -0.990000E+02  -0.990000E+02  -0.990000E+02  -0.990000E+02  -0.990000E+02  -0.990000E+02  -0.990000E+02  -0.990000E+02  -0.990000E+02   0.147871E+01   0.148101E+01   0.149731E+01   0.151453E+01   0.153158E+01   0.154851E+01   0.156478E+01   0.158014E+01   0.159048E+01  -0.990000E+02  -0.990000E+02  -0.990000E+02  -0.990000E+02  -0.990000E+02  -0.990000E+02  -0.990000E+02  -0.990000E+02  -0.990000E+02  -0.990000E+02  -0.990000E+02  -0.990000E+02  -0.990000E+02  -0.990000E+02  -0.990000E+02  -0.990000E+02  -0.990000E+02  -0.990000E+02  -0.990000E+02  -0.990000E+02   0.224158E+01   0.224019E+01   0.223718E+01   0.223385E+01   0.223006E+01   0.222744E+01   0.222083E+01   0.221555E+01   0.220909E+01   0.220215E+01   0.219471E+01   0.218679E+01   0.217839E+01   0.216955E+01   0.216025E+01   0.215060E+01   0.214068E+01   0.213042E+01   0.211983E+01   0.210890E+01   0.209767E+01   0.208614E+01   0.207432E+01   0.206223E+01   0.204966E+01   0.203665E+01   0.202347E+01   0.200991E+01   0.199746E+01   0.198376E+01   0.197033E+01   0.195651E+01   0.194257E+01   0.192852E+01   0.191436E+01   0.189530E+01
-0.990000E+02  -0.990000E+02  -0.990000E+02  -0.990000E+02  -0.990000E+02  -0.990000E+02  -0.990000E+02  -0.990000E+02  -0.990000E+02  -0.990000E+02  -0.990000E+02  -0.990000E+02  -0.990000E+02  -0.990000E+02  -0.990000E+02  -0.990000E+02   0.652603E+00   0.692052E+00   0.725035E+00   0.755186E+00   0.784672E+00   0.813687E+00   0.840539E+00   0.867255E+00   0.893051E+00   0.918849E+00   0.942549E+00   0.964872E+00   0.992507E+00   0.100920E+01   0.102416E+01   0.104379E+01  -0.990000E+02  -0.990000E+02   0.170584E+01   0.172965E+01   0.176299E+01   0.179956E+01   0.183623E+01   0.187133E+01   0.190401E+01   0.193390E+01   0.196082E+01   0.198442E+01   0.200451E+01   0.202045E+01   0.203099E+01  -0.990000E+02  -0.990000E+02  -0.990000E+02  -0.990000E+02  -0.990000E+02  -0.990000E+02  -0.990000E+02  -0.990000E+02  -0.990000E+02  -0.990000E+02  -0.990000E+02  -0.990000E+02  -0.990000E+02  -0.990000E+02  -0.990000E+02  -0.990000E+02   0.147872E+01   0.148101E+01   0.149730E+01   0.151451E+01   0.153155E+01   0.154848E+01   0.156475E+01   0.158013E+01   0.159047E+01  -0.990000E+02  -0.990000E+02  -0.990000E+02  -0.990000E+02  -0.990000E+02  -0.990000E+02  -0.990000E+02  -0.990000E+02  -0.990000E+02  -0.990000E+02  -0.990000E+02  -0.990000E+02  -0.990000E+02  -0.990000E+02  -0.990000E+02  -0.990000E+02  -0.990000E+02  -0.990000E+02  -0.990000E+02  -0.990000E+02   0.224135E+01   0.223995E+01   0.223697E+01   0.223364E+01   0.222990E+01   0.222726E+01   0.222069E+01   0.221543E+01   0.220898E+01   0.220206E+01   0.219464E+01   0.218674E+01   0.217836E+01   0.216953E+01   0.216024E+01   0.215061E+01   0.214071E+01   0.213047E+01   0.211989E+01   0.210899E+01   0.209777E+01   0.208626E+01   0.207446E+01   0.206239E+01   0.204984E+01   0.203684E+01   0.202368E+01   0.201013E+01   0.199771E+01   0.198401E+01   0.197059E+01   0.195679E+01   0.194287E+01   0.192882E+01   0.191467E+01   0.189562E+01
-0.990000E+02  -0.990000E+02  -0.990000E+02  -0.990000E+02  -0.990000E+02  -0.990000E+02  -0.990000E+02  -0.990000E+02  -0.990000E+02  -0.990000E+02  -0.990000E+02  -0.990000E+02  -0.990000E+02  -0.990000E+02  -0.990000E+02  -0.990000E+02   0.652609E+00   0.692057E+00   0.725040E+00   0.755191E+00   0.784678E+00   0.813692E+00   0.840544E+00   0.867260E+00   0.893056E+00   0.918854E+00   0.942555E+00   0.964877E+00   0.992523E+00   0.100922E+01   0.102418E+01   0.104425E+01   0.116914E+01   0.125576E+01   0.135674E+01   0.145568E+01   0.154509E+01   0.162324E+01   0.169071E+01   0.174867E+01   0.179816E+01   0.184000E+01   0.187463E+01   0.190163E+01   0.192015E+01   0.193277E+01  -0.990000E+02  -0.990000E+02  -0.990000E+02  -0.990000E+02  -0.990000E+02  -0.990000E+02  -0.990000E+02  -0.990000E+02  -0.990000E+02  -0.990000E+02  -0.990000E+02  -0.990000E+02  -0.990000E+02  -0.990000E+02  -0.990000E+02  -0.990000E+02  -0.990000E+02   0.147872E+01   0.148101E+01   0.149730E+01   0.151449E+01   0.153153E+01   0.154845E+01   0.156473E+01   0.158012E+01   0.159045E+01  -0.990000E+02  -0.990000E+02  -0.990000E+02  -0.990000E+02  -0.990000E+02  -0.990000E+02  -0.990000E+02  -0.990000E+02  -0.990000E+02  -0.990000E+02  -0.990000E+02  -0.990000E+02  -0.990000E+02  -0.990000E+02  -0.990000E+02  -0.990000E+02  -0.990000E+02  -0.990000E+02  -0.990000E+02  -0.990000E+02   0.224112E+01   0.223970E+01   0.223676E+01   0.223343E+01   0.222975E+01   0.222709E+01   0.222055E+01   0.221530E+01   0.220888E+01   0.220197E+01   0.219457E+01   0.218668E+01   0.217833E+01   0.216951E+01   0.216024E+01   0.215062E+01   0.214074E+01   0.213052E+01   0.211996E+01   0.210907E+01   0.209788E+01   0.208638E+01   0.207460E+01   0.206255E+01   0.205002E+01   0.203703E+01   0.202389E+01   0.201034E+01   0.199795E+01   0.198426E+01   0.197086E+01   0.195707E+01   0.194316E+01   0.192913E+01   0.191498E+01   0.189594E+01
-0.990000E+02  -0.990000E+02  -0.990000E+02  -0.990000E+02  -0.990000E+02  -0.990000E+02  -0.990000E+02  -0.990000E+02  -0.990000E+02  -0.990000E+02  -0.990000E+02  -0.990000E+02  -0.990000E+02  -0.990000E+02  -0.990000E+02  -0.990000E+02  -0.990000E+02   0.691995E+00   0.724921E+00   0.755032E+00   0.784530E+00   0.813569E+00   0.840421E+00   0.867101E+00   0.892951E+00   0.918692E+00   0.942397E+00   0.964685E+00   0.992423E+00   0.100802E+01   0.102377E+01   0.104397E+01   0.107970E+01   0.110297E+01   0.113401E+01   0.119356E+01   0.129144E+01   0.140171E+01   0.150101E+01   0.158326E+01   0.164904E+01   0.169953E+01   0.173448E+01   0.175546E+01  -0.990000E+02  -0.990000E+02  -0.990000E+02  -0.990000E+02  -0.990000E+02  -0.990000E+02  -0.990000E+02  -0.990000E+02  -0.990000E+02  -0.990000E+02  -0.990000E+02  -0.990000E+02  -0.990000E+02  -0.990000E+02  -0.990000E+02  -0.990000E+02  -0.990000E+02  -0.990000E+02  -0.990000E+02   0.147239E+01   0.148102E+01   0.149730E+01   0.151448E+01   0.153150E+01   0.154842E+01   0.156471E+01   0.158011E+01   0.159044E+01  -0.990000E+02  -0.990000E+02  -0.990000E+02  -0.990000E+02  -0.990000E+02  -0.990000E+02  -0.990000E+02  -0.990000E+02  -0.990000E+02  -0.990000E+02  -0.990000E+02  -0.990000E+02  -0.990000E+02  -0.990000E+02  -0.990000E+02  -0.990000E+02  -0.990000E+02  -0.990000E+02  -0.990000E+02  -0.990000E+02   0.224088E+01   0.223946E+01   0.223655E+01   0.223323E+01   0.222959E+01   0.222692E+01   0.222041E+01   0.221518E+01   0.220877E+01   0.220189E+01   0.219450E+01   0.218663E+01   0.217829E+01   0.216950E+01   0.216023E+01   0.215063E+01   0.214077E+01   0.213057E+01   0.212003E+01   0.210916E+01   0.209798E+01   0.208651E+01   0.207475E+01   0.206271E+01   0.205020E+01   0.203722E+01   0.202411E+01   0.201056E+01   0.199819E+01   0.198451E+01   0.197113E+01   0.195735E+01   0.194345E+01   0.192943E+01   0.191530E+01   0.189627E+01
-0.990000E+02  -0.990000E+02  -0.990000E+02  -0.990000E+02  -0.990000E+02  -0.990000E+02  -0.990000E+02  -0.990000E+02  -0.990000E+02  -0.990000E+02  -0.990000E+02  -0.990000E+02  -0.990000E+02  -0.990000E+02  -0.990000E+02  -0.990000E+02  -0.990000E+02   0.691690E+00   0.724127E+00   0.754009E+00   0.783582E+00   0.812761E+00   0.839613E+00   0.866085E+00   0.892255E+00   0.917652E+00   0.941414E+00   0.963532E+00   0.991721E+00   0.100667E+01   0.102284E+01   0.104407E+01   0.107943E+01   0.110145E+01   0.112350E+01   0.114594E+01   0.117295E+01   0.121753E+01   0.128815E+01   0.136920E+01   0.143938E+01   0.148809E+01   0.151978E+01  -0.990000E+02  -0.990000E+02  -0.990000E+02  -0.990000E+02  -0.990000E+02  -0.990000E+02  -0.990000E+02  -0.990000E+02  -0.990000E+02  -0.990000E+02  -0.990000E+02  -0.990000E+02  -0.990000E+02  -0.990000E+02  -0.990000E+02  -0.990000E+02  -0.990000E+02  -0.990000E+02  -0.990000E+02  -0.990000E+02   0.147198E+01   0.148102E+01   0.149731E+01   0.151446E+01   0.153148E+01   0.154840E+01   0.156469E+01   0.158010E+01   0.159043E+01  -0.990000E+02  -0.990000E+02  -0.990000E+02  -0.990000E+02  -0.990000E+02  -0.990000E+02  -0.990000E+02  -0.990000E+02  -0.990000E+02  -0.990000E+02  -0.990000E+02  -0.990000E+02  -0.990000E+02  -0.990000E+02  -0.990000E+02  -0.990000E+02  -0.990000E+02  -0.990000E+02  -0.990000E+02  -0.990000E+02   0.224066E+01   0.223923E+01   0.223635E+01   0.223304E+01   0.222945E+01   0.222674E+01   0.222027E+01   0.221505E+01   0.220867E+01   0.220180E+01   0.219443E+01   0.218659E+01   0.217826E+01   0.216948E+01   0.216023E+01   0.215065E+01   0.214080E+01   0.213062E+01   0.212009E+01   0.210925E+01   0.209809E+01   0.208663E+01   0.207489E+01   0.206287E+01   0.205038E+01   0.203741E+01   0.202434E+01   0.201079E+01   0.199844E+01   0.198477E+01   0.197141E+01   0.195763E+01   0.194375E+01   0.192974E+01   0.191562E+01   0.189659E+01
-0.990000E+02  -0.990000E+02  -0.990000E+02  -0.990000E+02  -0.990000E+02  -0.990000E+02  -0.990000E+02  -0.990000E+02  -0.990000E+02  -0.990000E+02  -0.990000E+02  -0.990000E+02  -0.990000E+02  -0.990000E+02  -0.990000E+02  -0.990000E+02  -0.990000E+02   0.691373E+00   0.723288E+00   0.752980E+00   0.782632E+00   0.811939E+00   0.838804E+00   0.865082E+00   0.891559E+00   0.916626E+00   0.940489E+00   0.962462E+00   0.990992E+00   0.100563E+01   0.102230E+01   0.104418E+01   0.107924E+01   0.110111E+01   0.112310E+01   0.114490E+01   0.116655E+01   0.118869E+01   0.121388E+01   0.124633E+01   0.128338E+01   0.131380E+01  -0.990000E+02  -0.990000E+02  -0.990000E+02  -0.990000E+02  -0.990000E+02  -0.990000E+02  -0.990000E+02  -0.990000E+02  -0.990000E+02  -0.990000E+02  -0.990000E+02  -0.990000E+02  -0.990000E+02  -0.990000E+02  -0.990000E+02  -0.990000E+02  -0.990000E+02  -0.990000E+02  -0.990000E+02  -0.990000E+02  -0.990000E+02   0.147186E+01   0.148103E+01   0.149731E+01   0.151446E+01   0.153146E+01   0.154837E+01   0.156468E+01   0.158009E+01   0.159042E+01  -0.990000E+02  -0.990000E+02  -0.990000E+02  -0.990000E+02  -0.990000E+02  -0.990000E+02  -0.990000E+02  -0.990000E+02  -0.990000E+02  -0.990000E+02  -0.990000E+02  -0.990000E+02  -0.990000E+02  -0.990000E+02  -0.990000E+02  -0.990000E+02  -0.990000E+02  -0.990000E+02  -0.990000E+02   0.224010E+01   0.224044E+01   0.223901E+01   0.223616E+01   0.223284E+01   0.222931E+01   0.222657E+01   0.222013E+01   0.221493E+01   0.220857E+01   0.220172E+01   0.219437E+01   0.218654E+01   0.217824E+01   0.216947E+01   0.216023E+01   0.215066E+01   0.214084E+01   0.213067E+01   0.212016E+01   0.210934E+01   0.209820E+01   0.208676E+01   0.207503E+01   0.206303E+01   0.205056E+01   0.203760E+01   0.202457E+01   0.201101E+01   0.199868E+01   0.198503E+01   0.197168E+01   0.195791E+01   0.194405E+01   0.193004E+01   0.191593E+01   0.189692E+01
-0.990000E+02  -0.990000E+02  -0.990000E+02  -0.990000E+02  -0.990000E+02  -0.990000E+02  -0.990000E+02  -0.990000E+02  -0.990000E+02  -0.990000E+02  -0.990000E+02  -0.990000E+02  -0.990000E+02  -0.990000E+02  -0.990000E+02  -0.990000E+02  -0.990000E+02   0.691038E+00   0.722392E+00   0.751931E+00   0.781660E+00   0.811086E+00   0.837978E+00   0.864074E+00   0.890844E+00   0.915598E+00   0.939586E+00   0.961440E+00   0.990226E+00   0.100480E+01   0.102193E+01   0.104431E+01   0.107903E+01   0.110074E+01   0.112270E+01   0.114448E+01   0.116604E+01   0.118743E+01   0.120875E+01   0.123084E+01   0.125303E+01   0.127120E+01  -0.990000E+02  -0.990000E+02  -0.990000E+02  -0.990000E+02  -0.990000E+02  -0.990000E+02  -0.990000E+02  -0.990000E+02  -0.990000E+02  -0.990000E+02  -0.990000E+02  -0.990000E+02  -0.990000E+02  -0.990000E+02  -0.990000E+02  -0.990000E+02  -0.990000E+02  -0.990000E+02  -0.990000E+02  -0.990000E+02  -0.990000E+02   0.147180E+01   0.148104E+01   0.149732E+01   0.151445E+01   0.153144E+01   0.154835E+01   0.156466E+01   0.158009E+01   0.159041E+01  -0.990000E+02  -0.990000E+02  -0.990000E+02  -0.990000E+02  -0.990000E+02  -0.990000E+02  -0.990000E+02  -0.990000E+02  -0.990000E+02  -0.990000E+02  -0.990000E+02  -0.990000E+02  -0.990000E+02  -0.990000E+02  -0.990000E+02  -0.990000E+02  -0.990000E+02  -0.990000E+02  -0.990000E+02   0.223988E+01   0.224022E+01   0.223878E+01   0.223596E+01   0.223265E+01   0.222918E+01   0.222641E+01   0.221999E+01   0.221481E+01   0.220847E+01   0.220164E+01   0.219431E+01   0.218649E+01   0.217821E+01   0.216945E+01   0.216023E+01   0.215068E+01   0.214087E+01   0.213072E+01   0.212024E+01   0.210943E+01   0.209831E+01   0.208689E+01   0.207518E+01   0.206319E+01   0.205074E+01   0.203780E+01   0.202480E+01   0.201123E+01   0.199893E+01   0.198528E+01   0.197196E+01   0.195820E+01   0.194435E+01   0.193035E+01   0.191625E+01   0.189725E+01
-0.990000E+02  -0.990000E+02  -0.990000E+02  -0.990000E+02  -0.990000E+02  -0.990000E+02  -0.990000E+02  -0.990000E+02  -0.990000E+02  -0.990000E+02  -0.990000E+02  -0.990000E+02  -0.990000E+02  -0.990000E+02  -0.990000E+02  -0.990000E+02  -0.990000E+02   0.690681E+00   0.721435E+00   0.750859E+00   0.780660E+00   0.810197E+00   0.837130E+00   0.863055E+00   0.890102E+00   0.914563E+00   0.938688E+00   0.960454E+00   0.989419E+00   0.100410E+01   0.102163E+01   0.104444E+01   0.107881E+01   0.110034E+01   0.112228E+01   0.114403E+01   0.116558E+01   0.118695E+01   0.120814E+01   0.122959E+01   0.125014E+01   0.126614E+01  -0.990000E+02  -0.990000E+02  -0.990000E+02  -0.990000E+02  -0.990000E+02  -0.990000E+02  -0.990000E+02  -0.990000E+02  -0.990000E+02  -0.990000E+02  -0.990000E+02  -0.990000E+02  -0.990000E+02  -0.990000E+02  -0.990000E+02  -0.990000E+02  -0.990000E+02  -0.990000E+02  -0.990000E+02  -0.990000E+02  -0.990000E+02   0.147175E+01   0.148105E+01   0.149733E+01   0.151445E+01   0.153143E+01   0.154834E+01   0.156465E+01   0.158008E+01   0.159041E+01  -0.990000E+02  -0.990000E+02  -0.990000E+02  -0.990000E+02  -0.990000E+02  -0.990000E+02  -0.990000E+02  -0.990000E+02  -0.990000E+02  -0.990000E+02  -0.990000E+02  -0.990000E+02  -0.990000E+02  -0.990000E+02  -0.990000E+02  -0.990000E+02  -0.990000E+02  -0.990000E+02  -0.990000E+02   0.223967E+01   0.224000E+01   0.223856E+01   0.223577E+01   0.223246E+01   0.222904E+01   0.222624E+01   0.221986E+01   0.221470E+01   0.220837E+01   0.220156E+01   0.219424E+01   0.218645E+01   0.217818E+01   0.216944E+01   0.216023E+01   0.215070E+01   0.214091E+01   0.213078E+01   0.212031E+01   0.210952E+01   0.209842E+01   0.208701E+01   0.207532E+01   0.206336E+01   0.205092E+01   0.203799E+01   0.202503E+01   0.201146E+01   0.199918E+01   0.198554E+01   0.197223E+01   0.195849E+01   0.194465E+01   0.193066E+01   0.191657E+01   0.189758E+01
-0.990000E+02  -0.990000E+02  -0.990000E+02  -0.990000E+02  -0.990000E+02  -0.990000E+02  -0.990000E+02  -0.990000E+02  -0.990000E+02  -0.990000E+02  -0.990000E+02  -0.990000E+02  -0.990000E+02  -0.990000E+02  -0.990000E+02  -0.990000E+02  -0.990000E+02   0.690304E+00   0.720416E+00   0.749762E+00   0.779627E+00   0.809267E+00   0.836256E+00   0.862022E+00   0.889326E+00   0.913522E+00   0.937784E+00   0.959501E+00   0.988572E+00   0.100351E+01   0.102136E+01   0.104458E+01   0.107857E+01   0.109991E+01   0.112183E+01   0.114356E+01   0.116510E+01   0.118646E+01   0.120766E+01   0.122910E+01   0.124957E+01   0.126545E+01  -0.990000E+02  -0.990000E+02  -0.990000E+02  -0.990000E+02  -0.990000E+02  -0.990000E+02  -0.990000E+02  -0.990000E+02  -0.990000E+02  -0.990000E+02  -0.990000E+02  -0.990000E+02  -0.990000E+02  -0.990000E+02  -0.990000E+02  -0.990000E+02  -0.990000E+02  -0.990000E+02  -0.990000E+02  -0.990000E+02  -0.990000E+02   0.147172E+01   0.148106E+01   0.149734E+01   0.151444E+01   0.153142E+01   0.154832E+01   0.156464E+01   0.158008E+01   0.159040E+01  -0.990000E+02  -0.990000E+02  -0.990000E+02  -0.990000E+02  -0.990000E+02  -0.990000E+02  -0.990000E+02  -0.990000E+02  -0.990000E+02  -0.990000E+02  -0.990000E+02  -0.990000E+02  -0.990000E+02  -0.990000E+02  -0.990000E+02  -0.990000E+02  -0.990000E+02  -0.990000E+02  -0.990000E+02   0.223946E+01   0.223978E+01   0.223834E+01   0.223558E+01   0.223228E+01   0.222890E+01   0.222607E+01   0.221973E+01   0.221458E+01   0.220827E+01   0.220148E+01   0.219418E+01   0.218641E+01   0.217816E+01   0.216943E+01   0.216023E+01   0.215072E+01   0.214094E+01   0.213083E+01   0.212038E+01   0.210961E+01   0.209853E+01   0.208714E+01   0.207547E+01   0.206352E+01   0.205110E+01   0.203819E+01   0.202526E+01   0.201168E+01   0.199943E+01   0.198580E+01   0.197251E+01   0.195877E+01   0.194495E+01   0.193097E+01   0.191689E+01   0.189791E+01
-0.990000E+02  -0.990000E+02  -0.990000E+02  -0.990000E+02  -0.990000E+02  -0.990000E+02  -0.990000E+02  -0.990000E+02  -0.990000E+02  -0.990000E+02  -0.990000E+02  -0.990000E+02  -0.990000E+02  -0.990000E+02  -0.990000E+02  -0.990000E+02  -0.990000E+02   0.689904E+00   0.719339E+00   0.748643E+00   0.778560E+00   0.808296E+00   0.835356E+00   0.860975E+00   0.888514E+00   0.912476E+00   0.936870E+00   0.958578E+00   0.987683E+00   0.100299E+01   0.102110E+01   0.104474E+01   0.107831E+01   0.109945E+01   0.112135E+01   0.114306E+01   0.116459E+01   0.118596E+01   0.120717E+01   0.122863E+01   0.124915E+01   0.126517E+01  -0.990000E+02  -0.990000E+02  -0.990000E+02  -0.990000E+02  -0.990000E+02  -0.990000E+02  -0.990000E+02  -0.990000E+02  -0.990000E+02  -0.990000E+02  -0.990000E+02  -0.990000E+02  -0.990000E+02  -0.990000E+02  -0.990000E+02  -0.990000E+02  -0.990000E+02  -0.990000E+02  -0.990000E+02  -0.990000E+02  -0.990000E+02   0.147169E+01   0.148107E+01   0.149735E+01   0.151444E+01   0.153141E+01   0.154831E+01   0.156463E+01   0.158008E+01   0.159040E+01  -0.990000E+02  -0.990000E+02  -0.990000E+02  -0.990000E+02  -0.990000E+02  -0.990000E+02  -0.990000E+02  -0.990000E+02  -0.990000E+02  -0.990000E+02  -0.990000E+02  -0.990000E+02  -0.990000E+02  -0.990000E+02  -0.990000E+02  -0.990000E+02  -0.990000E+02  -0.990000E+02  -0.990000E+02   0.223925E+01   0.223956E+01   0.223812E+01   0.223539E+01   0.223209E+01   0.222877E+01   0.222591E+01   0.221959E+01   0.221447E+01   0.220818E+01   0.220140E+01   0.219413E+01   0.218637E+01   0.217813E+01   0.216942E+01   0.216024E+01   0.215074E+01   0.214098E+01   0.213089E+01   0.212046E+01   0.210971E+01   0.209864E+01   0.208727E+01   0.207562E+01   0.206369E+01   0.205129E+01   0.203838E+01   0.202549E+01   0.201191E+01   0.199968E+01   0.198606E+01   0.197278E+01   0.195906E+01   0.194525E+01   0.193128E+01   0.191721E+01   0.189824E+01
-0.990000E+02  -0.990000E+02  -0.990000E+02  -0.990000E+02  -0.990000E+02  -0.990000E+02  -0.990000E+02  -0.990000E+02  -0.990000E+02  -0.990000E+02  -0.990000E+02  -0.990000E+02  -0.990000E+02  -0.990000E+02  -0.990000E+02  -0.990000E+02  -0.990000E+02   0.689484E+00   0.718208E+00   0.747503E+00   0.777460E+00   0.807282E+00   0.834428E+00   0.859913E+00   0.887663E+00   0.911425E+00   0.935942E+00   0.957687E+00   0.986750E+00   0.100251E+01   0.102081E+01   0.104490E+01   0.107803E+01   0.109896E+01   0.112084E+01   0.114254E+01   0.116407E+01   0.118543E+01   0.120666E+01   0.122816E+01   0.124873E+01   0.126494E+01  -0.990000E+02  -0.990000E+02  -0.990000E+02  -0.990000E+02  -0.990000E+02  -0.990000E+02  -0.990000E+02  -0.990000E+02  -0.990000E+02  -0.990000E+02  -0.990000E+02  -0.990000E+02  -0.990000E+02  -0.990000E+02  -0.990000E+02  -0.990000E+02  -0.990000E+02  -0.990000E+02  -0.990000E+02  -0.990000E+02  -0.990000E+02   0.147167E+01   0.148108E+01   0.149736E+01   0.151444E+01   0.153140E+01   0.154830E+01   0.156463E+01   0.158008E+01   0.159040E+01  -0.990000E+02  -0.990000E+02  -0.990000E+02  -0.990000E+02  -0.990000E+02  -0.990000E+02  -0.990000E+02  -0.990000E+02  -0.990000E+02  -0.990000E+02  -0.990000E+02  -0.990000E+02  -0.990000E+02  -0.990000E+02  -0.990000E+02  -0.990000E+02  -0.990000E+02  -0.990000E+02  -0.990000E+02   0.223904E+01   0.223935E+01   0.223790E+01   0.223521E+01   0.223191E+01   0.222863E+01   0.222575E+01   0.221947E+01   0.221435E+01   0.220808E+01   0.220133E+01   0.219407E+01   0.218633E+01   0.217811E+01   0.216941E+01   0.216024E+01   0.215076E+01   0.214102E+01   0.213095E+01   0.212054E+01   0.210980E+01   0.209875E+01   0.208741E+01   0.207577E+01   0.206386E+01   0.205147E+01   0.203858E+01   0.202573E+01   0.201214E+01   0.199993E+01   0.198632E+01   0.197306E+01   0.195935E+01   0.194555E+01   0.193159E+01   0.191753E+01   0.189857E+01
-0.990000E+02  -0.990000E+02  -0.990000E+02  -0.990000E+02  -0.990000E+02  -0.990000E+02  -0.990000E+02  -0.990000E+02  -0.990000E+02  -0.990000E+02  -0.990000E+02  -0.990000E+02  -0.990000E+02  -0.990000E+02  -0.990000E+02  -0.990000E+02  -0.990000E+02   0.689041E+00   0.717027E+00   0.746344E+00   0.776326E+00   0.806225E+00   0.833472E+00   0.858839E+00   0.886772E+00   0.910372E+00   0.935003E+00   0.956824E+00   0.985771E+00   0.100207E+01   0.102050E+01   0.104508E+01   0.107774E+01   0.109844E+01   0.112030E+01   0.114199E+01   0.116352E+01   0.118490E+01   0.120614E+01   0.122767E+01   0.124830E+01   0.126471E+01  -0.990000E+02  -0.990000E+02  -0.990000E+02  -0.990000E+02  -0.990000E+02  -0.990000E+02  -0.990000E+02  -0.990000E+02  -0.990000E+02  -0.990000E+02  -0.990000E+02  -0.990000E+02  -0.990000E+02  -0.990000E+02  -0.990000E+02  -0.990000E+02  -0.990000E+02  -0.990000E+02  -0.990000E+02  -0.990000E+02  -0.990000E+02   0.147165E+01   0.148110E+01   0.149737E+01   0.151444E+01   0.153139E+01   0.154829E+01   0.156462E+01   0.158008E+01   0.159040E+01  -0.990000E+02  -0.990000E+02  -0.990000E+02  -0.990000E+02  -0.990000E+02  -0.990000E+02  -0.990000E+02  -0.990000E+02  -0.990000E+02  -0.990000E+02  -0.990000E+02  -0.990000E+02  -0.990000E+02  -0.990000E+02  -0.990000E+02  -0.990000E+02  -0.990000E+02  -0.990000E+02  -0.990000E+02   0.223883E+01   0.223913E+01   0.223768E+01   0.223502E+01   0.223172E+01   0.222850E+01   0.222559E+01   0.221934E+01   0.221424E+01   0.220799E+01   0.220125E+01   0.219401E+01   0.218629E+01   0.217808E+01   0.216940E+01   0.216025E+01   0.215078E+01   0.214107E+01   0.213101E+01   0.212061E+01   0.210990E+01   0.209887E+01   0.208754E+01   0.207592E+01   0.206402E+01   0.205166E+01   0.203878E+01   0.202596E+01   0.201237E+01   0.200018E+01   0.198658E+01   0.197334E+01   0.195963E+01   0.194585E+01   0.193190E+01   0.191785E+01   0.189890E+01
-0.990000E+02  -0.990000E+02  -0.990000E+02  -0.990000E+02  -0.990000E+02  -0.990000E+02  -0.990000E+02  -0.990000E+02  -0.990000E+02  -0.990000E+02  -0.990000E+02  -0.990000E+02  -0.990000E+02  -0.990000E+02  -0.990000E+02  -0.990000E+02  -0.990000E+02  -0.990000E+02   0.715957E+00   0.745169E+00   0.775162E+00   0.805126E+00   0.832485E+00   0.857755E+00   0.885839E+00   0.909319E+00   0.934054E+00   0.955985E+00   0.984742E+00   0.100164E+01   0.102013E+01   0.104527E+01   0.107742E+01   0.109789E+01   0.111974E+01   0.114142E+01   0.116295E+01   0.118434E+01   0.120561E+01   0.122717E+01   0.124786E+01   0.126447E+01  -0.990000E+02  -0.990000E+02  -0.990000E+02  -0.990000E+02  -0.990000E+02  -0.990000E+02  -0.990000E+02  -0.990000E+02  -0.990000E+02  -0.990000E+02  -0.990000E+02  -0.990000E+02  -0.990000E+02  -0.990000E+02  -0.990000E+02  -0.990000E+02  -0.990000E+02  -0.990000E+02  -0.990000E+02  -0.990000E+02  -0.990000E+02   0.147163E+01   0.148111E+01   0.149739E+01   0.151445E+01   0.153139E+01   0.154828E+01   0.156462E+01   0.158008E+01   0.159040E+01  -0.990000E+02  -0.990000E+02  -0.990000E+02  -0.990000E+02  -0.990000E+02  -0.990000E+02  -0.990000E+02  -0.990000E+02  -0.990000E+02  -0.990000E+02  -0.990000E+02  -0.990000E+02  -0.990000E+02  -0.990000E+02  -0.990000E+02  -0.990000E+02  -0.990000E+02  -0.990000E+02  -0.990000E+02   0.223862E+01   0.223892E+01   0.223747E+01   0.223484E+01   0.223154E+01   0.222837E+01   0.222544E+01   0.221921E+01   0.221414E+01   0.220790E+01   0.220118E+01   0.219396E+01   0.218625E+01   0.217806E+01   0.216939E+01   0.216025E+01   0.215081E+01   0.214111E+01   0.213107E+01   0.212069E+01   0.210999E+01   0.209898E+01   0.208767E+01   0.207607E+01   0.206419E+01   0.205185E+01   0.203898E+01   0.202620E+01   0.201259E+01   0.200044E+01   0.198684E+01   0.197362E+01   0.195992E+01   0.194615E+01   0.193221E+01   0.191817E+01   0.189923E+01
-0.990000E+02  -0.990000E+02  -0.990000E+02  -0.990000E+02  -0.990000E+02  -0.990000E+02  -0.990000E+02  -0.990000E+02  -0.990000E+02  -0.990000E+02  -0.990000E+02  -0.990000E+02  -0.990000E+02  -0.990000E+02  -0.990000E+02  -0.990000E+02  -0.990000E+02  -0.990000E+02   0.715459E+00   0.743964E+00   0.773971E+00   0.803986E+00   0.831469E+00   0.856664E+00   0.884866E+00   0.908271E+00   0.933095E+00   0.955168E+00   0.983659E+00   0.100121E+01   0.101972E+01   0.104547E+01   0.107709E+01   0.109731E+01   0.111915E+01   0.114083E+01   0.116236E+01   0.118377E+01   0.120506E+01   0.122665E+01   0.124740E+01   0.126423E+01  -0.990000E+02  -0.990000E+02  -0.990000E+02  -0.990000E+02  -0.990000E+02  -0.990000E+02  -0.990000E+02  -0.990000E+02  -0.990000E+02  -0.990000E+02  -0.990000E+02  -0.990000E+02  -0.990000E+02  -0.990000E+02  -0.990000E+02  -0.990000E+02  -0.990000E+02  -0.990000E+02  -0.990000E+02  -0.990000E+02  -0.990000E+02   0.147161E+01   0.148113E+01   0.149740E+01   0.151445E+01   0.153138E+01   0.154827E+01   0.156462E+01   0.158009E+01   0.159040E+01  -0.990000E+02  -0.990000E+02  -0.990000E+02  -0.990000E+02  -0.990000E+02  -0.990000E+02  -0.990000E+02  -0.990000E+02  -0.990000E+02  -0.990000E+02  -0.990000E+02  -0.990000E+02  -0.990000E+02  -0.990000E+02  -0.990000E+02  -0.990000E+02  -0.990000E+02  -0.990000E+02  -0.990000E+02   0.223842E+01   0.223871E+01   0.223726E+01   0.223466E+01   0.223137E+01   0.222824E+01   0.222528E+01   0.221909E+01   0.221403E+01   0.220781E+01   0.220111E+01   0.219391E+01   0.218622E+01   0.217804E+01   0.216938E+01   0.216026E+01   0.215084E+01   0.214115E+01   0.213113E+01   0.212077E+01   0.211009E+01   0.209910E+01   0.208781E+01   0.207622E+01   0.206436E+01   0.205204E+01   0.203918E+01   0.202643E+01   0.201282E+01   0.200069E+01   0.198710E+01   0.197390E+01   0.196021E+01   0.194645E+01   0.193253E+01   0.191850E+01   0.189956E+01
-0.990000E+02  -0.990000E+02  -0.990000E+02  -0.990000E+02  -0.990000E+02  -0.990000E+02  -0.990000E+02  -0.990000E+02  -0.990000E+02  -0.990000E+02  -0.990000E+02  -0.990000E+02  -0.990000E+02  -0.990000E+02  -0.990000E+02  -0.990000E+02  -0.990000E+02  -0.990000E+02   0.714941E+00   0.742728E+00   0.772755E+00   0.802804E+00   0.830421E+00   0.855567E+00   0.883849E+00   0.907228E+00   0.932127E+00   0.954363E+00   0.982518E+00   0.100077E+01   0.101926E+01   0.104567E+01   0.107572E+01   0.109670E+01   0.111853E+01   0.114021E+01   0.116175E+01   0.118318E+01   0.120450E+01   0.122612E+01   0.124693E+01   0.126398E+01  -0.990000E+02  -0.990000E+02  -0.990000E+02  -0.990000E+02  -0.990000E+02  -0.990000E+02  -0.990000E+02  -0.990000E+02  -0.990000E+02  -0.990000E+02  -0.990000E+02  -0.990000E+02  -0.990000E+02  -0.990000E+02  -0.990000E+02  -0.990000E+02  -0.990000E+02  -0.990000E+02  -0.990000E+02  -0.990000E+02  -0.990000E+02   0.147160E+01   0.148114E+01   0.149741E+01   0.151446E+01   0.153138E+01   0.154827E+01   0.156462E+01   0.158009E+01   0.159040E+01  -0.990000E+02  -0.990000E+02  -0.990000E+02  -0.990000E+02  -0.990000E+02  -0.990000E+02  -0.990000E+02  -0.990000E+02  -0.990000E+02  -0.990000E+02  -0.990000E+02  -0.990000E+02  -0.990000E+02  -0.990000E+02  -0.990000E+02  -0.990000E+02  -0.990000E+02  -0.990000E+02  -0.990000E+02   0.223821E+01   0.223849E+01   0.223705E+01   0.223448E+01   0.223119E+01   0.222811E+01   0.222513E+01   0.221897E+01   0.221392E+01   0.220772E+01   0.220104E+01   0.219385E+01   0.218618E+01   0.217802E+01   0.216937E+01   0.216027E+01   0.215086E+01   0.214120E+01   0.213120E+01   0.212086E+01   0.211019E+01   0.209922E+01   0.208794E+01   0.207638E+01   0.206453E+01   0.205222E+01   0.203938E+01   0.202667E+01   0.201305E+01   0.200094E+01   0.198736E+01   0.197418E+01   0.196050E+01   0.194676E+01   0.193284E+01   0.191882E+01   0.189989E+01
-0.990000E+02  -0.990000E+02  -0.990000E+02  -0.990000E+02  -0.990000E+02  -0.990000E+02  -0.990000E+02  -0.990000E+02  -0.990000E+02  -0.990000E+02  -0.990000E+02  -0.990000E+02  -0.990000E+02  -0.990000E+02  -0.990000E+02  -0.990000E+02  -0.990000E+02  -0.990000E+02   0.714402E+00   0.741470E+00   0.771516E+00   0.801582E+00   0.829342E+00   0.854468E+00   0.882789E+00   0.906191E+00   0.931148E+00   0.953567E+00   0.981317E+00   0.100031E+01   0.101877E+01   0.104576E+01   0.107149E+01   0.109610E+01   0.111789E+01   0.113957E+01   0.116113E+01   0.118257E+01   0.120392E+01   0.122558E+01   0.124644E+01   0.126371E+01  -0.990000E+02  -0.990000E+02  -0.990000E+02  -0.990000E+02  -0.990000E+02  -0.990000E+02  -0.990000E+02  -0.990000E+02  -0.990000E+02  -0.990000E+02  -0.990000E+02  -0.990000E+02  -0.990000E+02  -0.990000E+02  -0.990000E+02  -0.990000E+02  -0.990000E+02  -0.990000E+02  -0.990000E+02  -0.990000E+02  -0.990000E+02   0.147159E+01   0.148116E+01   0.149743E+01   0.151446E+01   0.153138E+01   0.154827E+01   0.156462E+01   0.158010E+01   0.159041E+01  -0.990000E+02  -0.990000E+02  -0.990000E+02  -0.990000E+02  -0.990000E+02  -0.990000E+02  -0.990000E+02  -0.990000E+02  -0.990000E+02  -0.990000E+02  -0.990000E+02  -0.990000E+02  -0.990000E+02  -0.990000E+02  -0.990000E+02  -0.990000E+02  -0.990000E+02  -0.990000E+02  -0.990000E+02   0.223801E+01   0.223828E+01   0.223684E+01   0.223430E+01   0.223102E+01   0.222798E+01   0.222498E+01   0.221885E+01   0.221382E+01   0.220764E+01   0.220097E+01   0.219381E+01   0.218615E+01   0.217800E+01   0.216936E+01   0.216028E+01   0.215089E+01   0.214124E+01   0.213126E+01   0.212094E+01   0.211029E+01   0.209934E+01   0.208808E+01   0.207653E+01   0.206470E+01   0.205241E+01   0.203958E+01   0.202691E+01   0.201328E+01   0.200120E+01   0.198763E+01   0.197446E+01   0.196079E+01   0.194706E+01   0.193315E+01   0.191914E+01   0.190023E+01
-0.990000E+02  -0.990000E+02  -0.990000E+02  -0.990000E+02  -0.990000E+02  -0.990000E+02  -0.990000E+02  -0.990000E+02  -0.990000E+02  -0.990000E+02  -0.990000E+02  -0.990000E+02  -0.990000E+02  -0.990000E+02  -0.990000E+02  -0.990000E+02  -0.990000E+02  -0.990000E+02   0.713843E+00   0.740197E+00   0.770256E+00   0.800321E+00   0.828231E+00   0.853367E+00   0.881684E+00   0.905160E+00   0.930158E+00   0.952771E+00   0.980062E+00   0.999830E+00   0.101825E+01   0.104576E+01   0.106737E+01   0.109558E+01   0.111722E+01   0.113891E+01   0.116048E+01   0.118195E+01   0.120332E+01   0.122501E+01   0.124592E+01   0.126343E+01  -0.990000E+02  -0.990000E+02  -0.990000E+02  -0.990000E+02  -0.990000E+02  -0.990000E+02  -0.990000E+02  -0.990000E+02  -0.990000E+02  -0.990000E+02  -0.990000E+02  -0.990000E+02  -0.990000E+02  -0.990000E+02  -0.990000E+02  -0.990000E+02  -0.990000E+02  -0.990000E+02  -0.990000E+02  -0.990000E+02  -0.990000E+02   0.147158E+01   0.148117E+01   0.149745E+01   0.151447E+01   0.153138E+01   0.154827E+01   0.156462E+01   0.158011E+01   0.159041E+01  -0.990000E+02  -0.990000E+02  -0.990000E+02  -0.990000E+02  -0.990000E+02  -0.990000E+02  -0.990000E+02  -0.990000E+02  -0.990000E+02  -0.990000E+02  -0.990000E+02  -0.990000E+02  -0.990000E+02  -0.990000E+02  -0.990000E+02  -0.990000E+02  -0.990000E+02  -0.990000E+02  -0.990000E+02   0.223780E+01   0.223808E+01   0.223663E+01   0.223412E+01   0.223084E+01   0.222785E+01   0.222483E+01   0.221873E+01   0.221372E+01   0.220755E+01   0.220091E+01   0.219376E+01   0.218612E+01   0.217798E+01   0.216936E+01   0.216029E+01   0.215092E+01   0.214129E+01   0.213133E+01   0.212102E+01   0.211040E+01   0.209946E+01   0.208822E+01   0.207669E+01   0.206488E+01   0.205260E+01   0.203978E+01   0.202715E+01   0.201351E+01   0.200145E+01   0.198789E+01   0.197474E+01   0.196108E+01   0.194736E+01   0.193346E+01   0.191946E+01   0.190056E+01
-0.990000E+02  -0.990000E+02  -0.990000E+02  -0.990000E+02  -0.990000E+02  -0.990000E+02  -0.990000E+02  -0.990000E+02  -0.990000E+02  -0.990000E+02  -0.990000E+02  -0.990000E+02  -0.990000E+02  -0.990000E+02  -0.990000E+02  -0.990000E+02  -0.990000E+02  -0.990000E+02   0.713267E+00   0.738916E+00   0.768976E+00   0.799023E+00   0.827090E+00   0.852263E+00   0.880534E+00   0.904133E+00   0.929155E+00   0.951970E+00   0.978761E+00   0.999325E+00   0.101771E+01   0.104567E+01   0.106463E+01   0.109518E+01   0.111652E+01   0.113822E+01   0.115982E+01   0.118131E+01   0.120271E+01   0.122442E+01   0.124539E+01   0.126314E+01  -0.990000E+02  -0.990000E+02  -0.990000E+02  -0.990000E+02  -0.990000E+02  -0.990000E+02  -0.990000E+02  -0.990000E+02  -0.990000E+02  -0.990000E+02  -0.990000E+02  -0.990000E+02  -0.990000E+02  -0.990000E+02  -0.990000E+02  -0.990000E+02  -0.990000E+02  -0.990000E+02  -0.990000E+02  -0.990000E+02  -0.990000E+02   0.147158E+01   0.148119E+01   0.149746E+01   0.151448E+01   0.153139E+01   0.154827E+01   0.156462E+01   0.158011E+01   0.159042E+01  -0.990000E+02  -0.990000E+02  -0.990000E+02  -0.990000E+02  -0.990000E+02  -0.990000E+02  -0.990000E+02  -0.990000E+02  -0.990000E+02  -0.990000E+02  -0.990000E+02  -0.990000E+02  -0.990000E+02  -0.990000E+02  -0.990000E+02  -0.990000E+02  -0.990000E+02  -0.990000E+02  -0.990000E+02   0.223760E+01   0.223787E+01   0.223643E+01   0.223395E+01   0.223067E+01   0.222772E+01   0.222469E+01   0.221861E+01   0.221362E+01   0.220747E+01   0.220084E+01   0.219371E+01   0.218608E+01   0.217796E+01   0.216935E+01   0.216031E+01   0.215095E+01   0.214134E+01   0.213139E+01   0.212111E+01   0.211050E+01   0.209958E+01   0.208835E+01   0.207684E+01   0.206505E+01   0.205280E+01   0.203999E+01   0.202738E+01   0.201374E+01   0.200171E+01   0.198815E+01   0.197502E+01   0.196137E+01   0.194767E+01   0.193378E+01   0.191979E+01   0.190089E+01
-0.990000E+02  -0.990000E+02  -0.990000E+02  -0.990000E+02  -0.990000E+02  -0.990000E+02  -0.990000E+02  -0.990000E+02  -0.990000E+02  -0.990000E+02  -0.990000E+02  -0.990000E+02  -0.990000E+02  -0.990000E+02  -0.990000E+02  -0.990000E+02  -0.990000E+02  -0.990000E+02   0.712674E+00   0.737634E+00   0.767675E+00   0.797692E+00   0.825920E+00   0.851157E+00   0.879340E+00   0.903109E+00   0.928137E+00   0.951157E+00   0.977427E+00   0.998789E+00   0.101716E+01   0.104550E+01   0.106279E+01   0.109477E+01   0.111579E+01   0.113752E+01   0.115913E+01   0.118065E+01   0.120208E+01   0.122382E+01   0.124483E+01   0.126283E+01  -0.990000E+02  -0.990000E+02  -0.990000E+02  -0.990000E+02  -0.990000E+02  -0.990000E+02  -0.990000E+02  -0.990000E+02  -0.990000E+02  -0.990000E+02  -0.990000E+02  -0.990000E+02  -0.990000E+02  -0.990000E+02  -0.990000E+02  -0.990000E+02  -0.990000E+02  -0.990000E+02  -0.990000E+02  -0.990000E+02  -0.990000E+02   0.147157E+01   0.148121E+01   0.149748E+01   0.151449E+01   0.153139E+01   0.154827E+01   0.156463E+01   0.158012E+01   0.159043E+01  -0.990000E+02  -0.990000E+02  -0.990000E+02  -0.990000E+02  -0.990000E+02  -0.990000E+02  -0.990000E+02  -0.990000E+02  -0.990000E+02  -0.990000E+02  -0.990000E+02  -0.990000E+02  -0.990000E+02  -0.990000E+02  -0.990000E+02  -0.990000E+02  -0.990000E+02  -0.990000E+02  -0.990000E+02   0.223740E+01   0.223766E+01   0.223622E+01   0.223377E+01   0.223051E+01   0.222760E+01   0.222455E+01   0.221850E+01   0.221352E+01   0.220739E+01   0.220078E+01   0.219367E+01   0.218605E+01   0.217794E+01   0.216935E+01   0.216032E+01   0.215099E+01   0.214139E+01   0.213146E+01   0.212119E+01   0.211060E+01   0.209970E+01   0.208849E+01   0.207700E+01   0.206522E+01   0.205299E+01   0.204019E+01   0.202762E+01   0.201398E+01   0.200196E+01   0.198842E+01   0.197530E+01   0.196166E+01   0.194797E+01   0.193409E+01   0.192011E+01   0.190123E+01
-0.990000E+02  -0.990000E+02  -0.990000E+02  -0.990000E+02  -0.990000E+02  -0.990000E+02  -0.990000E+02  -0.990000E+02  -0.990000E+02  -0.990000E+02  -0.990000E+02  -0.990000E+02  -0.990000E+02  -0.990000E+02  -0.990000E+02  -0.990000E+02  -0.990000E+02  -0.990000E+02   0.712066E+00   0.736357E+00   0.766353E+00   0.796330E+00   0.824722E+00   0.850048E+00   0.878103E+00   0.902086E+00   0.927102E+00   0.950328E+00   0.976073E+00   0.998220E+00   0.101662E+01   0.104526E+01   0.106148E+01   0.109433E+01   0.111503E+01   0.113679E+01   0.115843E+01   0.117997E+01   0.120142E+01   0.122319E+01   0.124425E+01   0.126251E+01  -0.990000E+02  -0.990000E+02  -0.990000E+02  -0.990000E+02  -0.990000E+02  -0.990000E+02  -0.990000E+02  -0.990000E+02  -0.990000E+02  -0.990000E+02  -0.990000E+02  -0.990000E+02  -0.990000E+02  -0.990000E+02  -0.990000E+02  -0.990000E+02  -0.990000E+02  -0.990000E+02  -0.990000E+02  -0.990000E+02  -0.990000E+02   0.147157E+01   0.148123E+01   0.149750E+01   0.151450E+01   0.153140E+01   0.154827E+01   0.156464E+01   0.158013E+01   0.159043E+01  -0.990000E+02  -0.990000E+02  -0.990000E+02  -0.990000E+02  -0.990000E+02  -0.990000E+02  -0.990000E+02  -0.990000E+02  -0.990000E+02  -0.990000E+02  -0.990000E+02  -0.990000E+02  -0.990000E+02  -0.990000E+02  -0.990000E+02  -0.990000E+02  -0.990000E+02  -0.990000E+02  -0.990000E+02   0.223720E+01   0.223746E+01   0.223602E+01   0.223360E+01   0.223034E+01   0.222747E+01   0.222440E+01   0.221838E+01   0.221342E+01   0.220731E+01   0.220072E+01   0.219362E+01   0.218602E+01   0.217792E+01   0.216935E+01   0.216034E+01   0.215102E+01   0.214144E+01   0.213153E+01   0.212128E+01   0.211071E+01   0.209982E+01   0.208863E+01   0.207716E+01   0.206540E+01   0.205318E+01   0.204040E+01   0.202787E+01   0.201421E+01   0.200222E+01   0.198868E+01   0.197558E+01   0.196195E+01   0.194828E+01   0.193441E+01   0.192044E+01   0.190156E+01
-0.990000E+02  -0.990000E+02  -0.990000E+02  -0.990000E+02  -0.990000E+02  -0.990000E+02  -0.990000E+02  -0.990000E+02  -0.990000E+02  -0.990000E+02  -0.990000E+02  -0.990000E+02  -0.990000E+02  -0.990000E+02  -0.990000E+02  -0.990000E+02  -0.990000E+02  -0.990000E+02   0.711445E+00   0.735089E+00   0.765008E+00   0.794940E+00   0.823496E+00   0.848932E+00   0.876826E+00   0.901060E+00   0.926049E+00   0.949478E+00   0.974715E+00   0.997614E+00   0.101607E+01   0.104495E+01   0.106049E+01   0.109388E+01   0.111425E+01   0.113605E+01   0.115770E+01   0.117927E+01   0.120075E+01   0.122254E+01   0.124364E+01   0.126217E+01  -0.990000E+02  -0.990000E+02  -0.990000E+02  -0.990000E+02  -0.990000E+02  -0.990000E+02  -0.990000E+02  -0.990000E+02  -0.990000E+02  -0.990000E+02  -0.990000E+02  -0.990000E+02  -0.990000E+02  -0.990000E+02  -0.990000E+02  -0.990000E+02  -0.990000E+02  -0.990000E+02  -0.990000E+02  -0.990000E+02  -0.990000E+02   0.147157E+01   0.148125E+01   0.149752E+01   0.151452E+01   0.153140E+01   0.154828E+01   0.156464E+01   0.158014E+01   0.159044E+01  -0.990000E+02  -0.990000E+02  -0.990000E+02  -0.990000E+02  -0.990000E+02  -0.990000E+02  -0.990000E+02  -0.990000E+02  -0.990000E+02  -0.990000E+02  -0.990000E+02  -0.990000E+02  -0.990000E+02  -0.990000E+02  -0.990000E+02  -0.990000E+02  -0.990000E+02  -0.990000E+02  -0.990000E+02   0.223699E+01   0.223725E+01   0.223582E+01   0.223343E+01   0.223018E+01   0.222735E+01   0.222427E+01   0.221827E+01   0.221333E+01   0.220724E+01   0.220066E+01   0.219358E+01   0.218599E+01   0.217790E+01   0.216935E+01   0.216035E+01   0.215105E+01   0.214150E+01   0.213160E+01   0.212137E+01   0.211081E+01   0.209995E+01   0.208878E+01   0.207732E+01   0.206557E+01   0.205337E+01   0.204060E+01   0.202811E+01   0.201444E+01   0.200247E+01   0.198895E+01   0.197587E+01   0.196224E+01   0.194858E+01   0.193472E+01   0.192076E+01   0.190189E+01
-0.990000E+02  -0.990000E+02  -0.990000E+02  -0.990000E+02  -0.990000E+02  -0.990000E+02  -0.990000E+02  -0.990000E+02  -0.990000E+02  -0.990000E+02  -0.990000E+02  -0.990000E+02  -0.990000E+02  -0.990000E+02  -0.990000E+02  -0.990000E+02  -0.990000E+02  -0.990000E+02   0.710812E+00   0.733837E+00   0.763641E+00   0.793524E+00   0.822242E+00   0.847809E+00   0.875513E+00   0.900028E+00   0.924976E+00   0.948603E+00   0.973366E+00   0.996969E+00   0.101554E+01   0.104459E+01   0.105969E+01   0.109340E+01   0.111345E+01   0.113528E+01   0.115696E+01   0.117855E+01   0.120005E+01   0.122186E+01   0.124301E+01   0.126182E+01  -0.990000E+02  -0.990000E+02  -0.990000E+02  -0.990000E+02  -0.990000E+02  -0.990000E+02  -0.990000E+02  -0.990000E+02  -0.990000E+02  -0.990000E+02  -0.990000E+02  -0.990000E+02  -0.990000E+02  -0.990000E+02  -0.990000E+02  -0.990000E+02  -0.990000E+02  -0.990000E+02  -0.990000E+02  -0.990000E+02  -0.990000E+02   0.147158E+01   0.148127E+01   0.149754E+01   0.151453E+01   0.153141E+01   0.154828E+01   0.156465E+01   0.158016E+01   0.159045E+01  -0.990000E+02  -0.990000E+02  -0.990000E+02  -0.990000E+02  -0.990000E+02  -0.990000E+02  -0.990000E+02  -0.990000E+02  -0.990000E+02  -0.990000E+02  -0.990000E+02  -0.990000E+02  -0.990000E+02  -0.990000E+02  -0.990000E+02  -0.990000E+02  -0.990000E+02  -0.990000E+02  -0.990000E+02   0.223679E+01   0.223705E+01   0.223563E+01   0.223326E+01   0.223001E+01   0.222722E+01   0.222413E+01   0.221816E+01   0.221324E+01   0.220716E+01   0.220060E+01   0.219353E+01   0.218596E+01   0.217789E+01   0.216935E+01   0.216037E+01   0.215109E+01   0.214155E+01   0.213167E+01   0.212146E+01   0.211092E+01   0.210007E+01   0.208892E+01   0.207747E+01   0.206575E+01   0.205357E+01   0.204081E+01   0.202835E+01   0.201468E+01   0.200273E+01   0.198921E+01   0.197615E+01   0.196254E+01   0.194889E+01   0.193504E+01   0.192108E+01   0.190223E+01
-0.990000E+02  -0.990000E+02  -0.990000E+02  -0.990000E+02  -0.990000E+02  -0.990000E+02  -0.990000E+02  -0.990000E+02  -0.990000E+02  -0.990000E+02  -0.990000E+02  -0.990000E+02  -0.990000E+02  -0.990000E+02  -0.990000E+02  -0.990000E+02  -0.990000E+02  -0.990000E+02  -0.990000E+02   0.733141E+00   0.762239E+00   0.792087E+00   0.820960E+00   0.846675E+00   0.874169E+00   0.898986E+00   0.923884E+00   0.947701E+00   0.972039E+00   0.996282E+00   0.101503E+01   0.104418E+01   0.105903E+01   0.109291E+01   0.111263E+01   0.113449E+01   0.115619E+01   0.117780E+01   0.119933E+01   0.122117E+01   0.124235E+01   0.126177E+01  -0.990000E+02  -0.990000E+02  -0.990000E+02  -0.990000E+02  -0.990000E+02  -0.990000E+02  -0.990000E+02  -0.990000E+02  -0.990000E+02  -0.990000E+02  -0.990000E+02  -0.990000E+02  -0.990000E+02  -0.990000E+02  -0.990000E+02  -0.990000E+02  -0.990000E+02  -0.990000E+02  -0.990000E+02  -0.990000E+02  -0.990000E+02   0.147158E+01   0.148129E+01   0.149756E+01   0.151455E+01   0.153142E+01   0.154829E+01   0.156466E+01   0.158017E+01   0.159046E+01  -0.990000E+02  -0.990000E+02  -0.990000E+02  -0.990000E+02  -0.990000E+02  -0.990000E+02  -0.990000E+02  -0.990000E+02  -0.990000E+02  -0.990000E+02  -0.990000E+02  -0.990000E+02  -0.990000E+02  -0.990000E+02  -0.990000E+02  -0.990000E+02  -0.990000E+02  -0.990000E+02  -0.990000E+02   0.223659E+01   0.223685E+01   0.223543E+01   0.223309E+01   0.222986E+01   0.222710E+01   0.222400E+01   0.221805E+01   0.221314E+01   0.220709E+01   0.220055E+01   0.219349E+01   0.218593E+01   0.217787E+01   0.216935E+01   0.216039E+01   0.215113E+01   0.214161E+01   0.213175E+01   0.212155E+01   0.211103E+01   0.210020E+01   0.208906E+01   0.207764E+01   0.206593E+01   0.205376E+01   0.204101E+01   0.202859E+01   0.201491E+01   0.200299E+01   0.198948E+01   0.197643E+01   0.196283E+01   0.194919E+01   0.193535E+01   0.192141E+01   0.190256E+01
-0.990000E+02  -0.990000E+02  -0.990000E+02  -0.990000E+02  -0.990000E+02  -0.990000E+02  -0.990000E+02  -0.990000E+02  -0.990000E+02  -0.990000E+02  -0.990000E+02  -0.990000E+02  -0.990000E+02  -0.990000E+02  -0.990000E+02  -0.990000E+02  -0.990000E+02  -0.990000E+02  -0.990000E+02   0.732495E+00   0.760793E+00   0.790631E+00   0.819650E+00   0.845529E+00   0.872799E+00   0.897931E+00   0.922772E+00   0.946768E+00   0.970740E+00   0.995549E+00   0.101453E+01   0.104312E+01   0.105846E+01   0.109241E+01   0.111180E+01   0.113368E+01   0.115540E+01   0.117704E+01   0.119859E+01   0.122044E+01   0.124166E+01   0.126129E+01  -0.990000E+02  -0.990000E+02  -0.990000E+02  -0.990000E+02  -0.990000E+02  -0.990000E+02  -0.990000E+02  -0.990000E+02  -0.990000E+02  -0.990000E+02  -0.990000E+02  -0.990000E+02  -0.990000E+02  -0.990000E+02  -0.990000E+02  -0.990000E+02  -0.990000E+02  -0.990000E+02  -0.990000E+02  -0.990000E+02  -0.990000E+02   0.147159E+01   0.148131E+01   0.149758E+01   0.151456E+01   0.153143E+01   0.154830E+01   0.156467E+01   0.158018E+01   0.159048E+01  -0.990000E+02  -0.990000E+02  -0.990000E+02  -0.990000E+02  -0.990000E+02  -0.990000E+02  -0.990000E+02  -0.990000E+02  -0.990000E+02  -0.990000E+02  -0.990000E+02  -0.990000E+02  -0.990000E+02  -0.990000E+02  -0.990000E+02  -0.990000E+02  -0.990000E+02  -0.990000E+02  -0.990000E+02   0.223639E+01   0.223664E+01   0.223524E+01   0.223292E+01   0.222970E+01   0.222698E+01   0.222387E+01   0.221795E+01   0.221305E+01   0.220702E+01   0.220049E+01   0.219345E+01   0.218590E+01   0.217786E+01   0.216935E+01   0.216041E+01   0.215117E+01   0.214166E+01   0.213182E+01   0.212164E+01   0.211114E+01   0.210032E+01   0.208921E+01   0.207780E+01   0.206611E+01   0.205396E+01   0.204122E+01   0.202884E+01   0.201514E+01   0.200325E+01   0.198975E+01   0.197672E+01   0.196312E+01   0.194950E+01   0.193567E+01   0.192174E+01   0.190289E+01
-0.990000E+02  -0.990000E+02  -0.990000E+02  -0.990000E+02  -0.990000E+02  -0.990000E+02  -0.990000E+02  -0.990000E+02  -0.990000E+02  -0.990000E+02  -0.990000E+02  -0.990000E+02  -0.990000E+02  -0.990000E+02  -0.990000E+02  -0.990000E+02  -0.990000E+02  -0.990000E+02  -0.990000E+02   0.731807E+00   0.759327E+00   0.789159E+00   0.818311E+00   0.844368E+00   0.871409E+00   0.896859E+00   0.921640E+00   0.945804E+00   0.969474E+00   0.994767E+00   0.101400E+01   0.103297E+01   0.105860E+01   0.109189E+01   0.111095E+01   0.113285E+01   0.115459E+01   0.117625E+01   0.119782E+01   0.121970E+01   0.124095E+01   0.126063E+01   0.127126E+01  -0.990000E+02  -0.990000E+02  -0.990000E+02  -0.990000E+02  -0.990000E+02  -0.990000E+02  -0.990000E+02  -0.990000E+02  -0.990000E+02  -0.990000E+02  -0.990000E+02  -0.990000E+02  -0.990000E+02  -0.990000E+02  -0.990000E+02  -0.990000E+02  -0.990000E+02  -0.990000E+02  -0.990000E+02  -0.990000E+02   0.147159E+01   0.148133E+01   0.149760E+01   0.151458E+01   0.153145E+01   0.154831E+01   0.156469E+01   0.158020E+01   0.159049E+01  -0.990000E+02  -0.990000E+02  -0.990000E+02  -0.990000E+02  -0.990000E+02  -0.990000E+02  -0.990000E+02  -0.990000E+02  -0.990000E+02  -0.990000E+02  -0.990000E+02  -0.990000E+02  -0.990000E+02  -0.990000E+02  -0.990000E+02  -0.990000E+02  -0.990000E+02  -0.990000E+02  -0.990000E+02   0.223619E+01   0.223644E+01   0.223505E+01   0.223276E+01   0.222954E+01   0.222685E+01   0.222374E+01   0.221784E+01   0.221297E+01   0.220694E+01   0.220044E+01   0.219341E+01   0.218587E+01   0.217785E+01   0.216936E+01   0.216043E+01   0.215121E+01   0.214172E+01   0.213190E+01   0.212173E+01   0.211125E+01   0.210045E+01   0.208935E+01   0.207796E+01   0.206629E+01   0.205416E+01   0.204143E+01   0.202908E+01   0.201538E+01   0.200351E+01   0.199001E+01   0.197700E+01   0.196342E+01   0.194981E+01   0.193598E+01   0.192206E+01   0.190323E+01
-0.990000E+02  -0.990000E+02  -0.990000E+02  -0.990000E+02  -0.990000E+02  -0.990000E+02  -0.990000E+02  -0.990000E+02  -0.990000E+02  -0.990000E+02  -0.990000E+02  -0.990000E+02  -0.990000E+02  -0.990000E+02  -0.990000E+02  -0.990000E+02  -0.990000E+02  -0.990000E+02  -0.990000E+02   0.731092E+00   0.757862E+00   0.787670E+00   0.816942E+00   0.843191E+00   0.870005E+00   0.895766E+00   0.920491E+00   0.944808E+00   0.968239E+00   0.993932E+00   0.101340E+01   0.102964E+01   0.105894E+01   0.109136E+01   0.111009E+01   0.113200E+01   0.115376E+01   0.117544E+01   0.119704E+01   0.121893E+01   0.124022E+01   0.126008E+01   0.127200E+01  -0.990000E+02  -0.990000E+02  -0.990000E+02  -0.990000E+02  -0.990000E+02  -0.990000E+02  -0.990000E+02  -0.990000E+02  -0.990000E+02  -0.990000E+02  -0.990000E+02  -0.990000E+02  -0.990000E+02  -0.990000E+02  -0.990000E+02  -0.990000E+02  -0.990000E+02  -0.990000E+02  -0.990000E+02  -0.990000E+02   0.147160E+01   0.148135E+01   0.149763E+01   0.151460E+01   0.153146E+01   0.154832E+01   0.156470E+01   0.158021E+01   0.159050E+01  -0.990000E+02  -0.990000E+02  -0.990000E+02  -0.990000E+02  -0.990000E+02  -0.990000E+02  -0.990000E+02  -0.990000E+02  -0.990000E+02  -0.990000E+02  -0.990000E+02  -0.990000E+02  -0.990000E+02  -0.990000E+02  -0.990000E+02  -0.990000E+02  -0.990000E+02  -0.990000E+02  -0.990000E+02   0.223599E+01   0.223624E+01   0.223486E+01   0.223259E+01   0.222939E+01   0.222673E+01   0.222361E+01   0.221774E+01   0.221288E+01   0.220688E+01   0.220038E+01   0.219337E+01   0.218584E+01   0.217783E+01   0.216936E+01   0.216046E+01   0.215125E+01   0.214178E+01   0.213197E+01   0.212183E+01   0.211136E+01   0.210058E+01   0.208950E+01   0.207812E+01   0.206647E+01   0.205435E+01   0.204164E+01   0.202933E+01   0.201561E+01   0.200377E+01   0.199028E+01   0.197729E+01   0.196371E+01   0.195011E+01   0.193630E+01   0.192239E+01   0.190356E+01
-0.990000E+02  -0.990000E+02  -0.990000E+02  -0.990000E+02  -0.990000E+02  -0.990000E+02  -0.990000E+02  -0.990000E+02  -0.990000E+02  -0.990000E+02  -0.990000E+02  -0.990000E+02  -0.990000E+02  -0.990000E+02  -0.990000E+02  -0.990000E+02  -0.990000E+02  -0.990000E+02  -0.990000E+02   0.730365E+00   0.756411E+00   0.786166E+00   0.815544E+00   0.841997E+00   0.868593E+00   0.894650E+00   0.919324E+00   0.943778E+00   0.967033E+00   0.993039E+00   0.101273E+01   0.102835E+01   0.105921E+01   0.108969E+01   0.110922E+01   0.113112E+01   0.115291E+01   0.117461E+01   0.119623E+01   0.121814E+01   0.123946E+01   0.125949E+01   0.127212E+01  -0.990000E+02  -0.990000E+02  -0.990000E+02  -0.990000E+02  -0.990000E+02  -0.990000E+02  -0.990000E+02  -0.990000E+02  -0.990000E+02  -0.990000E+02  -0.990000E+02  -0.990000E+02  -0.990000E+02  -0.990000E+02  -0.990000E+02  -0.990000E+02  -0.990000E+02  -0.990000E+02  -0.990000E+02  -0.990000E+02   0.147162E+01   0.148137E+01   0.149765E+01   0.151462E+01   0.153148E+01   0.154834E+01   0.156471E+01   0.158023E+01   0.159052E+01  -0.990000E+02  -0.990000E+02  -0.990000E+02  -0.990000E+02  -0.990000E+02  -0.990000E+02  -0.990000E+02  -0.990000E+02  -0.990000E+02  -0.990000E+02  -0.990000E+02  -0.990000E+02  -0.990000E+02  -0.990000E+02  -0.990000E+02  -0.990000E+02  -0.990000E+02  -0.990000E+02  -0.990000E+02   0.223579E+01   0.223605E+01   0.223467E+01   0.223243E+01   0.222923E+01   0.222661E+01   0.222348E+01   0.221763E+01   0.221279E+01   0.220681E+01   0.220033E+01   0.219332E+01   0.218582E+01   0.217782E+01   0.216937E+01   0.216048E+01   0.215129E+01   0.214184E+01   0.213205E+01   0.212192E+01   0.211147E+01   0.210071E+01   0.208964E+01   0.207829E+01   0.206665E+01   0.205455E+01   0.204185E+01   0.202957E+01   0.201585E+01   0.200402E+01   0.199055E+01   0.197757E+01   0.196400E+01   0.195042E+01   0.193661E+01   0.192271E+01   0.190390E+01
-0.990000E+02  -0.990000E+02  -0.990000E+02  -0.990000E+02  -0.990000E+02  -0.990000E+02  -0.990000E+02  -0.990000E+02  -0.990000E+02  -0.990000E+02  -0.990000E+02  -0.990000E+02  -0.990000E+02  -0.990000E+02  -0.990000E+02  -0.990000E+02  -0.990000E+02  -0.990000E+02  -0.990000E+02   0.729636E+00   0.754979E+00   0.784644E+00   0.814117E+00   0.840783E+00   0.867177E+00   0.893507E+00   0.918143E+00   0.942716E+00   0.965852E+00   0.992085E+00   0.101202E+01   0.102754E+01   0.105924E+01   0.108587E+01   0.110839E+01   0.113022E+01   0.115204E+01   0.117376E+01   0.119540E+01   0.121733E+01   0.123868E+01   0.125887E+01   0.127202E+01  -0.990000E+02  -0.990000E+02  -0.990000E+02  -0.990000E+02  -0.990000E+02  -0.990000E+02  -0.990000E+02  -0.990000E+02  -0.990000E+02  -0.990000E+02  -0.990000E+02  -0.990000E+02  -0.990000E+02  -0.990000E+02  -0.990000E+02  -0.990000E+02  -0.990000E+02  -0.990000E+02  -0.990000E+02  -0.990000E+02   0.147163E+01   0.148140E+01   0.149767E+01   0.151464E+01   0.153149E+01   0.154835E+01   0.156473E+01   0.158025E+01   0.159054E+01  -0.990000E+02  -0.990000E+02  -0.990000E+02  -0.990000E+02  -0.990000E+02  -0.990000E+02  -0.990000E+02  -0.990000E+02  -0.990000E+02  -0.990000E+02  -0.990000E+02  -0.990000E+02  -0.990000E+02  -0.990000E+02  -0.990000E+02  -0.990000E+02  -0.990000E+02  -0.990000E+02  -0.990000E+02   0.223559E+01   0.223585E+01   0.223448E+01   0.223227E+01   0.222908E+01   0.222649E+01   0.222336E+01   0.221753E+01   0.221271E+01   0.220674E+01   0.220028E+01   0.219328E+01   0.218579E+01   0.217781E+01   0.216938E+01   0.216050E+01   0.215133E+01   0.214190E+01   0.213213E+01   0.212202E+01   0.211159E+01   0.210084E+01   0.208979E+01   0.207845E+01   0.206683E+01   0.205475E+01   0.204206E+01   0.202982E+01   0.201609E+01   0.200428E+01   0.199082E+01   0.197786E+01   0.196430E+01   0.195073E+01   0.193693E+01   0.192304E+01   0.190423E+01
-0.990000E+02  -0.990000E+02  -0.990000E+02  -0.990000E+02  -0.990000E+02  -0.990000E+02  -0.990000E+02  -0.990000E+02  -0.990000E+02  -0.990000E+02  -0.990000E+02  -0.990000E+02  -0.990000E+02  -0.990000E+02  -0.990000E+02  -0.990000E+02  -0.990000E+02  -0.990000E+02  -0.990000E+02   0.728905E+00   0.753566E+00   0.783106E+00   0.812660E+00   0.839550E+00   0.865763E+00   0.892335E+00   0.916948E+00   0.941621E+00   0.964689E+00   0.991064E+00   0.101127E+01   0.102686E+01   0.105910E+01   0.108190E+01   0.110763E+01   0.112930E+01   0.115115E+01   0.117289E+01   0.119454E+01   0.121649E+01   0.123787E+01   0.125821E+01   0.127180E+01  -0.990000E+02  -0.990000E+02  -0.990000E+02  -0.990000E+02  -0.990000E+02  -0.990000E+02  -0.990000E+02  -0.990000E+02  -0.990000E+02  -0.990000E+02  -0.990000E+02  -0.990000E+02  -0.990000E+02  -0.990000E+02  -0.990000E+02  -0.990000E+02  -0.990000E+02  -0.990000E+02  -0.990000E+02  -0.990000E+02   0.147164E+01   0.148142E+01   0.149769E+01   0.151466E+01   0.153151E+01   0.154837E+01   0.156475E+01   0.158026E+01   0.159055E+01  -0.990000E+02  -0.990000E+02  -0.990000E+02  -0.990000E+02  -0.990000E+02  -0.990000E+02  -0.990000E+02  -0.990000E+02  -0.990000E+02  -0.990000E+02  -0.990000E+02  -0.990000E+02  -0.990000E+02  -0.990000E+02  -0.990000E+02  -0.990000E+02  -0.990000E+02  -0.990000E+02  -0.990000E+02   0.223539E+01   0.223565E+01   0.223429E+01   0.223211E+01   0.222893E+01   0.222637E+01   0.222324E+01   0.221743E+01   0.221263E+01   0.220668E+01   0.220022E+01   0.219324E+01   0.218576E+01   0.217781E+01   0.216938E+01   0.216053E+01   0.215138E+01   0.214196E+01   0.213221E+01   0.212212E+01   0.211170E+01   0.210097E+01   0.208994E+01   0.207861E+01   0.206701E+01   0.205495E+01   0.204227E+01   0.203006E+01   0.201632E+01   0.200454E+01   0.199109E+01   0.197814E+01   0.196459E+01   0.195103E+01   0.193725E+01   0.192336E+01   0.190457E+01
-0.990000E+02  -0.990000E+02  -0.990000E+02  -0.990000E+02  -0.990000E+02  -0.990000E+02  -0.990000E+02  -0.990000E+02  -0.990000E+02  -0.990000E+02  -0.990000E+02  -0.990000E+02  -0.990000E+02  -0.990000E+02  -0.990000E+02  -0.990000E+02  -0.990000E+02  -0.990000E+02  -0.990000E+02   0.728176E+00   0.752174E+00   0.781553E+00   0.811176E+00   0.838296E+00   0.864353E+00   0.891131E+00   0.915740E+00   0.940495E+00   0.963540E+00   0.989973E+00   0.101048E+01   0.102624E+01   0.105882E+01   0.107893E+01   0.110694E+01   0.112836E+01   0.115024E+01   0.117200E+01   0.119367E+01   0.121564E+01   0.123705E+01   0.125751E+01   0.127150E+01  -0.990000E+02  -0.990000E+02  -0.990000E+02  -0.990000E+02  -0.990000E+02  -0.990000E+02  -0.990000E+02  -0.990000E+02  -0.990000E+02  -0.990000E+02  -0.990000E+02  -0.990000E+02  -0.990000E+02  -0.990000E+02  -0.990000E+02  -0.990000E+02  -0.990000E+02  -0.990000E+02  -0.990000E+02  -0.990000E+02   0.147166E+01   0.148144E+01   0.149772E+01   0.151468E+01   0.153153E+01   0.154838E+01   0.156476E+01   0.158028E+01   0.159057E+01  -0.990000E+02  -0.990000E+02  -0.990000E+02  -0.990000E+02  -0.990000E+02  -0.990000E+02  -0.990000E+02  -0.990000E+02  -0.990000E+02  -0.990000E+02  -0.990000E+02  -0.990000E+02  -0.990000E+02  -0.990000E+02  -0.990000E+02  -0.990000E+02  -0.990000E+02  -0.990000E+02  -0.990000E+02   0.223520E+01   0.223546E+01   0.223411E+01   0.223195E+01   0.222879E+01   0.222625E+01   0.222312E+01   0.221734E+01   0.221255E+01   0.220661E+01   0.220017E+01   0.219320E+01   0.218574E+01   0.217780E+01   0.216939E+01   0.216056E+01   0.215142E+01   0.214203E+01   0.213229E+01   0.212221E+01   0.211182E+01   0.210110E+01   0.209009E+01   0.207878E+01   0.206719E+01   0.205515E+01   0.204248E+01   0.203031E+01   0.201656E+01   0.200480E+01   0.199136E+01   0.197843E+01   0.196489E+01   0.195134E+01   0.193756E+01   0.192369E+01   0.190490E+01
-0.990000E+02  -0.990000E+02  -0.990000E+02  -0.990000E+02  -0.990000E+02  -0.990000E+02  -0.990000E+02  -0.990000E+02  -0.990000E+02  -0.990000E+02  -0.990000E+02  -0.990000E+02  -0.990000E+02  -0.990000E+02  -0.990000E+02  -0.990000E+02  -0.990000E+02  -0.990000E+02  -0.990000E+02   0.727449E+00   0.750804E+00   0.779988E+00   0.809666E+00   0.837021E+00   0.862949E+00   0.889895E+00   0.914523E+00   0.939339E+00   0.962399E+00   0.988812E+00   0.100966E+01   0.102564E+01   0.105844E+01   0.107694E+01   0.110632E+01   0.112739E+01   0.114931E+01   0.117109E+01   0.119278E+01   0.121476E+01   0.123620E+01   0.125678E+01   0.127116E+01  -0.990000E+02  -0.990000E+02  -0.990000E+02  -0.990000E+02  -0.990000E+02  -0.990000E+02  -0.990000E+02  -0.990000E+02  -0.990000E+02  -0.990000E+02  -0.990000E+02  -0.990000E+02  -0.990000E+02  -0.990000E+02  -0.990000E+02  -0.990000E+02  -0.990000E+02  -0.990000E+02  -0.990000E+02  -0.990000E+02   0.147168E+01   0.148147E+01   0.149774E+01   0.151470E+01   0.153155E+01   0.154840E+01   0.156478E+01   0.158030E+01   0.159059E+01  -0.990000E+02  -0.990000E+02  -0.990000E+02  -0.990000E+02  -0.990000E+02  -0.990000E+02  -0.990000E+02  -0.990000E+02  -0.990000E+02  -0.990000E+02  -0.990000E+02  -0.990000E+02  -0.990000E+02  -0.990000E+02  -0.990000E+02  -0.990000E+02  -0.990000E+02  -0.990000E+02  -0.990000E+02   0.223500E+01   0.223526E+01   0.223392E+01   0.223179E+01   0.222864E+01   0.222614E+01   0.222300E+01   0.221724E+01   0.221247E+01   0.220655E+01   0.220012E+01   0.219316E+01   0.218572E+01   0.217779E+01   0.216940E+01   0.216059E+01   0.215147E+01   0.214209E+01   0.213237E+01   0.212231E+01   0.211193E+01   0.210124E+01   0.209024E+01   0.207895E+01   0.206737E+01   0.205535E+01   0.204269E+01   0.203056E+01   0.201680E+01   0.200506E+01   0.199163E+01   0.197871E+01   0.196518E+01   0.195165E+01   0.193788E+01   0.192402E+01   0.190524E+01
