 0.000000E+00   0.000000E+00   0.000000E+00   0.000000E+00   0.000000E+00   0.000000E+00   0.000000E+00   0.000000E+00   0.000000E+00   0.000000E+00   0.246520E-07   0.659127E-07   0.168818E-06   0.414199E-06   0.973486E-06   0.219173E-05   0.472688E-05   0.976575E-05   0.193269E-04   0.366406E-04   0.665414E-04   0.115761E-03   0.192912E-03   0.307964E-03   0.470949E-03   0.689877E-03   0.968100E-03   0.130135E-02   0.167573E-02   0.206705E-02   0.244245E-02   0.276469E-02   0.299778E-02   0.311379E-02   0.309811E-02   0.295298E-02   0.269618E-02   0.235816E-02   0.197569E-02   0.158574E-02   0.121916E-02   0.897877E-03   0.633469E-03   0.428107E-03   0.277152E-03   0.171879E-03   0.102109E-03   0.581081E-04   0.316781E-04   0.165422E-04   0.827498E-05   0.396535E-05   0.182028E-05   0.800427E-06   0.337146E-06   0.136048E-06   0.525867E-07   0.000000E+00   0.000000E+00   0.000000E+00   0.000000E+00   0.000000E+00   0.000000E+00   0.000000E+00   0.000000E+00   0.000000E+00   0.000000E+00   0.000000E+00   0.000000E+00   0.000000E+00   0.000000E+00   0.305869E-07   0.109641E-06   0.376480E-06   0.123841E-05   0.390217E-05   0.117784E-04   0.340561E-04   0.943295E-04   0.250283E-03   0.636138E-03   0.154884E-02   0.361237E-02   0.807071E-02   0.172733E-01   0.354128E-01   0.695496E-01   0.130848E+00   0.235810E+00   0.407090E+00   0.673237E+00   0.106651E+01   0.161846E+01   0.235273E+01   0.327615E+01   0.437048E+01   0.558464E+01   0.683621E+01   0.801607E+01   0.900423E+01   0.968861E+01   0.998648E+01   0.986044E+01   0.932647E+01   0.845039E+01   0.733448E+01   0.609812E+01   0.485695E+01   0.370550E+01   0.270819E+01   0.189606E+01   0.127159E+01   0.816943E+00   0.502755E+00   0.296384E+00   0.167378E+00   0.905483E-01   0.469242E-01   0.232929E-01   0.110768E-01   0.504571E-02   0.220182E-02   0.920369E-03   0.368532E-03   0.141364E-03   0.519426E-04   0.182832E-04   0.616456E-05
 0.000000E+00   0.470361E-12   0.185154E-11   0.698198E-11   0.252203E-10   0.872681E-10   0.289272E-09   0.918494E-09   0.279377E-08   0.814026E-08   0.000000E+00   0.000000E+00   0.000000E+00   0.000000E+00   0.000000E+00   0.000000E+00   0.000000E+00   0.100149E-07   0.000000E+00   0.000000E+00   0.000000E+00   0.000000E+00   0.857413E-09   0.000000E+00   0.000000E+00   0.000000E+00   0.000000E+00   0.000000E+00   0.000000E+00   0.178406E-07   0.000000E+00   0.000000E+00   0.000000E+00   0.000000E+00   0.000000E+00   0.000000E+00   0.000000E+00   0.000000E+00   0.000000E+00   0.000000E+00   0.000000E+00   0.900106E-08   0.000000E+00   0.000000E+00   0.000000E+00   0.000000E+00   0.000000E+00   0.000000E+00   0.000000E+00   0.000000E+00   0.000000E+00   0.000000E+00   0.000000E+00   0.000000E+00   0.000000E+00   0.000000E+00   0.000000E+00   0.000000E+00   0.000000E+00   0.000000E+00   0.000000E+00   0.000000E+00   0.000000E+00   0.000000E+00   0.000000E+00   0.000000E+00   0.000000E+00   0.000000E+00   0.000000E+00   0.000000E+00   0.870187E-03   0.336035E-01   0.265771E+00   0.133114E+01   0.438099E+01   0.963479E+01   0.141889E+02   0.138970E+02   0.884602E+01   0.348435E+01   0.765753E+00   0.664865E-01   0.183217E-07   0.267979E-07   0.211537E-07   0.000000E+00   0.000000E+00   0.000000E+00   0.000000E+00   0.000000E+00   0.582287E-08   0.806694E-04   0.837258E-03   0.573833E-02   0.294466E-01   0.119102E+00   0.392961E+00   0.108421E+01   0.255014E+01   0.519537E+01   0.928737E+01   0.147165E+02   0.208705E+02   0.267241E+02   0.311228E+02   0.331836E+02   0.325744E+02   0.295892E+02   0.249827E+02   0.196824E+02   0.145188E+02   0.100598E+02   0.656425E+01   0.404323E+01   0.235624E+01   0.130146E+01   0.682398E+00   0.340158E+00   0.161472E+00   0.730509E-01   0.315294E-01   0.129921E-01   0.511950E-02   0.192806E-02   0.695202E-03   0.239941E-03   0.793526E-04   0.325545E-04
 0.000000E+00   0.470361E-12   0.185154E-11   0.698198E-11   0.252203E-10   0.872681E-10   0.289272E-09   0.918494E-09   0.279377E-08   0.814026E-08   0.000000E+00   0.000000E+00   0.000000E+00   0.000000E+00   0.000000E+00   0.000000E+00   0.000000E+00   0.100149E-07   0.000000E+00   0.000000E+00   0.000000E+00   0.000000E+00   0.857413E-09   0.000000E+00   0.000000E+00   0.000000E+00   0.000000E+00   0.000000E+00   0.000000E+00   0.178406E-07   0.000000E+00   0.000000E+00   0.000000E+00   0.000000E+00   0.000000E+00   0.000000E+00   0.000000E+00   0.000000E+00   0.000000E+00   0.000000E+00   0.000000E+00   0.900106E-08   0.000000E+00   0.000000E+00   0.000000E+00   0.000000E+00   0.000000E+00   0.000000E+00   0.000000E+00   0.000000E+00   0.000000E+00   0.000000E+00   0.000000E+00   0.000000E+00   0.000000E+00   0.000000E+00   0.000000E+00   0.000000E+00   0.000000E+00   0.000000E+00   0.000000E+00   0.000000E+00   0.000000E+00   0.000000E+00   0.000000E+00   0.000000E+00   0.000000E+00   0.000000E+00   0.000000E+00   0.000000E+00   0.000000E+00   0.000000E+00   0.000000E+00   0.224158E-01   0.377447E+00   0.210100E+01   0.713108E+01   0.151746E+02   0.204787E+02   0.172563E+02   0.862803E+01   0.225515E+01   0.175155E+00   0.231010E-07   0.219455E-07   0.331301E-08   0.000000E+00   0.000000E+00   0.000000E+00   0.000000E+00   0.582287E-08   0.000000E+00   0.150871E-03   0.168717E-02   0.114053E-01   0.569426E-01   0.221842E+00   0.700479E+00   0.184075E+01   0.410961E+01   0.792616E+01   0.133800E+02   0.199891E+02   0.267093E+02   0.322053E+02   0.353135E+02   0.354517E+02   0.327759E+02   0.280535E+02   0.223301E+02   0.165955E+02   0.115569E+02   0.756496E+01   0.466647E+01   0.271972E+01   0.150075E+01   0.785408E+00   0.390460E+00   0.184743E+00   0.832686E-01   0.357943E-01   0.146844E-01   0.575996E-02   0.215912E-02   0.774780E-03   0.266106E-03   0.875898E-04   0.359769E-04
 0.000000E+00   0.470361E-12   0.185154E-11   0.698198E-11   0.252203E-10   0.872681E-10   0.289272E-09   0.918494E-09   0.279377E-08   0.814026E-08   0.000000E+00   0.000000E+00   0.000000E+00   0.000000E+00   0.000000E+00   0.000000E+00   0.000000E+00   0.100149E-07   0.000000E+00   0.000000E+00   0.000000E+00   0.000000E+00   0.857413E-09   0.000000E+00   0.000000E+00   0.000000E+00   0.000000E+00   0.000000E+00   0.000000E+00   0.178406E-07   0.000000E+00   0.000000E+00   0.000000E+00   0.000000E+00   0.000000E+00   0.000000E+00   0.000000E+00   0.000000E+00   0.000000E+00   0.000000E+00   0.000000E+00   0.900106E-08   0.000000E+00   0.000000E+00   0.000000E+00   0.000000E+00   0.000000E+00   0.000000E+00   0.000000E+00   0.000000E+00   0.000000E+00   0.000000E+00   0.000000E+00   0.000000E+00   0.000000E+00   0.000000E+00   0.000000E+00   0.000000E+00   0.000000E+00   0.000000E+00   0.000000E+00   0.000000E+00   0.000000E+00   0.000000E+00   0.000000E+00   0.000000E+00   0.000000E+00   0.000000E+00   0.000000E+00   0.000000E+00   0.000000E+00   0.000000E+00   0.000000E+00   0.226343E-01   0.388360E+00   0.213756E+01   0.716697E+01   0.151398E+02   0.203800E+02   0.171979E+02   0.863988E+01   0.227701E+01   0.179353E+00   0.231010E-07   0.219455E-07   0.331301E-08   0.000000E+00   0.000000E+00   0.000000E+00   0.000000E+00   0.582287E-08   0.000000E+00   0.143097E-03   0.163631E-02   0.111223E-01   0.557837E-01   0.218134E+00   0.690959E+00   0.182078E+01   0.407503E+01   0.787672E+01   0.133229E+02   0.199392E+02   0.266853E+02   0.322226E+02   0.353781E+02   0.355581E+02   0.329088E+02   0.281938E+02   0.224608E+02   0.167052E+02   0.116411E+02   0.762462E+01   0.470572E+01   0.274382E+01   0.151462E+01   0.792919E+00   0.394294E+00   0.186592E+00   0.841141E-01   0.361609E-01   0.148352E-01   0.581906E-02   0.218117E-02   0.782611E-03   0.268759E-03   0.884489E-04   0.363469E-04
 0.000000E+00   0.470361E-12   0.185154E-11   0.698198E-11   0.252203E-10   0.872681E-10   0.289272E-09   0.918494E-09   0.279377E-08   0.814026E-08   0.000000E+00   0.000000E+00   0.000000E+00   0.000000E+00   0.000000E+00   0.000000E+00   0.000000E+00   0.100149E-07   0.000000E+00   0.000000E+00   0.000000E+00   0.000000E+00   0.857413E-09   0.000000E+00   0.000000E+00   0.000000E+00   0.000000E+00   0.000000E+00   0.000000E+00   0.178406E-07   0.000000E+00   0.000000E+00   0.000000E+00   0.000000E+00   0.000000E+00   0.000000E+00   0.000000E+00   0.000000E+00   0.000000E+00   0.000000E+00   0.000000E+00   0.900106E-08   0.000000E+00   0.000000E+00   0.000000E+00   0.000000E+00   0.000000E+00   0.000000E+00   0.000000E+00   0.000000E+00   0.000000E+00   0.000000E+00   0.000000E+00   0.000000E+00   0.000000E+00   0.000000E+00   0.000000E+00   0.000000E+00   0.000000E+00   0.000000E+00   0.000000E+00   0.000000E+00   0.000000E+00   0.000000E+00   0.000000E+00   0.000000E+00   0.000000E+00   0.000000E+00   0.000000E+00   0.000000E+00   0.000000E+00   0.000000E+00   0.000000E+00   0.254840E-01   0.416642E+00   0.224221E+01   0.733446E+01   0.152047E+02   0.202086E+02   0.169235E+02   0.846929E+01   0.223032E+01   0.173928E+00   0.231010E-07   0.219455E-07   0.331301E-08   0.000000E+00   0.000000E+00   0.000000E+00   0.000000E+00   0.582287E-08   0.000000E+00   0.139895E-03   0.161356E-02   0.109864E-01   0.551910E-01   0.216129E+00   0.685541E+00   0.180886E+01   0.405341E+01   0.784433E+01   0.132835E+02   0.199023E+02   0.266637E+02   0.322286E+02   0.354179E+02   0.356296E+02   0.330024E+02   0.282959E+02   0.225585E+02   0.167891E+02   0.117068E+02   0.767194E+01   0.473733E+01   0.276350E+01   0.152609E+01   0.799202E+00   0.397534E+00   0.188170E+00   0.848416E-01   0.364788E-01   0.149670E-01   0.587101E-02   0.220066E-02   0.789575E-03   0.271131E-03   0.892201E-04   0.366810E-04
 0.000000E+00   0.470361E-12   0.185154E-11   0.698198E-11   0.252203E-10   0.872681E-10   0.289272E-09   0.918494E-09   0.279377E-08   0.814026E-08   0.000000E+00   0.000000E+00   0.000000E+00   0.000000E+00   0.000000E+00   0.000000E+00   0.000000E+00   0.100149E-07   0.000000E+00   0.000000E+00   0.000000E+00   0.000000E+00   0.857413E-09   0.000000E+00   0.000000E+00   0.000000E+00   0.000000E+00   0.000000E+00   0.000000E+00   0.178406E-07   0.000000E+00   0.000000E+00   0.000000E+00   0.000000E+00   0.000000E+00   0.000000E+00   0.000000E+00   0.000000E+00   0.000000E+00   0.000000E+00   0.000000E+00   0.900106E-08   0.000000E+00   0.000000E+00   0.000000E+00   0.000000E+00   0.000000E+00   0.000000E+00   0.000000E+00   0.000000E+00   0.000000E+00   0.000000E+00   0.000000E+00   0.000000E+00   0.000000E+00   0.000000E+00   0.000000E+00   0.000000E+00   0.000000E+00   0.000000E+00   0.000000E+00   0.000000E+00   0.000000E+00   0.000000E+00   0.000000E+00   0.000000E+00   0.000000E+00   0.000000E+00   0.000000E+00   0.000000E+00   0.000000E+00   0.000000E+00   0.000000E+00   0.298275E-01   0.446943E+00   0.234787E+01   0.749976E+01   0.152657E+02   0.200357E+02   0.166505E+02   0.830021E+01   0.218413E+01   0.168594E+00   0.231010E-07   0.219455E-07   0.331301E-08   0.000000E+00   0.000000E+00   0.000000E+00   0.000000E+00   0.582287E-08   0.000000E+00   0.136723E-03   0.159103E-02   0.108516E-01   0.546025E-01   0.214135E+00   0.680145E+00   0.179697E+01   0.403181E+01   0.781193E+01   0.132440E+02   0.198651E+02   0.266418E+02   0.322342E+02   0.354574E+02   0.357009E+02   0.330960E+02   0.283983E+02   0.226565E+02   0.168734E+02   0.117728E+02   0.771952E+01   0.476913E+01   0.278330E+01   0.153765E+01   0.805531E+00   0.400800E+00   0.189761E+00   0.855751E-01   0.367994E-01   0.151000E-01   0.592341E-02   0.222033E-02   0.796598E-03   0.273522E-03   0.899977E-04   0.370178E-04
 0.000000E+00   0.470361E-12   0.185154E-11   0.698198E-11   0.252203E-10   0.872681E-10   0.289272E-09   0.918494E-09   0.279377E-08   0.814026E-08   0.000000E+00   0.000000E+00   0.000000E+00   0.000000E+00   0.000000E+00   0.000000E+00   0.000000E+00   0.100149E-07   0.000000E+00   0.000000E+00   0.000000E+00   0.000000E+00   0.857413E-09   0.000000E+00   0.000000E+00   0.000000E+00   0.000000E+00   0.000000E+00   0.000000E+00   0.178406E-07   0.000000E+00   0.000000E+00   0.000000E+00   0.000000E+00   0.000000E+00   0.000000E+00   0.000000E+00   0.000000E+00   0.000000E+00   0.000000E+00   0.000000E+00   0.900106E-08   0.000000E+00   0.000000E+00   0.000000E+00   0.000000E+00   0.000000E+00   0.000000E+00   0.000000E+00   0.000000E+00   0.000000E+00   0.000000E+00   0.000000E+00   0.000000E+00   0.000000E+00   0.000000E+00   0.000000E+00   0.000000E+00   0.000000E+00   0.000000E+00   0.000000E+00   0.000000E+00   0.000000E+00   0.000000E+00   0.000000E+00   0.000000E+00   0.000000E+00   0.000000E+00   0.000000E+00   0.000000E+00   0.000000E+00   0.000000E+00   0.000000E+00   0.354506E-01   0.479252E+00   0.245407E+01   0.766158E+01   0.153220E+02   0.198622E+02   0.163808E+02   0.813400E+01   0.213887E+01   0.163406E+00   0.231010E-07   0.219455E-07   0.331301E-08   0.000000E+00   0.000000E+00   0.000000E+00   0.000000E+00   0.582287E-08   0.000000E+00   0.133554E-03   0.156855E-02   0.107170E-01   0.540145E-01   0.212142E+00   0.674746E+00   0.178506E+01   0.401017E+01   0.777940E+01   0.132043E+02   0.198276E+02   0.266195E+02   0.322395E+02   0.354967E+02   0.357723E+02   0.331898E+02   0.285010E+02   0.227550E+02   0.169581E+02   0.118392E+02   0.776744E+01   0.480117E+01   0.280327E+01   0.154930E+01   0.811915E+00   0.404094E+00   0.191366E+00   0.863153E-01   0.371229E-01   0.152341E-01   0.597630E-02   0.224017E-02   0.803685E-03   0.275936E-03   0.907823E-04   0.373576E-04
 0.000000E+00   0.470361E-12   0.185154E-11   0.698198E-11   0.252203E-10   0.872681E-10   0.289272E-09   0.918494E-09   0.279377E-08   0.814026E-08   0.000000E+00   0.000000E+00   0.000000E+00   0.000000E+00   0.000000E+00   0.000000E+00   0.000000E+00   0.100149E-07   0.000000E+00   0.000000E+00   0.000000E+00   0.000000E+00   0.857413E-09   0.000000E+00   0.000000E+00   0.000000E+00   0.000000E+00   0.000000E+00   0.000000E+00   0.178406E-07   0.000000E+00   0.000000E+00   0.000000E+00   0.000000E+00   0.000000E+00   0.000000E+00   0.000000E+00   0.000000E+00   0.000000E+00   0.000000E+00   0.000000E+00   0.900106E-08   0.000000E+00   0.000000E+00   0.000000E+00   0.000000E+00   0.000000E+00   0.000000E+00   0.000000E+00   0.000000E+00   0.000000E+00   0.000000E+00   0.000000E+00   0.000000E+00   0.000000E+00   0.000000E+00   0.000000E+00   0.000000E+00   0.000000E+00   0.000000E+00   0.000000E+00   0.000000E+00   0.000000E+00   0.000000E+00   0.000000E+00   0.000000E+00   0.000000E+00   0.000000E+00   0.000000E+00   0.000000E+00   0.000000E+00   0.000000E+00   0.000000E+00   0.422037E-01   0.513632E+00   0.256084E+01   0.781972E+01   0.153732E+02   0.196881E+02   0.161145E+02   0.797071E+01   0.209455E+01   0.158361E+00   0.231010E-07   0.219455E-07   0.331301E-08   0.000000E+00   0.000000E+00   0.000000E+00   0.000000E+00   0.582287E-08   0.000000E+00   0.130390E-03   0.154612E-02   0.105827E-01   0.534272E-01   0.210150E+00   0.669346E+00   0.177314E+01   0.398847E+01   0.774676E+01   0.131643E+02   0.197898E+02   0.265970E+02   0.322446E+02   0.355359E+02   0.358438E+02   0.332839E+02   0.286042E+02   0.228539E+02   0.170433E+02   0.119060E+02   0.781569E+01   0.483345E+01   0.282339E+01   0.156104E+01   0.818353E+00   0.407417E+00   0.192985E+00   0.870623E-01   0.374494E-01   0.153695E-01   0.602967E-02   0.226020E-02   0.810836E-03   0.278371E-03   0.915738E-04   0.377003E-04
 0.000000E+00   0.470361E-12   0.185154E-11   0.698198E-11   0.252203E-10   0.872681E-10   0.289272E-09   0.918494E-09   0.279377E-08   0.814026E-08   0.000000E+00   0.000000E+00   0.000000E+00   0.000000E+00   0.000000E+00   0.000000E+00   0.000000E+00   0.100149E-07   0.000000E+00   0.000000E+00   0.000000E+00   0.000000E+00   0.857413E-09   0.000000E+00   0.000000E+00   0.000000E+00   0.000000E+00   0.000000E+00   0.000000E+00   0.178406E-07   0.000000E+00   0.000000E+00   0.000000E+00   0.000000E+00   0.000000E+00   0.000000E+00   0.000000E+00   0.000000E+00   0.000000E+00   0.000000E+00   0.000000E+00   0.900106E-08   0.000000E+00   0.000000E+00   0.000000E+00   0.000000E+00   0.000000E+00   0.000000E+00   0.000000E+00   0.000000E+00   0.000000E+00   0.000000E+00   0.000000E+00   0.000000E+00   0.000000E+00   0.000000E+00   0.000000E+00   0.000000E+00   0.000000E+00   0.000000E+00   0.000000E+00   0.000000E+00   0.000000E+00   0.000000E+00   0.000000E+00   0.000000E+00   0.000000E+00   0.000000E+00   0.000000E+00   0.000000E+00   0.000000E+00   0.000000E+00   0.000000E+00   0.499846E-01   0.550110E+00   0.266822E+01   0.797404E+01   0.154194E+02   0.195136E+02   0.158518E+02   0.781036E+01   0.205114E+01   0.153454E+00   0.231010E-07   0.219455E-07   0.331301E-08   0.000000E+00   0.000000E+00   0.000000E+00   0.000000E+00   0.582287E-08   0.000000E+00   0.127232E-03   0.152376E-02   0.104487E-01   0.528409E-01   0.208159E+00   0.663947E+00   0.176121E+01   0.396673E+01   0.771402E+01   0.131242E+02   0.197517E+02   0.265741E+02   0.322493E+02   0.355749E+02   0.359152E+02   0.333783E+02   0.287077E+02   0.229534E+02   0.171290E+02   0.119732E+02   0.786426E+01   0.486596E+01   0.284367E+01   0.157288E+01   0.824844E+00   0.410768E+00   0.194618E+00   0.878158E-01   0.377789E-01   0.155061E-01   0.608352E-02   0.228041E-02   0.818051E-03   0.280827E-03   0.923721E-04   0.380459E-04
 0.000000E+00   0.470361E-12   0.185154E-11   0.698198E-11   0.252203E-10   0.872681E-10   0.289272E-09   0.918494E-09   0.279377E-08   0.814026E-08   0.000000E+00   0.000000E+00   0.000000E+00   0.000000E+00   0.000000E+00   0.000000E+00   0.000000E+00   0.100149E-07   0.000000E+00   0.000000E+00   0.000000E+00   0.000000E+00   0.857413E-09   0.000000E+00   0.000000E+00   0.000000E+00   0.000000E+00   0.000000E+00   0.000000E+00   0.178406E-07   0.000000E+00   0.000000E+00   0.000000E+00   0.000000E+00   0.000000E+00   0.000000E+00   0.000000E+00   0.000000E+00   0.000000E+00   0.000000E+00   0.000000E+00   0.900106E-08   0.000000E+00   0.000000E+00   0.000000E+00   0.000000E+00   0.000000E+00   0.000000E+00   0.000000E+00   0.000000E+00   0.000000E+00   0.000000E+00   0.000000E+00   0.000000E+00   0.000000E+00   0.000000E+00   0.000000E+00   0.000000E+00   0.000000E+00   0.000000E+00   0.000000E+00   0.000000E+00   0.000000E+00   0.000000E+00   0.000000E+00   0.000000E+00   0.000000E+00   0.000000E+00   0.000000E+00   0.000000E+00   0.000000E+00   0.000000E+00   0.000000E+00   0.587301E-01   0.588684E+00   0.277621E+01   0.812441E+01   0.154605E+02   0.193388E+02   0.155927E+02   0.765295E+01   0.200864E+01   0.148680E+00   0.231010E-07   0.219455E-07   0.331301E-08   0.000000E+00   0.000000E+00   0.000000E+00   0.000000E+00   0.582287E-08   0.000000E+00   0.124083E-03   0.150148E-02   0.103150E-01   0.522558E-01   0.206171E+00   0.658549E+00   0.174927E+01   0.394495E+01   0.768117E+01   0.130839E+02   0.197133E+02   0.265508E+02   0.322538E+02   0.356138E+02   0.359868E+02   0.334729E+02   0.288117E+02   0.230533E+02   0.172152E+02   0.120409E+02   0.791315E+01   0.489870E+01   0.286409E+01   0.158481E+01   0.831387E+00   0.414147E+00   0.196265E+00   0.885758E-01   0.381111E-01   0.156439E-01   0.613784E-02   0.230079E-02   0.825328E-03   0.283305E-03   0.931772E-04   0.383944E-04
 0.000000E+00   0.470361E-12   0.185154E-11   0.698198E-11   0.252203E-10   0.872681E-10   0.289272E-09   0.918494E-09   0.279377E-08   0.814026E-08   0.000000E+00   0.000000E+00   0.000000E+00   0.000000E+00   0.000000E+00   0.000000E+00   0.000000E+00   0.100149E-07   0.000000E+00   0.000000E+00   0.000000E+00   0.000000E+00   0.857413E-09   0.000000E+00   0.000000E+00   0.000000E+00   0.000000E+00   0.000000E+00   0.000000E+00   0.178406E-07   0.000000E+00   0.000000E+00   0.000000E+00   0.000000E+00   0.000000E+00   0.000000E+00   0.000000E+00   0.000000E+00   0.000000E+00   0.000000E+00   0.000000E+00   0.900106E-08   0.000000E+00   0.000000E+00   0.000000E+00   0.000000E+00   0.000000E+00   0.000000E+00   0.000000E+00   0.000000E+00   0.000000E+00   0.000000E+00   0.000000E+00   0.000000E+00   0.000000E+00   0.000000E+00   0.000000E+00   0.000000E+00   0.000000E+00   0.000000E+00   0.000000E+00   0.000000E+00   0.000000E+00   0.000000E+00   0.000000E+00   0.000000E+00   0.000000E+00   0.000000E+00   0.000000E+00   0.000000E+00   0.000000E+00   0.000000E+00   0.000000E+00   0.684085E-01   0.629332E+00   0.288480E+01   0.827077E+01   0.154964E+02   0.191637E+02   0.153374E+02   0.749848E+01   0.196701E+01   0.144035E+00   0.231010E-07   0.219455E-07   0.331301E-08   0.000000E+00   0.000000E+00   0.000000E+00   0.000000E+00   0.582287E-08   0.000000E+00   0.120946E-03   0.147929E-02   0.101818E-01   0.516721E-01   0.204186E+00   0.653154E+00   0.173733E+01   0.392313E+01   0.764823E+01   0.130434E+02   0.196747E+02   0.265273E+02   0.322579E+02   0.356525E+02   0.360583E+02   0.335677E+02   0.289159E+02   0.231536E+02   0.173017E+02   0.121089E+02   0.796235E+01   0.493167E+01   0.288467E+01   0.159683E+01   0.837982E+00   0.417553E+00   0.197926E+00   0.893422E-01   0.384462E-01   0.157829E-01   0.619263E-02   0.232135E-02   0.832667E-03   0.285804E-03   0.939889E-04   0.387459E-04
 0.000000E+00   0.470361E-12   0.185154E-11   0.698198E-11   0.252203E-10   0.872681E-10   0.289272E-09   0.918494E-09   0.279377E-08   0.814026E-08   0.000000E+00   0.000000E+00   0.000000E+00   0.000000E+00   0.000000E+00   0.000000E+00   0.000000E+00   0.100149E-07   0.000000E+00   0.000000E+00   0.000000E+00   0.000000E+00   0.857413E-09   0.000000E+00   0.000000E+00   0.000000E+00   0.000000E+00   0.000000E+00   0.000000E+00   0.178406E-07   0.000000E+00   0.000000E+00   0.000000E+00   0.000000E+00   0.000000E+00   0.000000E+00   0.000000E+00   0.000000E+00   0.000000E+00   0.000000E+00   0.000000E+00   0.900106E-08   0.000000E+00   0.000000E+00   0.000000E+00   0.000000E+00   0.000000E+00   0.000000E+00   0.000000E+00   0.000000E+00   0.000000E+00   0.000000E+00   0.000000E+00   0.000000E+00   0.000000E+00   0.000000E+00   0.000000E+00   0.000000E+00   0.000000E+00   0.000000E+00   0.000000E+00   0.000000E+00   0.000000E+00   0.000000E+00   0.000000E+00   0.000000E+00   0.000000E+00   0.000000E+00   0.000000E+00   0.000000E+00   0.000000E+00   0.000000E+00   0.000000E+00   0.790135E-01   0.672015E+00   0.299397E+01   0.841307E+01   0.155270E+02   0.189884E+02   0.150859E+02   0.734693E+01   0.192626E+01   0.139514E+00   0.231010E-07   0.219455E-07   0.331301E-08   0.000000E+00   0.000000E+00   0.000000E+00   0.000000E+00   0.582287E-08   0.000000E+00   0.117823E-03   0.145721E-02   0.100490E-01   0.510901E-01   0.202205E+00   0.647765E+00   0.172538E+01   0.390130E+01   0.761521E+01   0.130027E+02   0.196358E+02   0.265035E+02   0.322618E+02   0.356910E+02   0.361298E+02   0.336627E+02   0.290206E+02   0.232544E+02   0.173888E+02   0.121774E+02   0.801185E+01   0.496485E+01   0.290539E+01   0.160894E+01   0.844628E+00   0.420987E+00   0.199601E+00   0.901150E-01   0.387842E-01   0.159231E-01   0.624788E-02   0.234209E-02   0.840068E-03   0.288323E-03   0.948074E-04   0.391001E-04
 0.000000E+00   0.470361E-12   0.185154E-11   0.698198E-11   0.252203E-10   0.872681E-10   0.289272E-09   0.918494E-09   0.279377E-08   0.814026E-08   0.000000E+00   0.000000E+00   0.000000E+00   0.000000E+00   0.000000E+00   0.000000E+00   0.000000E+00   0.100149E-07   0.000000E+00   0.000000E+00   0.000000E+00   0.000000E+00   0.857413E-09   0.000000E+00   0.000000E+00   0.000000E+00   0.000000E+00   0.000000E+00   0.000000E+00   0.178406E-07   0.000000E+00   0.000000E+00   0.000000E+00   0.000000E+00   0.000000E+00   0.000000E+00   0.000000E+00   0.000000E+00   0.000000E+00   0.000000E+00   0.000000E+00   0.900106E-08   0.000000E+00   0.000000E+00   0.000000E+00   0.000000E+00   0.000000E+00   0.000000E+00   0.000000E+00   0.000000E+00   0.000000E+00   0.000000E+00   0.000000E+00   0.000000E+00   0.000000E+00   0.000000E+00   0.000000E+00   0.000000E+00   0.000000E+00   0.000000E+00   0.000000E+00   0.000000E+00   0.000000E+00   0.000000E+00   0.000000E+00   0.000000E+00   0.000000E+00   0.000000E+00   0.000000E+00   0.000000E+00   0.000000E+00   0.000000E+00   0.000000E+00   0.905582E-01   0.716681E+00   0.310368E+01   0.855128E+01   0.155524E+02   0.188130E+02   0.148382E+02   0.719827E+01   0.188635E+01   0.135113E+00   0.231010E-07   0.219455E-07   0.331301E-08   0.000000E+00   0.000000E+00   0.000000E+00   0.000000E+00   0.582287E-08   0.000000E+00   0.114716E-03   0.143523E-02   0.991687E-02   0.505099E-01   0.200229E+00   0.642383E+00   0.171344E+01   0.387944E+01   0.758212E+01   0.129619E+02   0.195967E+02   0.264793E+02   0.322655E+02   0.357293E+02   0.362014E+02   0.337578E+02   0.291255E+02   0.233555E+02   0.174762E+02   0.122462E+02   0.806166E+01   0.499825E+01   0.292625E+01   0.162114E+01   0.851324E+00   0.424448E+00   0.201288E+00   0.908941E-01   0.391249E-01   0.160644E-01   0.630360E-02   0.236300E-02   0.847531E-03   0.290864E-03   0.956324E-04   0.394572E-04
 0.000000E+00   0.470361E-12   0.185154E-11   0.698198E-11   0.252203E-10   0.872681E-10   0.289272E-09   0.918494E-09   0.279377E-08   0.814026E-08   0.000000E+00   0.000000E+00   0.000000E+00   0.000000E+00   0.000000E+00   0.000000E+00   0.000000E+00   0.100149E-07   0.000000E+00   0.000000E+00   0.000000E+00   0.000000E+00   0.857413E-09   0.000000E+00   0.000000E+00   0.000000E+00   0.000000E+00   0.000000E+00   0.000000E+00   0.178406E-07   0.000000E+00   0.000000E+00   0.000000E+00   0.000000E+00   0.000000E+00   0.000000E+00   0.000000E+00   0.000000E+00   0.000000E+00   0.000000E+00   0.000000E+00   0.900106E-08   0.000000E+00   0.000000E+00   0.000000E+00   0.000000E+00   0.000000E+00   0.000000E+00   0.000000E+00   0.000000E+00   0.000000E+00   0.000000E+00   0.000000E+00   0.000000E+00   0.000000E+00   0.000000E+00   0.000000E+00   0.000000E+00   0.000000E+00   0.000000E+00   0.000000E+00   0.000000E+00   0.000000E+00   0.000000E+00   0.000000E+00   0.000000E+00   0.000000E+00   0.000000E+00   0.000000E+00   0.000000E+00   0.000000E+00   0.000000E+00   0.689998E-06   0.103070E+00   0.763273E+00   0.321387E+01   0.868538E+01   0.155726E+02   0.186375E+02   0.145942E+02   0.705248E+01   0.184726E+01   0.130827E+00   0.231010E-07   0.219455E-07   0.331301E-08   0.000000E+00   0.000000E+00   0.000000E+00   0.000000E+00   0.582287E-08   0.000000E+00   0.111627E-03   0.141338E-02   0.978529E-02   0.499318E-01   0.198258E+00   0.637009E+00   0.170150E+01   0.385756E+01   0.754896E+01   0.129209E+02   0.195574E+02   0.264549E+02   0.322688E+02   0.357675E+02   0.362729E+02   0.338532E+02   0.292308E+02   0.234571E+02   0.175641E+02   0.123153E+02   0.811176E+01   0.503187E+01   0.294726E+01   0.163342E+01   0.858070E+00   0.427934E+00   0.202989E+00   0.916795E-01   0.394684E-01   0.162069E-01   0.635977E-02   0.238408E-02   0.855054E-03   0.293425E-03   0.964641E-04   0.398172E-04
 0.000000E+00   0.470361E-12   0.185154E-11   0.698198E-11   0.252203E-10   0.872681E-10   0.289272E-09   0.918494E-09   0.279377E-08   0.814026E-08   0.000000E+00   0.000000E+00   0.000000E+00   0.000000E+00   0.000000E+00   0.000000E+00   0.000000E+00   0.100149E-07   0.000000E+00   0.000000E+00   0.000000E+00   0.000000E+00   0.857413E-09   0.000000E+00   0.000000E+00   0.000000E+00   0.000000E+00   0.000000E+00   0.000000E+00   0.178406E-07   0.000000E+00   0.000000E+00   0.000000E+00   0.000000E+00   0.000000E+00   0.000000E+00   0.000000E+00   0.000000E+00   0.000000E+00   0.000000E+00   0.000000E+00   0.900106E-08   0.000000E+00   0.000000E+00   0.000000E+00   0.000000E+00   0.000000E+00   0.000000E+00   0.000000E+00   0.000000E+00   0.000000E+00   0.000000E+00   0.000000E+00   0.000000E+00   0.000000E+00   0.000000E+00   0.000000E+00   0.000000E+00   0.000000E+00   0.000000E+00   0.000000E+00   0.000000E+00   0.000000E+00   0.000000E+00   0.000000E+00   0.000000E+00   0.000000E+00   0.000000E+00   0.000000E+00   0.000000E+00   0.000000E+00   0.000000E+00   0.206487E-03   0.116386E+00   0.811728E+00   0.332449E+01   0.881539E+01   0.155876E+02   0.184619E+02   0.143541E+02   0.690952E+01   0.180898E+01   0.126652E+00   0.231010E-07   0.219455E-07   0.331301E-08   0.000000E+00   0.000000E+00   0.000000E+00   0.000000E+00   0.582287E-08   0.000000E+00   0.108558E-03   0.139165E-02   0.965436E-02   0.493560E-01   0.196292E+00   0.631645E+00   0.168958E+01   0.383568E+01   0.751574E+01   0.128798E+02   0.195178E+02   0.264302E+02   0.322719E+02   0.358055E+02   0.363444E+02   0.339487E+02   0.293364E+02   0.235591E+02   0.176524E+02   0.123849E+02   0.816214E+01   0.506569E+01   0.296840E+01   0.164579E+01   0.864865E+00   0.431448E+00   0.204703E+00   0.924710E-01   0.398146E-01   0.163506E-01   0.641639E-02   0.240533E-02   0.862638E-03   0.296007E-03   0.973023E-04   0.401799E-04
 0.000000E+00   0.470361E-12   0.185154E-11   0.698198E-11   0.252203E-10   0.872681E-10   0.289272E-09   0.918494E-09   0.279377E-08   0.814026E-08   0.000000E+00   0.000000E+00   0.000000E+00   0.000000E+00   0.000000E+00   0.000000E+00   0.000000E+00   0.100149E-07   0.000000E+00   0.000000E+00   0.000000E+00   0.000000E+00   0.857413E-09   0.000000E+00   0.000000E+00   0.000000E+00   0.000000E+00   0.000000E+00   0.000000E+00   0.178406E-07   0.000000E+00   0.000000E+00   0.000000E+00   0.000000E+00   0.000000E+00   0.000000E+00   0.000000E+00   0.000000E+00   0.000000E+00   0.000000E+00   0.000000E+00   0.900106E-08   0.000000E+00   0.000000E+00   0.000000E+00   0.000000E+00   0.000000E+00   0.000000E+00   0.000000E+00   0.000000E+00   0.000000E+00   0.000000E+00   0.000000E+00   0.000000E+00   0.000000E+00   0.000000E+00   0.000000E+00   0.000000E+00   0.000000E+00   0.000000E+00   0.000000E+00   0.000000E+00   0.000000E+00   0.000000E+00   0.000000E+00   0.000000E+00   0.000000E+00   0.000000E+00   0.000000E+00   0.000000E+00   0.000000E+00   0.000000E+00   0.792226E-03   0.130377E+00   0.861982E+00   0.343545E+01   0.894130E+01   0.155976E+02   0.182863E+02   0.141177E+02   0.676934E+01   0.177147E+01   0.122585E+00   0.231010E-07   0.219455E-07   0.331301E-08   0.000000E+00   0.000000E+00   0.000000E+00   0.000000E+00   0.582287E-08   0.000000E+00   0.105511E-03   0.137007E-02   0.952415E-02   0.487827E-01   0.194333E+00   0.626293E+00   0.167766E+01   0.381379E+01   0.748247E+01   0.128385E+02   0.194779E+02   0.264051E+02   0.322746E+02   0.358433E+02   0.364158E+02   0.340443E+02   0.294423E+02   0.236615E+02   0.177410E+02   0.124547E+02   0.821282E+01   0.509972E+01   0.298968E+01   0.165825E+01   0.871708E+00   0.434987E+00   0.206431E+00   0.932687E-01   0.401636E-01   0.164954E-01   0.647347E-02   0.242676E-02   0.870282E-03   0.298609E-03   0.981470E-04   0.405455E-04
 0.000000E+00   0.470361E-12   0.185154E-11   0.698198E-11   0.252203E-10   0.872681E-10   0.289272E-09   0.918494E-09   0.279377E-08   0.814026E-08   0.000000E+00   0.000000E+00   0.000000E+00   0.000000E+00   0.000000E+00   0.000000E+00   0.000000E+00   0.100149E-07   0.000000E+00   0.000000E+00   0.000000E+00   0.000000E+00   0.857413E-09   0.000000E+00   0.000000E+00   0.000000E+00   0.000000E+00   0.000000E+00   0.000000E+00   0.178406E-07   0.000000E+00   0.000000E+00   0.000000E+00   0.000000E+00   0.000000E+00   0.000000E+00   0.000000E+00   0.000000E+00   0.000000E+00   0.000000E+00   0.000000E+00   0.900106E-08   0.000000E+00   0.000000E+00   0.000000E+00   0.000000E+00   0.000000E+00   0.000000E+00   0.000000E+00   0.000000E+00   0.000000E+00   0.000000E+00   0.000000E+00   0.000000E+00   0.000000E+00   0.000000E+00   0.000000E+00   0.000000E+00   0.000000E+00   0.000000E+00   0.000000E+00   0.000000E+00   0.000000E+00   0.000000E+00   0.000000E+00   0.000000E+00   0.000000E+00   0.000000E+00   0.000000E+00   0.000000E+00   0.000000E+00   0.000000E+00   0.177641E-02   0.145081E+00   0.913969E+00   0.354667E+01   0.906315E+01   0.156025E+02   0.181107E+02   0.138850E+02   0.663192E+01   0.173472E+01   0.118620E+00   0.231010E-07   0.219455E-07   0.331301E-08   0.000000E+00   0.000000E+00   0.000000E+00   0.000000E+00   0.582287E-08   0.000000E+00   0.102489E-03   0.134863E-02   0.939470E-02   0.482121E-01   0.192381E+00   0.620955E+00   0.166576E+01   0.379191E+01   0.744915E+01   0.127972E+02   0.194379E+02   0.263798E+02   0.322771E+02   0.358809E+02   0.364873E+02   0.341401E+02   0.295485E+02   0.237642E+02   0.178301E+02   0.125250E+02   0.826377E+01   0.513396E+01   0.301110E+01   0.167078E+01   0.878600E+00   0.438552E+00   0.208171E+00   0.940726E-01   0.405152E-01   0.166413E-01   0.653100E-02   0.244835E-02   0.877987E-03   0.301232E-03   0.989983E-04   0.409138E-04
 0.000000E+00   0.470361E-12   0.185154E-11   0.698198E-11   0.252203E-10   0.872681E-10   0.289272E-09   0.918494E-09   0.279377E-08   0.814026E-08   0.000000E+00   0.000000E+00   0.000000E+00   0.000000E+00   0.000000E+00   0.000000E+00   0.000000E+00   0.100149E-07   0.000000E+00   0.000000E+00   0.000000E+00   0.000000E+00   0.857413E-09   0.000000E+00   0.000000E+00   0.000000E+00   0.000000E+00   0.000000E+00   0.000000E+00   0.178406E-07   0.000000E+00   0.000000E+00   0.000000E+00   0.000000E+00   0.000000E+00   0.000000E+00   0.000000E+00   0.000000E+00   0.000000E+00   0.000000E+00   0.000000E+00   0.900106E-08   0.000000E+00   0.000000E+00   0.000000E+00   0.000000E+00   0.000000E+00   0.000000E+00   0.000000E+00   0.000000E+00   0.000000E+00   0.000000E+00   0.000000E+00   0.000000E+00   0.000000E+00   0.000000E+00   0.000000E+00   0.000000E+00   0.000000E+00   0.000000E+00   0.000000E+00   0.000000E+00   0.000000E+00   0.000000E+00   0.000000E+00   0.000000E+00   0.000000E+00   0.000000E+00   0.000000E+00   0.000000E+00   0.000000E+00   0.000000E+00   0.317677E-02   0.160538E+00   0.967624E+00   0.365808E+01   0.918097E+01   0.156024E+02   0.179351E+02   0.136561E+02   0.649719E+01   0.169869E+01   0.114755E+00   0.231010E-07   0.219455E-07   0.331301E-08   0.000000E+00   0.000000E+00   0.000000E+00   0.000000E+00   0.582287E-08   0.000000E+00   0.994929E-04   0.132736E-02   0.926606E-02   0.476444E-01   0.190436E+00   0.615631E+00   0.165388E+01   0.377003E+01   0.741580E+01   0.127557E+02   0.193977E+02   0.263543E+02   0.322793E+02   0.359184E+02   0.365586E+02   0.342360E+02   0.296549E+02   0.238672E+02   0.179195E+02   0.125956E+02   0.831499E+01   0.516839E+01   0.303265E+01   0.168341E+01   0.885540E+00   0.442143E+00   0.209924E+00   0.948825E-01   0.408696E-01   0.167884E-01   0.658898E-02   0.247011E-02   0.885751E-03   0.303875E-03   0.998560E-04   0.412850E-04
 0.000000E+00   0.470361E-12   0.185154E-11   0.698198E-11   0.252203E-10   0.872681E-10   0.289272E-09   0.918494E-09   0.279377E-08   0.814026E-08   0.000000E+00   0.000000E+00   0.000000E+00   0.000000E+00   0.000000E+00   0.000000E+00   0.000000E+00   0.100149E-07   0.000000E+00   0.000000E+00   0.000000E+00   0.000000E+00   0.857413E-09   0.000000E+00   0.000000E+00   0.000000E+00   0.000000E+00   0.000000E+00   0.000000E+00   0.178406E-07   0.000000E+00   0.000000E+00   0.000000E+00   0.000000E+00   0.000000E+00   0.000000E+00   0.000000E+00   0.000000E+00   0.000000E+00   0.000000E+00   0.000000E+00   0.900106E-08   0.000000E+00   0.000000E+00   0.000000E+00   0.000000E+00   0.000000E+00   0.000000E+00   0.000000E+00   0.000000E+00   0.000000E+00   0.000000E+00   0.000000E+00   0.000000E+00   0.000000E+00   0.000000E+00   0.000000E+00   0.000000E+00   0.000000E+00   0.000000E+00   0.000000E+00   0.000000E+00   0.000000E+00   0.000000E+00   0.000000E+00   0.000000E+00   0.000000E+00   0.000000E+00   0.000000E+00   0.000000E+00   0.000000E+00   0.000000E+00   0.501067E-02   0.176790E+00   0.102288E+01   0.376956E+01   0.929478E+01   0.155975E+02   0.177595E+02   0.134307E+02   0.636512E+01   0.166336E+01   0.110985E+00   0.231010E-07   0.219455E-07   0.331301E-08   0.000000E+00   0.000000E+00   0.000000E+00   0.000000E+00   0.582287E-08   0.000000E+00   0.965250E-04   0.130625E-02   0.913827E-02   0.470798E-01   0.188500E+00   0.610323E+00   0.164202E+01   0.374816E+01   0.738243E+01   0.127141E+02   0.193572E+02   0.263284E+02   0.322813E+02   0.359556E+02   0.366299E+02   0.343320E+02   0.297616E+02   0.239706E+02   0.180093E+02   0.126665E+02   0.836648E+01   0.520303E+01   0.305434E+01   0.169611E+01   0.892527E+00   0.445759E+00   0.211690E+00   0.956984E-01   0.412266E-01   0.169366E-01   0.664740E-02   0.249204E-02   0.893575E-03   0.306538E-03   0.100720E-03   0.416589E-04
 0.000000E+00   0.470361E-12   0.185154E-11   0.698198E-11   0.252203E-10   0.872681E-10   0.289272E-09   0.918494E-09   0.279377E-08   0.814026E-08   0.000000E+00   0.000000E+00   0.000000E+00   0.000000E+00   0.000000E+00   0.000000E+00   0.000000E+00   0.100149E-07   0.000000E+00   0.000000E+00   0.000000E+00   0.000000E+00   0.857413E-09   0.000000E+00   0.000000E+00   0.000000E+00   0.000000E+00   0.000000E+00   0.000000E+00   0.178406E-07   0.000000E+00   0.000000E+00   0.000000E+00   0.000000E+00   0.000000E+00   0.000000E+00   0.000000E+00   0.000000E+00   0.000000E+00   0.000000E+00   0.000000E+00   0.900106E-08   0.000000E+00   0.000000E+00   0.000000E+00   0.000000E+00   0.000000E+00   0.000000E+00   0.000000E+00   0.000000E+00   0.000000E+00   0.000000E+00   0.000000E+00   0.000000E+00   0.000000E+00   0.000000E+00   0.000000E+00   0.000000E+00   0.000000E+00   0.000000E+00   0.000000E+00   0.000000E+00   0.000000E+00   0.000000E+00   0.000000E+00   0.000000E+00   0.000000E+00   0.000000E+00   0.000000E+00   0.000000E+00   0.000000E+00   0.000000E+00   0.729560E-02   0.193884E+00   0.107969E+01   0.388103E+01   0.940462E+01   0.155879E+02   0.175840E+02   0.132090E+02   0.623564E+01   0.162870E+01   0.107308E+00   0.231010E-07   0.219455E-07   0.331301E-08   0.000000E+00   0.000000E+00   0.000000E+00   0.000000E+00   0.582287E-08   0.000000E+00   0.935871E-04   0.128531E-02   0.901139E-02   0.465184E-01   0.186573E+00   0.605033E+00   0.163019E+01   0.372632E+01   0.734903E+01   0.126724E+02   0.193166E+02   0.263023E+02   0.322829E+02   0.359925E+02   0.367011E+02   0.344281E+02   0.298685E+02   0.240744E+02   0.180994E+02   0.127377E+02   0.841824E+01   0.523785E+01   0.307615E+01   0.170890E+01   0.899560E+00   0.449401E+00   0.213468E+00   0.965204E-01   0.415864E-01   0.170859E-01   0.670627E-02   0.251414E-02   0.901459E-03   0.309221E-03   0.101591E-03   0.420356E-04
 0.000000E+00   0.470361E-12   0.185154E-11   0.698198E-11   0.252203E-10   0.872681E-10   0.289272E-09   0.918494E-09   0.279377E-08   0.814026E-08   0.000000E+00   0.000000E+00   0.000000E+00   0.000000E+00   0.000000E+00   0.000000E+00   0.000000E+00   0.100149E-07   0.000000E+00   0.000000E+00   0.000000E+00   0.000000E+00   0.857413E-09   0.000000E+00   0.000000E+00   0.000000E+00   0.000000E+00   0.000000E+00   0.000000E+00   0.178406E-07   0.000000E+00   0.000000E+00   0.000000E+00   0.000000E+00   0.000000E+00   0.000000E+00   0.000000E+00   0.000000E+00   0.000000E+00   0.000000E+00   0.000000E+00   0.900106E-08   0.000000E+00   0.000000E+00   0.000000E+00   0.000000E+00   0.000000E+00   0.000000E+00   0.000000E+00   0.000000E+00   0.000000E+00   0.000000E+00   0.000000E+00   0.000000E+00   0.000000E+00   0.000000E+00   0.000000E+00   0.000000E+00   0.000000E+00   0.000000E+00   0.000000E+00   0.000000E+00   0.000000E+00   0.000000E+00   0.000000E+00   0.000000E+00   0.000000E+00   0.000000E+00   0.000000E+00   0.000000E+00   0.000000E+00   0.000000E+00   0.100496E-01   0.211861E+00   0.113798E+01   0.399240E+01   0.951054E+01   0.155736E+02   0.174085E+02   0.129908E+02   0.610872E+01   0.159469E+01   0.103719E+00   0.231010E-07   0.219455E-07   0.331301E-08   0.000000E+00   0.000000E+00   0.000000E+00   0.000000E+00   0.582287E-08   0.000000E+00   0.906811E-04   0.126456E-02   0.888546E-02   0.459604E-01   0.184655E+00   0.599762E+00   0.161838E+01   0.370449E+01   0.731562E+01   0.126306E+02   0.192758E+02   0.262760E+02   0.322843E+02   0.360293E+02   0.367722E+02   0.345242E+02   0.299756E+02   0.241784E+02   0.181899E+02   0.128092E+02   0.847025E+01   0.527287E+01   0.309810E+01   0.172176E+01   0.906640E+00   0.453067E+00   0.215259E+00   0.973483E-01   0.419488E-01   0.172364E-01   0.676558E-02   0.253641E-02   0.909402E-03   0.311925E-03   0.102468E-03   0.424151E-04
 0.000000E+00   0.470361E-12   0.185154E-11   0.698198E-11   0.252203E-10   0.872681E-10   0.289272E-09   0.918494E-09   0.279377E-08   0.814026E-08   0.000000E+00   0.000000E+00   0.000000E+00   0.000000E+00   0.000000E+00   0.000000E+00   0.000000E+00   0.100149E-07   0.000000E+00   0.000000E+00   0.000000E+00   0.000000E+00   0.857413E-09   0.000000E+00   0.000000E+00   0.000000E+00   0.000000E+00   0.000000E+00   0.000000E+00   0.178406E-07   0.000000E+00   0.000000E+00   0.000000E+00   0.000000E+00   0.000000E+00   0.000000E+00   0.000000E+00   0.000000E+00   0.000000E+00   0.000000E+00   0.000000E+00   0.900106E-08   0.000000E+00   0.000000E+00   0.000000E+00   0.000000E+00   0.000000E+00   0.000000E+00   0.000000E+00   0.000000E+00   0.000000E+00   0.000000E+00   0.000000E+00   0.000000E+00   0.000000E+00   0.000000E+00   0.000000E+00   0.000000E+00   0.000000E+00   0.000000E+00   0.000000E+00   0.000000E+00   0.000000E+00   0.000000E+00   0.000000E+00   0.000000E+00   0.000000E+00   0.000000E+00   0.000000E+00   0.000000E+00   0.000000E+00   0.000000E+00   0.132918E-01   0.230767E+00   0.119769E+01   0.410355E+01   0.961257E+01   0.155547E+02   0.172332E+02   0.127760E+02   0.598427E+01   0.156130E+01   0.100214E+00   0.231010E-07   0.219455E-07   0.331301E-08   0.000000E+00   0.000000E+00   0.000000E+00   0.000000E+00   0.582287E-08   0.000000E+00   0.878087E-04   0.124399E-02   0.876053E-02   0.454061E-01   0.182747E+00   0.594512E+00   0.160661E+01   0.368269E+01   0.728221E+01   0.125888E+02   0.192348E+02   0.262493E+02   0.322854E+02   0.360658E+02   0.368433E+02   0.346204E+02   0.300829E+02   0.242828E+02   0.182807E+02   0.128811E+02   0.852252E+01   0.530808E+01   0.312017E+01   0.173471E+01   0.913766E+00   0.456759E+00   0.217063E+00   0.981822E-01   0.423138E-01   0.173880E-01   0.682533E-02   0.255884E-02   0.917404E-03   0.314649E-03   0.103351E-03   0.427973E-04
 0.000000E+00   0.470361E-12   0.185154E-11   0.698198E-11   0.252203E-10   0.872681E-10   0.289272E-09   0.918494E-09   0.279377E-08   0.814026E-08   0.000000E+00   0.000000E+00   0.000000E+00   0.000000E+00   0.000000E+00   0.000000E+00   0.000000E+00   0.100149E-07   0.000000E+00   0.000000E+00   0.000000E+00   0.000000E+00   0.857413E-09   0.000000E+00   0.000000E+00   0.000000E+00   0.000000E+00   0.000000E+00   0.000000E+00   0.178406E-07   0.000000E+00   0.000000E+00   0.000000E+00   0.000000E+00   0.000000E+00   0.000000E+00   0.000000E+00   0.000000E+00   0.000000E+00   0.000000E+00   0.000000E+00   0.900106E-08   0.000000E+00   0.000000E+00   0.000000E+00   0.000000E+00   0.000000E+00   0.000000E+00   0.000000E+00   0.000000E+00   0.000000E+00   0.000000E+00   0.000000E+00   0.000000E+00   0.000000E+00   0.000000E+00   0.000000E+00   0.000000E+00   0.000000E+00   0.000000E+00   0.000000E+00   0.000000E+00   0.000000E+00   0.000000E+00   0.000000E+00   0.000000E+00   0.000000E+00   0.000000E+00   0.000000E+00   0.000000E+00   0.000000E+00   0.000000E+00   0.170427E-01   0.250640E+00   0.125878E+01   0.421440E+01   0.971076E+01   0.155314E+02   0.170579E+02   0.125646E+02   0.586226E+01   0.152851E+01   0.967922E-01   0.231010E-07   0.219455E-07   0.331301E-08   0.000000E+00   0.000000E+00   0.000000E+00   0.000000E+00   0.582287E-08   0.000000E+00   0.849714E-04   0.122362E-02   0.863662E-02   0.448556E-01   0.180850E+00   0.589284E+00   0.159486E+01   0.366093E+01   0.724880E+01   0.125469E+02   0.191936E+02   0.262224E+02   0.322861E+02   0.361021E+02   0.369142E+02   0.347167E+02   0.301904E+02   0.243874E+02   0.183718E+02   0.129532E+02   0.857504E+01   0.534347E+01   0.314237E+01   0.174773E+01   0.920938E+00   0.460475E+00   0.218879E+00   0.990219E-01   0.426815E-01   0.175406E-01   0.688552E-02   0.258144E-02   0.925465E-03   0.317393E-03   0.104241E-03   0.431823E-04
 0.000000E+00   0.470361E-12   0.185154E-11   0.698198E-11   0.252203E-10   0.872681E-10   0.289272E-09   0.918494E-09   0.279377E-08   0.814026E-08   0.000000E+00   0.000000E+00   0.000000E+00   0.000000E+00   0.000000E+00   0.000000E+00   0.000000E+00   0.100149E-07   0.000000E+00   0.000000E+00   0.000000E+00   0.000000E+00   0.857413E-09   0.000000E+00   0.000000E+00   0.000000E+00   0.000000E+00   0.000000E+00   0.000000E+00   0.178406E-07   0.000000E+00   0.000000E+00   0.000000E+00   0.000000E+00   0.000000E+00   0.000000E+00   0.000000E+00   0.000000E+00   0.000000E+00   0.000000E+00   0.000000E+00   0.900106E-08   0.000000E+00   0.000000E+00   0.000000E+00   0.000000E+00   0.000000E+00   0.000000E+00   0.000000E+00   0.000000E+00   0.000000E+00   0.000000E+00   0.000000E+00   0.000000E+00   0.000000E+00   0.000000E+00   0.000000E+00   0.000000E+00   0.000000E+00   0.000000E+00   0.000000E+00   0.000000E+00   0.000000E+00   0.000000E+00   0.000000E+00   0.000000E+00   0.000000E+00   0.000000E+00   0.000000E+00   0.000000E+00   0.000000E+00   0.000000E+00   0.213244E-01   0.271520E+00   0.132119E+01   0.432485E+01   0.980514E+01   0.155038E+02   0.168828E+02   0.123565E+02   0.574262E+01   0.149630E+01   0.934486E-01   0.231010E-07   0.219455E-07   0.331301E-08   0.000000E+00   0.000000E+00   0.000000E+00   0.000000E+00   0.582287E-08   0.000000E+00   0.821710E-04   0.120344E-02   0.851380E-02   0.443090E-01   0.178963E+00   0.584079E+00   0.158316E+01   0.363920E+01   0.721539E+01   0.125049E+02   0.191523E+02   0.261953E+02   0.322866E+02   0.361382E+02   0.369849E+02   0.348129E+02   0.302981E+02   0.244923E+02   0.184633E+02   0.130257E+02   0.862780E+01   0.537904E+01   0.316469E+01   0.176084E+01   0.928155E+00   0.464216E+00   0.220707E+00   0.998676E-01   0.430518E-01   0.176944E-01   0.694615E-02   0.260421E-02   0.933585E-03   0.320157E-03   0.105138E-03   0.435700E-04
 0.000000E+00   0.470361E-12   0.185154E-11   0.698198E-11   0.252203E-10   0.872681E-10   0.289272E-09   0.918494E-09   0.279377E-08   0.814026E-08   0.000000E+00   0.000000E+00   0.000000E+00   0.000000E+00   0.000000E+00   0.000000E+00   0.000000E+00   0.100149E-07   0.000000E+00   0.000000E+00   0.000000E+00   0.000000E+00   0.857413E-09   0.000000E+00   0.000000E+00   0.000000E+00   0.000000E+00   0.000000E+00   0.000000E+00   0.178406E-07   0.000000E+00   0.000000E+00   0.000000E+00   0.000000E+00   0.000000E+00   0.000000E+00   0.000000E+00   0.000000E+00   0.000000E+00   0.000000E+00   0.000000E+00   0.900106E-08   0.000000E+00   0.000000E+00   0.000000E+00   0.000000E+00   0.000000E+00   0.000000E+00   0.000000E+00   0.000000E+00   0.000000E+00   0.000000E+00   0.000000E+00   0.000000E+00   0.000000E+00   0.000000E+00   0.000000E+00   0.000000E+00   0.000000E+00   0.000000E+00   0.000000E+00   0.000000E+00   0.000000E+00   0.000000E+00   0.000000E+00   0.000000E+00   0.000000E+00   0.000000E+00   0.000000E+00   0.000000E+00   0.000000E+00   0.000000E+00   0.261612E-01   0.293441E+00   0.138487E+01   0.443480E+01   0.989577E+01   0.154720E+02   0.167077E+02   0.121516E+02   0.562530E+01   0.146464E+01   0.901807E-01   0.231010E-07   0.219455E-07   0.331301E-08   0.000000E+00   0.000000E+00   0.000000E+00   0.000000E+00   0.582287E-08   0.000000E+00   0.794090E-04   0.118348E-02   0.839208E-02   0.437665E-01   0.177088E+00   0.578899E+00   0.157149E+01   0.361752E+01   0.718201E+01   0.124628E+02   0.191108E+02   0.261679E+02   0.322869E+02   0.361740E+02   0.370556E+02   0.349092E+02   0.304060E+02   0.245974E+02   0.185550E+02   0.130984E+02   0.868080E+01   0.541480E+01   0.318714E+01   0.177402E+01   0.935417E+00   0.467980E+00   0.222548E+00   0.100719E+00   0.434247E-01   0.178493E-01   0.700722E-02   0.262714E-02   0.941764E-03   0.322940E-03   0.106040E-03   0.439605E-04
 0.000000E+00   0.470361E-12   0.185154E-11   0.698198E-11   0.252203E-10   0.872681E-10   0.289272E-09   0.918494E-09   0.279377E-08   0.814026E-08   0.000000E+00   0.000000E+00   0.000000E+00   0.000000E+00   0.000000E+00   0.000000E+00   0.000000E+00   0.100149E-07   0.000000E+00   0.000000E+00   0.000000E+00   0.000000E+00   0.857413E-09   0.000000E+00   0.000000E+00   0.000000E+00   0.000000E+00   0.000000E+00   0.000000E+00   0.178406E-07   0.000000E+00   0.000000E+00   0.000000E+00   0.000000E+00   0.000000E+00   0.000000E+00   0.000000E+00   0.000000E+00   0.000000E+00   0.000000E+00   0.000000E+00   0.900106E-08   0.000000E+00   0.000000E+00   0.000000E+00   0.000000E+00   0.000000E+00   0.000000E+00   0.000000E+00   0.000000E+00   0.000000E+00   0.000000E+00   0.000000E+00   0.000000E+00   0.000000E+00   0.000000E+00   0.000000E+00   0.000000E+00   0.000000E+00   0.000000E+00   0.000000E+00   0.000000E+00   0.000000E+00   0.000000E+00   0.000000E+00   0.000000E+00   0.000000E+00   0.000000E+00   0.000000E+00   0.000000E+00   0.000000E+00   0.000000E+00   0.315792E-01   0.316434E+00   0.144977E+01   0.454415E+01   0.998267E+01   0.154362E+02   0.165328E+02   0.119499E+02   0.551022E+01   0.143352E+01   0.869856E-01   0.231010E-07   0.219455E-07   0.331301E-08   0.000000E+00   0.000000E+00   0.000000E+00   0.000000E+00   0.582287E-08   0.000000E+00   0.766869E-04   0.116373E-02   0.827151E-02   0.432283E-01   0.175226E+00   0.573746E+00   0.155987E+01   0.359589E+01   0.714865E+01   0.124207E+02   0.190692E+02   0.261403E+02   0.322868E+02   0.362095E+02   0.371260E+02   0.350055E+02   0.305139E+02   0.247028E+02   0.186470E+02   0.131714E+02   0.873404E+01   0.545073E+01   0.320970E+01   0.178727E+01   0.942724E+00   0.471770E+00   0.224401E+00   0.101576E+00   0.438002E-01   0.180053E-01   0.706873E-02   0.265024E-02   0.950002E-03   0.325744E-03   0.106949E-03   0.443537E-04
 0.000000E+00   0.470361E-12   0.185154E-11   0.698198E-11   0.252203E-10   0.872681E-10   0.289272E-09   0.918494E-09   0.279377E-08   0.814026E-08   0.000000E+00   0.000000E+00   0.000000E+00   0.000000E+00   0.000000E+00   0.000000E+00   0.000000E+00   0.100149E-07   0.000000E+00   0.000000E+00   0.000000E+00   0.000000E+00   0.857413E-09   0.000000E+00   0.000000E+00   0.000000E+00   0.000000E+00   0.000000E+00   0.000000E+00   0.178406E-07   0.000000E+00   0.000000E+00   0.000000E+00   0.000000E+00   0.000000E+00   0.000000E+00   0.000000E+00   0.000000E+00   0.000000E+00   0.000000E+00   0.000000E+00   0.900106E-08   0.000000E+00   0.000000E+00   0.000000E+00   0.000000E+00   0.000000E+00   0.000000E+00   0.000000E+00   0.000000E+00   0.000000E+00   0.000000E+00   0.000000E+00   0.000000E+00   0.000000E+00   0.000000E+00   0.000000E+00   0.000000E+00   0.000000E+00   0.000000E+00   0.000000E+00   0.000000E+00   0.000000E+00   0.000000E+00   0.000000E+00   0.000000E+00   0.000000E+00   0.000000E+00   0.000000E+00   0.000000E+00   0.000000E+00   0.000000E+00   0.376069E-01   0.340526E+00   0.151584E+01   0.465283E+01   0.100659E+02   0.153964E+02   0.163580E+02   0.117512E+02   0.539734E+01   0.140290E+01   0.838607E-01   0.231010E-07   0.219455E-07   0.331301E-08   0.000000E+00   0.000000E+00   0.000000E+00   0.000000E+00   0.582287E-08   0.000000E+00   0.740060E-04   0.114420E-02   0.815212E-02   0.426945E-01   0.173375E+00   0.568619E+00   0.154830E+01   0.357431E+01   0.711531E+01   0.123786E+02   0.190275E+02   0.261124E+02   0.322864E+02   0.362447E+02   0.371963E+02   0.351018E+02   0.306220E+02   0.248085E+02   0.187393E+02   0.132447E+02   0.878751E+01   0.548684E+01   0.323239E+01   0.180060E+01   0.950074E+00   0.475583E+00   0.226266E+00   0.102440E+00   0.441783E-01   0.181624E-01   0.713067E-02   0.267350E-02   0.958298E-03   0.328568E-03   0.107865E-03   0.447497E-04
 0.000000E+00   0.470361E-12   0.185154E-11   0.698198E-11   0.252203E-10   0.872681E-10   0.289272E-09   0.918494E-09   0.279377E-08   0.814026E-08   0.000000E+00   0.000000E+00   0.000000E+00   0.000000E+00   0.000000E+00   0.000000E+00   0.000000E+00   0.100149E-07   0.000000E+00   0.000000E+00   0.000000E+00   0.000000E+00   0.857413E-09   0.000000E+00   0.000000E+00   0.000000E+00   0.000000E+00   0.000000E+00   0.000000E+00   0.178406E-07   0.000000E+00   0.000000E+00   0.000000E+00   0.000000E+00   0.000000E+00   0.000000E+00   0.000000E+00   0.000000E+00   0.000000E+00   0.000000E+00   0.000000E+00   0.900106E-08   0.000000E+00   0.000000E+00   0.000000E+00   0.000000E+00   0.000000E+00   0.000000E+00   0.000000E+00   0.000000E+00   0.000000E+00   0.000000E+00   0.000000E+00   0.000000E+00   0.000000E+00   0.000000E+00   0.000000E+00   0.000000E+00   0.000000E+00   0.000000E+00   0.000000E+00   0.000000E+00   0.000000E+00   0.000000E+00   0.000000E+00   0.000000E+00   0.000000E+00   0.000000E+00   0.000000E+00   0.000000E+00   0.000000E+00   0.000000E+00   0.442753E-01   0.365742E+00   0.158304E+01   0.476073E+01   0.101455E+02   0.153528E+02   0.161834E+02   0.115555E+02   0.528659E+01   0.137278E+01   0.808031E-01   0.231010E-07   0.219455E-07   0.331301E-08   0.000000E+00   0.000000E+00   0.000000E+00   0.000000E+00   0.582287E-08   0.000000E+00   0.713677E-04   0.112489E-02   0.803395E-02   0.421652E-01   0.171538E+00   0.563521E+00   0.153677E+01   0.355278E+01   0.708202E+01   0.123365E+02   0.189856E+02   0.260843E+02   0.322857E+02   0.362797E+02   0.372665E+02   0.351980E+02   0.307303E+02   0.249143E+02   0.188319E+02   0.133183E+02   0.884120E+01   0.552312E+01   0.325519E+01   0.181401E+01   0.957469E+00   0.479420E+00   0.228143E+00   0.103308E+00   0.445590E-01   0.183206E-01   0.719304E-02   0.269693E-02   0.966653E-03   0.331412E-03   0.108787E-03   0.451484E-04
 0.000000E+00   0.470361E-12   0.185154E-11   0.698198E-11   0.252203E-10   0.872681E-10   0.289272E-09   0.918494E-09   0.279377E-08   0.814026E-08   0.000000E+00   0.000000E+00   0.000000E+00   0.000000E+00   0.000000E+00   0.000000E+00   0.000000E+00   0.100149E-07   0.000000E+00   0.000000E+00   0.000000E+00   0.000000E+00   0.857413E-09   0.000000E+00   0.000000E+00   0.000000E+00   0.000000E+00   0.000000E+00   0.000000E+00   0.178406E-07   0.000000E+00   0.000000E+00   0.000000E+00   0.000000E+00   0.000000E+00   0.000000E+00   0.000000E+00   0.000000E+00   0.000000E+00   0.000000E+00   0.000000E+00   0.900106E-08   0.000000E+00   0.000000E+00   0.000000E+00   0.000000E+00   0.000000E+00   0.000000E+00   0.000000E+00   0.000000E+00   0.000000E+00   0.000000E+00   0.000000E+00   0.000000E+00   0.000000E+00   0.000000E+00   0.000000E+00   0.000000E+00   0.000000E+00   0.000000E+00   0.000000E+00   0.000000E+00   0.000000E+00   0.000000E+00   0.000000E+00   0.000000E+00   0.000000E+00   0.000000E+00   0.000000E+00   0.000000E+00   0.000000E+00   0.000000E+00   0.516172E-01   0.392102E+00   0.165131E+01   0.486778E+01   0.102215E+02   0.153054E+02   0.160089E+02   0.113627E+02   0.517791E+01   0.134313E+01   0.778105E-01   0.231010E-07   0.219455E-07   0.331301E-08   0.000000E+00   0.000000E+00   0.000000E+00   0.000000E+00   0.582287E-08   0.000000E+00   0.687733E-04   0.110581E-02   0.791703E-02   0.416406E-01   0.169714E+00   0.558453E+00   0.152529E+01   0.353132E+01   0.704877E+01   0.122943E+02   0.189436E+02   0.260560E+02   0.322847E+02   0.363144E+02   0.373364E+02   0.352942E+02   0.308386E+02   0.250204E+02   0.189247E+02   0.133921E+02   0.889511E+01   0.555957E+01   0.327811E+01   0.182749E+01   0.964906E+00   0.483280E+00   0.230033E+00   0.104183E+00   0.449422E-01   0.184799E-01   0.725585E-02   0.272052E-02   0.975066E-03   0.334276E-03   0.109715E-03   0.455498E-04
 0.000000E+00   0.470361E-12   0.185154E-11   0.698198E-11   0.252203E-10   0.872681E-10   0.289272E-09   0.918494E-09   0.279377E-08   0.814026E-08   0.000000E+00   0.000000E+00   0.000000E+00   0.000000E+00   0.000000E+00   0.000000E+00   0.000000E+00   0.100149E-07   0.000000E+00   0.000000E+00   0.000000E+00   0.000000E+00   0.857413E-09   0.000000E+00   0.000000E+00   0.000000E+00   0.000000E+00   0.000000E+00   0.000000E+00   0.178406E-07   0.000000E+00   0.000000E+00   0.000000E+00   0.000000E+00   0.000000E+00   0.000000E+00   0.000000E+00   0.000000E+00   0.000000E+00   0.000000E+00   0.000000E+00   0.900106E-08   0.000000E+00   0.000000E+00   0.000000E+00   0.000000E+00   0.000000E+00   0.000000E+00   0.000000E+00   0.000000E+00   0.000000E+00   0.000000E+00   0.000000E+00   0.000000E+00   0.000000E+00   0.000000E+00   0.000000E+00   0.000000E+00   0.000000E+00   0.000000E+00   0.000000E+00   0.000000E+00   0.000000E+00   0.000000E+00   0.000000E+00   0.000000E+00   0.000000E+00   0.000000E+00   0.000000E+00   0.000000E+00   0.000000E+00   0.000000E+00   0.596679E-01   0.419623E+00   0.172062E+01   0.497390E+01   0.102939E+02   0.152544E+02   0.158345E+02   0.111728E+02   0.507125E+01   0.131393E+01   0.748803E-01   0.231010E-07   0.219455E-07   0.331301E-08   0.000000E+00   0.000000E+00   0.000000E+00   0.000000E+00   0.582287E-08   0.000000E+00   0.662240E-04   0.108695E-02   0.780139E-02   0.411208E-01   0.167905E+00   0.553416E+00   0.151386E+01   0.350993E+01   0.701557E+01   0.122521E+02   0.189014E+02   0.260274E+02   0.322835E+02   0.363488E+02   0.374061E+02   0.353903E+02   0.309470E+02   0.251266E+02   0.190178E+02   0.134662E+02   0.894924E+01   0.559618E+01   0.330115E+01   0.184104E+01   0.972387E+00   0.487164E+00   0.231934E+00   0.105064E+00   0.453280E-01   0.186403E-01   0.731909E-02   0.274427E-02   0.983537E-03   0.337159E-03   0.110649E-03   0.459540E-04
 0.000000E+00   0.470361E-12   0.185154E-11   0.698198E-11   0.252203E-10   0.872681E-10   0.289272E-09   0.918494E-09   0.279377E-08   0.814026E-08   0.000000E+00   0.000000E+00   0.000000E+00   0.000000E+00   0.000000E+00   0.000000E+00   0.000000E+00   0.100149E-07   0.000000E+00   0.000000E+00   0.000000E+00   0.000000E+00   0.857413E-09   0.000000E+00   0.000000E+00   0.000000E+00   0.000000E+00   0.000000E+00   0.000000E+00   0.178406E-07   0.000000E+00   0.000000E+00   0.000000E+00   0.000000E+00   0.000000E+00   0.000000E+00   0.000000E+00   0.000000E+00   0.000000E+00   0.000000E+00   0.000000E+00   0.900106E-08   0.000000E+00   0.000000E+00   0.000000E+00   0.000000E+00   0.000000E+00   0.000000E+00   0.000000E+00   0.000000E+00   0.000000E+00   0.000000E+00   0.000000E+00   0.000000E+00   0.000000E+00   0.000000E+00   0.000000E+00   0.000000E+00   0.000000E+00   0.000000E+00   0.000000E+00   0.000000E+00   0.000000E+00   0.000000E+00   0.000000E+00   0.000000E+00   0.000000E+00   0.000000E+00   0.000000E+00   0.000000E+00   0.000000E+00   0.369762E-10   0.684650E-01   0.448317E+00   0.179091E+01   0.507900E+01   0.103628E+02   0.152000E+02   0.156603E+02   0.109856E+02   0.496654E+01   0.128516E+01   0.720105E-01   0.231010E-07   0.219455E-07   0.331301E-08   0.000000E+00   0.000000E+00   0.000000E+00   0.000000E+00   0.582287E-08   0.000000E+00   0.637209E-04   0.106834E-02   0.768705E-02   0.406060E-01   0.166109E+00   0.548411E+00   0.150249E+01   0.348861E+01   0.698243E+01   0.122099E+02   0.188592E+02   0.259986E+02   0.322819E+02   0.363829E+02   0.374756E+02   0.354864E+02   0.310555E+02   0.252330E+02   0.191111E+02   0.135405E+02   0.900358E+01   0.563295E+01   0.332430E+01   0.185467E+01   0.979910E+00   0.491071E+00   0.233847E+00   0.105950E+00   0.457164E-01   0.188017E-01   0.738276E-02   0.276819E-02   0.992067E-03   0.340062E-03   0.111590E-03   0.463609E-04
 0.000000E+00   0.470361E-12   0.185154E-11   0.698198E-11   0.252203E-10   0.872681E-10   0.289272E-09   0.918494E-09   0.279377E-08   0.814026E-08   0.000000E+00   0.000000E+00   0.000000E+00   0.000000E+00   0.000000E+00   0.000000E+00   0.000000E+00   0.100149E-07   0.000000E+00   0.000000E+00   0.000000E+00   0.000000E+00   0.857413E-09   0.000000E+00   0.000000E+00   0.000000E+00   0.000000E+00   0.000000E+00   0.000000E+00   0.178406E-07   0.000000E+00   0.000000E+00   0.000000E+00   0.000000E+00   0.000000E+00   0.000000E+00   0.000000E+00   0.000000E+00   0.000000E+00   0.000000E+00   0.000000E+00   0.900106E-08   0.000000E+00   0.000000E+00   0.000000E+00   0.000000E+00   0.000000E+00   0.000000E+00   0.000000E+00   0.000000E+00   0.000000E+00   0.000000E+00   0.000000E+00   0.000000E+00   0.000000E+00   0.000000E+00   0.000000E+00   0.000000E+00   0.000000E+00   0.000000E+00   0.000000E+00   0.000000E+00   0.000000E+00   0.000000E+00   0.000000E+00   0.000000E+00   0.000000E+00   0.000000E+00   0.000000E+00   0.000000E+00   0.000000E+00   0.180395E-03   0.778674E-01   0.478197E+00   0.186215E+01   0.518302E+01   0.104282E+02   0.151422E+02   0.154862E+02   0.108010E+02   0.486374E+01   0.125680E+01   0.691989E-01   0.231010E-07   0.219455E-07   0.331301E-08   0.000000E+00   0.000000E+00   0.000000E+00   0.000000E+00   0.582287E-08   0.000000E+00   0.612650E-04   0.104996E-02   0.757404E-02   0.400962E-01   0.164328E+00   0.543440E+00   0.149118E+01   0.346736E+01   0.694936E+01   0.121677E+02   0.188168E+02   0.259696E+02   0.322800E+02   0.364167E+02   0.375449E+02   0.355823E+02   0.311640E+02   0.253396E+02   0.192047E+02   0.136150E+02   0.905813E+01   0.566989E+01   0.334756E+01   0.186836E+01   0.987475E+00   0.495002E+00   0.235772E+00   0.106841E+00   0.461073E-01   0.189642E-01   0.744686E-02   0.279227E-02   0.100065E-02   0.342985E-03   0.112537E-03   0.467705E-04
 0.000000E+00   0.470361E-12   0.185154E-11   0.698198E-11   0.252203E-10   0.872681E-10   0.289272E-09   0.918494E-09   0.279377E-08   0.814026E-08   0.000000E+00   0.000000E+00   0.000000E+00   0.000000E+00   0.000000E+00   0.000000E+00   0.000000E+00   0.100149E-07   0.000000E+00   0.000000E+00   0.000000E+00   0.000000E+00   0.857413E-09   0.000000E+00   0.000000E+00   0.000000E+00   0.000000E+00   0.000000E+00   0.000000E+00   0.178406E-07   0.000000E+00   0.000000E+00   0.000000E+00   0.000000E+00   0.000000E+00   0.000000E+00   0.000000E+00   0.000000E+00   0.000000E+00   0.000000E+00   0.000000E+00   0.900106E-08   0.000000E+00   0.000000E+00   0.000000E+00   0.000000E+00   0.000000E+00   0.000000E+00   0.000000E+00   0.000000E+00   0.000000E+00   0.000000E+00   0.000000E+00   0.000000E+00   0.000000E+00   0.000000E+00   0.000000E+00   0.000000E+00   0.000000E+00   0.000000E+00   0.000000E+00   0.000000E+00   0.000000E+00   0.000000E+00   0.000000E+00   0.000000E+00   0.000000E+00   0.000000E+00   0.000000E+00   0.000000E+00   0.000000E+00   0.727975E-03   0.877299E-01   0.509267E+00   0.193428E+01   0.528589E+01   0.104901E+02   0.150811E+02   0.153123E+02   0.106191E+02   0.476278E+01   0.122885E+01   0.664434E-01   0.231010E-07   0.219455E-07   0.331301E-08   0.000000E+00   0.000000E+00   0.000000E+00   0.000000E+00   0.582287E-08   0.000000E+00   0.588574E-04   0.103183E-02   0.746239E-02   0.395915E-01   0.162563E+00   0.538502E+00   0.147993E+01   0.344620E+01   0.691635E+01   0.121256E+02   0.187744E+02   0.259404E+02   0.322778E+02   0.364502E+02   0.376139E+02   0.356781E+02   0.312725E+02   0.254464E+02   0.192984E+02   0.136898E+02   0.911288E+01   0.570698E+01   0.337093E+01   0.188213E+01   0.995082E+00   0.498955E+00   0.237708E+00   0.107739E+00   0.465008E-01   0.191278E-01   0.751139E-02   0.281651E-02   0.100930E-02   0.345928E-03   0.113490E-03   0.471828E-04
 0.000000E+00   0.470361E-12   0.185154E-11   0.698198E-11   0.252203E-10   0.872681E-10   0.289272E-09   0.918494E-09   0.279377E-08   0.814026E-08   0.000000E+00   0.000000E+00   0.000000E+00   0.000000E+00   0.000000E+00   0.000000E+00   0.000000E+00   0.100149E-07   0.000000E+00   0.000000E+00   0.000000E+00   0.000000E+00   0.857413E-09   0.000000E+00   0.000000E+00   0.000000E+00   0.000000E+00   0.000000E+00   0.000000E+00   0.178406E-07   0.000000E+00   0.000000E+00   0.000000E+00   0.000000E+00   0.000000E+00   0.000000E+00   0.000000E+00   0.000000E+00   0.000000E+00   0.000000E+00   0.000000E+00   0.900106E-08   0.000000E+00   0.000000E+00   0.000000E+00   0.000000E+00   0.000000E+00   0.000000E+00   0.000000E+00   0.000000E+00   0.000000E+00   0.000000E+00   0.000000E+00   0.000000E+00   0.000000E+00   0.000000E+00   0.000000E+00   0.000000E+00   0.000000E+00   0.000000E+00   0.000000E+00   0.000000E+00   0.000000E+00   0.000000E+00   0.000000E+00   0.000000E+00   0.000000E+00   0.000000E+00   0.000000E+00   0.000000E+00   0.000000E+00   0.165236E-02   0.980859E-01   0.541535E+00   0.200725E+01   0.538754E+01   0.105486E+02   0.150168E+02   0.151386E+02   0.104396E+02   0.466362E+01   0.120127E+01   0.637423E-01   0.231010E-07   0.219455E-07   0.331301E-08   0.000000E+00   0.000000E+00   0.000000E+00   0.000000E+00   0.582287E-08   0.000000E+00   0.564990E-04   0.101394E-02   0.735213E-02   0.390922E-01   0.160812E+00   0.533600E+00   0.146874E+01   0.342512E+01   0.688343E+01   0.120834E+02   0.187318E+02   0.259109E+02   0.322753E+02   0.364834E+02   0.376827E+02   0.357738E+02   0.313811E+02   0.255532E+02   0.193924E+02   0.137648E+02   0.916782E+01   0.574423E+01   0.339441E+01   0.189597E+01   0.100273E+01   0.502931E+00   0.239657E+00   0.108641E+00   0.468967E-01   0.192925E-01   0.757634E-02   0.284091E-02   0.101800E-02   0.348890E-03   0.114450E-03   0.475979E-04
 0.000000E+00   0.470361E-12   0.185154E-11   0.698198E-11   0.252203E-10   0.872681E-10   0.289272E-09   0.918494E-09   0.279377E-08   0.814026E-08   0.000000E+00   0.000000E+00   0.000000E+00   0.000000E+00   0.000000E+00   0.000000E+00   0.000000E+00   0.100149E-07   0.000000E+00   0.000000E+00   0.000000E+00   0.000000E+00   0.857413E-09   0.000000E+00   0.000000E+00   0.000000E+00   0.000000E+00   0.000000E+00   0.000000E+00   0.178406E-07   0.000000E+00   0.000000E+00   0.000000E+00   0.000000E+00   0.000000E+00   0.000000E+00   0.000000E+00   0.000000E+00   0.000000E+00   0.000000E+00   0.000000E+00   0.900106E-08   0.000000E+00   0.000000E+00   0.000000E+00   0.000000E+00   0.000000E+00   0.000000E+00   0.000000E+00   0.000000E+00   0.000000E+00   0.000000E+00   0.000000E+00   0.000000E+00   0.000000E+00   0.000000E+00   0.000000E+00   0.000000E+00   0.000000E+00   0.000000E+00   0.000000E+00   0.000000E+00   0.000000E+00   0.000000E+00   0.000000E+00   0.000000E+00   0.000000E+00   0.000000E+00   0.000000E+00   0.000000E+00   0.000000E+00   0.296404E-02   0.108970E+00   0.575001E+00   0.208103E+01   0.548791E+01   0.106037E+02   0.149494E+02   0.149650E+02   0.102626E+02   0.456619E+01   0.117406E+01   0.610938E-01   0.231010E-07   0.219455E-07   0.331301E-08   0.000000E+00   0.000000E+00   0.000000E+00   0.000000E+00   0.582287E-08   0.000000E+00   0.541905E-04   0.996304E-03   0.724326E-02   0.385982E-01   0.159078E+00   0.528735E+00   0.145762E+01   0.340413E+01   0.685058E+01   0.120413E+02   0.186892E+02   0.258813E+02   0.322725E+02   0.365162E+02   0.377512E+02   0.358694E+02   0.314897E+02   0.256602E+02   0.194865E+02   0.138400E+02   0.922295E+01   0.578163E+01   0.341800E+01   0.190987E+01   0.101042E+01   0.506930E+00   0.241617E+00   0.109550E+00   0.472952E-01   0.194582E-01   0.764172E-02   0.286548E-02   0.102676E-02   0.351872E-03   0.115416E-03   0.480156E-04
 0.000000E+00   0.470361E-12   0.185154E-11   0.698198E-11   0.252203E-10   0.872681E-10   0.289272E-09   0.918494E-09   0.279377E-08   0.814026E-08   0.000000E+00   0.000000E+00   0.000000E+00   0.000000E+00   0.000000E+00   0.000000E+00   0.000000E+00   0.100149E-07   0.000000E+00   0.000000E+00   0.000000E+00   0.000000E+00   0.857413E-09   0.000000E+00   0.000000E+00   0.000000E+00   0.000000E+00   0.000000E+00   0.000000E+00   0.178406E-07   0.000000E+00   0.000000E+00   0.000000E+00   0.000000E+00   0.000000E+00   0.000000E+00   0.000000E+00   0.000000E+00   0.000000E+00   0.000000E+00   0.000000E+00   0.900106E-08   0.000000E+00   0.000000E+00   0.000000E+00   0.000000E+00   0.000000E+00   0.000000E+00   0.000000E+00   0.000000E+00   0.000000E+00   0.000000E+00   0.000000E+00   0.000000E+00   0.000000E+00   0.000000E+00   0.000000E+00   0.000000E+00   0.000000E+00   0.000000E+00   0.000000E+00   0.000000E+00   0.000000E+00   0.000000E+00   0.000000E+00   0.000000E+00   0.000000E+00   0.000000E+00   0.000000E+00   0.000000E+00   0.000000E+00   0.467471E-02   0.120417E+00   0.609665E+00   0.215556E+01   0.558693E+01   0.106554E+02   0.148791E+02   0.147915E+02   0.100880E+02   0.447045E+01   0.114720E+01   0.584964E-01   0.231010E-07   0.219455E-07   0.331301E-08   0.000000E+00   0.000000E+00   0.000000E+00   0.000000E+00   0.582287E-08   0.000000E+00   0.519327E-04   0.978914E-03   0.713582E-02   0.381097E-01   0.157360E+00   0.523907E+00   0.144656E+01   0.338323E+01   0.681783E+01   0.119992E+02   0.186465E+02   0.258514E+02   0.322694E+02   0.365487E+02   0.378195E+02   0.359648E+02   0.315982E+02   0.257674E+02   0.195808E+02   0.139154E+02   0.927827E+01   0.581917E+01   0.344169E+01   0.192385E+01   0.101815E+01   0.510950E+00   0.243588E+00   0.110464E+00   0.476961E-01   0.196250E-01   0.770752E-02   0.289020E-02   0.103558E-02   0.354873E-03   0.116388E-03   0.484360E-04
 0.000000E+00   0.470361E-12   0.185154E-11   0.698198E-11   0.252203E-10   0.872681E-10   0.289272E-09   0.918494E-09   0.279377E-08   0.814026E-08   0.000000E+00   0.000000E+00   0.000000E+00   0.000000E+00   0.000000E+00   0.000000E+00   0.000000E+00   0.100149E-07   0.000000E+00   0.000000E+00   0.000000E+00   0.000000E+00   0.857413E-09   0.000000E+00   0.000000E+00   0.000000E+00   0.000000E+00   0.000000E+00   0.000000E+00   0.178406E-07   0.000000E+00   0.000000E+00   0.000000E+00   0.000000E+00   0.000000E+00   0.000000E+00   0.000000E+00   0.000000E+00   0.000000E+00   0.000000E+00   0.000000E+00   0.900106E-08   0.000000E+00   0.000000E+00   0.000000E+00   0.000000E+00   0.000000E+00   0.000000E+00   0.000000E+00   0.000000E+00   0.000000E+00   0.000000E+00   0.000000E+00   0.000000E+00   0.000000E+00   0.000000E+00   0.000000E+00   0.000000E+00   0.000000E+00   0.000000E+00   0.000000E+00   0.000000E+00   0.000000E+00   0.000000E+00   0.000000E+00   0.000000E+00   0.000000E+00   0.000000E+00   0.000000E+00   0.000000E+00   0.000000E+00   0.679752E-02   0.132461E+00   0.645526E+00   0.223080E+01   0.568456E+01   0.107038E+02   0.148059E+02   0.146182E+02   0.991567E+01   0.437634E+01   0.112068E+01   0.559487E-01   0.231010E-07   0.219455E-07   0.331301E-08   0.000000E+00   0.000000E+00   0.000000E+00   0.000000E+00   0.582287E-08   0.000000E+00   0.497264E-04   0.961777E-03   0.702981E-02   0.376268E-01   0.155658E+00   0.519117E+00   0.143558E+01   0.336243E+01   0.678518E+01   0.119571E+02   0.186038E+02   0.258213E+02   0.322660E+02   0.365808E+02   0.378874E+02   0.360601E+02   0.317068E+02   0.258746E+02   0.196753E+02   0.139910E+02   0.933376E+01   0.585686E+01   0.346548E+01   0.193789E+01   0.102592E+01   0.514993E+00   0.245570E+00   0.111383E+00   0.480996E-01   0.197929E-01   0.777374E-02   0.291509E-02   0.104446E-02   0.357894E-03   0.117367E-03   0.488592E-04
 0.000000E+00   0.470361E-12   0.185154E-11   0.698198E-11   0.252203E-10   0.872681E-10   0.289272E-09   0.918494E-09   0.279377E-08   0.814026E-08   0.000000E+00   0.000000E+00   0.000000E+00   0.000000E+00   0.000000E+00   0.000000E+00   0.000000E+00   0.100149E-07   0.000000E+00   0.000000E+00   0.000000E+00   0.000000E+00   0.857413E-09   0.000000E+00   0.000000E+00   0.000000E+00   0.000000E+00   0.000000E+00   0.000000E+00   0.178406E-07   0.000000E+00   0.000000E+00   0.000000E+00   0.000000E+00   0.000000E+00   0.000000E+00   0.000000E+00   0.000000E+00   0.000000E+00   0.000000E+00   0.000000E+00   0.900106E-08   0.000000E+00   0.000000E+00   0.000000E+00   0.000000E+00   0.000000E+00   0.000000E+00   0.000000E+00   0.000000E+00   0.000000E+00   0.000000E+00   0.000000E+00   0.000000E+00   0.000000E+00   0.000000E+00   0.000000E+00   0.000000E+00   0.000000E+00   0.000000E+00   0.000000E+00   0.000000E+00   0.000000E+00   0.000000E+00   0.000000E+00   0.000000E+00   0.000000E+00   0.000000E+00   0.000000E+00   0.000000E+00   0.000000E+00   0.934732E-02   0.145137E+00   0.682578E+00   0.230669E+01   0.578073E+01   0.107488E+02   0.147298E+02   0.144451E+02   0.974558E+01   0.428380E+01   0.109448E+01   0.534494E-01   0.231010E-07   0.219455E-07   0.331301E-08   0.000000E+00   0.000000E+00   0.000000E+00   0.000000E+00   0.582287E-08   0.000000E+00   0.475721E-04   0.944894E-03   0.692527E-02   0.371495E-01   0.153974E+00   0.514367E+00   0.142466E+01   0.334173E+01   0.675263E+01   0.119151E+02   0.185609E+02   0.257911E+02   0.322622E+02   0.366126E+02   0.379550E+02   0.361551E+02   0.318153E+02   0.259818E+02   0.197700E+02   0.140667E+02   0.938944E+01   0.589468E+01   0.348937E+01   0.195199E+01   0.103373E+01   0.519058E+00   0.247564E+00   0.112308E+00   0.485054E-01   0.199618E-01   0.784039E-02   0.294014E-02   0.105339E-02   0.360935E-03   0.118351E-03   0.492850E-04
 0.000000E+00   0.470361E-12   0.185154E-11   0.698198E-11   0.252203E-10   0.872681E-10   0.289272E-09   0.918494E-09   0.279377E-08   0.814026E-08   0.000000E+00   0.000000E+00   0.000000E+00   0.000000E+00   0.000000E+00   0.000000E+00   0.000000E+00   0.100149E-07   0.000000E+00   0.000000E+00   0.000000E+00   0.000000E+00   0.857413E-09   0.000000E+00   0.000000E+00   0.000000E+00   0.000000E+00   0.000000E+00   0.000000E+00   0.178406E-07   0.000000E+00   0.000000E+00   0.000000E+00   0.000000E+00   0.000000E+00   0.000000E+00   0.000000E+00   0.000000E+00   0.000000E+00   0.000000E+00   0.000000E+00   0.900106E-08   0.000000E+00   0.000000E+00   0.000000E+00   0.000000E+00   0.000000E+00   0.000000E+00   0.000000E+00   0.000000E+00   0.000000E+00   0.000000E+00   0.000000E+00   0.000000E+00   0.000000E+00   0.000000E+00   0.000000E+00   0.000000E+00   0.000000E+00   0.000000E+00   0.000000E+00   0.000000E+00   0.000000E+00   0.000000E+00   0.000000E+00   0.000000E+00   0.000000E+00   0.000000E+00   0.000000E+00   0.000000E+00   0.000000E+00   0.123408E-01   0.158478E+00   0.720816E+00   0.238319E+01   0.587541E+01   0.107906E+02   0.146511E+02   0.142721E+02   0.957765E+01   0.419280E+01   0.106858E+01   0.509973E-01   0.231010E-07   0.219455E-07   0.331301E-08   0.000000E+00   0.000000E+00   0.000000E+00   0.000000E+00   0.582287E-08   0.000000E+00   0.454704E-04   0.928267E-03   0.682220E-02   0.366779E-01   0.152306E+00   0.509657E+00   0.141382E+01   0.332114E+01   0.672019E+01   0.118732E+02   0.185181E+02   0.257606E+02   0.322582E+02   0.366440E+02   0.380224E+02   0.362500E+02   0.319237E+02   0.260892E+02   0.198648E+02   0.141427E+02   0.944528E+01   0.593265E+01   0.351337E+01   0.196616E+01   0.104157E+01   0.523145E+00   0.249569E+00   0.113238E+00   0.489138E-01   0.201317E-01   0.790745E-02   0.296534E-02   0.106238E-02   0.363995E-03   0.119342E-03   0.497135E-04
 0.000000E+00   0.470361E-12   0.185154E-11   0.698198E-11   0.252203E-10   0.872681E-10   0.289272E-09   0.918494E-09   0.279377E-08   0.814026E-08   0.000000E+00   0.000000E+00   0.000000E+00   0.000000E+00   0.000000E+00   0.000000E+00   0.000000E+00   0.100149E-07   0.000000E+00   0.000000E+00   0.000000E+00   0.000000E+00   0.857413E-09   0.000000E+00   0.000000E+00   0.000000E+00   0.000000E+00   0.000000E+00   0.000000E+00   0.178406E-07   0.000000E+00   0.000000E+00   0.000000E+00   0.000000E+00   0.000000E+00   0.000000E+00   0.000000E+00   0.000000E+00   0.000000E+00   0.000000E+00   0.000000E+00   0.900106E-08   0.000000E+00   0.000000E+00   0.000000E+00   0.000000E+00   0.000000E+00   0.000000E+00   0.000000E+00   0.000000E+00   0.000000E+00   0.000000E+00   0.000000E+00   0.000000E+00   0.000000E+00   0.000000E+00   0.000000E+00   0.000000E+00   0.000000E+00   0.000000E+00   0.000000E+00   0.000000E+00   0.000000E+00   0.000000E+00   0.000000E+00   0.000000E+00   0.000000E+00   0.000000E+00   0.000000E+00   0.000000E+00   0.000000E+00   0.157966E-01   0.172517E+00   0.760233E+00   0.246025E+01   0.596853E+01   0.108291E+02   0.145697E+02   0.140993E+02   0.941182E+01   0.410329E+01   0.104299E+01   0.485915E-01   0.231010E-07   0.219455E-07   0.331301E-08   0.000000E+00   0.000000E+00   0.000000E+00   0.000000E+00   0.582287E-08   0.000000E+00   0.434217E-04   0.911896E-03   0.672062E-02   0.362121E-01   0.150656E+00   0.504988E+00   0.140306E+01   0.330066E+01   0.668786E+01   0.118313E+02   0.184752E+02   0.257300E+02   0.322538E+02   0.366751E+02   0.380893E+02   0.363446E+02   0.320320E+02   0.261966E+02   0.199598E+02   0.142188E+02   0.950128E+01   0.597075E+01   0.353746E+01   0.198040E+01   0.104946E+01   0.527252E+00   0.251586E+00   0.114174E+00   0.493245E-01   0.203027E-01   0.797492E-02   0.299070E-02   0.107142E-02   0.367074E-03   0.120339E-03   0.501447E-04
 0.000000E+00   0.470361E-12   0.185154E-11   0.698198E-11   0.252203E-10   0.872681E-10   0.289272E-09   0.918494E-09   0.279377E-08   0.814026E-08   0.000000E+00   0.000000E+00   0.000000E+00   0.000000E+00   0.000000E+00   0.000000E+00   0.000000E+00   0.100149E-07   0.000000E+00   0.000000E+00   0.000000E+00   0.000000E+00   0.857413E-09   0.000000E+00   0.000000E+00   0.000000E+00   0.000000E+00   0.000000E+00   0.000000E+00   0.178406E-07   0.000000E+00   0.000000E+00   0.000000E+00   0.000000E+00   0.000000E+00   0.000000E+00   0.000000E+00   0.000000E+00   0.000000E+00   0.000000E+00   0.000000E+00   0.900106E-08   0.000000E+00   0.000000E+00   0.000000E+00   0.000000E+00   0.000000E+00   0.000000E+00   0.000000E+00   0.000000E+00   0.000000E+00   0.000000E+00   0.000000E+00   0.000000E+00   0.000000E+00   0.000000E+00   0.000000E+00   0.000000E+00   0.000000E+00   0.000000E+00   0.000000E+00   0.000000E+00   0.000000E+00   0.000000E+00   0.000000E+00   0.000000E+00   0.000000E+00   0.000000E+00   0.000000E+00   0.000000E+00   0.000000E+00   0.197354E-01   0.187285E+00   0.800818E+00   0.253781E+01   0.606006E+01   0.108643E+02   0.144858E+02   0.139266E+02   0.924804E+01   0.401522E+01   0.101767E+01   0.462312E-01   0.231010E-07   0.219455E-07   0.331301E-08   0.000000E+00   0.000000E+00   0.000000E+00   0.000000E+00   0.582287E-08   0.000000E+00   0.414264E-04   0.895784E-03   0.662053E-02   0.357522E-01   0.149024E+00   0.500361E+00   0.139237E+01   0.328029E+01   0.665565E+01   0.117895E+02   0.184322E+02   0.256991E+02   0.322491E+02   0.367058E+02   0.381560E+02   0.364390E+02   0.321403E+02   0.263040E+02   0.200548E+02   0.142951E+02   0.955744E+01   0.600898E+01   0.356164E+01   0.199469E+01   0.105738E+01   0.531381E+00   0.253613E+00   0.115115E+00   0.497377E-01   0.204747E-01   0.804281E-02   0.301623E-02   0.108053E-02   0.370172E-03   0.121343E-03   0.505785E-04
 0.000000E+00   0.470361E-12   0.185154E-11   0.698198E-11   0.252203E-10   0.872681E-10   0.289272E-09   0.918494E-09   0.279377E-08   0.814026E-08   0.000000E+00   0.000000E+00   0.000000E+00   0.000000E+00   0.000000E+00   0.000000E+00   0.000000E+00   0.100149E-07   0.000000E+00   0.000000E+00   0.000000E+00   0.000000E+00   0.857413E-09   0.000000E+00   0.000000E+00   0.000000E+00   0.000000E+00   0.000000E+00   0.000000E+00   0.178406E-07   0.000000E+00   0.000000E+00   0.000000E+00   0.000000E+00   0.000000E+00   0.000000E+00   0.000000E+00   0.000000E+00   0.000000E+00   0.000000E+00   0.000000E+00   0.900106E-08   0.000000E+00   0.000000E+00   0.000000E+00   0.000000E+00   0.000000E+00   0.000000E+00   0.000000E+00   0.000000E+00   0.000000E+00   0.000000E+00   0.000000E+00   0.000000E+00   0.000000E+00   0.000000E+00   0.000000E+00   0.000000E+00   0.000000E+00   0.000000E+00   0.000000E+00   0.000000E+00   0.000000E+00   0.000000E+00   0.000000E+00   0.000000E+00   0.000000E+00   0.000000E+00   0.000000E+00   0.000000E+00   0.000000E+00   0.241801E-01   0.202813E+00   0.842561E+00   0.261583E+01   0.614995E+01   0.108963E+02   0.143994E+02   0.137541E+02   0.908623E+01   0.392855E+01   0.992630E+00   0.439158E-01   0.231010E-07   0.219455E-07   0.331301E-08   0.000000E+00   0.000000E+00   0.000000E+00   0.000000E+00   0.582287E-08   0.000000E+00   0.394848E-04   0.879930E-03   0.652197E-02   0.352982E-01   0.147410E+00   0.495777E+00   0.138177E+01   0.326004E+01   0.662358E+01   0.117477E+02   0.183892E+02   0.256681E+02   0.322441E+02   0.367361E+02   0.382223E+02   0.365331E+02   0.322484E+02   0.264115E+02   0.201500E+02   0.143716E+02   0.961375E+01   0.604733E+01   0.358592E+01   0.200905E+01   0.106535E+01   0.535531E+00   0.255651E+00   0.116061E+00   0.501533E-01   0.206478E-01   0.811112E-02   0.304190E-02   0.108968E-02   0.373290E-03   0.122352E-03   0.510150E-04
 0.000000E+00   0.470361E-12   0.185154E-11   0.698198E-11   0.252203E-10   0.872681E-10   0.289272E-09   0.918494E-09   0.279377E-08   0.814026E-08   0.000000E+00   0.000000E+00   0.000000E+00   0.000000E+00   0.000000E+00   0.000000E+00   0.000000E+00   0.100149E-07   0.000000E+00   0.000000E+00   0.000000E+00   0.000000E+00   0.857413E-09   0.000000E+00   0.000000E+00   0.000000E+00   0.000000E+00   0.000000E+00   0.000000E+00   0.178406E-07   0.000000E+00   0.000000E+00   0.000000E+00   0.000000E+00   0.000000E+00   0.000000E+00   0.000000E+00   0.000000E+00   0.000000E+00   0.000000E+00   0.000000E+00   0.900106E-08   0.000000E+00   0.000000E+00   0.000000E+00   0.000000E+00   0.000000E+00   0.000000E+00   0.000000E+00   0.000000E+00   0.000000E+00   0.000000E+00   0.000000E+00   0.000000E+00   0.000000E+00   0.000000E+00   0.000000E+00   0.000000E+00   0.000000E+00   0.000000E+00   0.000000E+00   0.000000E+00   0.000000E+00   0.000000E+00   0.000000E+00   0.000000E+00   0.000000E+00   0.000000E+00   0.000000E+00   0.000000E+00   0.000000E+00   0.291557E-01   0.219129E+00   0.885449E+00   0.269425E+01   0.623815E+01   0.109251E+02   0.143106E+02   0.135818E+02   0.892634E+01   0.384324E+01   0.967851E+00   0.416447E-01   0.231010E-07   0.219455E-07   0.331301E-08   0.000000E+00   0.000000E+00   0.000000E+00   0.000000E+00   0.582287E-08   0.000000E+00   0.375972E-04   0.864336E-03   0.642492E-02   0.348503E-01   0.145814E+00   0.491236E+00   0.137124E+01   0.323991E+01   0.659163E+01   0.117061E+02   0.183462E+02   0.256370E+02   0.322388E+02   0.367660E+02   0.382882E+02   0.366270E+02   0.323565E+02   0.265189E+02   0.202453E+02   0.144482E+02   0.967020E+01   0.608581E+01   0.361029E+01   0.202347E+01   0.107334E+01   0.539702E+00   0.257699E+00   0.117013E+00   0.505712E-01   0.208218E-01   0.817983E-02   0.306774E-02   0.109890E-02   0.376426E-03   0.123368E-03   0.514542E-04
 0.000000E+00   0.470361E-12   0.185154E-11   0.698198E-11   0.252203E-10   0.872681E-10   0.289272E-09   0.918494E-09   0.279377E-08   0.814026E-08   0.000000E+00   0.000000E+00   0.000000E+00   0.000000E+00   0.000000E+00   0.000000E+00   0.000000E+00   0.100149E-07   0.000000E+00   0.000000E+00   0.000000E+00   0.000000E+00   0.857413E-09   0.000000E+00   0.000000E+00   0.000000E+00   0.000000E+00   0.000000E+00   0.000000E+00   0.178406E-07   0.000000E+00   0.000000E+00   0.000000E+00   0.000000E+00   0.000000E+00   0.000000E+00   0.000000E+00   0.000000E+00   0.000000E+00   0.000000E+00   0.000000E+00   0.900106E-08   0.000000E+00   0.000000E+00   0.000000E+00   0.000000E+00   0.000000E+00   0.000000E+00   0.000000E+00   0.000000E+00   0.000000E+00   0.000000E+00   0.000000E+00   0.000000E+00   0.000000E+00   0.000000E+00   0.000000E+00   0.000000E+00   0.000000E+00   0.000000E+00   0.000000E+00   0.000000E+00   0.000000E+00   0.000000E+00   0.000000E+00   0.000000E+00   0.000000E+00   0.000000E+00   0.000000E+00   0.000000E+00   0.000000E+00   0.346893E-01   0.236260E+00   0.929470E+00   0.277302E+01   0.632464E+01   0.109508E+02   0.142194E+02   0.134096E+02   0.876832E+01   0.375926E+01   0.943325E+00   0.394177E-01   0.231010E-07   0.219455E-07   0.331301E-08   0.000000E+00   0.000000E+00   0.000000E+00   0.000000E+00   0.582287E-08   0.000000E+00   0.357638E-04   0.849001E-03   0.632940E-02   0.344084E-01   0.144236E+00   0.486739E+00   0.136080E+01   0.321990E+01   0.655983E+01   0.116645E+02   0.183031E+02   0.256056E+02   0.322332E+02   0.367955E+02   0.383537E+02   0.367206E+02   0.324643E+02   0.266264E+02   0.203407E+02   0.145249E+02   0.972680E+01   0.612441E+01   0.363475E+01   0.203795E+01   0.108138E+01   0.543893E+00   0.259759E+00   0.117969E+00   0.509916E-01   0.209969E-01   0.824895E-02   0.309373E-02   0.110817E-02   0.379582E-03   0.124389E-03   0.518960E-04
 0.000000E+00   0.470361E-12   0.185154E-11   0.698198E-11   0.252203E-10   0.872681E-10   0.289272E-09   0.918494E-09   0.279377E-08   0.814026E-08   0.000000E+00   0.000000E+00   0.000000E+00   0.000000E+00   0.000000E+00   0.000000E+00   0.000000E+00   0.100149E-07   0.000000E+00   0.000000E+00   0.000000E+00   0.000000E+00   0.857413E-09   0.000000E+00   0.000000E+00   0.000000E+00   0.000000E+00   0.000000E+00   0.000000E+00   0.178406E-07   0.000000E+00   0.000000E+00   0.000000E+00   0.000000E+00   0.000000E+00   0.000000E+00   0.000000E+00   0.000000E+00   0.000000E+00   0.000000E+00   0.000000E+00   0.900106E-08   0.000000E+00   0.000000E+00   0.000000E+00   0.000000E+00   0.000000E+00   0.000000E+00   0.000000E+00   0.000000E+00   0.000000E+00   0.000000E+00   0.000000E+00   0.000000E+00   0.000000E+00   0.000000E+00   0.000000E+00   0.000000E+00   0.000000E+00   0.000000E+00   0.000000E+00   0.000000E+00   0.000000E+00   0.000000E+00   0.000000E+00   0.000000E+00   0.000000E+00   0.000000E+00   0.000000E+00   0.000000E+00   0.000000E+00   0.408103E-01   0.254233E+00   0.974608E+00   0.285209E+01   0.640937E+01   0.109732E+02   0.141260E+02   0.132375E+02   0.861210E+01   0.367657E+01   0.919042E+00   0.372345E-01   0.231010E-07   0.219455E-07   0.331301E-08   0.000000E+00   0.000000E+00   0.000000E+00   0.000000E+00   0.582287E-08   0.000000E+00   0.339846E-04   0.833925E-03   0.623542E-02   0.339725E-01   0.142677E+00   0.482287E+00   0.135045E+01   0.320002E+01   0.652817E+01   0.116231E+02   0.182601E+02   0.255741E+02   0.322273E+02   0.368247E+02   0.384189E+02   0.368139E+02   0.325721E+02   0.267338E+02   0.204361E+02   0.146017E+02   0.978353E+01   0.616312E+01   0.365929E+01   0.205249E+01   0.108945E+01   0.548104E+00   0.261829E+00   0.118931E+00   0.514142E-01   0.211730E-01   0.831847E-02   0.311987E-02   0.111750E-02   0.382757E-03   0.125417E-03   0.523404E-04
 0.000000E+00   0.470361E-12   0.185154E-11   0.698198E-11   0.252203E-10   0.872681E-10   0.289272E-09   0.918494E-09   0.279377E-08   0.814026E-08   0.000000E+00   0.000000E+00   0.000000E+00   0.000000E+00   0.000000E+00   0.000000E+00   0.000000E+00   0.100149E-07   0.000000E+00   0.000000E+00   0.000000E+00   0.000000E+00   0.857413E-09   0.000000E+00   0.000000E+00   0.000000E+00   0.000000E+00   0.000000E+00   0.000000E+00   0.178406E-07   0.000000E+00   0.000000E+00   0.000000E+00   0.000000E+00   0.000000E+00   0.000000E+00   0.000000E+00   0.000000E+00   0.000000E+00   0.000000E+00   0.000000E+00   0.900106E-08   0.000000E+00   0.000000E+00   0.000000E+00   0.000000E+00   0.000000E+00   0.000000E+00   0.000000E+00   0.000000E+00   0.000000E+00   0.000000E+00   0.000000E+00   0.000000E+00   0.000000E+00   0.000000E+00   0.000000E+00   0.000000E+00   0.000000E+00   0.000000E+00   0.000000E+00   0.000000E+00   0.000000E+00   0.000000E+00   0.000000E+00   0.000000E+00   0.000000E+00   0.000000E+00   0.000000E+00   0.000000E+00   0.440173E-04   0.475063E-01   0.273070E+00   0.102085E+01   0.293139E+01   0.649231E+01   0.109925E+02   0.140303E+02   0.130656E+02   0.845764E+01   0.359514E+01   0.894994E+00   0.350953E-01   0.231010E-07   0.219455E-07   0.331301E-08   0.000000E+00   0.000000E+00   0.000000E+00   0.000000E+00   0.582287E-08   0.000000E+00   0.322596E-04   0.819110E-03   0.614299E-02   0.335429E-01   0.141137E+00   0.477881E+00   0.134018E+01   0.318028E+01   0.649666E+01   0.115818E+02   0.182171E+02   0.255424E+02   0.322210E+02   0.368534E+02   0.384836E+02   0.369069E+02   0.326796E+02   0.268412E+02   0.205316E+02   0.146787E+02   0.984038E+01   0.620194E+01   0.368392E+01   0.206708E+01   0.109755E+01   0.552335E+00   0.263909E+00   0.119898E+00   0.518392E-01   0.213500E-01   0.838840E-02   0.314617E-02   0.112688E-02   0.385950E-03   0.126451E-03   0.527875E-04
 0.000000E+00   0.470361E-12   0.185154E-11   0.698198E-11   0.252203E-10   0.872681E-10   0.289272E-09   0.918494E-09   0.279377E-08   0.814026E-08   0.000000E+00   0.000000E+00   0.000000E+00   0.000000E+00   0.000000E+00   0.000000E+00   0.000000E+00   0.100149E-07   0.000000E+00   0.000000E+00   0.000000E+00   0.000000E+00   0.857413E-09   0.000000E+00   0.000000E+00   0.000000E+00   0.000000E+00   0.000000E+00   0.000000E+00   0.178406E-07   0.000000E+00   0.000000E+00   0.000000E+00   0.000000E+00   0.000000E+00   0.000000E+00   0.000000E+00   0.000000E+00   0.000000E+00   0.000000E+00   0.000000E+00   0.900106E-08   0.000000E+00   0.000000E+00   0.000000E+00   0.000000E+00   0.000000E+00   0.000000E+00   0.000000E+00   0.000000E+00   0.000000E+00   0.000000E+00   0.000000E+00   0.000000E+00   0.000000E+00   0.000000E+00   0.000000E+00   0.000000E+00   0.000000E+00   0.000000E+00   0.000000E+00   0.000000E+00   0.000000E+00   0.000000E+00   0.000000E+00   0.000000E+00   0.000000E+00   0.000000E+00   0.000000E+00   0.000000E+00   0.383631E-03   0.545592E-01   0.292794E+00   0.106817E+01   0.301088E+01   0.657341E+01   0.110087E+02   0.139325E+02   0.128938E+02   0.830487E+01   0.351493E+01   0.871173E+00   0.330002E-01   0.231010E-07   0.219455E-07   0.331301E-08   0.000000E+00   0.000000E+00   0.000000E+00   0.000000E+00   0.582287E-08   0.000000E+00   0.305889E-04   0.804554E-03   0.605210E-02   0.331194E-01   0.139616E+00   0.473522E+00   0.133000E+01   0.316067E+01   0.646531E+01   0.115405E+02   0.181740E+02   0.255106E+02   0.322144E+02   0.368817E+02   0.385479E+02   0.369996E+02   0.327870E+02   0.269486E+02   0.206271E+02   0.147557E+02   0.989736E+01   0.624087E+01   0.370863E+01   0.208173E+01   0.110569E+01   0.556586E+00   0.266000E+00   0.120870E+00   0.522665E-01   0.215281E-01   0.845873E-02   0.317261E-02   0.113631E-02   0.389162E-03   0.127491E-03   0.532371E-04
 0.000000E+00   0.470361E-12   0.185154E-11   0.698198E-11   0.252203E-10   0.872681E-10   0.289272E-09   0.918494E-09   0.279377E-08   0.814026E-08   0.000000E+00   0.000000E+00   0.000000E+00   0.000000E+00   0.000000E+00   0.000000E+00   0.000000E+00   0.100149E-07   0.000000E+00   0.000000E+00   0.000000E+00   0.000000E+00   0.857413E-09   0.000000E+00   0.000000E+00   0.000000E+00   0.000000E+00   0.000000E+00   0.000000E+00   0.178406E-07   0.000000E+00   0.000000E+00   0.000000E+00   0.000000E+00   0.000000E+00   0.000000E+00   0.000000E+00   0.000000E+00   0.000000E+00   0.000000E+00   0.000000E+00   0.900106E-08   0.000000E+00   0.000000E+00   0.000000E+00   0.000000E+00   0.000000E+00   0.000000E+00   0.000000E+00   0.000000E+00   0.000000E+00   0.000000E+00   0.000000E+00   0.000000E+00   0.000000E+00   0.000000E+00   0.000000E+00   0.000000E+00   0.000000E+00   0.000000E+00   0.000000E+00   0.000000E+00   0.000000E+00   0.000000E+00   0.000000E+00   0.000000E+00   0.000000E+00   0.000000E+00   0.000000E+00   0.000000E+00   0.106738E-02   0.619565E-01   0.313425E+00   0.111655E+01   0.309050E+01   0.665265E+01   0.110217E+02   0.138326E+02   0.127223E+02   0.815376E+01   0.343592E+01   0.847571E+00   0.309497E-01   0.231010E-07   0.219455E-07   0.331301E-08   0.000000E+00   0.000000E+00   0.000000E+00   0.000000E+00   0.582287E-08   0.000000E+00   0.289722E-04   0.790258E-03   0.596277E-02   0.327021E-01   0.138115E+00   0.469209E+00   0.131991E+01   0.314119E+01   0.643412E+01   0.114995E+02   0.181310E+02   0.254786E+02   0.322075E+02   0.369096E+02   0.386119E+02   0.370919E+02   0.328941E+02   0.270558E+02   0.207227E+02   0.148329E+02   0.995445E+01   0.627991E+01   0.373342E+01   0.209643E+01   0.111387E+01   0.560855E+00   0.268100E+00   0.121846E+00   0.526960E-01   0.217071E-01   0.852945E-02   0.319922E-02   0.114580E-02   0.392393E-03   0.128537E-03   0.536894E-04
 0.000000E+00   0.470361E-12   0.185154E-11   0.698198E-11   0.252203E-10   0.872681E-10   0.289272E-09   0.918494E-09   0.279377E-08   0.814026E-08   0.000000E+00   0.000000E+00   0.000000E+00   0.000000E+00   0.000000E+00   0.000000E+00   0.000000E+00   0.100149E-07   0.000000E+00   0.000000E+00   0.000000E+00   0.000000E+00   0.857413E-09   0.000000E+00   0.000000E+00   0.000000E+00   0.000000E+00   0.000000E+00   0.000000E+00   0.178406E-07   0.000000E+00   0.000000E+00   0.000000E+00   0.000000E+00   0.000000E+00   0.000000E+00   0.000000E+00   0.000000E+00   0.000000E+00   0.000000E+00   0.000000E+00   0.900106E-08   0.000000E+00   0.000000E+00   0.000000E+00   0.000000E+00   0.000000E+00   0.000000E+00   0.000000E+00   0.000000E+00   0.000000E+00   0.000000E+00   0.000000E+00   0.000000E+00   0.000000E+00   0.000000E+00   0.000000E+00   0.000000E+00   0.000000E+00   0.000000E+00   0.000000E+00   0.000000E+00   0.000000E+00   0.000000E+00   0.000000E+00   0.000000E+00   0.000000E+00   0.000000E+00   0.000000E+00   0.000000E+00   0.210582E-02   0.697252E-01   0.334982E+00   0.116599E+01   0.317020E+01   0.672999E+01   0.110316E+02   0.137306E+02   0.125508E+02   0.800425E+01   0.335808E+01   0.824183E+00   0.289443E-01   0.231010E-07   0.219455E-07   0.331301E-08   0.000000E+00   0.000000E+00   0.000000E+00   0.000000E+00   0.582287E-08   0.000000E+00   0.274095E-04   0.776220E-03   0.587500E-02   0.322911E-01   0.136632E+00   0.464943E+00   0.130992E+01   0.312186E+01   0.640310E+01   0.114585E+02   0.180880E+02   0.254464E+02   0.322003E+02   0.369370E+02   0.386753E+02   0.371838E+02   0.330010E+02   0.271630E+02   0.208183E+02   0.149102E+02   0.100116E+02   0.631904E+01   0.375829E+01   0.211119E+01   0.112207E+01   0.565144E+00   0.270211E+00   0.122828E+00   0.531278E-01   0.218871E-01   0.860057E-02   0.322597E-02   0.115535E-02   0.395643E-03   0.129589E-03   0.541442E-04
 0.000000E+00   0.470361E-12   0.185154E-11   0.698198E-11   0.252203E-10   0.872681E-10   0.289272E-09   0.918494E-09   0.279377E-08   0.814026E-08   0.000000E+00   0.000000E+00   0.000000E+00   0.000000E+00   0.000000E+00   0.000000E+00   0.000000E+00   0.100149E-07   0.000000E+00   0.000000E+00   0.000000E+00   0.000000E+00   0.857413E-09   0.000000E+00   0.000000E+00   0.000000E+00   0.000000E+00   0.000000E+00   0.000000E+00   0.178406E-07   0.000000E+00   0.000000E+00   0.000000E+00   0.000000E+00   0.000000E+00   0.000000E+00   0.000000E+00   0.000000E+00   0.000000E+00   0.000000E+00   0.000000E+00   0.900106E-08   0.000000E+00   0.000000E+00   0.000000E+00   0.000000E+00   0.000000E+00   0.000000E+00   0.000000E+00   0.000000E+00   0.000000E+00   0.000000E+00   0.000000E+00   0.000000E+00   0.000000E+00   0.000000E+00   0.000000E+00   0.000000E+00   0.000000E+00   0.000000E+00   0.000000E+00   0.000000E+00   0.000000E+00   0.000000E+00   0.000000E+00   0.000000E+00   0.000000E+00   0.000000E+00   0.000000E+00   0.000000E+00   0.351018E-02   0.778940E-01   0.357482E+00   0.121644E+01   0.324991E+01   0.680539E+01   0.110385E+02   0.136266E+02   0.123795E+02   0.785629E+01   0.328138E+01   0.801002E+00   0.269849E-01   0.231010E-07   0.219455E-07   0.331301E-08   0.000000E+00   0.000000E+00   0.000000E+00   0.000000E+00   0.582287E-08   0.000000E+00   0.259004E-04   0.762440E-03   0.578878E-02   0.318864E-01   0.135170E+00   0.460726E+00   0.130002E+01   0.310268E+01   0.637225E+01   0.114177E+02   0.180450E+02   0.254142E+02   0.321928E+02   0.369641E+02   0.387383E+02   0.372754E+02   0.331077E+02   0.272701E+02   0.209139E+02   0.149875E+02   0.100689E+02   0.635827E+01   0.378323E+01   0.212600E+01   0.113031E+01   0.569451E+00   0.272332E+00   0.123815E+00   0.535619E-01   0.220681E-01   0.867207E-02   0.325287E-02   0.116495E-02   0.398911E-03   0.130647E-03   0.546016E-04
 0.000000E+00   0.470361E-12   0.185154E-11   0.698198E-11   0.252203E-10   0.872681E-10   0.289272E-09   0.918494E-09   0.279377E-08   0.814026E-08   0.000000E+00   0.000000E+00   0.000000E+00   0.000000E+00   0.000000E+00   0.000000E+00   0.000000E+00   0.100149E-07   0.000000E+00   0.000000E+00   0.000000E+00   0.000000E+00   0.857413E-09   0.000000E+00   0.000000E+00   0.000000E+00   0.000000E+00   0.000000E+00   0.000000E+00   0.178406E-07   0.000000E+00   0.000000E+00   0.000000E+00   0.000000E+00   0.000000E+00   0.000000E+00   0.000000E+00   0.000000E+00   0.000000E+00   0.000000E+00   0.000000E+00   0.900106E-08   0.000000E+00   0.000000E+00   0.000000E+00   0.000000E+00   0.000000E+00   0.000000E+00   0.000000E+00   0.000000E+00   0.000000E+00   0.000000E+00   0.000000E+00   0.000000E+00   0.000000E+00   0.000000E+00   0.000000E+00   0.000000E+00   0.000000E+00   0.000000E+00   0.000000E+00   0.000000E+00   0.000000E+00   0.000000E+00   0.000000E+00   0.000000E+00   0.000000E+00   0.000000E+00   0.000000E+00   0.000000E+00   0.529282E-02   0.864922E-01   0.380939E+00   0.126789E+01   0.332958E+01   0.687883E+01   0.110422E+02   0.135207E+02   0.122084E+02   0.770985E+01   0.320580E+01   0.778023E+00   0.250724E-01   0.231010E-07   0.219455E-07   0.331301E-08   0.000000E+00   0.000000E+00   0.000000E+00   0.000000E+00   0.582287E-08   0.000000E+00   0.244448E-04   0.748917E-03   0.570412E-02   0.314880E-01   0.133727E+00   0.456557E+00   0.129021E+01   0.308364E+01   0.634158E+01   0.113770E+02   0.180021E+02   0.253818E+02   0.321850E+02   0.369907E+02   0.388009E+02   0.373666E+02   0.332141E+02   0.273770E+02   0.210096E+02   0.150649E+02   0.101263E+02   0.639759E+01   0.380825E+01   0.214086E+01   0.113858E+01   0.573777E+00   0.274462E+00   0.124806E+00   0.539981E-01   0.222501E-01   0.874397E-02   0.327992E-02   0.117460E-02   0.402197E-03   0.131710E-03   0.550616E-04
 0.000000E+00   0.470361E-12   0.185154E-11   0.698198E-11   0.252203E-10   0.872681E-10   0.289272E-09   0.918494E-09   0.279377E-08   0.814026E-08   0.000000E+00   0.000000E+00   0.000000E+00   0.000000E+00   0.000000E+00   0.000000E+00   0.000000E+00   0.100149E-07   0.000000E+00   0.000000E+00   0.000000E+00   0.000000E+00   0.857413E-09   0.000000E+00   0.000000E+00   0.000000E+00   0.000000E+00   0.000000E+00   0.000000E+00   0.178406E-07   0.000000E+00   0.000000E+00   0.000000E+00   0.000000E+00   0.000000E+00   0.000000E+00   0.000000E+00   0.000000E+00   0.000000E+00   0.000000E+00   0.000000E+00   0.900106E-08   0.000000E+00   0.000000E+00   0.000000E+00   0.000000E+00   0.000000E+00   0.000000E+00   0.000000E+00   0.000000E+00   0.000000E+00   0.000000E+00   0.000000E+00   0.000000E+00   0.000000E+00   0.000000E+00   0.000000E+00   0.000000E+00   0.000000E+00   0.000000E+00   0.000000E+00   0.000000E+00   0.000000E+00   0.000000E+00   0.000000E+00   0.000000E+00   0.000000E+00   0.000000E+00   0.000000E+00   0.000000E+00   0.746742E-02   0.955497E-01   0.405368E+00   0.132032E+01   0.340916E+01   0.695026E+01   0.110429E+02   0.134128E+02   0.120375E+02   0.756488E+01   0.313132E+01   0.755242E+00   0.232081E-01   0.231010E-07   0.219455E-07   0.331301E-08   0.000000E+00   0.000000E+00   0.000000E+00   0.000000E+00   0.582287E-08   0.000000E+00   0.230421E-04   0.735651E-03   0.562102E-02   0.310959E-01   0.132304E+00   0.452437E+00   0.128050E+01   0.306475E+01   0.631109E+01   0.113365E+02   0.179592E+02   0.253492E+02   0.321769E+02   0.370168E+02   0.388630E+02   0.374574E+02   0.333202E+02   0.274839E+02   0.211052E+02   0.151423E+02   0.101838E+02   0.643699E+01   0.383333E+01   0.215576E+01   0.114688E+01   0.578121E+00   0.276602E+00   0.125802E+00   0.544366E-01   0.224329E-01   0.881624E-02   0.330711E-02   0.118431E-02   0.405501E-03   0.132780E-03   0.555241E-04
 0.000000E+00   0.470361E-12   0.185154E-11   0.698198E-11   0.252203E-10   0.872681E-10   0.289272E-09   0.918494E-09   0.279377E-08   0.814026E-08   0.000000E+00   0.000000E+00   0.000000E+00   0.000000E+00   0.000000E+00   0.000000E+00   0.000000E+00   0.100149E-07   0.000000E+00   0.000000E+00   0.000000E+00   0.000000E+00   0.857413E-09   0.000000E+00   0.000000E+00   0.000000E+00   0.000000E+00   0.000000E+00   0.000000E+00   0.178406E-07   0.000000E+00   0.000000E+00   0.000000E+00   0.000000E+00   0.000000E+00   0.000000E+00   0.000000E+00   0.000000E+00   0.000000E+00   0.000000E+00   0.000000E+00   0.900106E-08   0.000000E+00   0.000000E+00   0.000000E+00   0.000000E+00   0.000000E+00   0.000000E+00   0.000000E+00   0.000000E+00   0.000000E+00   0.000000E+00   0.000000E+00   0.000000E+00   0.000000E+00   0.000000E+00   0.000000E+00   0.000000E+00   0.000000E+00   0.000000E+00   0.000000E+00   0.000000E+00   0.000000E+00   0.000000E+00   0.000000E+00   0.000000E+00   0.000000E+00   0.000000E+00   0.000000E+00   0.000000E+00   0.100493E-01   0.105097E+00   0.430780E+00   0.137370E+01   0.348858E+01   0.701967E+01   0.110406E+02   0.133031E+02   0.118667E+02   0.742134E+01   0.305791E+01   0.732653E+00   0.213934E-01   0.231010E-07   0.219455E-07   0.331301E-08   0.000000E+00   0.000000E+00   0.000000E+00   0.000000E+00   0.582287E-08   0.000000E+00   0.216919E-04   0.722640E-03   0.553948E-02   0.307102E-01   0.130901E+00   0.448367E+00   0.127089E+01   0.304602E+01   0.628079E+01   0.112961E+02   0.179164E+02   0.253166E+02   0.321684E+02   0.370425E+02   0.389246E+02   0.375477E+02   0.334261E+02   0.275905E+02   0.212007E+02   0.152198E+02   0.102414E+02   0.647647E+01   0.385848E+01   0.217072E+01   0.115522E+01   0.582482E+00   0.278751E+00   0.126803E+00   0.548772E-01   0.226168E-01   0.888890E-02   0.333445E-02   0.119407E-02   0.408824E-03   0.133855E-03   0.559892E-04
 0.000000E+00   0.470361E-12   0.185154E-11   0.698198E-11   0.252203E-10   0.872681E-10   0.289272E-09   0.918494E-09   0.279377E-08   0.814026E-08   0.000000E+00   0.000000E+00   0.000000E+00   0.000000E+00   0.000000E+00   0.000000E+00   0.000000E+00   0.100149E-07   0.000000E+00   0.000000E+00   0.000000E+00   0.000000E+00   0.857413E-09   0.000000E+00   0.000000E+00   0.000000E+00   0.000000E+00   0.000000E+00   0.000000E+00   0.178406E-07   0.000000E+00   0.000000E+00   0.000000E+00   0.000000E+00   0.000000E+00   0.000000E+00   0.000000E+00   0.000000E+00   0.000000E+00   0.000000E+00   0.000000E+00   0.900106E-08   0.000000E+00   0.000000E+00   0.000000E+00   0.000000E+00   0.000000E+00   0.000000E+00   0.000000E+00   0.000000E+00   0.000000E+00   0.000000E+00   0.000000E+00   0.000000E+00   0.000000E+00   0.000000E+00   0.000000E+00   0.000000E+00   0.000000E+00   0.000000E+00   0.000000E+00   0.000000E+00   0.000000E+00   0.000000E+00   0.000000E+00   0.000000E+00   0.000000E+00   0.000000E+00   0.000000E+00   0.000000E+00   0.130555E-01   0.115163E+00   0.457184E+00   0.142800E+01   0.356779E+01   0.708701E+01   0.110352E+02   0.131915E+02   0.116961E+02   0.727920E+01   0.298556E+01   0.710254E+00   0.196300E-01   0.231010E-07   0.219455E-07   0.331301E-08   0.000000E+00   0.000000E+00   0.000000E+00   0.000000E+00   0.582287E-08   0.000000E+00   0.203938E-04   0.709883E-03   0.545949E-02   0.303308E-01   0.129518E+00   0.444347E+00   0.126137E+01   0.302744E+01   0.625069E+01   0.112560E+02   0.178736E+02   0.252838E+02   0.321596E+02   0.370678E+02   0.389857E+02   0.376376E+02   0.335316E+02   0.276970E+02   0.212962E+02   0.152974E+02   0.102990E+02   0.651603E+01   0.388370E+01   0.218572E+01   0.116358E+01   0.586860E+00   0.280910E+00   0.127808E+00   0.553199E-01   0.228015E-01   0.896194E-02   0.336194E-02   0.120388E-02   0.412164E-03   0.134937E-03   0.564568E-04
 0.000000E+00   0.470361E-12   0.185154E-11   0.698198E-11   0.252203E-10   0.872681E-10   0.289272E-09   0.918494E-09   0.279377E-08   0.814026E-08   0.000000E+00   0.000000E+00   0.000000E+00   0.000000E+00   0.000000E+00   0.000000E+00   0.000000E+00   0.100149E-07   0.000000E+00   0.000000E+00   0.000000E+00   0.000000E+00   0.857413E-09   0.000000E+00   0.000000E+00   0.000000E+00   0.000000E+00   0.000000E+00   0.000000E+00   0.178406E-07   0.000000E+00   0.000000E+00   0.000000E+00   0.000000E+00   0.000000E+00   0.000000E+00   0.000000E+00   0.000000E+00   0.000000E+00   0.000000E+00   0.000000E+00   0.900106E-08   0.000000E+00   0.000000E+00   0.000000E+00   0.000000E+00   0.000000E+00   0.000000E+00   0.000000E+00   0.000000E+00   0.000000E+00   0.000000E+00   0.000000E+00   0.000000E+00   0.000000E+00   0.000000E+00   0.000000E+00   0.000000E+00   0.000000E+00   0.000000E+00   0.000000E+00   0.000000E+00   0.000000E+00   0.000000E+00   0.000000E+00   0.000000E+00   0.000000E+00   0.000000E+00   0.000000E+00   0.000000E+00   0.165049E-01   0.125777E+00   0.484589E+00   0.148320E+01   0.364673E+01   0.715226E+01   0.110268E+02   0.130782E+02   0.115257E+02   0.713843E+01   0.291425E+01   0.688040E+00   0.179198E-01   0.231010E-07   0.219455E-07   0.331301E-08   0.000000E+00   0.000000E+00   0.000000E+00   0.000000E+00   0.582287E-08   0.000000E+00   0.191472E-04   0.697379E-03   0.538106E-02   0.299578E-01   0.128155E+00   0.440377E+00   0.125196E+01   0.300903E+01   0.622078E+01   0.112160E+02   0.178309E+02   0.252509E+02   0.321506E+02   0.370926E+02   0.390463E+02   0.377271E+02   0.336368E+02   0.278033E+02   0.213917E+02   0.153749E+02   0.103567E+02   0.655567E+01   0.390897E+01   0.220077E+01   0.117197E+01   0.591255E+00   0.283077E+00   0.128818E+00   0.557647E-01   0.229871E-01   0.903535E-02   0.338957E-02   0.121374E-02   0.415522E-03   0.136024E-03   0.569268E-04
 0.000000E+00   0.470361E-12   0.185154E-11   0.698198E-11   0.252203E-10   0.872681E-10   0.289272E-09   0.918494E-09   0.279377E-08   0.814026E-08   0.000000E+00   0.000000E+00   0.000000E+00   0.000000E+00   0.000000E+00   0.000000E+00   0.000000E+00   0.100149E-07   0.000000E+00   0.000000E+00   0.000000E+00   0.000000E+00   0.857413E-09   0.000000E+00   0.000000E+00   0.000000E+00   0.000000E+00   0.000000E+00   0.000000E+00   0.178406E-07   0.000000E+00   0.000000E+00   0.000000E+00   0.000000E+00   0.000000E+00   0.000000E+00   0.000000E+00   0.000000E+00   0.000000E+00   0.000000E+00   0.000000E+00   0.900106E-08   0.000000E+00   0.000000E+00   0.000000E+00   0.000000E+00   0.000000E+00   0.000000E+00   0.000000E+00   0.000000E+00   0.000000E+00   0.000000E+00   0.000000E+00   0.000000E+00   0.000000E+00   0.000000E+00   0.000000E+00   0.000000E+00   0.000000E+00   0.000000E+00   0.000000E+00   0.000000E+00   0.000000E+00   0.000000E+00   0.000000E+00   0.000000E+00   0.000000E+00   0.000000E+00   0.000000E+00   0.000000E+00   0.204187E-01   0.136970E+00   0.513001E+00   0.153925E+01   0.372535E+01   0.721538E+01   0.110154E+02   0.129630E+02   0.113555E+02   0.699898E+01   0.284396E+01   0.666011E+00   0.162649E-01   0.231010E-07   0.219455E-07   0.331301E-08   0.000000E+00   0.000000E+00   0.000000E+00   0.000000E+00   0.582287E-08   0.000000E+00   0.179514E-04   0.685127E-03   0.530417E-02   0.295911E-01   0.126813E+00   0.436458E+00   0.124265E+01   0.299077E+01   0.619108E+01   0.111761E+02   0.177882E+02   0.252179E+02   0.321412E+02   0.371169E+02   0.391063E+02   0.378161E+02   0.337417E+02   0.279095E+02   0.214871E+02   0.154525E+02   0.104144E+02   0.659537E+01   0.393431E+01   0.221586E+01   0.118039E+01   0.595667E+00   0.285254E+00   0.129832E+00   0.562116E-01   0.231737E-01   0.910912E-02   0.341734E-02   0.122365E-02   0.418898E-03   0.137117E-03   0.573994E-04
 0.000000E+00   0.470361E-12   0.185154E-11   0.698198E-11   0.252203E-10   0.872681E-10   0.289272E-09   0.918494E-09   0.279377E-08   0.814026E-08   0.000000E+00   0.000000E+00   0.000000E+00   0.000000E+00   0.000000E+00   0.000000E+00   0.000000E+00   0.100149E-07   0.000000E+00   0.000000E+00   0.000000E+00   0.000000E+00   0.857413E-09   0.000000E+00   0.000000E+00   0.000000E+00   0.000000E+00   0.000000E+00   0.000000E+00   0.178406E-07   0.000000E+00   0.000000E+00   0.000000E+00   0.000000E+00   0.000000E+00   0.000000E+00   0.000000E+00   0.000000E+00   0.000000E+00   0.000000E+00   0.000000E+00   0.900106E-08   0.000000E+00   0.000000E+00   0.000000E+00   0.000000E+00   0.000000E+00   0.000000E+00   0.000000E+00   0.000000E+00   0.000000E+00   0.000000E+00   0.000000E+00   0.000000E+00   0.000000E+00   0.000000E+00   0.000000E+00   0.000000E+00   0.000000E+00   0.000000E+00   0.000000E+00   0.000000E+00   0.000000E+00   0.000000E+00   0.000000E+00   0.000000E+00   0.000000E+00   0.000000E+00   0.000000E+00   0.000000E+00   0.248200E-01   0.148769E+00   0.542426E+00   0.159614E+01   0.380357E+01   0.727633E+01   0.110010E+02   0.128462E+02   0.111855E+02   0.686083E+01   0.277467E+01   0.644162E+00   0.146677E-01   0.231010E-07   0.219455E-07   0.331301E-08   0.000000E+00   0.000000E+00   0.000000E+00   0.000000E+00   0.582287E-08   0.000000E+00   0.168059E-04   0.673125E-03   0.522882E-02   0.292309E-01   0.125491E+00   0.432590E+00   0.123344E+01   0.297269E+01   0.616159E+01   0.111365E+02   0.177457E+02   0.251849E+02   0.321315E+02   0.371408E+02   0.391659E+02   0.379046E+02   0.338462E+02   0.280154E+02   0.215824E+02   0.155301E+02   0.104722E+02   0.663513E+01   0.395970E+01   0.223099E+01   0.118883E+01   0.600095E+00   0.287439E+00   0.130851E+00   0.566606E-01   0.233612E-01   0.918326E-02   0.344525E-02   0.123362E-02   0.422292E-03   0.138215E-03   0.578744E-04
 0.000000E+00   0.470361E-12   0.185154E-11   0.698198E-11   0.252203E-10   0.872681E-10   0.289272E-09   0.918494E-09   0.279377E-08   0.814026E-08   0.000000E+00   0.000000E+00   0.000000E+00   0.000000E+00   0.000000E+00   0.000000E+00   0.000000E+00   0.100149E-07   0.000000E+00   0.000000E+00   0.000000E+00   0.000000E+00   0.857413E-09   0.000000E+00   0.000000E+00   0.000000E+00   0.000000E+00   0.000000E+00   0.000000E+00   0.178406E-07   0.000000E+00   0.000000E+00   0.000000E+00   0.000000E+00   0.000000E+00   0.000000E+00   0.000000E+00   0.000000E+00   0.000000E+00   0.000000E+00   0.000000E+00   0.900106E-08   0.000000E+00   0.000000E+00   0.000000E+00   0.000000E+00   0.000000E+00   0.000000E+00   0.000000E+00   0.000000E+00   0.000000E+00   0.000000E+00   0.000000E+00   0.000000E+00   0.000000E+00   0.000000E+00   0.000000E+00   0.000000E+00   0.000000E+00   0.000000E+00   0.000000E+00   0.000000E+00   0.000000E+00   0.000000E+00   0.000000E+00   0.000000E+00   0.000000E+00   0.000000E+00   0.000000E+00   0.128016E-04   0.297211E-01   0.161202E+00   0.572866E+00   0.165383E+01   0.388135E+01   0.733510E+01   0.109836E+02   0.127276E+02   0.110156E+02   0.672395E+01   0.270638E+01   0.622493E+00   0.131308E-01   0.231010E-07   0.219455E-07   0.331301E-08   0.000000E+00   0.000000E+00   0.000000E+00   0.000000E+00   0.582287E-08   0.000000E+00   0.157098E-04   0.661372E-03   0.515501E-02   0.288770E-01   0.124189E+00   0.428774E+00   0.122434E+01   0.295477E+01   0.613231E+01   0.110971E+02   0.177032E+02   0.251517E+02   0.321215E+02   0.371643E+02   0.392249E+02   0.379927E+02   0.339503E+02   0.281210E+02   0.216776E+02   0.156076E+02   0.105301E+02   0.667495E+01   0.398514E+01   0.224616E+01   0.119730E+01   0.604538E+00   0.289633E+00   0.131874E+00   0.571115E-01   0.235495E-01   0.925777E-02   0.347330E-02   0.124364E-02   0.425703E-03   0.139319E-03   0.583519E-04
 0.000000E+00   0.470361E-12   0.185154E-11   0.698198E-11   0.252203E-10   0.872681E-10   0.289272E-09   0.918494E-09   0.279377E-08   0.814026E-08   0.000000E+00   0.000000E+00   0.000000E+00   0.000000E+00   0.000000E+00   0.000000E+00   0.000000E+00   0.100149E-07   0.000000E+00   0.000000E+00   0.000000E+00   0.000000E+00   0.857413E-09   0.000000E+00   0.000000E+00   0.000000E+00   0.000000E+00   0.000000E+00   0.000000E+00   0.178406E-07   0.000000E+00   0.000000E+00   0.000000E+00   0.000000E+00   0.000000E+00   0.000000E+00   0.000000E+00   0.000000E+00   0.000000E+00   0.000000E+00   0.000000E+00   0.900106E-08   0.000000E+00   0.000000E+00   0.000000E+00   0.000000E+00   0.000000E+00   0.000000E+00   0.000000E+00   0.000000E+00   0.000000E+00   0.000000E+00   0.000000E+00   0.000000E+00   0.000000E+00   0.000000E+00   0.000000E+00   0.000000E+00   0.000000E+00   0.000000E+00   0.000000E+00   0.000000E+00   0.000000E+00   0.000000E+00   0.000000E+00   0.000000E+00   0.000000E+00   0.000000E+00   0.000000E+00   0.255816E-03   0.349322E-01   0.174294E+00   0.604322E+00   0.171228E+01   0.395863E+01   0.739161E+01   0.109632E+02   0.126074E+02   0.108461E+02   0.658832E+01   0.263907E+01   0.601002E+00   0.116572E-01   0.231010E-07   0.219455E-07   0.331301E-08   0.000000E+00   0.000000E+00   0.000000E+00   0.000000E+00   0.582287E-08   0.000000E+00   0.146624E-04   0.649866E-03   0.508274E-02   0.285295E-01   0.122908E+00   0.425010E+00   0.121534E+01   0.293702E+01   0.610325E+01   0.110578E+02   0.176608E+02   0.251184E+02   0.321113E+02   0.371872E+02   0.392834E+02   0.380802E+02   0.340540E+02   0.282264E+02   0.217727E+02   0.156852E+02   0.105879E+02   0.671483E+01   0.401064E+01   0.226136E+01   0.120580E+01   0.608997E+00   0.291835E+00   0.132901E+00   0.575645E-01   0.237387E-01   0.933263E-02   0.350149E-02   0.125370E-02   0.429131E-03   0.140429E-03   0.588318E-04
 0.000000E+00   0.470361E-12   0.185154E-11   0.698198E-11   0.252203E-10   0.872681E-10   0.289272E-09   0.918494E-09   0.279377E-08   0.814026E-08   0.000000E+00   0.000000E+00   0.000000E+00   0.000000E+00   0.000000E+00   0.000000E+00   0.000000E+00   0.100149E-07   0.000000E+00   0.000000E+00   0.000000E+00   0.000000E+00   0.857413E-09   0.000000E+00   0.000000E+00   0.000000E+00   0.000000E+00   0.000000E+00   0.000000E+00   0.178406E-07   0.000000E+00   0.000000E+00   0.000000E+00   0.000000E+00   0.000000E+00   0.000000E+00   0.000000E+00   0.000000E+00   0.000000E+00   0.000000E+00   0.000000E+00   0.900106E-08   0.000000E+00   0.000000E+00   0.000000E+00   0.000000E+00   0.000000E+00   0.000000E+00   0.000000E+00   0.000000E+00   0.000000E+00   0.000000E+00   0.000000E+00   0.000000E+00   0.000000E+00   0.000000E+00   0.000000E+00   0.000000E+00   0.000000E+00   0.000000E+00   0.000000E+00   0.000000E+00   0.000000E+00   0.000000E+00   0.000000E+00   0.000000E+00   0.000000E+00   0.000000E+00   0.000000E+00   0.815514E-03   0.403966E-01   0.188074E+00   0.636797E+00   0.177146E+01   0.403536E+01   0.744552E+01   0.109403E+02   0.124856E+02   0.106767E+02   0.645390E+01   0.257272E+01   0.579684E+00   0.102498E-01   0.231010E-07   0.219455E-07   0.331301E-08   0.000000E+00   0.000000E+00   0.000000E+00   0.000000E+00   0.582287E-08   0.000000E+00   0.136630E-04   0.638607E-03   0.501199E-02   0.281884E-01   0.121647E+00   0.421298E+00   0.120644E+01   0.291945E+01   0.607442E+01   0.110188E+02   0.176186E+02   0.250851E+02   0.321007E+02   0.372097E+02   0.393413E+02   0.381671E+02   0.341573E+02   0.283316E+02   0.218676E+02   0.157627E+02   0.106458E+02   0.675475E+01   0.403618E+01   0.227661E+01   0.121432E+01   0.613471E+00   0.294045E+00   0.133932E+00   0.580194E-01   0.239287E-01   0.940783E-02   0.352982E-02   0.126382E-02   0.432576E-03   0.141544E-03   0.593141E-04
 0.000000E+00   0.470361E-12   0.185154E-11   0.698198E-11   0.252203E-10   0.872681E-10   0.289272E-09   0.918494E-09   0.279377E-08   0.814026E-08   0.000000E+00   0.000000E+00   0.000000E+00   0.000000E+00   0.000000E+00   0.000000E+00   0.000000E+00   0.100149E-07   0.000000E+00   0.000000E+00   0.000000E+00   0.000000E+00   0.857413E-09   0.000000E+00   0.000000E+00   0.000000E+00   0.000000E+00   0.000000E+00   0.000000E+00   0.178406E-07   0.000000E+00   0.000000E+00   0.000000E+00   0.000000E+00   0.000000E+00   0.000000E+00   0.000000E+00   0.000000E+00   0.000000E+00   0.000000E+00   0.000000E+00   0.900106E-08   0.000000E+00   0.000000E+00   0.000000E+00   0.000000E+00   0.000000E+00   0.000000E+00   0.000000E+00   0.000000E+00   0.000000E+00   0.000000E+00   0.000000E+00   0.000000E+00   0.000000E+00   0.000000E+00   0.000000E+00   0.000000E+00   0.000000E+00   0.000000E+00   0.000000E+00   0.000000E+00   0.000000E+00   0.000000E+00   0.000000E+00   0.000000E+00   0.000000E+00   0.000000E+00   0.000000E+00   0.170258E-02   0.461356E-01   0.202563E+00   0.670287E+00   0.183133E+01   0.411148E+01   0.749712E+01   0.109145E+02   0.123621E+02   0.105076E+02   0.632067E+01   0.250732E+01   0.558541E+00   0.891219E-02   0.231010E-07   0.219455E-07   0.331301E-08   0.000000E+00   0.000000E+00   0.000000E+00   0.000000E+00   0.582287E-08   0.000000E+00   0.127107E-04   0.627593E-03   0.494276E-02   0.278536E-01   0.120407E+00   0.417638E+00   0.119766E+01   0.290205E+01   0.604582E+01   0.109800E+02   0.175765E+02   0.250517E+02   0.320898E+02   0.372317E+02   0.393986E+02   0.382536E+02   0.342601E+02   0.284365E+02   0.219625E+02   0.158402E+02   0.107037E+02   0.679471E+01   0.406176E+01   0.229189E+01   0.122287E+01   0.617959E+00   0.296263E+00   0.134967E+00   0.584762E-01   0.241196E-01   0.948339E-02   0.355828E-02   0.127399E-02   0.436038E-03   0.142665E-03   0.597989E-04
 0.000000E+00   0.470361E-12   0.185154E-11   0.698198E-11   0.252203E-10   0.872681E-10   0.289272E-09   0.918494E-09   0.279377E-08   0.814026E-08   0.000000E+00   0.000000E+00   0.000000E+00   0.000000E+00   0.000000E+00   0.000000E+00   0.000000E+00   0.100149E-07   0.000000E+00   0.000000E+00   0.000000E+00   0.000000E+00   0.857413E-09   0.000000E+00   0.000000E+00   0.000000E+00   0.000000E+00   0.000000E+00   0.000000E+00   0.178406E-07   0.000000E+00   0.000000E+00   0.000000E+00   0.000000E+00   0.000000E+00   0.000000E+00   0.000000E+00   0.000000E+00   0.000000E+00   0.000000E+00   0.000000E+00   0.900106E-08   0.000000E+00   0.000000E+00   0.000000E+00   0.000000E+00   0.000000E+00   0.000000E+00   0.000000E+00   0.000000E+00   0.000000E+00   0.000000E+00   0.000000E+00   0.000000E+00   0.000000E+00   0.000000E+00   0.000000E+00   0.000000E+00   0.000000E+00   0.000000E+00   0.000000E+00   0.000000E+00   0.000000E+00   0.000000E+00   0.000000E+00   0.000000E+00   0.000000E+00   0.000000E+00   0.000000E+00   0.292794E-02   0.521722E-01   0.217786E+00   0.704788E+00   0.189184E+01   0.418694E+01   0.754637E+01   0.108857E+02   0.122371E+02   0.103387E+02   0.618863E+01   0.244287E+01   0.537573E+00   0.764831E-02   0.231010E-07   0.219455E-07   0.331301E-08   0.000000E+00   0.000000E+00   0.000000E+00   0.000000E+00   0.582287E-08   0.000000E+00   0.118044E-04   0.616821E-03   0.487504E-02   0.275252E-01   0.119188E+00   0.414032E+00   0.118898E+01   0.288483E+01   0.601744E+01   0.109415E+02   0.175344E+02   0.250182E+02   0.320786E+02   0.372532E+02   0.394554E+02   0.383394E+02   0.343625E+02   0.285410E+02   0.220571E+02   0.159176E+02   0.107617E+02   0.683471E+01   0.408739E+01   0.230720E+01   0.123143E+01   0.622461E+00   0.298489E+00   0.136007E+00   0.589348E-01   0.243113E-01   0.955929E-02   0.358687E-02   0.128420E-02   0.439516E-03   0.143791E-03   0.602859E-04
 0.000000E+00   0.470361E-12   0.185154E-11   0.698198E-11   0.252203E-10   0.872681E-10   0.289272E-09   0.918494E-09   0.279377E-08   0.814026E-08   0.000000E+00   0.000000E+00   0.000000E+00   0.000000E+00   0.000000E+00   0.000000E+00   0.000000E+00   0.100149E-07   0.000000E+00   0.000000E+00   0.000000E+00   0.000000E+00   0.857413E-09   0.000000E+00   0.000000E+00   0.000000E+00   0.000000E+00   0.000000E+00   0.000000E+00   0.178406E-07   0.000000E+00   0.000000E+00   0.000000E+00   0.000000E+00   0.000000E+00   0.000000E+00   0.000000E+00   0.000000E+00   0.000000E+00   0.000000E+00   0.000000E+00   0.900106E-08   0.000000E+00   0.000000E+00   0.000000E+00   0.000000E+00   0.000000E+00   0.000000E+00   0.000000E+00   0.000000E+00   0.000000E+00   0.000000E+00   0.000000E+00   0.000000E+00   0.000000E+00   0.000000E+00   0.000000E+00   0.000000E+00   0.000000E+00   0.000000E+00   0.000000E+00   0.000000E+00   0.000000E+00   0.000000E+00   0.000000E+00   0.000000E+00   0.000000E+00   0.000000E+00   0.000000E+00   0.450321E-02   0.585308E-01   0.233763E+00   0.740295E+00   0.195295E+01   0.426166E+01   0.759325E+01   0.108540E+02   0.121105E+02   0.101701E+02   0.605776E+01   0.237937E+01   0.516779E+00   0.646221E-02   0.231010E-07   0.219455E-07   0.331301E-08   0.000000E+00   0.000000E+00   0.000000E+00   0.000000E+00   0.582287E-08   0.000000E+00   0.109432E-04   0.606289E-03   0.480882E-02   0.272031E-01   0.117989E+00   0.410478E+00   0.118041E+01   0.286779E+01   0.598931E+01   0.109031E+02   0.174926E+02   0.249847E+02   0.320672E+02   0.372742E+02   0.395116E+02   0.384247E+02   0.344645E+02   0.286453E+02   0.221516E+02   0.159950E+02   0.108196E+02   0.687474E+01   0.411305E+01   0.232255E+01   0.124003E+01   0.626976E+00   0.300723E+00   0.137050E+00   0.593953E-01   0.245039E-01   0.963553E-02   0.361559E-02   0.129446E-02   0.443011E-03   0.144923E-03   0.607754E-04
 0.000000E+00   0.470361E-12   0.185154E-11   0.698198E-11   0.252203E-10   0.872681E-10   0.289272E-09   0.918494E-09   0.279377E-08   0.814026E-08   0.000000E+00   0.000000E+00   0.000000E+00   0.000000E+00   0.000000E+00   0.000000E+00   0.000000E+00   0.100149E-07   0.000000E+00   0.000000E+00   0.000000E+00   0.000000E+00   0.857413E-09   0.000000E+00   0.000000E+00   0.000000E+00   0.000000E+00   0.000000E+00   0.000000E+00   0.178406E-07   0.000000E+00   0.000000E+00   0.000000E+00   0.000000E+00   0.000000E+00   0.000000E+00   0.000000E+00   0.000000E+00   0.000000E+00   0.000000E+00   0.000000E+00   0.900106E-08   0.000000E+00   0.000000E+00   0.000000E+00   0.000000E+00   0.000000E+00   0.000000E+00   0.000000E+00   0.000000E+00   0.000000E+00   0.000000E+00   0.000000E+00   0.000000E+00   0.000000E+00   0.000000E+00   0.000000E+00   0.000000E+00   0.000000E+00   0.000000E+00   0.000000E+00   0.000000E+00   0.000000E+00   0.000000E+00   0.000000E+00   0.000000E+00   0.000000E+00   0.000000E+00   0.000000E+00   0.644113E-02   0.652372E-01   0.250515E+00   0.776800E+00   0.201462E+01   0.433558E+01   0.763773E+01   0.108193E+02   0.119825E+02   0.100019E+02   0.592805E+01   0.231680E+01   0.496158E+00   0.535824E-02   0.231010E-07   0.219455E-07   0.331301E-08   0.000000E+00   0.000000E+00   0.000000E+00   0.000000E+00   0.582287E-08   0.000000E+00   0.101261E-04   0.595997E-03   0.474409E-02   0.268874E-01   0.116811E+00   0.406977E+00   0.117195E+01   0.285093E+01   0.596141E+01   0.108650E+02   0.174508E+02   0.249511E+02   0.320555E+02   0.372947E+02   0.395672E+02   0.385095E+02   0.345659E+02   0.287492E+02   0.222459E+02   0.160722E+02   0.108775E+02   0.691480E+01   0.413875E+01   0.233792E+01   0.124864E+01   0.631505E+00   0.302964E+00   0.138097E+00   0.598577E-01   0.246972E-01   0.971210E-02   0.364444E-02   0.130477E-02   0.446523E-03   0.146060E-03   0.612671E-04
 0.000000E+00   0.470361E-12   0.185154E-11   0.698198E-11   0.252203E-10   0.872681E-10   0.289272E-09   0.918494E-09   0.279377E-08   0.814026E-08   0.000000E+00   0.000000E+00   0.000000E+00   0.000000E+00   0.000000E+00   0.000000E+00   0.000000E+00   0.100149E-07   0.000000E+00   0.000000E+00   0.000000E+00   0.000000E+00   0.857413E-09   0.000000E+00   0.000000E+00   0.000000E+00   0.000000E+00   0.000000E+00   0.000000E+00   0.178406E-07   0.000000E+00   0.000000E+00   0.000000E+00   0.000000E+00   0.000000E+00   0.000000E+00   0.000000E+00   0.000000E+00   0.000000E+00   0.000000E+00   0.000000E+00   0.900106E-08   0.000000E+00   0.000000E+00   0.000000E+00   0.000000E+00   0.000000E+00   0.000000E+00   0.000000E+00   0.000000E+00   0.000000E+00   0.000000E+00   0.000000E+00   0.000000E+00   0.000000E+00   0.000000E+00   0.000000E+00   0.000000E+00   0.000000E+00   0.000000E+00   0.000000E+00   0.000000E+00   0.000000E+00   0.000000E+00   0.000000E+00   0.000000E+00   0.000000E+00   0.000000E+00   0.000000E+00   0.875578E-02   0.723176E-01   0.268061E+00   0.814295E+00   0.207681E+01   0.440863E+01   0.767980E+01   0.107818E+02   0.118529E+02   0.983390E+01   0.579947E+01   0.225516E+01   0.475709E+00   0.434110E-02   0.231010E-07   0.219455E-07   0.331301E-08   0.000000E+00   0.000000E+00   0.000000E+00   0.000000E+00   0.582287E-08   0.000000E+00   0.935203E-05   0.585941E-03   0.468084E-02   0.265779E-01   0.115653E+00   0.403530E+00   0.116361E+01   0.283426E+01   0.593376E+01   0.108272E+02   0.174092E+02   0.249175E+02   0.320434E+02   0.373148E+02   0.396222E+02   0.385936E+02   0.346669E+02   0.288527E+02   0.223400E+02   0.161494E+02   0.109354E+02   0.695488E+01   0.416448E+01   0.235332E+01   0.125727E+01   0.636047E+00   0.305212E+00   0.139147E+00   0.603218E-01   0.248913E-01   0.978900E-02   0.367342E-02   0.131513E-02   0.450050E-03   0.147202E-03   0.617612E-04
 0.000000E+00   0.470361E-12   0.185154E-11   0.698198E-11   0.252203E-10   0.872681E-10   0.289272E-09   0.918494E-09   0.279377E-08   0.814026E-08   0.000000E+00   0.000000E+00   0.000000E+00   0.000000E+00   0.000000E+00   0.000000E+00   0.000000E+00   0.100149E-07   0.000000E+00   0.000000E+00   0.000000E+00   0.000000E+00   0.857413E-09   0.000000E+00   0.000000E+00   0.000000E+00   0.000000E+00   0.000000E+00   0.000000E+00   0.178406E-07   0.000000E+00   0.000000E+00   0.000000E+00   0.000000E+00   0.000000E+00   0.000000E+00   0.000000E+00   0.000000E+00   0.000000E+00   0.000000E+00   0.000000E+00   0.900106E-08   0.000000E+00   0.000000E+00   0.000000E+00   0.000000E+00   0.000000E+00   0.000000E+00   0.000000E+00   0.000000E+00   0.000000E+00   0.000000E+00   0.000000E+00   0.000000E+00   0.000000E+00   0.000000E+00   0.000000E+00   0.000000E+00   0.000000E+00   0.000000E+00   0.000000E+00   0.000000E+00   0.000000E+00   0.000000E+00   0.000000E+00   0.000000E+00   0.000000E+00   0.000000E+00   0.000000E+00   0.114629E-01   0.797985E-01   0.286419E+00   0.852768E+00   0.213946E+01   0.448075E+01   0.771941E+01   0.107413E+02   0.117219E+02   0.966627E+01   0.567203E+01   0.219445E+01   0.455430E+00   0.341582E-02   0.231010E-07   0.219455E-07   0.331301E-08   0.000000E+00   0.000000E+00   0.000000E+00   0.000000E+00   0.582287E-08   0.000000E+00   0.861994E-05   0.576121E-03   0.461906E-02   0.262747E-01   0.114516E+00   0.400136E+00   0.115537E+01   0.281777E+01   0.590636E+01   0.107896E+02   0.173678E+02   0.248838E+02   0.320311E+02   0.373343E+02   0.396765E+02   0.386771E+02   0.347674E+02   0.289559E+02   0.224338E+02   0.162266E+02   0.109933E+02   0.699498E+01   0.419023E+01   0.236875E+01   0.126592E+01   0.640601E+00   0.307467E+00   0.140202E+00   0.607876E-01   0.250862E-01   0.986622E-02   0.370252E-02   0.132553E-02   0.453594E-03   0.148350E-03   0.622575E-04
 0.000000E+00   0.470361E-12   0.185154E-11   0.698198E-11   0.252203E-10   0.872681E-10   0.289272E-09   0.918494E-09   0.279377E-08   0.814026E-08   0.000000E+00   0.000000E+00   0.000000E+00   0.000000E+00   0.000000E+00   0.000000E+00   0.000000E+00   0.100149E-07   0.000000E+00   0.000000E+00   0.000000E+00   0.000000E+00   0.857413E-09   0.000000E+00   0.000000E+00   0.000000E+00   0.000000E+00   0.000000E+00   0.000000E+00   0.178406E-07   0.000000E+00   0.000000E+00   0.000000E+00   0.000000E+00   0.000000E+00   0.000000E+00   0.000000E+00   0.000000E+00   0.000000E+00   0.000000E+00   0.000000E+00   0.900106E-08   0.000000E+00   0.000000E+00   0.000000E+00   0.000000E+00   0.000000E+00   0.000000E+00   0.000000E+00   0.000000E+00   0.000000E+00   0.000000E+00   0.000000E+00   0.000000E+00   0.000000E+00   0.000000E+00   0.000000E+00   0.000000E+00   0.000000E+00   0.000000E+00   0.000000E+00   0.000000E+00   0.000000E+00   0.000000E+00   0.000000E+00   0.000000E+00   0.000000E+00   0.000000E+00   0.000000E+00   0.145800E-01   0.877066E-01   0.305603E+00   0.892205E+00   0.220253E+01   0.455188E+01   0.775655E+01   0.106980E+02   0.115894E+02   0.949901E+01   0.554572E+01   0.213466E+01   0.435321E+00   0.258774E-02   0.231010E-07   0.219455E-07   0.331301E-08   0.000000E+00   0.000000E+00   0.000000E+00   0.000000E+00   0.582287E-08   0.000000E+00   0.792870E-05   0.566535E-03   0.455873E-02   0.259777E-01   0.113400E+00   0.396796E+00   0.114724E+01   0.280147E+01   0.587921E+01   0.107522E+02   0.173265E+02   0.248501E+02   0.320186E+02   0.373534E+02   0.397303E+02   0.387600E+02   0.348673E+02   0.290587E+02   0.225275E+02   0.163035E+02   0.110512E+02   0.703509E+01   0.421602E+01   0.238420E+01   0.127459E+01   0.645166E+00   0.309729E+00   0.141260E+00   0.612552E-01   0.252819E-01   0.994375E-02   0.373175E-02   0.133598E-02   0.457153E-03   0.149503E-03   0.627562E-04
 0.000000E+00   0.470361E-12   0.185154E-11   0.698198E-11   0.252203E-10   0.872681E-10   0.289272E-09   0.918494E-09   0.279377E-08   0.814026E-08   0.000000E+00   0.000000E+00   0.000000E+00   0.000000E+00   0.000000E+00   0.000000E+00   0.000000E+00   0.100149E-07   0.000000E+00   0.000000E+00   0.000000E+00   0.000000E+00   0.857413E-09   0.000000E+00   0.000000E+00   0.000000E+00   0.000000E+00   0.000000E+00   0.000000E+00   0.178406E-07   0.000000E+00   0.000000E+00   0.000000E+00   0.000000E+00   0.000000E+00   0.000000E+00   0.000000E+00   0.000000E+00   0.000000E+00   0.000000E+00   0.000000E+00   0.900106E-08   0.000000E+00   0.000000E+00   0.000000E+00   0.000000E+00   0.000000E+00   0.000000E+00   0.000000E+00   0.000000E+00   0.000000E+00   0.000000E+00   0.000000E+00   0.000000E+00   0.000000E+00   0.000000E+00   0.000000E+00   0.000000E+00   0.000000E+00   0.000000E+00   0.000000E+00   0.000000E+00   0.000000E+00   0.000000E+00   0.000000E+00   0.000000E+00   0.000000E+00   0.000000E+00   0.000000E+00   0.181264E-01   0.960686E-01   0.325629E+00   0.932593E+00   0.226598E+01   0.462194E+01   0.779118E+01   0.106518E+02   0.114555E+02   0.933214E+01   0.542054E+01   0.207579E+01   0.415377E+00   0.186258E-02   0.231010E-07   0.219455E-07   0.331301E-08   0.000000E+00   0.000000E+00   0.000000E+00   0.000000E+00   0.582287E-08   0.000000E+00   0.727716E-05   0.557180E-03   0.449985E-02   0.256869E-01   0.112304E+00   0.393509E+00   0.113923E+01   0.278536E+01   0.585232E+01   0.107152E+02   0.172854E+02   0.248164E+02   0.320057E+02   0.373720E+02   0.397834E+02   0.388422E+02   0.349667E+02   0.291611E+02   0.226209E+02   0.163804E+02   0.111090E+02   0.707520E+01   0.424182E+01   0.239968E+01   0.128328E+01   0.649743E+00   0.311998E+00   0.142321E+00   0.617244E-01   0.254783E-01   0.100216E-01   0.376110E-02   0.134648E-02   0.460728E-03   0.150661E-03   0.632570E-04
 0.000000E+00   0.470361E-12   0.185154E-11   0.698198E-11   0.252203E-10   0.872681E-10   0.289272E-09   0.918494E-09   0.279377E-08   0.814026E-08   0.000000E+00   0.000000E+00   0.000000E+00   0.000000E+00   0.000000E+00   0.000000E+00   0.000000E+00   0.100149E-07   0.000000E+00   0.000000E+00   0.000000E+00   0.000000E+00   0.857413E-09   0.000000E+00   0.000000E+00   0.000000E+00   0.000000E+00   0.000000E+00   0.000000E+00   0.178406E-07   0.000000E+00   0.000000E+00   0.000000E+00   0.000000E+00   0.000000E+00   0.000000E+00   0.000000E+00   0.000000E+00   0.000000E+00   0.000000E+00   0.000000E+00   0.900106E-08   0.000000E+00   0.000000E+00   0.000000E+00   0.000000E+00   0.000000E+00   0.000000E+00   0.000000E+00   0.000000E+00   0.000000E+00   0.000000E+00   0.000000E+00   0.000000E+00   0.000000E+00   0.000000E+00   0.000000E+00   0.000000E+00   0.000000E+00   0.000000E+00   0.000000E+00   0.000000E+00   0.000000E+00   0.000000E+00   0.000000E+00   0.000000E+00   0.000000E+00   0.000000E+00   0.129751E-03   0.219940E-01   0.104911E+00   0.346508E+00   0.973914E+00   0.232974E+01   0.469087E+01   0.782328E+01   0.106028E+02   0.113203E+02   0.916568E+01   0.529647E+01   0.201785E+01   0.395597E+00   0.124640E-02   0.231010E-07   0.219455E-07   0.331301E-08   0.000000E+00   0.000000E+00   0.000000E+00   0.000000E+00   0.582287E-08   0.000000E+00   0.666416E-05   0.548055E-03   0.444240E-02   0.254023E-01   0.111229E+00   0.390276E+00   0.113133E+01   0.276944E+01   0.582569E+01   0.106784E+02   0.172445E+02   0.247827E+02   0.319926E+02   0.373900E+02   0.398359E+02   0.389238E+02   0.350655E+02   0.292631E+02   0.227140E+02   0.164572E+02   0.111668E+02   0.711532E+01   0.426764E+01   0.241517E+01   0.129198E+01   0.654331E+00   0.314273E+00   0.143385E+00   0.621952E-01   0.256754E-01   0.100998E-01   0.379057E-02   0.135701E-02   0.464319E-03   0.151823E-03   0.637601E-04
 0.000000E+00   0.470361E-12   0.185154E-11   0.698198E-11   0.252203E-10   0.872681E-10   0.289272E-09   0.918494E-09   0.279377E-08   0.814026E-08   0.000000E+00   0.000000E+00   0.000000E+00   0.000000E+00   0.000000E+00   0.000000E+00   0.000000E+00   0.100149E-07   0.000000E+00   0.000000E+00   0.000000E+00   0.000000E+00   0.857413E-09   0.000000E+00   0.000000E+00   0.000000E+00   0.000000E+00   0.000000E+00   0.000000E+00   0.178406E-07   0.000000E+00   0.000000E+00   0.000000E+00   0.000000E+00   0.000000E+00   0.000000E+00   0.000000E+00   0.000000E+00   0.000000E+00   0.000000E+00   0.000000E+00   0.900106E-08   0.000000E+00   0.000000E+00   0.000000E+00   0.000000E+00   0.000000E+00   0.000000E+00   0.000000E+00   0.000000E+00   0.000000E+00   0.000000E+00   0.000000E+00   0.000000E+00   0.000000E+00   0.000000E+00   0.000000E+00   0.000000E+00   0.000000E+00   0.000000E+00   0.000000E+00   0.000000E+00   0.000000E+00   0.000000E+00   0.000000E+00   0.000000E+00   0.000000E+00   0.000000E+00   0.546100E-03   0.260495E-01   0.114258E+00   0.368252E+00   0.101615E+01   0.239377E+01   0.475861E+01   0.785281E+01   0.105509E+02   0.111837E+02   0.899965E+01   0.517353E+01   0.196083E+01   0.375974E+00   0.745640E-03   0.231010E-07   0.219455E-07   0.331301E-08   0.000000E+00   0.000000E+00   0.000000E+00   0.000000E+00   0.582287E-08   0.000000E+00   0.608849E-05   0.539158E-03   0.438637E-02   0.251239E-01   0.110174E+00   0.387096E+00   0.112354E+01   0.275372E+01   0.579932E+01   0.106418E+02   0.172037E+02   0.247490E+02   0.319792E+02   0.374076E+02   0.398878E+02   0.390047E+02   0.351637E+02   0.293647E+02   0.228069E+02   0.165338E+02   0.112245E+02   0.715543E+01   0.429348E+01   0.243069E+01   0.130070E+01   0.658929E+00   0.316554E+00   0.144453E+00   0.626676E-01   0.258733E-01   0.101782E-01   0.382015E-02   0.136760E-02   0.467924E-03   0.152991E-03   0.642654E-04
 0.000000E+00   0.470361E-12   0.185154E-11   0.698198E-11   0.252203E-10   0.872681E-10   0.289272E-09   0.918494E-09   0.279377E-08   0.814026E-08   0.000000E+00   0.000000E+00   0.000000E+00   0.000000E+00   0.000000E+00   0.000000E+00   0.000000E+00   0.100149E-07   0.000000E+00   0.000000E+00   0.000000E+00   0.000000E+00   0.857413E-09   0.000000E+00   0.000000E+00   0.000000E+00   0.000000E+00   0.000000E+00   0.000000E+00   0.178406E-07   0.000000E+00   0.000000E+00   0.000000E+00   0.000000E+00   0.000000E+00   0.000000E+00   0.000000E+00   0.000000E+00   0.000000E+00   0.000000E+00   0.000000E+00   0.900106E-08   0.000000E+00   0.000000E+00   0.000000E+00   0.000000E+00   0.000000E+00   0.000000E+00   0.000000E+00   0.000000E+00   0.000000E+00   0.000000E+00   0.000000E+00   0.000000E+00   0.000000E+00   0.000000E+00   0.000000E+00   0.000000E+00   0.000000E+00   0.000000E+00   0.000000E+00   0.000000E+00   0.000000E+00   0.000000E+00   0.000000E+00   0.000000E+00   0.000000E+00   0.000000E+00   0.125968E-02   0.303079E-01   0.124137E+00   0.390870E+00   0.105927E+01   0.245801E+01   0.482509E+01   0.787974E+01   0.104961E+02   0.110458E+02   0.883410E+01   0.505171E+01   0.190475E+01   0.356436E+00   0.432504E-03   0.231010E-07   0.219455E-07   0.331301E-08   0.000000E+00   0.000000E+00   0.000000E+00   0.000000E+00   0.582287E-08   0.000000E+00   0.554893E-05   0.530487E-03   0.433175E-02   0.248515E-01   0.109139E+00   0.383970E+00   0.111587E+01   0.273819E+01   0.577323E+01   0.106056E+02   0.171632E+02   0.247152E+02   0.319656E+02   0.374247E+02   0.399389E+02   0.390849E+02   0.352613E+02   0.294658E+02   0.228995E+02   0.166102E+02   0.112822E+02   0.719553E+01   0.431933E+01   0.244622E+01   0.130943E+01   0.663537E+00   0.318841E+00   0.145524E+00   0.631416E-01   0.260718E-01   0.102570E-01   0.384986E-02   0.137822E-02   0.471545E-03   0.154164E-03   0.647728E-04
 0.000000E+00   0.470361E-12   0.185154E-11   0.698198E-11   0.252203E-10   0.872681E-10   0.289272E-09   0.918494E-09   0.279377E-08   0.814026E-08   0.000000E+00   0.000000E+00   0.000000E+00   0.000000E+00   0.000000E+00   0.000000E+00   0.000000E+00   0.100149E-07   0.000000E+00   0.000000E+00   0.000000E+00   0.000000E+00   0.857413E-09   0.000000E+00   0.000000E+00   0.000000E+00   0.000000E+00   0.000000E+00   0.000000E+00   0.178406E-07   0.000000E+00   0.000000E+00   0.000000E+00   0.000000E+00   0.000000E+00   0.000000E+00   0.000000E+00   0.000000E+00   0.000000E+00   0.000000E+00   0.000000E+00   0.900106E-08   0.000000E+00   0.000000E+00   0.000000E+00   0.000000E+00   0.000000E+00   0.000000E+00   0.000000E+00   0.000000E+00   0.000000E+00   0.000000E+00   0.000000E+00   0.000000E+00   0.000000E+00   0.000000E+00   0.000000E+00   0.000000E+00   0.000000E+00   0.000000E+00   0.000000E+00   0.000000E+00   0.000000E+00   0.000000E+00   0.000000E+00   0.000000E+00   0.000000E+00   0.000000E+00   0.228057E-02   0.347872E-01   0.134570E+00   0.414370E+00   0.110327E+01   0.252240E+01   0.489024E+01   0.790404E+01   0.104386E+02   0.109067E+02   0.866904E+01   0.493102E+01   0.184960E+01   0.337285E+00   0.000000E+00   0.231010E-07   0.219455E-07   0.331301E-08   0.000000E+00   0.000000E+00   0.000000E+00   0.000000E+00   0.582287E-08   0.000000E+00   0.504424E-05   0.522040E-03   0.427852E-02   0.245853E-01   0.108125E+00   0.380899E+00   0.110831E+01   0.272286E+01   0.574740E+01   0.105696E+02   0.171229E+02   0.246815E+02   0.319517E+02   0.374413E+02   0.399895E+02   0.391645E+02   0.353584E+02   0.295665E+02   0.229917E+02   0.166865E+02   0.113398E+02   0.723561E+01   0.434519E+01   0.246177E+01   0.131818E+01   0.668154E+00   0.321133E+00   0.146598E+00   0.636171E-01   0.262711E-01   0.103360E-01   0.387967E-02   0.138889E-02   0.475180E-03   0.155342E-03   0.652824E-04
 0.000000E+00   0.470361E-12   0.185154E-11   0.698198E-11   0.252203E-10   0.872681E-10   0.289272E-09   0.918494E-09   0.279377E-08   0.814026E-08   0.000000E+00   0.000000E+00   0.000000E+00   0.000000E+00   0.000000E+00   0.000000E+00   0.000000E+00   0.100149E-07   0.000000E+00   0.000000E+00   0.000000E+00   0.000000E+00   0.857413E-09   0.000000E+00   0.000000E+00   0.000000E+00   0.000000E+00   0.000000E+00   0.000000E+00   0.178406E-07   0.000000E+00   0.000000E+00   0.000000E+00   0.000000E+00   0.000000E+00   0.000000E+00   0.000000E+00   0.000000E+00   0.000000E+00   0.000000E+00   0.000000E+00   0.900106E-08   0.000000E+00   0.000000E+00   0.000000E+00   0.000000E+00   0.000000E+00   0.000000E+00   0.000000E+00   0.000000E+00   0.000000E+00   0.000000E+00   0.000000E+00   0.000000E+00   0.000000E+00   0.000000E+00   0.000000E+00   0.000000E+00   0.000000E+00   0.000000E+00   0.000000E+00   0.000000E+00   0.000000E+00   0.000000E+00   0.000000E+00   0.000000E+00   0.000000E+00   0.000000E+00   0.361915E-02   0.395069E-01   0.145581E+00   0.438757E+00   0.114811E+01   0.258688E+01   0.495401E+01   0.792568E+01   0.103783E+02   0.107663E+02   0.850451E+01   0.481147E+01   0.179539E+01   0.317987E+00   0.000000E+00   0.231010E-07   0.219455E-07   0.331301E-08   0.000000E+00   0.000000E+00   0.000000E+00   0.000000E+00   0.582287E-08   0.000000E+00   0.457316E-05   0.513815E-03   0.422667E-02   0.243250E-01   0.107131E+00   0.377880E+00   0.110086E+01   0.270772E+01   0.572184E+01   0.105339E+02   0.170827E+02   0.246478E+02   0.319376E+02   0.374573E+02   0.400394E+02   0.392433E+02   0.354548E+02   0.296666E+02   0.230837E+02   0.167626E+02   0.113973E+02   0.727567E+01   0.437105E+01   0.247732E+01   0.132693E+01   0.672780E+00   0.323431E+00   0.147675E+00   0.640940E-01   0.264710E-01   0.104153E-01   0.390960E-02   0.139960E-02   0.478830E-03   0.156525E-03   0.657940E-04
 0.000000E+00   0.470361E-12   0.185154E-11   0.698198E-11   0.252203E-10   0.872681E-10   0.289272E-09   0.918494E-09   0.279377E-08   0.814026E-08   0.000000E+00   0.000000E+00   0.000000E+00   0.000000E+00   0.000000E+00   0.000000E+00   0.000000E+00   0.100149E-07   0.000000E+00   0.000000E+00   0.000000E+00   0.000000E+00   0.857413E-09   0.000000E+00   0.000000E+00   0.000000E+00   0.000000E+00   0.000000E+00   0.000000E+00   0.178406E-07   0.000000E+00   0.000000E+00   0.000000E+00   0.000000E+00   0.000000E+00   0.000000E+00   0.000000E+00   0.000000E+00   0.000000E+00   0.000000E+00   0.000000E+00   0.900106E-08   0.000000E+00   0.000000E+00   0.000000E+00   0.000000E+00   0.000000E+00   0.000000E+00   0.000000E+00   0.000000E+00   0.000000E+00   0.000000E+00   0.000000E+00   0.000000E+00   0.000000E+00   0.000000E+00   0.000000E+00   0.000000E+00   0.000000E+00   0.000000E+00   0.000000E+00   0.000000E+00   0.000000E+00   0.000000E+00   0.000000E+00   0.000000E+00   0.000000E+00   0.000000E+00   0.528652E-02   0.444883E-01   0.157193E+00   0.464035E+00   0.119376E+01   0.265140E+01   0.501633E+01   0.794463E+01   0.103152E+02   0.106246E+02   0.834055E+01   0.469307E+01   0.174216E+01   0.298943E+00   0.000000E+00   0.231010E-07   0.219455E-07   0.331301E-08   0.000000E+00   0.000000E+00   0.000000E+00   0.000000E+00   0.582287E-08   0.000000E+00   0.413441E-05   0.505811E-03   0.417618E-02   0.240708E-01   0.106157E+00   0.374916E+00   0.109353E+01   0.269278E+01   0.569657E+01   0.104986E+02   0.170428E+02   0.246141E+02   0.319232E+02   0.374729E+02   0.400886E+02   0.393215E+02   0.355505E+02   0.297663E+02   0.231753E+02   0.168385E+02   0.114547E+02   0.731571E+01   0.439692E+01   0.249290E+01   0.133570E+01   0.677415E+00   0.325734E+00   0.148755E+00   0.645724E-01   0.266715E-01   0.104949E-01   0.393964E-02   0.141035E-02   0.482494E-03   0.157712E-03   0.663078E-04
 0.000000E+00   0.470361E-12   0.185154E-11   0.698198E-11   0.252203E-10   0.872681E-10   0.289272E-09   0.918494E-09   0.279377E-08   0.814026E-08   0.000000E+00   0.000000E+00   0.000000E+00   0.000000E+00   0.000000E+00   0.000000E+00   0.000000E+00   0.100149E-07   0.000000E+00   0.000000E+00   0.000000E+00   0.000000E+00   0.857413E-09   0.000000E+00   0.000000E+00   0.000000E+00   0.000000E+00   0.000000E+00   0.000000E+00   0.178406E-07   0.000000E+00   0.000000E+00   0.000000E+00   0.000000E+00   0.000000E+00   0.000000E+00   0.000000E+00   0.000000E+00   0.000000E+00   0.000000E+00   0.000000E+00   0.900106E-08   0.000000E+00   0.000000E+00   0.000000E+00   0.000000E+00   0.000000E+00   0.000000E+00   0.000000E+00   0.000000E+00   0.000000E+00   0.000000E+00   0.000000E+00   0.000000E+00   0.000000E+00   0.000000E+00   0.000000E+00   0.000000E+00   0.000000E+00   0.000000E+00   0.000000E+00   0.000000E+00   0.000000E+00   0.000000E+00   0.000000E+00   0.000000E+00   0.000000E+00   0.000000E+00   0.729490E-02   0.497535E-01   0.169426E+00   0.490205E+00   0.124021E+01   0.271588E+01   0.507712E+01   0.796086E+01   0.102493E+02   0.104819E+02   0.817719E+01   0.457581E+01   0.168988E+01   0.280174E+00   0.000000E+00   0.231010E-07   0.219455E-07   0.331301E-08   0.000000E+00   0.000000E+00   0.000000E+00   0.000000E+00   0.582287E-08   0.000000E+00   0.372672E-05   0.498025E-03   0.412704E-02   0.238225E-01   0.105203E+00   0.372004E+00   0.108632E+01   0.267805E+01   0.567157E+01   0.104635E+02   0.170031E+02   0.245804E+02   0.319086E+02   0.374880E+02   0.401371E+02   0.393989E+02   0.356456E+02   0.298655E+02   0.232666E+02   0.169142E+02   0.115121E+02   0.735571E+01   0.442279E+01   0.250848E+01   0.134449E+01   0.682058E+00   0.328043E+00   0.149838E+00   0.650521E-01   0.268727E-01   0.105748E-01   0.396979E-02   0.142115E-02   0.486173E-03   0.158904E-03   0.668237E-04
 0.000000E+00   0.470361E-12   0.185154E-11   0.698198E-11   0.252203E-10   0.872681E-10   0.289272E-09   0.918494E-09   0.279377E-08   0.814026E-08   0.000000E+00   0.000000E+00   0.000000E+00   0.000000E+00   0.000000E+00   0.000000E+00   0.000000E+00   0.100149E-07   0.000000E+00   0.000000E+00   0.000000E+00   0.000000E+00   0.857413E-09   0.000000E+00   0.000000E+00   0.000000E+00   0.000000E+00   0.000000E+00   0.000000E+00   0.178406E-07   0.000000E+00   0.000000E+00   0.000000E+00   0.000000E+00   0.000000E+00   0.000000E+00   0.000000E+00   0.000000E+00   0.000000E+00   0.000000E+00   0.000000E+00   0.900106E-08   0.000000E+00   0.000000E+00   0.000000E+00   0.000000E+00   0.000000E+00   0.000000E+00   0.000000E+00   0.000000E+00   0.000000E+00   0.000000E+00   0.000000E+00   0.000000E+00   0.000000E+00   0.000000E+00   0.000000E+00   0.000000E+00   0.000000E+00   0.000000E+00   0.000000E+00   0.000000E+00   0.000000E+00   0.000000E+00   0.000000E+00   0.000000E+00   0.000000E+00   0.000000E+00   0.965789E-02   0.553251E-01   0.182301E+00   0.517268E+00   0.128740E+01   0.278027E+01   0.513634E+01   0.797433E+01   0.101808E+02   0.103379E+02   0.801447E+01   0.445973E+01   0.163854E+01   0.261706E+00   0.000000E+00   0.231010E-07   0.219455E-07   0.331301E-08   0.000000E+00   0.000000E+00   0.000000E+00   0.000000E+00   0.582287E-08   0.000000E+00   0.334879E-05   0.490455E-03   0.407924E-02   0.235801E-01   0.104269E+00   0.369147E+00   0.107922E+01   0.266351E+01   0.564685E+01   0.104287E+02   0.169636E+02   0.245468E+02   0.318938E+02   0.375026E+02   0.401850E+02   0.394756E+02   0.357401E+02   0.299641E+02   0.233575E+02   0.169898E+02   0.115693E+02   0.739568E+01   0.444865E+01   0.252407E+01   0.135328E+01   0.686708E+00   0.330356E+00   0.150923E+00   0.655332E-01   0.270745E-01   0.106550E-01   0.400004E-02   0.143198E-02   0.489865E-03   0.160101E-03   0.673416E-04
 0.000000E+00   0.470361E-12   0.185154E-11   0.698198E-11   0.252203E-10   0.872681E-10   0.289272E-09   0.918494E-09   0.279377E-08   0.814026E-08   0.000000E+00   0.000000E+00   0.000000E+00   0.000000E+00   0.000000E+00   0.000000E+00   0.000000E+00   0.100149E-07   0.000000E+00   0.000000E+00   0.000000E+00   0.000000E+00   0.857413E-09   0.000000E+00   0.000000E+00   0.000000E+00   0.000000E+00   0.000000E+00   0.000000E+00   0.178406E-07   0.000000E+00   0.000000E+00   0.000000E+00   0.000000E+00   0.000000E+00   0.000000E+00   0.000000E+00   0.000000E+00   0.000000E+00   0.000000E+00   0.000000E+00   0.900106E-08   0.000000E+00   0.000000E+00   0.000000E+00   0.000000E+00   0.000000E+00   0.000000E+00   0.000000E+00   0.000000E+00   0.000000E+00   0.000000E+00   0.000000E+00   0.000000E+00   0.000000E+00   0.000000E+00   0.000000E+00   0.000000E+00   0.000000E+00   0.000000E+00   0.000000E+00   0.000000E+00   0.000000E+00   0.000000E+00   0.000000E+00   0.000000E+00   0.000000E+00   0.346250E-05   0.123872E-01   0.612263E-01   0.195836E+00   0.545222E+00   0.133531E+01   0.284450E+01   0.519392E+01   0.798501E+01   0.101095E+02   0.101929E+02   0.785242E+01   0.434484E+01   0.158813E+01   0.243565E+00   0.000000E+00   0.231010E-07   0.219455E-07   0.331301E-08   0.000000E+00   0.000000E+00   0.000000E+00   0.000000E+00   0.582287E-08   0.000000E+00   0.299931E-05   0.483099E-03   0.403276E-02   0.233435E-01   0.103355E+00   0.366342E+00   0.107223E+01   0.264917E+01   0.562242E+01   0.103943E+02   0.169244E+02   0.245132E+02   0.318787E+02   0.375167E+02   0.402321E+02   0.395515E+02   0.358338E+02   0.300623E+02   0.234481E+02   0.170651E+02   0.116264E+02   0.743561E+01   0.447450E+01   0.253966E+01   0.136208E+01   0.691365E+00   0.332673E+00   0.152011E+00   0.660156E-01   0.272770E-01   0.107354E-01   0.403040E-02   0.144285E-02   0.493571E-03   0.161302E-03   0.678615E-04
 0.000000E+00   0.470361E-12   0.185154E-11   0.698198E-11   0.252203E-10   0.872681E-10   0.289272E-09   0.918494E-09   0.279377E-08   0.814026E-08   0.000000E+00   0.000000E+00   0.000000E+00   0.000000E+00   0.000000E+00   0.000000E+00   0.000000E+00   0.100149E-07   0.000000E+00   0.000000E+00   0.000000E+00   0.000000E+00   0.857413E-09   0.000000E+00   0.000000E+00   0.000000E+00   0.000000E+00   0.000000E+00   0.000000E+00   0.178406E-07   0.000000E+00   0.000000E+00   0.000000E+00   0.000000E+00   0.000000E+00   0.000000E+00   0.000000E+00   0.000000E+00   0.000000E+00   0.000000E+00   0.000000E+00   0.900106E-08   0.000000E+00   0.000000E+00   0.000000E+00   0.000000E+00   0.000000E+00   0.000000E+00   0.000000E+00   0.000000E+00   0.000000E+00   0.000000E+00   0.000000E+00   0.000000E+00   0.000000E+00   0.000000E+00   0.000000E+00   0.000000E+00   0.000000E+00   0.000000E+00   0.000000E+00   0.000000E+00   0.000000E+00   0.000000E+00   0.000000E+00   0.000000E+00   0.000000E+00   0.171685E-03   0.153386E-01   0.674802E-01   0.210047E+00   0.574061E+00   0.138391E+01   0.290849E+01   0.524978E+01   0.799288E+01   0.100355E+02   0.100469E+02   0.769109E+01   0.423115E+01   0.153861E+01   0.225777E+00   0.000000E+00   0.231010E-07   0.219455E-07   0.331301E-08   0.000000E+00   0.000000E+00   0.000000E+00   0.000000E+00   0.582287E-08   0.000000E+00   0.267700E-05   0.475955E-03   0.398757E-02   0.231127E-01   0.102460E+00   0.363591E+00   0.106536E+01   0.263504E+01   0.559827E+01   0.103601E+02   0.168854E+02   0.244796E+02   0.318634E+02   0.375302E+02   0.402786E+02   0.396267E+02   0.359269E+02   0.301598E+02   0.235383E+02   0.171401E+02   0.116834E+02   0.747548E+01   0.450035E+01   0.255526E+01   0.137088E+01   0.696029E+00   0.334995E+00   0.153101E+00   0.664993E-01   0.274800E-01   0.108160E-01   0.406086E-02   0.145376E-02   0.497291E-03   0.162508E-03   0.683834E-04
 0.000000E+00   0.470361E-12   0.185154E-11   0.698198E-11   0.252203E-10   0.872681E-10   0.289272E-09   0.918494E-09   0.279377E-08   0.814026E-08   0.000000E+00   0.000000E+00   0.000000E+00   0.000000E+00   0.000000E+00   0.000000E+00   0.000000E+00   0.100149E-07   0.000000E+00   0.000000E+00   0.000000E+00   0.000000E+00   0.857413E-09   0.000000E+00   0.000000E+00   0.000000E+00   0.000000E+00   0.000000E+00   0.000000E+00   0.178406E-07   0.000000E+00   0.000000E+00   0.000000E+00   0.000000E+00   0.000000E+00   0.000000E+00   0.000000E+00   0.000000E+00   0.000000E+00   0.000000E+00   0.000000E+00   0.900106E-08   0.000000E+00   0.000000E+00   0.000000E+00   0.000000E+00   0.000000E+00   0.000000E+00   0.000000E+00   0.000000E+00   0.000000E+00   0.000000E+00   0.000000E+00   0.000000E+00   0.000000E+00   0.000000E+00   0.000000E+00   0.000000E+00   0.000000E+00   0.000000E+00   0.000000E+00   0.000000E+00   0.000000E+00   0.000000E+00   0.000000E+00   0.000000E+00   0.000000E+00   0.600188E-03   0.184353E-01   0.741100E-01   0.224951E+00   0.603779E+00   0.143315E+01   0.297218E+01   0.530389E+01   0.799790E+01   0.995896E+01   0.989981E+01   0.753053E+01   0.411870E+01   0.148998E+01   0.208374E+00   0.000000E+00   0.231010E-07   0.219455E-07   0.331301E-08   0.000000E+00   0.000000E+00   0.000000E+00   0.000000E+00   0.582287E-08   0.000000E+00   0.238056E-05   0.469021E-03   0.394367E-02   0.228876E-01   0.101585E+00   0.360892E+00   0.105861E+01   0.262111E+01   0.557441E+01   0.103263E+02   0.168466E+02   0.244461E+02   0.318479E+02   0.375433E+02   0.403244E+02   0.397012E+02   0.360193E+02   0.302568E+02   0.236281E+02   0.172149E+02   0.117403E+02   0.751531E+01   0.452618E+01   0.257086E+01   0.137970E+01   0.700699E+00   0.337321E+00   0.154194E+00   0.669842E-01   0.276836E-01   0.108970E-01   0.409142E-02   0.146471E-02   0.501024E-03   0.163718E-03   0.689073E-04
 0.000000E+00   0.470361E-12   0.185154E-11   0.698198E-11   0.252203E-10   0.872681E-10   0.289272E-09   0.918494E-09   0.279377E-08   0.814026E-08   0.000000E+00   0.000000E+00   0.000000E+00   0.000000E+00   0.000000E+00   0.000000E+00   0.000000E+00   0.100149E-07   0.000000E+00   0.000000E+00   0.000000E+00   0.000000E+00   0.857413E-09   0.000000E+00   0.000000E+00   0.000000E+00   0.000000E+00   0.000000E+00   0.000000E+00   0.178406E-07   0.000000E+00   0.000000E+00   0.000000E+00   0.000000E+00   0.000000E+00   0.000000E+00   0.000000E+00   0.000000E+00   0.000000E+00   0.000000E+00   0.000000E+00   0.900106E-08   0.000000E+00   0.000000E+00   0.000000E+00   0.000000E+00   0.000000E+00   0.000000E+00   0.000000E+00   0.000000E+00   0.000000E+00   0.000000E+00   0.000000E+00   0.000000E+00   0.000000E+00   0.000000E+00   0.000000E+00   0.000000E+00   0.000000E+00   0.000000E+00   0.000000E+00   0.000000E+00   0.000000E+00   0.000000E+00   0.000000E+00   0.000000E+00   0.000000E+00   0.129833E-02   0.216888E-01   0.811384E-01   0.240561E+00   0.634368E+00   0.148299E+01   0.303550E+01   0.535616E+01   0.800005E+01   0.987977E+01   0.975181E+01   0.737077E+01   0.400750E+01   0.144220E+01   0.191384E+00   0.000000E+00   0.231010E-07   0.219455E-07   0.331301E-08   0.000000E+00   0.000000E+00   0.000000E+00   0.000000E+00   0.582287E-08   0.000000E+00   0.210869E-05   0.462295E-03   0.390104E-02   0.226682E-01   0.100730E+00   0.358245E+00   0.105196E+01   0.260737E+01   0.555084E+01   0.102928E+02   0.168081E+02   0.244127E+02   0.318321E+02   0.375559E+02   0.403695E+02   0.397748E+02   0.361110E+02   0.303533E+02   0.237175E+02   0.172895E+02   0.117971E+02   0.755508E+01   0.455199E+01   0.258646E+01   0.138851E+01   0.705374E+00   0.339651E+00   0.155288E+00   0.674703E-01   0.278877E-01   0.109781E-01   0.412208E-02   0.147569E-02   0.504770E-03   0.164933E-03   0.694331E-04
 0.000000E+00   0.470361E-12   0.185154E-11   0.698198E-11   0.252203E-10   0.872681E-10   0.289272E-09   0.918494E-09   0.279377E-08   0.814026E-08   0.000000E+00   0.000000E+00   0.000000E+00   0.000000E+00   0.000000E+00   0.000000E+00   0.000000E+00   0.100149E-07   0.000000E+00   0.000000E+00   0.000000E+00   0.000000E+00   0.857413E-09   0.000000E+00   0.000000E+00   0.000000E+00   0.000000E+00   0.000000E+00   0.000000E+00   0.178406E-07   0.000000E+00   0.000000E+00   0.000000E+00   0.000000E+00   0.000000E+00   0.000000E+00   0.000000E+00   0.000000E+00   0.000000E+00   0.000000E+00   0.000000E+00   0.900106E-08   0.000000E+00   0.000000E+00   0.000000E+00   0.000000E+00   0.000000E+00   0.000000E+00   0.000000E+00   0.000000E+00   0.000000E+00   0.000000E+00   0.000000E+00   0.000000E+00   0.000000E+00   0.000000E+00   0.000000E+00   0.000000E+00   0.000000E+00   0.000000E+00   0.000000E+00   0.000000E+00   0.000000E+00   0.000000E+00   0.000000E+00   0.000000E+00   0.000000E+00   0.227489E-02   0.251131E-01   0.885875E-01   0.256890E+00   0.665817E+00   0.153339E+01   0.309837E+01   0.540654E+01   0.799931E+01   0.979801E+01   0.960291E+01   0.721186E+01   0.389760E+01   0.139525E+01   0.174842E+00   0.000000E+00   0.231010E-07   0.219455E-07   0.331301E-08   0.000000E+00   0.000000E+00   0.000000E+00   0.000000E+00   0.582287E-08   0.000000E+00   0.186011E-05   0.455773E-03   0.385965E-02   0.224544E-01   0.998936E-01   0.355651E+00   0.104544E+01   0.259385E+01   0.552756E+01   0.102597E+02   0.167699E+02   0.243793E+02   0.318162E+02   0.375680E+02   0.404139E+02   0.398477E+02   0.362019E+02   0.304491E+02   0.238064E+02   0.173639E+02   0.118537E+02   0.759479E+01   0.457779E+01   0.260207E+01   0.139734E+01   0.710055E+00   0.341985E+00   0.156386E+00   0.679576E-01   0.280924E-01   0.110595E-01   0.415283E-02   0.148672E-02   0.508528E-03   0.166152E-03   0.699608E-04
 0.000000E+00   0.470361E-12   0.185154E-11   0.698198E-11   0.252203E-10   0.872681E-10   0.289272E-09   0.918494E-09   0.279377E-08   0.814026E-08   0.000000E+00   0.000000E+00   0.000000E+00   0.000000E+00   0.000000E+00   0.000000E+00   0.000000E+00   0.100149E-07   0.000000E+00   0.000000E+00   0.000000E+00   0.000000E+00   0.857413E-09   0.000000E+00   0.000000E+00   0.000000E+00   0.000000E+00   0.000000E+00   0.000000E+00   0.178406E-07   0.000000E+00   0.000000E+00   0.000000E+00   0.000000E+00   0.000000E+00   0.000000E+00   0.000000E+00   0.000000E+00   0.000000E+00   0.000000E+00   0.000000E+00   0.900106E-08   0.000000E+00   0.000000E+00   0.000000E+00   0.000000E+00   0.000000E+00   0.000000E+00   0.000000E+00   0.000000E+00   0.000000E+00   0.000000E+00   0.000000E+00   0.000000E+00   0.000000E+00   0.000000E+00   0.000000E+00   0.000000E+00   0.000000E+00   0.000000E+00   0.000000E+00   0.000000E+00   0.000000E+00   0.000000E+00   0.000000E+00   0.000000E+00   0.000000E+00   0.353876E-02   0.287243E-01   0.964788E-01   0.273948E+00   0.698111E+00   0.158429E+01   0.316071E+01   0.545496E+01   0.799564E+01   0.971371E+01   0.945317E+01   0.705385E+01   0.378902E+01   0.134909E+01   0.158781E+00   0.000000E+00   0.231010E-07   0.219455E-07   0.331301E-08   0.000000E+00   0.000000E+00   0.000000E+00   0.000000E+00   0.582287E-08   0.000000E+00   0.163355E-05   0.449455E-03   0.381950E-02   0.222462E-01   0.990763E-01   0.353109E+00   0.103902E+01   0.258052E+01   0.550457E+01   0.102268E+02   0.167319E+02   0.243461E+02   0.318000E+02   0.375797E+02   0.404576E+02   0.399198E+02   0.362921E+02   0.305444E+02   0.238950E+02   0.174379E+02   0.119102E+02   0.763444E+01   0.460356E+01   0.261766E+01   0.140617E+01   0.714741E+00   0.344322E+00   0.157485E+00   0.684460E-01   0.282977E-01   0.111412E-01   0.418368E-02   0.149778E-02   0.512300E-03   0.167375E-03   0.704905E-04
 0.000000E+00   0.470361E-12   0.185154E-11   0.698198E-11   0.252203E-10   0.872681E-10   0.289272E-09   0.918494E-09   0.279377E-08   0.814026E-08   0.000000E+00   0.000000E+00   0.000000E+00   0.000000E+00   0.000000E+00   0.000000E+00   0.000000E+00   0.100149E-07   0.000000E+00   0.000000E+00   0.000000E+00   0.000000E+00   0.857413E-09   0.000000E+00   0.000000E+00   0.000000E+00   0.000000E+00   0.000000E+00   0.000000E+00   0.178406E-07   0.000000E+00   0.000000E+00   0.000000E+00   0.000000E+00   0.000000E+00   0.000000E+00   0.000000E+00   0.000000E+00   0.000000E+00   0.000000E+00   0.000000E+00   0.900106E-08   0.000000E+00   0.000000E+00   0.000000E+00   0.000000E+00   0.000000E+00   0.000000E+00   0.000000E+00   0.000000E+00   0.000000E+00   0.000000E+00   0.000000E+00   0.000000E+00   0.000000E+00   0.000000E+00   0.000000E+00   0.000000E+00   0.000000E+00   0.000000E+00   0.000000E+00   0.000000E+00   0.000000E+00   0.000000E+00   0.000000E+00   0.000000E+00   0.000000E+00   0.509944E-02   0.325396E-01   0.104833E+00   0.291745E+00   0.731236E+00   0.163566E+01   0.322246E+01   0.550137E+01   0.798903E+01   0.962691E+01   0.930265E+01   0.689679E+01   0.368179E+01   0.130368E+01   0.143238E+00   0.000000E+00   0.231010E-07   0.219455E-07   0.331301E-08   0.000000E+00   0.000000E+00   0.000000E+00   0.000000E+00   0.582287E-08   0.000000E+00   0.142775E-05   0.443337E-03   0.378055E-02   0.220434E-01   0.982779E-01   0.350617E+00   0.103272E+01   0.256739E+01   0.548187E+01   0.101943E+02   0.166942E+02   0.243128E+02   0.317837E+02   0.375908E+02   0.405006E+02   0.399912E+02   0.363816E+02   0.306390E+02   0.239831E+02   0.175117E+02   0.119665E+02   0.767402E+01   0.462931E+01   0.263326E+01   0.141500E+01   0.719431E+00   0.346663E+00   0.158586E+00   0.689354E-01   0.285034E-01   0.112230E-01   0.421463E-02   0.150887E-02   0.516084E-03   0.168603E-03   0.710220E-04
 0.000000E+00   0.470361E-12   0.185154E-11   0.698198E-11   0.252203E-10   0.872681E-10   0.289272E-09   0.918494E-09   0.279377E-08   0.814026E-08   0.000000E+00   0.000000E+00   0.000000E+00   0.000000E+00   0.000000E+00   0.000000E+00   0.000000E+00   0.100149E-07   0.000000E+00   0.000000E+00   0.000000E+00   0.000000E+00   0.857413E-09   0.000000E+00   0.000000E+00   0.000000E+00   0.000000E+00   0.000000E+00   0.000000E+00   0.178406E-07   0.000000E+00   0.000000E+00   0.000000E+00   0.000000E+00   0.000000E+00   0.000000E+00   0.000000E+00   0.000000E+00   0.000000E+00   0.000000E+00   0.000000E+00   0.900106E-08   0.000000E+00   0.000000E+00   0.000000E+00   0.000000E+00   0.000000E+00   0.000000E+00   0.000000E+00   0.000000E+00   0.000000E+00   0.000000E+00   0.000000E+00   0.000000E+00   0.000000E+00   0.000000E+00   0.000000E+00   0.000000E+00   0.000000E+00   0.000000E+00   0.000000E+00   0.000000E+00   0.000000E+00   0.000000E+00   0.000000E+00   0.000000E+00   0.000000E+00   0.696739E-02   0.365774E-01   0.113670E+00   0.310287E+00   0.765173E+00   0.168743E+01   0.328353E+01   0.554571E+01   0.797946E+01   0.953766E+01   0.915140E+01   0.674072E+01   0.357597E+01   0.125899E+01   0.128249E+00   0.000000E+00   0.231010E-07   0.219455E-07   0.331301E-08   0.000000E+00   0.000000E+00   0.000000E+00   0.000000E+00   0.582287E-08   0.000000E+00   0.124148E-05   0.437417E-03   0.374279E-02   0.218459E-01   0.974980E-01   0.348177E+00   0.102653E+01   0.255447E+01   0.545946E+01   0.101622E+02   0.166568E+02   0.242797E+02   0.317671E+02   0.376014E+02   0.405430E+02   0.400617E+02   0.364704E+02   0.307331E+02   0.240708E+02   0.175852E+02   0.120227E+02   0.771352E+01   0.465503E+01   0.264885E+01   0.142384E+01   0.724125E+00   0.349007E+00   0.159689E+00   0.694260E-01   0.287097E-01   0.113051E-01   0.424566E-02   0.152000E-02   0.519881E-03   0.169834E-03   0.715555E-04
 0.000000E+00   0.470361E-12   0.185154E-11   0.698198E-11   0.252203E-10   0.872681E-10   0.289272E-09   0.918494E-09   0.279377E-08   0.814026E-08   0.000000E+00   0.000000E+00   0.000000E+00   0.000000E+00   0.000000E+00   0.000000E+00   0.000000E+00   0.100149E-07   0.000000E+00   0.000000E+00   0.000000E+00   0.000000E+00   0.857413E-09   0.000000E+00   0.000000E+00   0.000000E+00   0.000000E+00   0.000000E+00   0.000000E+00   0.178406E-07   0.000000E+00   0.000000E+00   0.000000E+00   0.000000E+00   0.000000E+00   0.000000E+00   0.000000E+00   0.000000E+00   0.000000E+00   0.000000E+00   0.000000E+00   0.900106E-08   0.000000E+00   0.000000E+00   0.000000E+00   0.000000E+00   0.000000E+00   0.000000E+00   0.000000E+00   0.000000E+00   0.000000E+00   0.000000E+00   0.000000E+00   0.000000E+00   0.000000E+00   0.000000E+00   0.000000E+00   0.000000E+00   0.000000E+00   0.000000E+00   0.000000E+00   0.000000E+00   0.000000E+00   0.000000E+00   0.000000E+00   0.000000E+00   0.381710E-04   0.911614E-02   0.408566E-01   0.123008E+00   0.329578E+00   0.799901E+00   0.173955E+01   0.334385E+01   0.558792E+01   0.796691E+01   0.944600E+01   0.899951E+01   0.658570E+01   0.347158E+01   0.121498E+01   0.113855E+00   0.000000E+00   0.231010E-07   0.219455E-07   0.331301E-08   0.000000E+00   0.000000E+00   0.000000E+00   0.000000E+00   0.582287E-08   0.000000E+00   0.107352E-05   0.431691E-03   0.370620E-02   0.216538E-01   0.967365E-01   0.345787E+00   0.102045E+01   0.254174E+01   0.543734E+01   0.101303E+02   0.166196E+02   0.242467E+02   0.317504E+02   0.376116E+02   0.405846E+02   0.401315E+02   0.365583E+02   0.308265E+02   0.241580E+02   0.176584E+02   0.120787E+02   0.775295E+01   0.468073E+01   0.266444E+01   0.143267E+01   0.728823E+00   0.351354E+00   0.160795E+00   0.699175E-01   0.289165E-01   0.113874E-01   0.427679E-02   0.153116E-02   0.523690E-03   0.171070E-03   0.720907E-04
 0.000000E+00   0.470361E-12   0.185154E-11   0.698198E-11   0.252203E-10   0.872681E-10   0.289272E-09   0.918494E-09   0.279377E-08   0.814026E-08   0.000000E+00   0.000000E+00   0.000000E+00   0.000000E+00   0.000000E+00   0.000000E+00   0.000000E+00   0.100149E-07   0.000000E+00   0.000000E+00   0.000000E+00   0.000000E+00   0.857413E-09   0.000000E+00   0.000000E+00   0.000000E+00   0.000000E+00   0.000000E+00   0.000000E+00   0.178406E-07   0.000000E+00   0.000000E+00   0.000000E+00   0.000000E+00   0.000000E+00   0.000000E+00   0.000000E+00   0.000000E+00   0.000000E+00   0.000000E+00   0.000000E+00   0.900106E-08   0.000000E+00   0.000000E+00   0.000000E+00   0.000000E+00   0.000000E+00   0.000000E+00   0.000000E+00   0.000000E+00   0.000000E+00   0.000000E+00   0.000000E+00   0.000000E+00   0.000000E+00   0.000000E+00   0.000000E+00   0.000000E+00   0.000000E+00   0.000000E+00   0.000000E+00   0.000000E+00   0.000000E+00   0.000000E+00   0.000000E+00   0.000000E+00   0.282413E-03   0.113910E-01   0.453965E-01   0.132866E+00   0.349623E+00   0.835396E+00   0.179197E+01   0.340334E+01   0.562793E+01   0.795137E+01   0.935199E+01   0.884703E+01   0.643179E+01   0.336868E+01   0.117161E+01   0.100097E+00   0.000000E+00   0.231010E-07   0.219455E-07   0.331301E-08   0.000000E+00   0.000000E+00   0.000000E+00   0.000000E+00   0.582287E-08   0.000000E+00   0.922675E-06   0.426158E-03   0.367076E-02   0.214669E-01   0.959931E-01   0.343447E+00   0.101448E+01   0.252921E+01   0.541551E+01   0.100988E+02   0.165827E+02   0.242137E+02   0.317335E+02   0.376213E+02   0.406255E+02   0.402005E+02   0.366456E+02   0.309193E+02   0.242448E+02   0.177314E+02   0.121345E+02   0.779230E+01   0.470639E+01   0.268001E+01   0.144151E+01   0.733524E+00   0.353703E+00   0.161902E+00   0.704101E-01   0.291237E-01   0.114700E-01   0.430800E-02   0.154236E-02   0.527511E-03   0.172310E-03   0.726278E-04
 0.000000E+00   0.470361E-12   0.185154E-11   0.698198E-11   0.252203E-10   0.872681E-10   0.289272E-09   0.918494E-09   0.279377E-08   0.814026E-08   0.000000E+00   0.000000E+00   0.000000E+00   0.000000E+00   0.000000E+00   0.000000E+00   0.000000E+00   0.100149E-07   0.000000E+00   0.000000E+00   0.000000E+00   0.000000E+00   0.857413E-09   0.000000E+00   0.000000E+00   0.000000E+00   0.000000E+00   0.000000E+00   0.000000E+00   0.178406E-07   0.000000E+00   0.000000E+00   0.000000E+00   0.000000E+00   0.000000E+00   0.000000E+00   0.000000E+00   0.000000E+00   0.000000E+00   0.000000E+00   0.000000E+00   0.900106E-08   0.000000E+00   0.000000E+00   0.000000E+00   0.000000E+00   0.000000E+00   0.000000E+00   0.000000E+00   0.000000E+00   0.000000E+00   0.000000E+00   0.000000E+00   0.000000E+00   0.000000E+00   0.000000E+00   0.000000E+00   0.000000E+00   0.000000E+00   0.000000E+00   0.000000E+00   0.000000E+00   0.000000E+00   0.000000E+00   0.000000E+00   0.000000E+00   0.760016E-03   0.137793E-01   0.502164E-01   0.143258E+00   0.370422E+00   0.871633E+00   0.184462E+01   0.346192E+01   0.566569E+01   0.793283E+01   0.925566E+01   0.869404E+01   0.627902E+01   0.326730E+01   0.112882E+01   0.870159E-01   0.000000E+00   0.231010E-07   0.219455E-07   0.331301E-08   0.000000E+00   0.000000E+00   0.000000E+00   0.000000E+00   0.582287E-08   0.000000E+00   0.787787E-06   0.420814E-03   0.363644E-02   0.212851E-01   0.952675E-01   0.341156E+00   0.100862E+01   0.251689E+01   0.539397E+01   0.100676E+02   0.165461E+02   0.241809E+02   0.317165E+02   0.376306E+02   0.406658E+02   0.402687E+02   0.367321E+02   0.310115E+02   0.243312E+02   0.178040E+02   0.121902E+02   0.783157E+01   0.473203E+01   0.269558E+01   0.145035E+01   0.738228E+00   0.356056E+00   0.163010E+00   0.709036E-01   0.293315E-01   0.115527E-01   0.433930E-02   0.155360E-02   0.531344E-03   0.173554E-03   0.731667E-04
 0.000000E+00   0.470361E-12   0.185154E-11   0.698198E-11   0.252203E-10   0.872681E-10   0.289272E-09   0.918494E-09   0.279377E-08   0.814026E-08   0.000000E+00   0.000000E+00   0.000000E+00   0.000000E+00   0.000000E+00   0.000000E+00   0.000000E+00   0.100149E-07   0.000000E+00   0.000000E+00   0.000000E+00   0.000000E+00   0.857413E-09   0.000000E+00   0.000000E+00   0.000000E+00   0.000000E+00   0.000000E+00   0.000000E+00   0.178406E-07   0.000000E+00   0.000000E+00   0.000000E+00   0.000000E+00   0.000000E+00   0.000000E+00   0.000000E+00   0.000000E+00   0.000000E+00   0.000000E+00   0.000000E+00   0.900106E-08   0.000000E+00   0.000000E+00   0.000000E+00   0.000000E+00   0.000000E+00   0.000000E+00   0.000000E+00   0.000000E+00   0.000000E+00   0.000000E+00   0.000000E+00   0.000000E+00   0.000000E+00   0.000000E+00   0.000000E+00   0.000000E+00   0.000000E+00   0.000000E+00   0.000000E+00   0.000000E+00   0.000000E+00   0.000000E+00   0.000000E+00   0.000000E+00   0.147847E-02   0.162903E-01   0.553356E-01   0.154199E+00   0.391972E+00   0.908583E+00   0.189744E+01   0.351951E+01   0.570114E+01   0.791128E+01   0.915708E+01   0.854062E+01   0.612747E+01   0.316751E+01   0.108657E+01   0.746570E-01   0.000000E+00   0.231010E-07   0.219455E-07   0.331301E-08   0.000000E+00   0.000000E+00   0.000000E+00   0.000000E+00   0.582287E-08   0.000000E+00   0.667725E-06   0.415656E-03   0.360323E-02   0.211084E-01   0.945595E-01   0.338914E+00   0.100287E+01   0.250475E+01   0.537272E+01   0.100368E+02   0.165097E+02   0.241482E+02   0.316992E+02   0.376394E+02   0.407053E+02   0.403361E+02   0.368178E+02   0.311031E+02   0.244170E+02   0.178764E+02   0.122457E+02   0.787075E+01   0.475762E+01   0.271114E+01   0.145919E+01   0.742935E+00   0.358411E+00   0.164121E+00   0.713981E-01   0.295397E-01   0.116357E-01   0.437069E-02   0.156486E-02   0.535189E-03   0.174803E-03   0.737074E-04
 0.000000E+00   0.470361E-12   0.185154E-11   0.698198E-11   0.252203E-10   0.872681E-10   0.289272E-09   0.918494E-09   0.279377E-08   0.814026E-08   0.000000E+00   0.000000E+00   0.000000E+00   0.000000E+00   0.000000E+00   0.000000E+00   0.000000E+00   0.100149E-07   0.000000E+00   0.000000E+00   0.000000E+00   0.000000E+00   0.857413E-09   0.000000E+00   0.000000E+00   0.000000E+00   0.000000E+00   0.000000E+00   0.000000E+00   0.178406E-07   0.000000E+00   0.000000E+00   0.000000E+00   0.000000E+00   0.000000E+00   0.000000E+00   0.000000E+00   0.000000E+00   0.000000E+00   0.000000E+00   0.000000E+00   0.900106E-08   0.000000E+00   0.000000E+00   0.000000E+00   0.000000E+00   0.000000E+00   0.000000E+00   0.000000E+00   0.000000E+00   0.000000E+00   0.000000E+00   0.000000E+00   0.000000E+00   0.000000E+00   0.000000E+00   0.000000E+00   0.000000E+00   0.000000E+00   0.000000E+00   0.000000E+00   0.000000E+00   0.000000E+00   0.000000E+00   0.000000E+00   0.000000E+00   0.244475E-02   0.189350E-01   0.607729E-01   0.165704E+00   0.414272E+00   0.946214E+00   0.195036E+01   0.357604E+01   0.573423E+01   0.788671E+01   0.905631E+01   0.838684E+01   0.597719E+01   0.306934E+01   0.104480E+01   0.630652E-01   0.000000E+00   0.231010E-07   0.219455E-07   0.331301E-08   0.000000E+00   0.000000E+00   0.000000E+00   0.000000E+00   0.582287E-08   0.000000E+00   0.561393E-06   0.410680E-03   0.357109E-02   0.209366E-01   0.938688E-01   0.336719E+00   0.997228E+00   0.249281E+01   0.535176E+01   0.100063E+02   0.164737E+02   0.241155E+02   0.316818E+02   0.376477E+02   0.407442E+02   0.404027E+02   0.369028E+02   0.311940E+02   0.245024E+02   0.179484E+02   0.123010E+02   0.790985E+01   0.478319E+01   0.272669E+01   0.146803E+01   0.747645E+00   0.360768E+00   0.165233E+00   0.718936E-01   0.297483E-01   0.117188E-01   0.440216E-02   0.157616E-02   0.539046E-03   0.176055E-03   0.742499E-04
 0.000000E+00   0.470361E-12   0.185154E-11   0.698198E-11   0.252203E-10   0.872681E-10   0.289272E-09   0.918494E-09   0.279377E-08   0.814026E-08   0.000000E+00   0.000000E+00   0.000000E+00   0.000000E+00   0.000000E+00   0.000000E+00   0.000000E+00   0.100149E-07   0.000000E+00   0.000000E+00   0.000000E+00   0.000000E+00   0.857413E-09   0.000000E+00   0.000000E+00   0.000000E+00   0.000000E+00   0.000000E+00   0.000000E+00   0.178406E-07   0.000000E+00   0.000000E+00   0.000000E+00   0.000000E+00   0.000000E+00   0.000000E+00   0.000000E+00   0.000000E+00   0.000000E+00   0.000000E+00   0.000000E+00   0.900106E-08   0.000000E+00   0.000000E+00   0.000000E+00   0.000000E+00   0.000000E+00   0.000000E+00   0.000000E+00   0.000000E+00   0.000000E+00   0.000000E+00   0.000000E+00   0.000000E+00   0.000000E+00   0.000000E+00   0.000000E+00   0.000000E+00   0.000000E+00   0.000000E+00   0.000000E+00   0.000000E+00   0.000000E+00   0.000000E+00   0.000000E+00   0.000000E+00   0.366592E-02   0.217264E-01   0.665466E-01   0.177784E+00   0.437315E+00   0.984491E+00   0.200333E+01   0.363141E+01   0.576491E+01   0.785914E+01   0.895342E+01   0.823279E+01   0.582823E+01   0.297285E+01   0.100346E+01   0.522874E-01   0.000000E+00   0.231010E-07   0.219455E-07   0.331301E-08   0.000000E+00   0.000000E+00   0.000000E+00   0.000000E+00   0.582287E-08   0.000000E+00   0.467733E-06   0.405883E-03   0.354000E-02   0.207696E-01   0.931950E-01   0.334571E+00   0.991689E+00   0.248106E+01   0.533108E+01   0.997612E+01   0.164379E+02   0.240830E+02   0.316642E+02   0.376556E+02   0.407824E+02   0.404685E+02   0.369870E+02   0.312843E+02   0.245874E+02   0.180202E+02   0.123562E+02   0.794886E+01   0.480871E+01   0.274223E+01   0.147687E+01   0.752357E+00   0.363128E+00   0.166347E+00   0.723899E-01   0.299574E-01   0.118022E-01   0.443372E-02   0.158750E-02   0.542915E-03   0.177311E-03   0.747942E-04
 0.000000E+00   0.470361E-12   0.185154E-11   0.698198E-11   0.252203E-10   0.872681E-10   0.289272E-09   0.918494E-09   0.279377E-08   0.814026E-08   0.000000E+00   0.000000E+00   0.000000E+00   0.000000E+00   0.000000E+00   0.000000E+00   0.000000E+00   0.100149E-07   0.000000E+00   0.000000E+00   0.000000E+00   0.000000E+00   0.857413E-09   0.000000E+00   0.000000E+00   0.000000E+00   0.000000E+00   0.000000E+00   0.000000E+00   0.178406E-07   0.000000E+00   0.000000E+00   0.000000E+00   0.000000E+00   0.000000E+00   0.000000E+00   0.000000E+00   0.000000E+00   0.000000E+00   0.000000E+00   0.000000E+00   0.900106E-08   0.000000E+00   0.000000E+00   0.000000E+00   0.000000E+00   0.000000E+00   0.000000E+00   0.000000E+00   0.000000E+00   0.000000E+00   0.000000E+00   0.000000E+00   0.000000E+00   0.000000E+00   0.000000E+00   0.000000E+00   0.000000E+00   0.000000E+00   0.000000E+00   0.000000E+00   0.000000E+00   0.000000E+00   0.000000E+00   0.000000E+00   0.000000E+00   0.514939E-02   0.246786E-01   0.726742E-01   0.190448E+00   0.461092E+00   0.102338E+01   0.205625E+01   0.368556E+01   0.579311E+01   0.782857E+01   0.884847E+01   0.807855E+01   0.568065E+01   0.287810E+01   0.962485E+00   0.423714E-01   0.000000E+00   0.231010E-07   0.219455E-07   0.331301E-08   0.000000E+00   0.000000E+00   0.000000E+00   0.000000E+00   0.582287E-08   0.000000E+00   0.385735E-06   0.401262E-03   0.350994E-02   0.206074E-01   0.925379E-01   0.332470E+00   0.986253E+00   0.246950E+01   0.531067E+01   0.994628E+01   0.164024E+02   0.240506E+02   0.316465E+02   0.376630E+02   0.408199E+02   0.405336E+02   0.370704E+02   0.313739E+02   0.246718E+02   0.180916E+02   0.124112E+02   0.798778E+01   0.483420E+01   0.275776E+01   0.148571E+01   0.757072E+00   0.365491E+00   0.167462E+00   0.728872E-01   0.301670E-01   0.118858E-01   0.446536E-02   0.159886E-02   0.546795E-03   0.178571E-03   0.753403E-04
 0.000000E+00   0.470361E-12   0.185154E-11   0.698198E-11   0.252203E-10   0.872681E-10   0.289272E-09   0.918494E-09   0.279377E-08   0.814026E-08   0.000000E+00   0.000000E+00   0.000000E+00   0.000000E+00   0.000000E+00   0.000000E+00   0.000000E+00   0.100149E-07   0.000000E+00   0.000000E+00   0.000000E+00   0.000000E+00   0.857413E-09   0.000000E+00   0.000000E+00   0.000000E+00   0.000000E+00   0.000000E+00   0.000000E+00   0.178406E-07   0.000000E+00   0.000000E+00   0.000000E+00   0.000000E+00   0.000000E+00   0.000000E+00   0.000000E+00   0.000000E+00   0.000000E+00   0.000000E+00   0.000000E+00   0.900106E-08   0.000000E+00   0.000000E+00   0.000000E+00   0.000000E+00   0.000000E+00   0.000000E+00   0.000000E+00   0.000000E+00   0.000000E+00   0.000000E+00   0.000000E+00   0.000000E+00   0.000000E+00   0.000000E+00   0.000000E+00   0.000000E+00   0.000000E+00   0.000000E+00   0.000000E+00   0.000000E+00   0.000000E+00   0.000000E+00   0.000000E+00   0.956813E-04   0.680710E-02   0.278064E-01   0.791724E-01   0.203704E+00   0.485591E+00   0.106283E+01   0.210907E+01   0.373840E+01   0.581880E+01   0.779500E+01   0.874153E+01   0.792423E+01   0.553452E+01   0.278513E+01   0.921817E+00   0.333668E-01   0.000000E+00   0.231010E-07   0.219455E-07   0.331301E-08   0.000000E+00   0.000000E+00   0.000000E+00   0.000000E+00   0.582287E-08   0.000000E+00   0.314402E-06   0.396812E-03   0.348087E-02   0.204498E-01   0.918969E-01   0.330414E+00   0.980919E+00   0.245813E+01   0.529055E+01   0.991677E+01   0.163672E+02   0.240183E+02   0.316287E+02   0.376700E+02   0.408568E+02   0.405979E+02   0.371532E+02   0.314629E+02   0.247558E+02   0.181627E+02   0.124660E+02   0.802661E+01   0.485965E+01   0.277327E+01   0.149454E+01   0.761788E+00   0.367855E+00   0.168579E+00   0.733853E-01   0.303770E-01   0.119696E-01   0.449709E-02   0.161026E-02   0.550686E-03   0.179835E-03   0.758881E-04
 0.000000E+00   0.470361E-12   0.185154E-11   0.698198E-11   0.252203E-10   0.872681E-10   0.289272E-09   0.918494E-09   0.279377E-08   0.814026E-08   0.000000E+00   0.000000E+00   0.000000E+00   0.000000E+00   0.000000E+00   0.000000E+00   0.000000E+00   0.100149E-07   0.000000E+00   0.000000E+00   0.000000E+00   0.000000E+00   0.857413E-09   0.000000E+00   0.000000E+00   0.000000E+00   0.000000E+00   0.000000E+00   0.000000E+00   0.178406E-07   0.000000E+00   0.000000E+00   0.000000E+00   0.000000E+00   0.000000E+00   0.000000E+00   0.000000E+00   0.000000E+00   0.000000E+00   0.000000E+00   0.000000E+00   0.900106E-08   0.000000E+00   0.000000E+00   0.000000E+00   0.000000E+00   0.000000E+00   0.000000E+00   0.000000E+00   0.000000E+00   0.000000E+00   0.000000E+00   0.000000E+00   0.000000E+00   0.000000E+00   0.000000E+00   0.000000E+00   0.000000E+00   0.000000E+00   0.000000E+00   0.000000E+00   0.000000E+00   0.000000E+00   0.000000E+00   0.000000E+00   0.393393E-03   0.854309E-02   0.311252E-01   0.860571E-01   0.217561E+00   0.510802E+00   0.110281E+01   0.216172E+01   0.378986E+01   0.584192E+01   0.775846E+01   0.863268E+01   0.776991E+01   0.538989E+01   0.269401E+01   0.881386E+00   0.253230E-01   0.000000E+00   0.231010E-07   0.219455E-07   0.331301E-08   0.000000E+00   0.000000E+00   0.000000E+00   0.000000E+00   0.582287E-08   0.000000E+00   0.260898E-06   0.392520E-03   0.345278E-02   0.202966E-01   0.912718E-01   0.328402E+00   0.975685E+00   0.244694E+01   0.527070E+01   0.988757E+01   0.163323E+02   0.239861E+02   0.316107E+02   0.376766E+02   0.408930E+02   0.406614E+02   0.372351E+02   0.315513E+02   0.248393E+02   0.182335E+02   0.125206E+02   0.806535E+01   0.488507E+01   0.278877E+01   0.150338E+01   0.766507E+00   0.370222E+00   0.169697E+00   0.738843E-01   0.305875E-01   0.120535E-01   0.452889E-02   0.162169E-02   0.554590E-03   0.181103E-03   0.764378E-04
 0.000000E+00   0.470361E-12   0.185154E-11   0.698198E-11   0.252203E-10   0.872681E-10   0.289272E-09   0.918494E-09   0.279377E-08   0.814026E-08   0.000000E+00   0.000000E+00   0.000000E+00   0.000000E+00   0.000000E+00   0.000000E+00   0.000000E+00   0.100149E-07   0.000000E+00   0.000000E+00   0.000000E+00   0.000000E+00   0.857413E-09   0.000000E+00   0.000000E+00   0.000000E+00   0.000000E+00   0.000000E+00   0.000000E+00   0.178406E-07   0.000000E+00   0.000000E+00   0.000000E+00   0.000000E+00   0.000000E+00   0.000000E+00   0.000000E+00   0.000000E+00   0.000000E+00   0.000000E+00   0.000000E+00   0.900106E-08   0.000000E+00   0.000000E+00   0.000000E+00   0.000000E+00   0.000000E+00   0.000000E+00   0.000000E+00   0.000000E+00   0.000000E+00   0.000000E+00   0.000000E+00   0.000000E+00   0.000000E+00   0.000000E+00   0.000000E+00   0.000000E+00   0.000000E+00   0.000000E+00   0.000000E+00   0.000000E+00   0.000000E+00   0.000000E+00   0.000000E+00   0.898201E-03   0.103632E-01   0.346505E-01   0.933432E-01   0.232021E+00   0.536707E+00   0.114327E+01   0.221410E+01   0.383986E+01   0.586243E+01   0.771896E+01   0.852200E+01   0.761569E+01   0.524682E+01   0.260479E+01   0.841119E+00   0.182907E-01   0.000000E+00   0.231010E-07   0.219455E-07   0.331301E-08   0.000000E+00   0.000000E+00   0.000000E+00   0.000000E+00   0.582287E-08   0.000000E+00   0.261026E-06   0.388345E-03   0.342563E-02   0.201479E-01   0.906621E-01   0.326433E+00   0.970548E+00   0.243592E+01   0.525111E+01   0.985870E+01   0.162976E+02   0.239541E+02   0.315925E+02   0.376827E+02   0.409286E+02   0.407242E+02   0.373164E+02   0.316391E+02   0.249224E+02   0.183040E+02   0.125751E+02   0.810400E+01   0.491044E+01   0.280427E+01   0.151221E+01   0.771228E+00   0.372591E+00   0.170817E+00   0.743842E-01   0.307984E-01   0.121377E-01   0.456079E-02   0.163316E-02   0.558505E-03   0.182375E-03   0.769892E-04
 0.000000E+00   0.470361E-12   0.185154E-11   0.698198E-11   0.252203E-10   0.872681E-10   0.289272E-09   0.918494E-09   0.279377E-08   0.814026E-08   0.000000E+00   0.000000E+00   0.000000E+00   0.000000E+00   0.000000E+00   0.000000E+00   0.000000E+00   0.100149E-07   0.000000E+00   0.000000E+00   0.000000E+00   0.000000E+00   0.857413E-09   0.000000E+00   0.000000E+00   0.000000E+00   0.000000E+00   0.000000E+00   0.000000E+00   0.178406E-07   0.000000E+00   0.000000E+00   0.000000E+00   0.000000E+00   0.000000E+00   0.000000E+00   0.000000E+00   0.000000E+00   0.000000E+00   0.000000E+00   0.000000E+00   0.900106E-08   0.000000E+00   0.000000E+00   0.000000E+00   0.000000E+00   0.000000E+00   0.000000E+00   0.000000E+00   0.000000E+00   0.000000E+00   0.000000E+00   0.000000E+00   0.000000E+00   0.000000E+00   0.000000E+00   0.000000E+00   0.000000E+00   0.000000E+00   0.000000E+00   0.000000E+00   0.000000E+00   0.000000E+00   0.000000E+00   0.000000E+00   0.161426E-02   0.122758E-01   0.383978E-01   0.101044E+00   0.247088E+00   0.563290E+00   0.118416E+01   0.226616E+01   0.388832E+01   0.588030E+01   0.767654E+01   0.840955E+01   0.746166E+01   0.510537E+01   0.251752E+01   0.800941E+00   0.123212E-01   0.000000E+00   0.231010E-07   0.219455E-07   0.331301E-08   0.000000E+00   0.000000E+00   0.000000E+00   0.000000E+00   0.582287E-08   0.000000E+00   0.261149E-06   0.384336E-03   0.339939E-02   0.200033E-01   0.900674E-01   0.324506E+00   0.965506E+00   0.242509E+01   0.523179E+01   0.983014E+01   0.162632E+02   0.239221E+02   0.315742E+02   0.376885E+02   0.409636E+02   0.407862E+02   0.373969E+02   0.317263E+02   0.250050E+02   0.183742E+02   0.126294E+02   0.814257E+01   0.493578E+01   0.281974E+01   0.152105E+01   0.775951E+00   0.374963E+00   0.171939E+00   0.748851E-01   0.310097E-01   0.122221E-01   0.459276E-02   0.164465E-02   0.562431E-03   0.183651E-03   0.775424E-04
 0.000000E+00   0.470361E-12   0.185154E-11   0.698198E-11   0.252203E-10   0.872681E-10   0.289272E-09   0.918494E-09   0.279377E-08   0.814026E-08   0.000000E+00   0.000000E+00   0.000000E+00   0.000000E+00   0.000000E+00   0.000000E+00   0.000000E+00   0.100149E-07   0.000000E+00   0.000000E+00   0.000000E+00   0.000000E+00   0.857413E-09   0.000000E+00   0.000000E+00   0.000000E+00   0.000000E+00   0.000000E+00   0.000000E+00   0.178406E-07   0.000000E+00   0.000000E+00   0.000000E+00   0.000000E+00   0.000000E+00   0.000000E+00   0.000000E+00   0.000000E+00   0.000000E+00   0.000000E+00   0.000000E+00   0.900106E-08   0.000000E+00   0.000000E+00   0.000000E+00   0.000000E+00   0.000000E+00   0.000000E+00   0.000000E+00   0.000000E+00   0.000000E+00   0.000000E+00   0.000000E+00   0.000000E+00   0.000000E+00   0.000000E+00   0.000000E+00   0.000000E+00   0.000000E+00   0.000000E+00   0.000000E+00   0.000000E+00   0.000000E+00   0.000000E+00   0.000000E+00   0.254566E-02   0.142904E-01   0.423822E-01   0.109173E+00   0.262762E+00   0.590528E+00   0.122543E+01   0.231780E+01   0.393518E+01   0.589548E+01   0.763121E+01   0.829544E+01   0.730792E+01   0.496560E+01   0.243227E+01   0.760767E+00   0.746640E-02   0.000000E+00   0.231010E-07   0.219455E-07   0.331301E-08   0.000000E+00   0.000000E+00   0.000000E+00   0.000000E+00   0.582287E-08   0.000000E+00   0.261266E-06   0.380486E-03   0.337403E-02   0.198629E-01   0.894873E-01   0.322621E+00   0.960557E+00   0.241442E+01   0.521273E+01   0.980188E+01   0.162291E+02   0.238903E+02   0.315558E+02   0.376938E+02   0.409979E+02   0.408475E+02   0.374767E+02   0.318129E+02   0.250872E+02   0.184442E+02   0.126835E+02   0.818104E+01   0.496108E+01   0.283521E+01   0.152988E+01   0.780676E+00   0.377337E+00   0.173062E+00   0.753868E-01   0.312216E-01   0.123067E-01   0.462483E-02   0.165618E-02   0.566370E-03   0.184931E-03   0.780974E-04
 0.000000E+00   0.470361E-12   0.185154E-11   0.698198E-11   0.252203E-10   0.872681E-10   0.289272E-09   0.918494E-09   0.279377E-08   0.814026E-08   0.000000E+00   0.000000E+00   0.000000E+00   0.000000E+00   0.000000E+00   0.000000E+00   0.000000E+00   0.100149E-07   0.000000E+00   0.000000E+00   0.000000E+00   0.000000E+00   0.857413E-09   0.000000E+00   0.000000E+00   0.000000E+00   0.000000E+00   0.000000E+00   0.000000E+00   0.178406E-07   0.000000E+00   0.000000E+00   0.000000E+00   0.000000E+00   0.000000E+00   0.000000E+00   0.000000E+00   0.000000E+00   0.000000E+00   0.000000E+00   0.000000E+00   0.900106E-08   0.000000E+00   0.000000E+00   0.000000E+00   0.000000E+00   0.000000E+00   0.000000E+00   0.000000E+00   0.000000E+00   0.000000E+00   0.000000E+00   0.000000E+00   0.000000E+00   0.000000E+00   0.000000E+00   0.000000E+00   0.000000E+00   0.000000E+00   0.000000E+00   0.000000E+00   0.193152E-05   0.000000E+00   0.000000E+00   0.404344E-06   0.369235E-02   0.164167E-01   0.466161E-01   0.117733E+00   0.279030E+00   0.618375E+00   0.126699E+01   0.236890E+01   0.398029E+01   0.590789E+01   0.758305E+01   0.817986E+01   0.715476E+01   0.482773E+01   0.235252E+01   0.720429E+00   0.000000E+00   0.000000E+00   0.231010E-07   0.219455E-07   0.331301E-08   0.000000E+00   0.000000E+00   0.000000E+00   0.000000E+00   0.582287E-08   0.000000E+00   0.499958E-05   0.673994E-03   0.284189E-02   0.197064E-01   0.889194E-01   0.320769E+00   0.955686E+00   0.240390E+01   0.519388E+01   0.977388E+01   0.161952E+02   0.238586E+02   0.315373E+02   0.376989E+02   0.410317E+02   0.409082E+02   0.375559E+02   0.318989E+02   0.251690E+02   0.185139E+02   0.127375E+02   0.821947E+01   0.498637E+01   0.285068E+01   0.153872E+01   0.785407E+00   0.379714E+00   0.179266E+00   0.721124E-01   0.299037E-01   0.118239E-01   0.443799E-02   0.159760E-02   0.546682E-03   0.176523E-03   0.781527E-04
 0.000000E+00   0.470361E-12   0.185154E-11   0.698198E-11   0.252203E-10   0.872681E-10   0.289272E-09   0.918494E-09   0.279377E-08   0.814026E-08   0.000000E+00   0.000000E+00   0.000000E+00   0.000000E+00   0.000000E+00   0.000000E+00   0.000000E+00   0.100149E-07   0.000000E+00   0.000000E+00   0.000000E+00   0.000000E+00   0.857413E-09   0.000000E+00   0.000000E+00   0.000000E+00   0.000000E+00   0.000000E+00   0.000000E+00   0.178406E-07   0.000000E+00   0.000000E+00   0.000000E+00   0.000000E+00   0.000000E+00   0.000000E+00   0.000000E+00   0.000000E+00   0.000000E+00   0.000000E+00   0.000000E+00   0.900106E-08   0.000000E+00   0.000000E+00   0.000000E+00   0.000000E+00   0.000000E+00   0.000000E+00   0.000000E+00   0.000000E+00   0.000000E+00   0.000000E+00   0.000000E+00   0.000000E+00   0.000000E+00   0.000000E+00   0.000000E+00   0.000000E+00   0.000000E+00   0.000000E+00   0.450938E-06   0.814793E-03   0.208385E-02   0.000000E+00   0.000000E+00   0.191297E-04   0.186635E-01   0.511076E-01   0.126723E+00   0.295863E+00   0.646757E+00   0.130870E+01   0.241926E+01   0.402346E+01   0.591743E+01   0.753212E+01   0.806310E+01   0.700259E+01   0.469206E+01   0.227230E+01   0.677624E+00   0.000000E+00   0.000000E+00   0.231010E-07   0.219455E-07   0.331301E-08   0.000000E+00   0.000000E+00   0.000000E+00   0.000000E+00   0.582287E-08   0.000000E+00   0.477115E-05   0.671346E-03   0.544093E-02   0.159890E-01   0.882106E-01   0.318941E+00   0.950867E+00   0.239348E+01   0.517517E+01   0.974605E+01   0.161615E+02   0.238269E+02   0.315187E+02   0.377036E+02   0.410651E+02   0.409685E+02   0.376348E+02   0.319847E+02   0.252507E+02   0.185835E+02   0.127915E+02   0.825791E+01   0.501169E+01   0.286618E+01   0.154758E+01   0.790149E+00   0.394675E+00   0.165993E+00   0.727506E-01   0.300542E-01   0.118953E-01   0.446542E-02   0.160768E-02   0.550102E-03   0.177705E-03   0.785943E-04
 0.000000E+00   0.470361E-12   0.185154E-11   0.698198E-11   0.252203E-10   0.872681E-10   0.289272E-09   0.918494E-09   0.279377E-08   0.814026E-08   0.000000E+00   0.000000E+00   0.000000E+00   0.000000E+00   0.000000E+00   0.000000E+00   0.000000E+00   0.100149E-07   0.000000E+00   0.000000E+00   0.000000E+00   0.000000E+00   0.857413E-09   0.000000E+00   0.000000E+00   0.000000E+00   0.000000E+00   0.000000E+00   0.000000E+00   0.178406E-07   0.000000E+00   0.000000E+00   0.000000E+00   0.000000E+00   0.000000E+00   0.000000E+00   0.000000E+00   0.000000E+00   0.000000E+00   0.000000E+00   0.000000E+00   0.900106E-08   0.000000E+00   0.000000E+00   0.000000E+00   0.000000E+00   0.000000E+00   0.000000E+00   0.000000E+00   0.000000E+00   0.000000E+00   0.000000E+00   0.000000E+00   0.000000E+00   0.000000E+00   0.000000E+00   0.000000E+00   0.000000E+00   0.000000E+00   0.506501E-07   0.119497E-05   0.161424E-02   0.214923E-02   0.000000E+00   0.000000E+00   0.221785E-04   0.210448E-01   0.558754E-01   0.136161E+00   0.313278E+00   0.675694E+00   0.135058E+01   0.246894E+01   0.406478E+01   0.592419E+01   0.747846E+01   0.794504E+01   0.685115E+01   0.455835E+01   0.219453E+01   0.635661E+00   0.000000E+00   0.000000E+00   0.231010E-07   0.219455E-07   0.331301E-08   0.000000E+00   0.000000E+00   0.000000E+00   0.000000E+00   0.582287E-08   0.000000E+00   0.455029E-05   0.668718E-03   0.541680E-02   0.160165E-01   0.874968E-01   0.317149E+00   0.946124E+00   0.238319E+01   0.515668E+01   0.971847E+01   0.161279E+02   0.237953E+02   0.314999E+02   0.377080E+02   0.410981E+02   0.410282E+02   0.377131E+02   0.320701E+02   0.253320E+02   0.186529E+02   0.128453E+02   0.829630E+01   0.503698E+01   0.288167E+01   0.155644E+01   0.824116E+00   0.363565E+00   0.167378E+00   0.731087E-01   0.302285E-01   0.119679E-01   0.449318E-02   0.161786E-02   0.553558E-03   0.178898E-03   0.790417E-04
 0.000000E+00   0.470361E-12   0.185154E-11   0.698198E-11   0.252203E-10   0.872681E-10   0.289272E-09   0.918494E-09   0.279377E-08   0.814026E-08   0.000000E+00   0.000000E+00   0.000000E+00   0.000000E+00   0.000000E+00   0.000000E+00   0.000000E+00   0.100149E-07   0.000000E+00   0.000000E+00   0.000000E+00   0.000000E+00   0.857413E-09   0.000000E+00   0.000000E+00   0.000000E+00   0.000000E+00   0.000000E+00   0.000000E+00   0.178406E-07   0.000000E+00   0.000000E+00   0.000000E+00   0.000000E+00   0.000000E+00   0.000000E+00   0.000000E+00   0.000000E+00   0.000000E+00   0.000000E+00   0.000000E+00   0.900106E-08   0.000000E+00   0.000000E+00   0.000000E+00   0.000000E+00   0.000000E+00   0.000000E+00   0.000000E+00   0.000000E+00   0.000000E+00   0.000000E+00   0.000000E+00   0.000000E+00   0.000000E+00   0.000000E+00   0.000000E+00   0.000000E+00   0.263055E-08   0.445722E-07   0.203244E-03   0.219319E-02   0.233901E-02   0.000000E+00   0.000000E+00   0.253736E-04   0.235699E-01   0.609264E-01   0.146043E+00   0.331247E+00   0.705114E+00   0.139252E+01   0.251776E+01   0.410409E+01   0.592809E+01   0.742216E+01   0.782595E+01   0.670079E+01   0.442693E+01   0.211933E+01   0.594706E+00   0.000000E+00   0.000000E+00   0.231010E-07   0.219455E-07   0.331301E-08   0.000000E+00   0.000000E+00   0.000000E+00   0.000000E+00   0.582287E-08   0.000000E+00   0.433689E-05   0.666111E-03   0.539284E-02   0.293481E-01   0.693220E-01   0.314933E+00   0.941437E+00   0.237301E+01   0.513833E+01   0.969106E+01   0.160945E+02   0.237637E+02   0.314811E+02   0.377121E+02   0.411306E+02   0.410875E+02   0.377909E+02   0.321551E+02   0.254131E+02   0.187222E+02   0.128991E+02   0.833469E+01   0.506230E+01   0.289718E+01   0.156532E+01   0.828087E+00   0.367225E+00   0.168116E+00   0.735225E-01   0.304057E-01   0.120413E-01   0.452126E-02   0.162815E-02   0.557051E-03   0.180103E-03   0.794947E-04
 0.000000E+00   0.470361E-12   0.185154E-11   0.698198E-11   0.252203E-10   0.872681E-10   0.289272E-09   0.918494E-09   0.279377E-08   0.814026E-08   0.000000E+00   0.000000E+00   0.000000E+00   0.000000E+00   0.000000E+00   0.000000E+00   0.000000E+00   0.100149E-07   0.000000E+00   0.000000E+00   0.000000E+00   0.000000E+00   0.857413E-09   0.000000E+00   0.000000E+00   0.000000E+00   0.000000E+00   0.000000E+00   0.000000E+00   0.178406E-07   0.000000E+00   0.000000E+00   0.000000E+00   0.000000E+00   0.000000E+00   0.000000E+00   0.000000E+00   0.000000E+00   0.000000E+00   0.000000E+00   0.000000E+00   0.900106E-08   0.000000E+00   0.000000E+00   0.000000E+00   0.000000E+00   0.000000E+00   0.000000E+00   0.000000E+00   0.000000E+00   0.000000E+00   0.000000E+00   0.000000E+00   0.000000E+00   0.000000E+00   0.000000E+00   0.000000E+00   0.000000E+00   0.185181E-07   0.249563E-07   0.659256E-03   0.260725E-02   0.254756E-02   0.000000E+00   0.000000E+00   0.287227E-04   0.262604E-01   0.662937E-01   0.156419E+00   0.349852E+00   0.735156E+00   0.143473E+01   0.256604E+01   0.414175E+01   0.592939E+01   0.736316E+01   0.770525E+01   0.655051E+01   0.429669E+01   0.204591E+01   0.554337E+00   0.000000E+00   0.000000E+00   0.231010E-07   0.219455E-07   0.331301E-08   0.000000E+00   0.000000E+00   0.000000E+00   0.000000E+00   0.582287E-08   0.000000E+00   0.413083E-05   0.663525E-03   0.536907E-02   0.292104E-01   0.694838E-01   0.312532E+00   0.936891E+00   0.236307E+01   0.512036E+01   0.966412E+01   0.160616E+02   0.237324E+02   0.314621E+02   0.377157E+02   0.411622E+02   0.411457E+02   0.378677E+02   0.322391E+02   0.254934E+02   0.187909E+02   0.129526E+02   0.837286E+01   0.508749E+01   0.291264E+01   0.157417E+01   0.832066E+00   0.370874E+00   0.168833E+00   0.739453E-01   0.305853E-01   0.121156E-01   0.454964E-02   0.163854E-02   0.560578E-03   0.181317E-03   0.799531E-04
 0.000000E+00   0.470361E-12   0.185154E-11   0.698198E-11   0.252203E-10   0.872681E-10   0.289272E-09   0.918494E-09   0.279377E-08   0.814026E-08   0.000000E+00   0.000000E+00   0.000000E+00   0.000000E+00   0.000000E+00   0.000000E+00   0.000000E+00   0.100149E-07   0.000000E+00   0.000000E+00   0.000000E+00   0.000000E+00   0.857413E-09   0.000000E+00   0.000000E+00   0.000000E+00   0.000000E+00   0.000000E+00   0.000000E+00   0.178406E-07   0.000000E+00   0.000000E+00   0.000000E+00   0.000000E+00   0.000000E+00   0.000000E+00   0.000000E+00   0.000000E+00   0.000000E+00   0.000000E+00   0.000000E+00   0.900106E-08   0.000000E+00   0.000000E+00   0.000000E+00   0.000000E+00   0.000000E+00   0.000000E+00   0.000000E+00   0.000000E+00   0.000000E+00   0.000000E+00   0.000000E+00   0.000000E+00   0.000000E+00   0.000000E+00   0.000000E+00   0.000000E+00   0.201040E-07   0.421353E-04   0.120753E-02   0.303016E-02   0.271555E-02   0.000000E+00   0.000000E+00   0.320079E-04   0.291163E-01   0.719622E-01   0.167237E+00   0.368970E+00   0.765580E+00   0.147681E+01   0.261325E+01   0.417722E+01   0.592779E+01   0.730170E+01   0.758389E+01   0.640174E+01   0.416905E+01   0.197510E+01   0.515173E+00   0.000000E+00   0.000000E+00   0.231010E-07   0.219455E-07   0.331301E-08   0.000000E+00   0.000000E+00   0.000000E+00   0.000000E+00   0.582287E-08   0.000000E+00   0.393200E-05   0.660961E-03   0.534548E-02   0.290738E-01   0.696394E-01   0.310149E+00   0.932388E+00   0.235320E+01   0.510249E+01   0.963728E+01   0.160287E+02   0.237010E+02   0.314430E+02   0.377191E+02   0.411936E+02   0.412036E+02   0.379443E+02   0.323230E+02   0.255737E+02   0.188597E+02   0.130061E+02   0.841109E+01   0.511274E+01   0.292813E+01   0.164852E+01   0.761660E+00   0.373807E+00   0.169580E+00   0.743769E-01   0.307672E-01   0.121908E-01   0.457832E-02   0.164903E-02   0.564139E-03   0.182542E-03   0.804167E-04
 0.000000E+00   0.470361E-12   0.185154E-11   0.698198E-11   0.252203E-10   0.872681E-10   0.289272E-09   0.918494E-09   0.279377E-08   0.814026E-08   0.000000E+00   0.000000E+00   0.000000E+00   0.000000E+00   0.000000E+00   0.000000E+00   0.000000E+00   0.100149E-07   0.000000E+00   0.000000E+00   0.000000E+00   0.000000E+00   0.857413E-09   0.000000E+00   0.000000E+00   0.000000E+00   0.000000E+00   0.000000E+00   0.000000E+00   0.178406E-07   0.000000E+00   0.000000E+00   0.000000E+00   0.000000E+00   0.000000E+00   0.000000E+00   0.000000E+00   0.000000E+00   0.000000E+00   0.000000E+00   0.000000E+00   0.900106E-08   0.000000E+00   0.000000E+00   0.000000E+00   0.000000E+00   0.000000E+00   0.000000E+00   0.000000E+00   0.000000E+00   0.000000E+00   0.000000E+00   0.000000E+00   0.000000E+00   0.000000E+00   0.000000E+00   0.000000E+00   0.000000E+00   0.201040E-07   0.280955E-03   0.164306E-02   0.353443E-02   0.282214E-02   0.000000E+00   0.000000E+00   0.357522E-04   0.321539E-01   0.779525E-01   0.178522E+00   0.388634E+00   0.796433E+00   0.151885E+01   0.265949E+01   0.421063E+01   0.592338E+01   0.723774E+01   0.746157E+01   0.625396E+01   0.404347E+01   0.190642E+01   0.477026E+00   0.000000E+00   0.000000E+00   0.231010E-07   0.219455E-07   0.331301E-08   0.000000E+00   0.000000E+00   0.000000E+00   0.000000E+00   0.582287E-08   0.000000E+00   0.374027E-05   0.658419E-03   0.532208E-02   0.289380E-01   0.697889E-01   0.307809E+00   0.927965E+00   0.234346E+01   0.508482E+01   0.961069E+01   0.159960E+02   0.236698E+02   0.314239E+02   0.377222E+02   0.412245E+02   0.412609E+02   0.380202E+02   0.324064E+02   0.256536E+02   0.189282E+02   0.130595E+02   0.844926E+01   0.513797E+01   0.294362E+01   0.165564E+01   0.769312E+00   0.375329E+00   0.170456E+00   0.748153E-01   0.309511E-01   0.122667E-01   0.460727E-02   0.165960E-02   0.567732E-03   0.183776E-03   0.808854E-04
 0.000000E+00   0.470361E-12   0.185154E-11   0.698198E-11   0.252203E-10   0.872681E-10   0.289272E-09   0.918494E-09   0.279377E-08   0.814026E-08   0.000000E+00   0.000000E+00   0.000000E+00   0.000000E+00   0.000000E+00   0.000000E+00   0.000000E+00   0.100149E-07   0.000000E+00   0.000000E+00   0.000000E+00   0.000000E+00   0.857413E-09   0.000000E+00   0.000000E+00   0.000000E+00   0.000000E+00   0.000000E+00   0.000000E+00   0.178406E-07   0.000000E+00   0.000000E+00   0.000000E+00   0.000000E+00   0.000000E+00   0.000000E+00   0.000000E+00   0.000000E+00   0.000000E+00   0.000000E+00   0.000000E+00   0.900106E-08   0.000000E+00   0.000000E+00   0.000000E+00   0.000000E+00   0.000000E+00   0.000000E+00   0.000000E+00   0.000000E+00   0.000000E+00   0.000000E+00   0.000000E+00   0.000000E+00   0.000000E+00   0.000000E+00   0.000000E+00   0.000000E+00   0.787746E-05   0.674091E-03   0.199739E-02   0.414923E-02   0.284508E-02   0.000000E+00   0.000000E+00   0.395505E-04   0.353920E-01   0.842903E-01   0.190310E+00   0.408895E+00   0.827796E+00   0.156095E+01   0.270495E+01   0.424219E+01   0.591632E+01   0.717126E+01   0.733797E+01   0.610661E+01   0.391934E+01   0.183940E+01   0.439688E+00   0.000000E+00   0.000000E+00   0.231010E-07   0.219455E-07   0.331301E-08   0.000000E+00   0.000000E+00   0.000000E+00   0.000000E+00   0.582287E-08   0.000000E+00   0.355554E-05   0.655899E-03   0.529888E-02   0.288033E-01   0.699325E-01   0.305550E+00   0.923670E+00   0.233395E+01   0.506751E+01   0.958454E+01   0.159638E+02   0.236388E+02   0.314046E+02   0.377248E+02   0.412546E+02   0.413172E+02   0.380952E+02   0.324889E+02   0.257327E+02   0.189962E+02   0.131125E+02   0.848722E+01   0.516309E+01   0.295906E+01   0.166278E+01   0.776935E+00   0.376801E+00   0.171354E+00   0.752595E-01   0.311371E-01   0.123433E-01   0.463649E-02   0.167027E-02   0.571357E-03   0.185020E-03   0.813589E-04
 0.000000E+00   0.470361E-12   0.185154E-11   0.698198E-11   0.252203E-10   0.872681E-10   0.289272E-09   0.918494E-09   0.279377E-08   0.814026E-08   0.000000E+00   0.000000E+00   0.000000E+00   0.000000E+00   0.000000E+00   0.000000E+00   0.000000E+00   0.100149E-07   0.000000E+00   0.000000E+00   0.000000E+00   0.000000E+00   0.857413E-09   0.000000E+00   0.000000E+00   0.000000E+00   0.000000E+00   0.000000E+00   0.000000E+00   0.178406E-07   0.000000E+00   0.000000E+00   0.000000E+00   0.000000E+00   0.000000E+00   0.000000E+00   0.000000E+00   0.000000E+00   0.000000E+00   0.000000E+00   0.000000E+00   0.900106E-08   0.000000E+00   0.000000E+00   0.000000E+00   0.000000E+00   0.000000E+00   0.000000E+00   0.000000E+00   0.000000E+00   0.000000E+00   0.000000E+00   0.000000E+00   0.000000E+00   0.000000E+00   0.000000E+00   0.000000E+00   0.000000E+00   0.142257E-03   0.104862E-02   0.234175E-02   0.488516E-02   0.275450E-02   0.000000E+00   0.000000E+00   0.435134E-04   0.388354E-01   0.909700E-01   0.202571E+00   0.429681E+00   0.859526E+00   0.160290E+01   0.274933E+01   0.427163E+01   0.590648E+01   0.710241E+01   0.721360E+01   0.596038E+01   0.379734E+01   0.177434E+01   0.403467E+00   0.000000E+00   0.000000E+00   0.231010E-07   0.219455E-07   0.331301E-08   0.000000E+00   0.000000E+00   0.000000E+00   0.000000E+00   0.582287E-08   0.000000E+00   0.337768E-05   0.653403E-03   0.527587E-02   0.286696E-01   0.700702E-01   0.303336E+00   0.919456E+00   0.232457E+01   0.505040E+01   0.955865E+01   0.159317E+02   0.236079E+02   0.313852E+02   0.377271E+02   0.412841E+02   0.413729E+02   0.381695E+02   0.325708E+02   0.258115E+02   0.190639E+02   0.131654E+02   0.852512E+01   0.518818E+01   0.297449E+01   0.166995E+01   0.784551E+00   0.378223E+00   0.172276E+00   0.757088E-01   0.313249E-01   0.124207E-01   0.466596E-02   0.168102E-02   0.575011E-03   0.186272E-03   0.818372E-04
 0.000000E+00   0.470361E-12   0.185154E-11   0.698198E-11   0.252203E-10   0.872681E-10   0.289272E-09   0.918494E-09   0.279377E-08   0.814026E-08   0.000000E+00   0.000000E+00   0.000000E+00   0.000000E+00   0.000000E+00   0.000000E+00   0.000000E+00   0.100149E-07   0.000000E+00   0.000000E+00   0.000000E+00   0.000000E+00   0.857413E-09   0.000000E+00   0.000000E+00   0.000000E+00   0.000000E+00   0.000000E+00   0.000000E+00   0.178406E-07   0.000000E+00   0.000000E+00   0.000000E+00   0.000000E+00   0.000000E+00   0.000000E+00   0.000000E+00   0.000000E+00   0.000000E+00   0.000000E+00   0.000000E+00   0.900106E-08   0.000000E+00   0.000000E+00   0.000000E+00   0.000000E+00   0.000000E+00   0.000000E+00   0.000000E+00   0.000000E+00   0.000000E+00   0.000000E+00   0.000000E+00   0.000000E+00   0.000000E+00   0.000000E+00   0.000000E+00   0.308292E-05   0.420240E-03   0.135327E-02   0.273410E-02   0.572822E-02   0.252874E-02   0.000000E+00   0.000000E+00   0.473147E-04   0.424746E-01   0.979574E-01   0.215220E+00   0.450820E+00   0.891321E+00   0.164424E+01   0.279207E+01   0.429844E+01   0.589368E+01   0.703165E+01   0.708963E+01   0.581688E+01   0.367896E+01   0.171200E+01   0.368963E+00   0.000000E+00   0.000000E+00   0.231010E-07   0.219455E-07   0.331301E-08   0.000000E+00   0.000000E+00   0.000000E+00   0.000000E+00   0.582287E-08   0.000000E+00   0.320656E-05   0.650931E-03   0.525306E-02   0.285369E-01   0.118532E+00   0.238681E+00   0.914243E+00   0.231512E+01   0.503317E+01   0.953258E+01   0.158995E+02   0.235768E+02   0.313658E+02   0.377294E+02   0.413139E+02   0.414290E+02   0.382443E+02   0.326533E+02   0.258908E+02   0.191321E+02   0.132186E+02   0.856328E+01   0.521345E+01   0.299004E+01   0.167722E+01   0.792219E+00   0.379597E+00   0.173221E+00   0.761629E-01   0.315145E-01   0.124987E-01   0.469568E-02   0.169186E-02   0.578695E-03   0.187534E-03   0.823202E-04
 0.000000E+00   0.470361E-12   0.185154E-11   0.698198E-11   0.252203E-10   0.872681E-10   0.289272E-09   0.918494E-09   0.279377E-08   0.814026E-08   0.000000E+00   0.000000E+00   0.000000E+00   0.000000E+00   0.000000E+00   0.000000E+00   0.000000E+00   0.100149E-07   0.000000E+00   0.000000E+00   0.000000E+00   0.000000E+00   0.857413E-09   0.000000E+00   0.000000E+00   0.000000E+00   0.000000E+00   0.000000E+00   0.000000E+00   0.178406E-07   0.000000E+00   0.000000E+00   0.000000E+00   0.000000E+00   0.000000E+00   0.000000E+00   0.000000E+00   0.000000E+00   0.000000E+00   0.000000E+00   0.000000E+00   0.900106E-08   0.000000E+00   0.000000E+00   0.000000E+00   0.000000E+00   0.000000E+00   0.000000E+00   0.000000E+00   0.000000E+00   0.000000E+00   0.000000E+00   0.000000E+00   0.000000E+00   0.000000E+00   0.000000E+00   0.000000E+00   0.985914E-04   0.713746E-03   0.162118E-02   0.320781E-02   0.665202E-02   0.217609E-02   0.000000E+00   0.000000E+00   0.519158E-04   0.463401E-01   0.105303E+00   0.228345E+00   0.472463E+00   0.923435E+00   0.168535E+01   0.283369E+01   0.432313E+01   0.587819E+01   0.695864E+01   0.696490E+01   0.567436E+01   0.356253E+01   0.165123E+01   0.335561E+00   0.000000E+00   0.000000E+00   0.231010E-07   0.219455E-07   0.331301E-08   0.000000E+00   0.000000E+00   0.000000E+00   0.000000E+00   0.582287E-08   0.000000E+00   0.304206E-05   0.648484E-03   0.523045E-02   0.284052E-01   0.117999E+00   0.239334E+00   0.907852E+00   0.230586E+01   0.501618E+01   0.950682E+01   0.158676E+02   0.235459E+02   0.313462E+02   0.377314E+02   0.413430E+02   0.414843E+02   0.383184E+02   0.327352E+02   0.259696E+02   0.191999E+02   0.132716E+02   0.860132E+01   0.523866E+01   0.300555E+01   0.168451E+01   0.799870E+00   0.380927E+00   0.174189E+00   0.766213E-01   0.317058E-01   0.125774E-01   0.472563E-02   0.170277E-02   0.582407E-03   0.188803E-03   0.828077E-04
 0.000000E+00   0.470361E-12   0.185154E-11   0.698198E-11   0.252203E-10   0.872681E-10   0.289272E-09   0.918494E-09   0.279377E-08   0.814026E-08   0.000000E+00   0.000000E+00   0.000000E+00   0.000000E+00   0.000000E+00   0.000000E+00   0.000000E+00   0.100149E-07   0.000000E+00   0.000000E+00   0.000000E+00   0.000000E+00   0.857413E-09   0.000000E+00   0.000000E+00   0.000000E+00   0.000000E+00   0.000000E+00   0.000000E+00   0.178406E-07   0.000000E+00   0.000000E+00   0.000000E+00   0.000000E+00   0.000000E+00   0.000000E+00   0.000000E+00   0.000000E+00   0.000000E+00   0.000000E+00   0.000000E+00   0.900106E-08   0.000000E+00   0.000000E+00   0.000000E+00   0.000000E+00   0.000000E+00   0.000000E+00   0.000000E+00   0.000000E+00   0.000000E+00   0.000000E+00   0.000000E+00   0.000000E+00   0.000000E+00   0.000000E+00   0.610448E-05   0.310922E-03   0.959149E-03   0.189858E-02   0.376922E-02   0.763961E-02   0.169978E-02   0.000000E+00   0.000000E+00   0.564977E-04   0.504495E-01   0.113029E+00   0.241975E+00   0.494653E+00   0.955930E+00   0.172634E+01   0.287432E+01   0.434586E+01   0.586010E+01   0.688334E+01   0.683917E+01   0.553241E+01   0.344762E+01   0.159166E+01   0.303146E+00   0.000000E+00   0.000000E+00   0.231010E-07   0.219455E-07   0.331301E-08   0.000000E+00   0.000000E+00   0.000000E+00   0.000000E+00   0.582287E-08   0.000000E+00   0.288406E-05   0.646062E-03   0.520805E-02   0.282746E-01   0.117469E+00   0.239964E+00   0.901675E+00   0.229686E+01   0.499958E+01   0.948153E+01   0.158361E+02   0.235152E+02   0.313266E+02   0.377328E+02   0.413713E+02   0.415386E+02   0.383913E+02   0.328160E+02   0.260476E+02   0.192672E+02   0.133243E+02   0.863912E+01   0.526374E+01   0.302101E+01   0.169182E+01   0.807482E+00   0.382216E+00   0.175180E+00   0.770836E-01   0.318988E-01   0.126567E-01   0.475581E-02   0.171376E-02   0.586146E-03   0.190081E-03   0.832996E-04
 0.000000E+00   0.470361E-12   0.185154E-11   0.698198E-11   0.252203E-10   0.872681E-10   0.289272E-09   0.918494E-09   0.279377E-08   0.814026E-08   0.000000E+00   0.000000E+00   0.000000E+00   0.000000E+00   0.000000E+00   0.000000E+00   0.000000E+00   0.100149E-07   0.000000E+00   0.000000E+00   0.000000E+00   0.000000E+00   0.857413E-09   0.000000E+00   0.000000E+00   0.000000E+00   0.000000E+00   0.000000E+00   0.000000E+00   0.178406E-07   0.000000E+00   0.000000E+00   0.000000E+00   0.000000E+00   0.000000E+00   0.000000E+00   0.000000E+00   0.000000E+00   0.000000E+00   0.000000E+00   0.000000E+00   0.900106E-08   0.000000E+00   0.000000E+00   0.000000E+00   0.000000E+00   0.000000E+00   0.000000E+00   0.000000E+00   0.000000E+00   0.000000E+00   0.000000E+00   0.000000E+00   0.000000E+00   0.000000E+00   0.000000E+00   0.973807E-04   0.532487E-03   0.116980E-02   0.222156E-02   0.440939E-02   0.867542E-02   0.109865E-02   0.000000E+00   0.000000E+00   0.612589E-04   0.548003E-01   0.121117E+00   0.256058E+00   0.517281E+00   0.988614E+00   0.176691E+01   0.291363E+01   0.436633E+01   0.583932E+01   0.680603E+01   0.671310E+01   0.539189E+01   0.333506E+01   0.153362E+01   0.272062E+00   0.000000E+00   0.000000E+00   0.231010E-07   0.219455E-07   0.331301E-08   0.000000E+00   0.000000E+00   0.000000E+00   0.000000E+00   0.582287E-08   0.000000E+00   0.273243E-05   0.643665E-03   0.518586E-02   0.281451E-01   0.116943E+00   0.240571E+00   0.895600E+00   0.228801E+01   0.498316E+01   0.945647E+01   0.158048E+02   0.234847E+02   0.313069E+02   0.377340E+02   0.413992E+02   0.415922E+02   0.384637E+02   0.328963E+02   0.261252E+02   0.193342E+02   0.133768E+02   0.867688E+01   0.528881E+01   0.303646E+01   0.169916E+01   0.815083E+00   0.383468E+00   0.176194E+00   0.775494E-01   0.320933E-01   0.127367E-01   0.478622E-02   0.172483E-02   0.589913E-03   0.191367E-03   0.837958E-04
 0.000000E+00   0.470361E-12   0.185154E-11   0.698198E-11   0.252203E-10   0.872681E-10   0.289272E-09   0.918494E-09   0.279377E-08   0.814026E-08   0.000000E+00   0.000000E+00   0.000000E+00   0.000000E+00   0.000000E+00   0.000000E+00   0.000000E+00   0.100149E-07   0.000000E+00   0.000000E+00   0.000000E+00   0.000000E+00   0.857413E-09   0.000000E+00   0.000000E+00   0.000000E+00   0.000000E+00   0.000000E+00   0.000000E+00   0.178406E-07   0.000000E+00   0.000000E+00   0.000000E+00   0.000000E+00   0.000000E+00   0.000000E+00   0.000000E+00   0.000000E+00   0.000000E+00   0.000000E+00   0.000000E+00   0.900106E-08   0.000000E+00   0.000000E+00   0.000000E+00   0.000000E+00   0.000000E+00   0.000000E+00   0.000000E+00   0.000000E+00   0.000000E+00   0.000000E+00   0.000000E+00   0.000000E+00   0.000000E+00   0.191611E-04   0.269328E-03   0.719960E-03   0.137705E-02   0.260773E-02   0.511087E-02   0.976915E-02   0.359544E-03   0.000000E+00   0.000000E+00   0.662283E-04   0.593982E-01   0.129564E+00   0.270579E+00   0.540307E+00   0.102142E+01   0.180697E+01   0.295150E+01   0.438448E+01   0.581588E+01   0.672682E+01   0.658688E+01   0.525298E+01   0.322499E+01   0.147707E+01   0.242403E+00   0.000000E+00   0.000000E+00   0.231010E-07   0.219455E-07   0.331301E-08   0.000000E+00   0.000000E+00   0.000000E+00   0.000000E+00   0.582287E-08   0.000000E+00   0.258705E-05   0.641295E-03   0.516388E-02   0.280167E-01   0.116421E+00   0.241155E+00   0.889608E+00   0.227928E+01   0.496689E+01   0.943159E+01   0.157737E+02   0.234542E+02   0.312872E+02   0.377349E+02   0.414266E+02   0.416455E+02   0.385356E+02   0.329763E+02   0.262026E+02   0.194011E+02   0.134292E+02   0.871460E+01   0.531387E+01   0.305193E+01   0.170655E+01   0.822679E+00   0.384684E+00   0.177230E+00   0.780183E-01   0.322894E-01   0.128172E-01   0.481683E-02   0.173597E-02   0.593705E-03   0.192660E-03   0.842962E-04
 0.000000E+00   0.470361E-12   0.185154E-11   0.698198E-11   0.252203E-10   0.872681E-10   0.289272E-09   0.918494E-09   0.279377E-08   0.814026E-08   0.000000E+00   0.000000E+00   0.000000E+00   0.000000E+00   0.000000E+00   0.000000E+00   0.000000E+00   0.100149E-07   0.000000E+00   0.000000E+00   0.000000E+00   0.000000E+00   0.857413E-09   0.000000E+00   0.000000E+00   0.000000E+00   0.000000E+00   0.000000E+00   0.000000E+00   0.178406E-07   0.000000E+00   0.000000E+00   0.000000E+00   0.000000E+00   0.000000E+00   0.000000E+00   0.000000E+00   0.000000E+00   0.000000E+00   0.000000E+00   0.000000E+00   0.900106E-08   0.000000E+00   0.000000E+00   0.000000E+00   0.000000E+00   0.000000E+00   0.000000E+00   0.000000E+00   0.000000E+00   0.000000E+00   0.000000E+00   0.000000E+00   0.000000E+00   0.765123E-06   0.122125E-03   0.432486E-03   0.881225E-03   0.161104E-02   0.305332E-02   0.591970E-02   0.103467E-01   0.000000E+00   0.000000E+00   0.000000E+00   0.714092E-04   0.642491E-01   0.138371E+00   0.285525E+00   0.563702E+00   0.105429E+01   0.184646E+01   0.298790E+01   0.440029E+01   0.578982E+01   0.664581E+01   0.646064E+01   0.511578E+01   0.311749E+01   0.142190E+01   0.214227E+00   0.000000E+00   0.000000E+00   0.231010E-07   0.219455E-07   0.331301E-08   0.000000E+00   0.000000E+00   0.000000E+00   0.000000E+00   0.582287E-08   0.000000E+00   0.244777E-05   0.638953E-03   0.514213E-02   0.278893E-01   0.115903E+00   0.241718E+00   0.883694E+00   0.227067E+01   0.495076E+01   0.940690E+01   0.157427E+02   0.234238E+02   0.312673E+02   0.377356E+02   0.414537E+02   0.416983E+02   0.386071E+02   0.330559E+02   0.262797E+02   0.194678E+02   0.134816E+02   0.875231E+01   0.533894E+01   0.306740E+01   0.171398E+01   0.830269E+00   0.385866E+00   0.178289E+00   0.784900E-01   0.324869E-01   0.128982E-01   0.484765E-02   0.174717E-02   0.597523E-03   0.193960E-03   0.848007E-04
 0.000000E+00   0.470361E-12   0.185154E-11   0.698198E-11   0.252203E-10   0.872681E-10   0.289272E-09   0.918494E-09   0.279377E-08   0.814026E-08   0.000000E+00   0.000000E+00   0.000000E+00   0.000000E+00   0.000000E+00   0.000000E+00   0.000000E+00   0.100149E-07   0.000000E+00   0.000000E+00   0.000000E+00   0.000000E+00   0.857413E-09   0.000000E+00   0.000000E+00   0.000000E+00   0.000000E+00   0.000000E+00   0.000000E+00   0.178406E-07   0.000000E+00   0.000000E+00   0.000000E+00   0.000000E+00   0.000000E+00   0.000000E+00   0.000000E+00   0.000000E+00   0.000000E+00   0.000000E+00   0.000000E+00   0.900106E-08   0.000000E+00   0.000000E+00   0.000000E+00   0.000000E+00   0.000000E+00   0.000000E+00   0.000000E+00   0.000000E+00   0.000000E+00   0.000000E+00   0.000000E+00   0.000000E+00   0.496702E-04   0.254570E-03   0.570085E-03   0.103859E-02   0.189123E-02   0.353603E-02   0.694150E-02   0.103259E-01   0.000000E+00   0.000000E+00   0.000000E+00   0.767996E-04   0.693580E-01   0.147537E+00   0.300882E+00   0.587433E+00   0.108717E+01   0.188530E+01   0.302275E+01   0.441374E+01   0.576118E+01   0.656313E+01   0.633449E+01   0.498036E+01   0.301262E+01   0.136799E+01   0.187588E+00   0.000000E+00   0.000000E+00   0.231010E-07   0.219455E-07   0.331301E-08   0.000000E+00   0.000000E+00   0.000000E+00   0.000000E+00   0.582287E-08   0.000000E+00   0.231447E-05   0.636638E-03   0.512059E-02   0.277631E-01   0.115389E+00   0.242258E+00   0.877850E+00   0.226216E+01   0.493476E+01   0.938236E+01   0.157119E+02   0.233934E+02   0.312474E+02   0.377361E+02   0.414805E+02   0.417507E+02   0.386783E+02   0.331353E+02   0.263567E+02   0.195345E+02   0.135340E+02   0.879001E+01   0.536403E+01   0.308289E+01   0.172146E+01   0.837854E+00   0.387018E+00   0.179370E+00   0.789641E-01   0.326859E-01   0.129798E-01   0.487868E-02   0.175845E-02   0.601366E-03   0.195268E-03   0.853093E-04
 0.000000E+00   0.470361E-12   0.185154E-11   0.698198E-11   0.252203E-10   0.872681E-10   0.289272E-09   0.918494E-09   0.279377E-08   0.814026E-08   0.000000E+00   0.000000E+00   0.000000E+00   0.000000E+00   0.000000E+00   0.000000E+00   0.000000E+00   0.100149E-07   0.000000E+00   0.000000E+00   0.000000E+00   0.000000E+00   0.857413E-09   0.000000E+00   0.000000E+00   0.000000E+00   0.000000E+00   0.000000E+00   0.000000E+00   0.178406E-07   0.000000E+00   0.000000E+00   0.000000E+00   0.000000E+00   0.000000E+00   0.000000E+00   0.000000E+00   0.000000E+00   0.000000E+00   0.000000E+00   0.000000E+00   0.900106E-08   0.000000E+00   0.000000E+00   0.000000E+00   0.000000E+00   0.000000E+00   0.000000E+00   0.000000E+00   0.000000E+00   0.000000E+00   0.000000E+00   0.000000E+00   0.201377E-04   0.150324E-03   0.370895E-03   0.690317E-03   0.121741E-02   0.220429E-02   0.413774E-02   0.788841E-02   0.102727E-01   0.000000E+00   0.000000E+00   0.000000E+00   0.823951E-04   0.747292E-01   0.157059E+00   0.316636E+00   0.611467E+00   0.112001E+01   0.192344E+01   0.305601E+01   0.442482E+01   0.573002E+01   0.647887E+01   0.620857E+01   0.484679E+01   0.291041E+01   0.131525E+01   0.162537E+00   0.000000E+00   0.000000E+00   0.231010E-07   0.219455E-07   0.331301E-08   0.000000E+00   0.000000E+00   0.000000E+00   0.000000E+00   0.582287E-08   0.000000E+00   0.218703E-05   0.634352E-03   0.509927E-02   0.276381E-01   0.114878E+00   0.242778E+00   0.872072E+00   0.225375E+01   0.491888E+01   0.935797E+01   0.156812E+02   0.233631E+02   0.312274E+02   0.377363E+02   0.415069E+02   0.418027E+02   0.387491E+02   0.332144E+02   0.264334E+02   0.196010E+02   0.135863E+02   0.882772E+01   0.538913E+01   0.309840E+01   0.172898E+01   0.845436E+00   0.388142E+00   0.180473E+00   0.794403E-01   0.328863E-01   0.130619E-01   0.490989E-02   0.176979E-02   0.605234E-03   0.196583E-03   0.858219E-04
 0.000000E+00   0.470361E-12   0.185154E-11   0.698198E-11   0.252203E-10   0.872681E-10   0.289272E-09   0.918494E-09   0.279377E-08   0.814026E-08   0.000000E+00   0.000000E+00   0.000000E+00   0.000000E+00   0.000000E+00   0.000000E+00   0.000000E+00   0.100149E-07   0.000000E+00   0.000000E+00   0.000000E+00   0.000000E+00   0.857413E-09   0.000000E+00   0.000000E+00   0.000000E+00   0.000000E+00   0.000000E+00   0.000000E+00   0.178406E-07   0.000000E+00   0.000000E+00   0.000000E+00   0.000000E+00   0.000000E+00   0.000000E+00   0.000000E+00   0.000000E+00   0.000000E+00   0.000000E+00   0.000000E+00   0.900106E-08   0.000000E+00   0.000000E+00   0.000000E+00   0.000000E+00   0.000000E+00   0.000000E+00   0.000000E+00   0.000000E+00   0.000000E+00   0.000000E+00   0.928194E-05   0.923948E-04   0.245020E-03   0.468646E-03   0.812515E-03   0.142476E-02   0.256340E-02   0.485163E-02   0.868407E-02   0.102477E-01   0.000000E+00   0.000000E+00   0.000000E+00   0.881897E-04   0.803656E-01   0.166932E+00   0.332770E+00   0.635768E+00   0.115276E+01   0.196080E+01   0.308763E+01   0.443353E+01   0.569640E+01   0.639315E+01   0.608299E+01   0.471515E+01   0.281091E+01   0.126355E+01   0.139124E+00   0.000000E+00   0.000000E+00   0.231010E-07   0.219455E-07   0.331301E-08   0.000000E+00   0.000000E+00   0.000000E+00   0.000000E+00   0.582287E-08   0.000000E+00   0.206530E-05   0.632095E-03   0.507819E-02   0.275142E-01   0.114372E+00   0.243276E+00   0.866353E+00   0.224543E+01   0.490311E+01   0.933371E+01   0.156506E+02   0.233329E+02   0.312073E+02   0.377364E+02   0.415330E+02   0.418545E+02   0.388196E+02   0.332932E+02   0.265101E+02   0.196675E+02   0.136386E+02   0.886543E+01   0.541425E+01   0.311393E+01   0.173654E+01   0.853014E+00   0.389239E+00   0.181598E+00   0.799182E-01   0.330881E-01   0.131445E-01   0.494130E-02   0.178120E-02   0.609125E-03   0.197905E-03   0.863383E-04
 0.000000E+00   0.470361E-12   0.185154E-11   0.698198E-11   0.252203E-10   0.872681E-10   0.289272E-09   0.918494E-09   0.279377E-08   0.814026E-08   0.000000E+00   0.000000E+00   0.000000E+00   0.000000E+00   0.000000E+00   0.000000E+00   0.000000E+00   0.100149E-07   0.000000E+00   0.000000E+00   0.000000E+00   0.000000E+00   0.857413E-09   0.000000E+00   0.000000E+00   0.000000E+00   0.000000E+00   0.000000E+00   0.000000E+00   0.178406E-07   0.000000E+00   0.000000E+00   0.000000E+00   0.000000E+00   0.000000E+00   0.000000E+00   0.000000E+00   0.000000E+00   0.000000E+00   0.000000E+00   0.000000E+00   0.900106E-08   0.000000E+00   0.000000E+00   0.000000E+00   0.000000E+00   0.000000E+00   0.000000E+00   0.000000E+00   0.000000E+00   0.000000E+00   0.587914E-05   0.616160E-04   0.167067E-03   0.324692E-03   0.558785E-03   0.952060E-03   0.165741E-02   0.300856E-02   0.557065E-02   0.940890E-02   0.102310E-01   0.000000E+00   0.000000E+00   0.000000E+00   0.941766E-04   0.862695E-01   0.177150E+00   0.349265E+00   0.660301E+00   0.118536E+01   0.199733E+01   0.311758E+01   0.443986E+01   0.566039E+01   0.630608E+01   0.595786E+01   0.458550E+01   0.271415E+01   0.121278E+01   0.117395E+00   0.000000E+00   0.000000E+00   0.231010E-07   0.219455E-07   0.331301E-08   0.000000E+00   0.000000E+00   0.000000E+00   0.000000E+00   0.582287E-08   0.000000E+00   0.194915E-05   0.629869E-03   0.505734E-02   0.273914E-01   0.113870E+00   0.243754E+00   0.860688E+00   0.223718E+01   0.488743E+01   0.930956E+01   0.156202E+02   0.233027E+02   0.311872E+02   0.377363E+02   0.415589E+02   0.419059E+02   0.388899E+02   0.333719E+02   0.265866E+02   0.197339E+02   0.136908E+02   0.890317E+01   0.543940E+01   0.312949E+01   0.174415E+01   0.860589E+00   0.390312E+00   0.182743E+00   0.803978E-01   0.332912E-01   0.132276E-01   0.497289E-02   0.179267E-02   0.613040E-03   0.199234E-03   0.868585E-04
 0.000000E+00   0.470361E-12   0.185154E-11   0.698198E-11   0.252203E-10   0.872681E-10   0.289272E-09   0.918494E-09   0.279377E-08   0.814026E-08   0.000000E+00   0.000000E+00   0.000000E+00   0.000000E+00   0.000000E+00   0.000000E+00   0.000000E+00   0.100149E-07   0.000000E+00   0.000000E+00   0.000000E+00   0.000000E+00   0.857413E-09   0.000000E+00   0.000000E+00   0.000000E+00   0.000000E+00   0.000000E+00   0.000000E+00   0.178406E-07   0.000000E+00   0.000000E+00   0.000000E+00   0.000000E+00   0.000000E+00   0.000000E+00   0.000000E+00   0.000000E+00   0.000000E+00   0.000000E+00   0.000000E+00   0.900106E-08   0.000000E+00   0.000000E+00   0.000000E+00   0.000000E+00   0.000000E+00   0.000000E+00   0.000000E+00   0.000000E+00   0.576424E-05   0.457545E-04   0.119328E-03   0.230667E-03   0.394145E-03   0.656036E-03   0.111027E-02   0.193376E-02   0.353048E-02   0.621891E-02   0.101624E-01   0.101426E-01   0.000000E+00   0.000000E+00   0.000000E+00   0.999052E-04   0.923725E-01   0.187579E+00   0.365871E+00   0.684647E+00   0.121717E+01   0.203223E+01   0.314499E+01   0.444325E+01   0.562216E+01   0.621894E+01   0.583558E+01   0.445826E+01   0.271241E+01   0.115351E+01   0.000000E+00   0.000000E+00   0.000000E+00   0.231010E-07   0.219455E-07   0.331301E-08   0.000000E+00   0.000000E+00   0.000000E+00   0.000000E+00   0.582287E-08   0.000000E+00   0.183845E-05   0.627674E-03   0.503673E-02   0.272699E-01   0.113372E+00   0.244212E+00   0.854655E+00   0.222859E+01   0.487115E+01   0.928464E+01   0.155889E+02   0.232718E+02   0.311669E+02   0.377366E+02   0.415859E+02   0.419590E+02   0.389621E+02   0.334526E+02   0.266648E+02   0.198017E+02   0.137442E+02   0.894164E+01   0.546501E+01   0.314532E+01   0.175193E+01   0.868286E+00   0.391357E+00   0.183908E+00   0.808785E-01   0.334957E-01   0.133112E-01   0.500466E-02   0.180421E-02   0.616978E-03   0.200569E-03   0.873825E-04
 0.000000E+00   0.470361E-12   0.185154E-11   0.698198E-11   0.252203E-10   0.872681E-10   0.289272E-09   0.918494E-09   0.279377E-08   0.814026E-08   0.000000E+00   0.000000E+00   0.000000E+00   0.000000E+00   0.000000E+00   0.000000E+00   0.000000E+00   0.100149E-07   0.000000E+00   0.000000E+00   0.000000E+00   0.000000E+00   0.857413E-09   0.000000E+00   0.000000E+00   0.000000E+00   0.000000E+00   0.000000E+00   0.000000E+00   0.178406E-07   0.000000E+00   0.000000E+00   0.000000E+00   0.000000E+00   0.000000E+00   0.000000E+00   0.000000E+00   0.000000E+00   0.000000E+00   0.000000E+00   0.000000E+00   0.900106E-08   0.000000E+00   0.000000E+00   0.000000E+00   0.000000E+00   0.000000E+00   0.000000E+00   0.000000E+00   0.772269E-05   0.379079E-04   0.896382E-04   0.168879E-03   0.284705E-03   0.464610E-03   0.766521E-03   0.129174E-02   0.227460E-02   0.406915E-02   0.680058E-02   0.110000E-01   0.100196E-01   0.000000E+00   0.000000E+00   0.000000E+00   0.106509E-03   0.987977E-01   0.198441E+00   0.382983E+00   0.709457E+00   0.124920E+01   0.206681E+01   0.317135E+01   0.444481E+01   0.558165E+01   0.612975E+01   0.571228E+01   0.433116E+01   0.262484E+01   0.108483E+01   0.000000E+00   0.000000E+00   0.000000E+00   0.231010E-07   0.219455E-07   0.331301E-08   0.000000E+00   0.000000E+00   0.000000E+00   0.000000E+00   0.582287E-08   0.000000E+00   0.173305E-05   0.625510E-03   0.501636E-02   0.271496E-01   0.112878E+00   0.244650E+00   0.849004E+00   0.222041E+01   0.485552E+01   0.926053E+01   0.155584E+02   0.232415E+02   0.311466E+02   0.377362E+02   0.416115E+02   0.420102E+02   0.390323E+02   0.335313E+02   0.267415E+02   0.198684E+02   0.137967E+02   0.897958E+01   0.549032E+01   0.316098E+01   0.175966E+01   0.875883E+00   0.392384E+00   0.185094E+00   0.813604E-01   0.337014E-01   0.133952E-01   0.503661E-02   0.181580E-02   0.620938E-03   0.201911E-03   0.879102E-04
 0.000000E+00   0.470361E-12   0.185154E-11   0.698198E-11   0.252203E-10   0.872681E-10   0.289272E-09   0.918494E-09   0.279377E-08   0.814026E-08   0.000000E+00   0.000000E+00   0.000000E+00   0.000000E+00   0.000000E+00   0.000000E+00   0.000000E+00   0.100149E-07   0.000000E+00   0.000000E+00   0.000000E+00   0.000000E+00   0.857413E-09   0.000000E+00   0.000000E+00   0.000000E+00   0.000000E+00   0.000000E+00   0.000000E+00   0.178406E-07   0.000000E+00   0.000000E+00   0.000000E+00   0.000000E+00   0.000000E+00   0.000000E+00   0.000000E+00   0.000000E+00   0.000000E+00   0.000000E+00   0.000000E+00   0.900106E-08   0.000000E+00   0.000000E+00   0.000000E+00   0.000000E+00   0.000000E+00   0.615179E-06   0.110498E-04   0.337470E-04   0.709794E-04   0.127248E-03   0.210566E-03   0.337167E-03   0.543596E-03   0.891744E-03   0.151288E-02   0.266761E-02   0.457077E-02   0.736607E-02   0.119396E-01   0.981055E-02   0.000000E+00   0.000000E+00   0.000000E+00   0.112916E-03   0.105581E+00   0.209554E+00   0.400431E+00   0.734450E+00   0.128102E+01   0.210053E+01   0.319607E+01   0.444414E+01   0.553897E+01   0.603937E+01   0.558943E+01   0.420641E+01   0.253961E+01   0.101757E+01   0.000000E+00   0.000000E+00   0.000000E+00   0.231010E-07   0.219455E-07   0.331301E-08   0.000000E+00   0.000000E+00   0.000000E+00   0.000000E+00   0.582287E-08   0.000000E+00   0.163282E-05   0.623378E-03   0.499623E-02   0.270305E-01   0.112388E+00   0.245069E+00   0.843464E+00   0.221237E+01   0.484007E+01   0.923667E+01   0.155282E+02   0.232113E+02   0.311262E+02   0.377356E+02   0.416367E+02   0.420609E+02   0.391019E+02   0.336095E+02   0.268178E+02   0.199348E+02   0.138491E+02   0.901745E+01   0.551559E+01   0.317664E+01   0.176742E+01   0.883458E+00   0.393394E+00   0.186299E+00   0.818430E-01   0.339085E-01   0.134797E-01   0.506873E-02   0.182745E-02   0.624921E-03   0.203259E-03   0.884415E-04
 0.000000E+00   0.470361E-12   0.185154E-11   0.698198E-11   0.252203E-10   0.872681E-10   0.289272E-09   0.918494E-09   0.279377E-08   0.814026E-08   0.000000E+00   0.000000E+00   0.000000E+00   0.000000E+00   0.000000E+00   0.000000E+00   0.000000E+00   0.100149E-07   0.000000E+00   0.000000E+00   0.000000E+00   0.000000E+00   0.857413E-09   0.000000E+00   0.000000E+00   0.000000E+00   0.000000E+00   0.000000E+00   0.000000E+00   0.178406E-07   0.000000E+00   0.000000E+00   0.000000E+00   0.000000E+00   0.000000E+00   0.000000E+00   0.000000E+00   0.000000E+00   0.000000E+00   0.000000E+00   0.000000E+00   0.900106E-08   0.000000E+00   0.000000E+00   0.000000E+00   0.330475E-07   0.371320E-05   0.137652E-04   0.310364E-04   0.582895E-04   0.990244E-04   0.158827E-03   0.250146E-03   0.394916E-03   0.632904E-03   0.104041E-02   0.178219E-02   0.307174E-02   0.502460E-02   0.796747E-02   0.129719E-01   0.948567E-02   0.000000E+00   0.000000E+00   0.000000E+00   0.119424E-03   0.112808E+00   0.220810E+00   0.418165E+00   0.759536E+00   0.131250E+01   0.213323E+01   0.321902E+01   0.444118E+01   0.549419E+01   0.594804E+01   0.546735E+01   0.408437E+01   0.245696E+01   0.952042E+00   0.000000E+00   0.000000E+00   0.000000E+00   0.231010E-07   0.219455E-07   0.331301E-08   0.000000E+00   0.000000E+00   0.000000E+00   0.000000E+00   0.582287E-08   0.000000E+00   0.153758E-05   0.621280E-03   0.497635E-02   0.269126E-01   0.111903E+00   0.245470E+00   0.837974E+00   0.220440E+01   0.482471E+01   0.921292E+01   0.154980E+02   0.231812E+02   0.311058E+02   0.377348E+02   0.416616E+02   0.421113E+02   0.391713E+02   0.336875E+02   0.268940E+02   0.200011E+02   0.139015E+02   0.905533E+01   0.554089E+01   0.319232E+01   0.177522E+01   0.891027E+00   0.394387E+00   0.187524E+00   0.823263E-01   0.341169E-01   0.135646E-01   0.510102E-02   0.183916E-02   0.628925E-03   0.204613E-03   0.889764E-04
 0.000000E+00   0.470361E-12   0.185154E-11   0.698198E-11   0.252203E-10   0.872681E-10   0.289272E-09   0.918494E-09   0.279377E-08   0.814026E-08   0.000000E+00   0.000000E+00   0.000000E+00   0.000000E+00   0.000000E+00   0.000000E+00   0.000000E+00   0.100149E-07   0.000000E+00   0.000000E+00   0.000000E+00   0.000000E+00   0.857413E-09   0.000000E+00   0.000000E+00   0.000000E+00   0.000000E+00   0.000000E+00   0.000000E+00   0.178406E-07   0.000000E+00   0.000000E+00   0.000000E+00   0.000000E+00   0.000000E+00   0.000000E+00   0.000000E+00   0.000000E+00   0.000000E+00   0.000000E+00   0.000000E+00   0.900106E-08   0.000000E+00   0.936992E-07   0.221110E-05   0.705206E-05   0.153450E-04   0.286307E-04   0.488977E-04   0.788168E-04   0.122693E-03   0.188741E-03   0.293180E-03   0.460126E-03   0.736932E-03   0.122381E-02   0.208360E-02   0.345062E-02   0.545722E-02   0.863087E-02   0.141257E-01   0.900135E-02   0.000000E+00   0.000000E+00   0.000000E+00   0.126328E-03   0.120328E+00   0.232347E+00   0.436159E+00   0.784673E+00   0.134359E+01   0.216487E+01   0.324017E+01   0.443594E+01   0.544740E+01   0.585588E+01   0.534610E+01   0.396507E+01   0.237688E+01   0.888328E+00   0.000000E+00   0.000000E+00   0.000000E+00   0.231010E-07   0.219455E-07   0.331301E-08   0.000000E+00   0.000000E+00   0.000000E+00   0.000000E+00   0.582287E-08   0.000000E+00   0.144724E-05   0.619215E-03   0.495672E-02   0.267960E-01   0.111422E+00   0.245851E+00   0.832528E+00   0.219649E+01   0.480943E+01   0.918927E+01   0.154679E+02   0.231511E+02   0.310853E+02   0.377338E+02   0.416862E+02   0.421614E+02   0.392404E+02   0.337654E+02   0.269701E+02   0.200674E+02   0.139538E+02   0.909326E+01   0.556623E+01   0.320803E+01   0.178307E+01   0.898593E+00   0.395366E+00   0.188766E+00   0.828100E-01   0.343265E-01   0.136499E-01   0.513348E-02   0.185093E-02   0.632951E-03   0.205974E-03   0.895148E-04
 0.000000E+00   0.470361E-12   0.185154E-11   0.698198E-11   0.252203E-10   0.872681E-10   0.289272E-09   0.918494E-09   0.279377E-08   0.814026E-08   0.000000E+00   0.000000E+00   0.000000E+00   0.000000E+00   0.000000E+00   0.000000E+00   0.000000E+00   0.100149E-07   0.000000E+00   0.000000E+00   0.000000E+00   0.000000E+00   0.857413E-09   0.000000E+00   0.000000E+00   0.000000E+00   0.000000E+00   0.000000E+00   0.000000E+00   0.178406E-07   0.000000E+00   0.000000E+00   0.000000E+00   0.000000E+00   0.000000E+00   0.000000E+00   0.000000E+00   0.000000E+00   0.000000E+00   0.000000E+00   0.170698E-07   0.597136E-06   0.208583E-05   0.468900E-05   0.897314E-05   0.157388E-04   0.260565E-04   0.413602E-04   0.637018E-04   0.964188E-04   0.145462E-03   0.221201E-03   0.341708E-03   0.535327E-03   0.864580E-03   0.144033E-02   0.238634E-02   0.379600E-02   0.590569E-02   0.935982E-02   0.154704E-01   0.828027E-02   0.000000E+00   0.000000E+00   0.000000E+00   0.133541E-03   0.128090E+00   0.244182E+00   0.454391E+00   0.809826E+00   0.137423E+01   0.219540E+01   0.325950E+01   0.442846E+01   0.539868E+01   0.576302E+01   0.522572E+01   0.384849E+01   0.229928E+01   0.826468E+00   0.000000E+00   0.000000E+00   0.000000E+00   0.231010E-07   0.219455E-07   0.331301E-08   0.000000E+00   0.000000E+00   0.000000E+00   0.000000E+00   0.582287E-08   0.000000E+00   0.136166E-05   0.617186E-03   0.493735E-02   0.266807E-01   0.110946E+00   0.246215E+00   0.827123E+00   0.218865E+01   0.479422E+01   0.916570E+01   0.154379E+02   0.231210E+02   0.310647E+02   0.377326E+02   0.417107E+02   0.422113E+02   0.393094E+02   0.338432E+02   0.270461E+02   0.201337E+02   0.140063E+02   0.913123E+01   0.559161E+01   0.322377E+01   0.179097E+01   0.906155E+00   0.396332E+00   0.190026E+00   0.832939E-01   0.345375E-01   0.137355E-01   0.516610E-02   0.186276E-02   0.636998E-03   0.207340E-03   0.900568E-04
 0.000000E+00   0.470361E-12   0.185154E-11   0.698198E-11   0.252203E-10   0.872681E-10   0.289272E-09   0.918494E-09   0.279377E-08   0.814026E-08   0.000000E+00   0.000000E+00   0.000000E+00   0.000000E+00   0.000000E+00   0.000000E+00   0.000000E+00   0.100149E-07   0.000000E+00   0.000000E+00   0.000000E+00   0.000000E+00   0.857413E-09   0.000000E+00   0.000000E+00   0.000000E+00   0.000000E+00   0.000000E+00   0.000000E+00   0.178406E-07   0.000000E+00   0.000000E+00   0.000000E+00   0.000000E+00   0.000000E+00   0.000000E+00   0.880556E-08   0.178609E-06   0.508954E-06   0.108578E-05   0.204312E-05   0.357709E-05   0.597562E-05   0.965636E-05   0.151527E-04   0.232353E-04   0.349749E-04   0.519723E-04   0.768185E-04   0.113880E-03   0.170353E-03   0.257790E-03   0.397455E-03   0.626842E-03   0.101943E-02   0.167168E-02   0.266765E-02   0.412629E-02   0.639086E-02   0.101793E-01   0.170165E-01   0.727502E-02   0.000000E+00   0.000000E+00   0.000000E+00   0.140955E-03   0.136061E+00   0.256318E+00   0.472838E+00   0.834958E+00   0.140439E+01   0.222479E+01   0.327701E+01   0.441878E+01   0.534810E+01   0.566954E+01   0.510625E+01   0.373460E+01   0.222407E+01   0.766501E+00   0.000000E+00   0.000000E+00   0.000000E+00   0.231010E-07   0.219455E-07   0.331301E-08   0.000000E+00   0.000000E+00   0.000000E+00   0.000000E+00   0.582287E-08   0.000000E+00   0.128071E-05   0.615194E-03   0.491825E-02   0.265667E-01   0.110474E+00   0.246560E+00   0.821759E+00   0.218086E+01   0.477908E+01   0.914223E+01   0.154080E+02   0.230909E+02   0.310440E+02   0.377313E+02   0.417349E+02   0.422610E+02   0.393781E+02   0.339208E+02   0.271221E+02   0.202001E+02   0.140587E+02   0.916923E+01   0.561703E+01   0.323954E+01   0.179892E+01   0.913713E+00   0.397287E+00   0.191304E+00   0.837780E-01   0.347497E-01   0.138216E-01   0.519887E-02   0.187464E-02   0.641066E-03   0.208712E-03   0.906021E-04
 0.000000E+00   0.470361E-12   0.185154E-11   0.698198E-11   0.252203E-10   0.872681E-10   0.289272E-09   0.918494E-09   0.279377E-08   0.814026E-08   0.000000E+00   0.000000E+00   0.000000E+00   0.000000E+00   0.000000E+00   0.000000E+00   0.000000E+00   0.100149E-07   0.000000E+00   0.000000E+00   0.000000E+00   0.000000E+00   0.857413E-09   0.000000E+00   0.000000E+00   0.000000E+00   0.000000E+00   0.000000E+00   0.000000E+00   0.178406E-07   0.261845E-07   0.642234E-07   0.982151E-07   0.168860E-06   0.284233E-06   0.465247E-06   0.744807E-06   0.117213E-05   0.181897E-05   0.278863E-05   0.422803E-05   0.634409E-05   0.942614E-05   0.138980E-04   0.202946E-04   0.294596E-04   0.426562E-04   0.618887E-04   0.903744E-04   0.133202E-03   0.198431E-03   0.299841E-03   0.464976E-03   0.739157E-03   0.119230E-02   0.189563E-02   0.292635E-02   0.446597E-02   0.692409E-02   0.111268E-01   0.187269E-01   0.596447E-02   0.000000E+00   0.000000E+00   0.000000E+00   0.148473E-03   0.144226E+00   0.268752E+00   0.491478E+00   0.860036E+00   0.143403E+01   0.225301E+01   0.329268E+01   0.440693E+01   0.529575E+01   0.557556E+01   0.498775E+01   0.362337E+01   0.215114E+01   0.708463E+00   0.000000E+00   0.000000E+00   0.000000E+00   0.231010E-07   0.219455E-07   0.331301E-08   0.000000E+00   0.000000E+00   0.000000E+00   0.000000E+00   0.582287E-08   0.000000E+00   0.120426E-05   0.613238E-03   0.489941E-02   0.264540E-01   0.110007E+00   0.246889E+00   0.816436E+00   0.217313E+01   0.476402E+01   0.911885E+01   0.153782E+02   0.230608E+02   0.310233E+02   0.377298E+02   0.417589E+02   0.423104E+02   0.394466E+02   0.339982E+02   0.271980E+02   0.202663E+02   0.141112E+02   0.920728E+01   0.564249E+01   0.325535E+01   0.180691E+01   0.921266E+00   0.398233E+00   0.192598E+00   0.842621E-01   0.349632E-01   0.139081E-01   0.523181E-02   0.188657E-02   0.645155E-03   0.210090E-03   0.911509E-04
 0.000000E+00   0.470361E-12   0.185154E-11   0.698198E-11   0.252203E-10   0.872681E-10   0.289272E-09   0.918494E-09   0.279377E-08   0.814026E-08   0.000000E+00   0.000000E+00   0.000000E+00   0.000000E+00   0.000000E+00   0.000000E+00   0.000000E+00   0.100149E-07   0.000000E+00   0.245808E-08   0.215258E-07   0.201172E-07   0.222423E-07   0.286231E-07   0.256688E-07   0.307124E-07   0.430913E-07   0.607202E-07   0.858689E-07   0.121807E-06   0.173232E-06   0.246891E-06   0.352452E-06   0.503717E-06   0.720615E-06   0.103056E-05   0.147368E-05   0.210611E-05   0.300676E-05   0.428623E-05   0.609925E-05   0.866300E-05   0.122858E-04   0.174373E-04   0.247315E-04   0.351858E-04   0.503397E-04   0.725708E-04   0.105543E-03   0.155038E-03   0.230851E-03   0.350800E-03   0.548192E-03   0.867876E-03   0.136619E-02   0.210142E-02   0.317752E-02   0.483083E-02   0.752496E-02   0.122216E-01   0.205500E-01   0.434339E-02   0.000000E+00   0.000000E+00   0.000000E+00   0.156022E-03   0.152581E+00   0.281471E+00   0.510287E+00   0.885023E+00   0.146311E+01   0.228003E+01   0.330653E+01   0.439295E+01   0.524170E+01   0.548115E+01   0.487026E+01   0.351479E+01   0.208035E+01   0.652393E+00   0.000000E+00   0.000000E+00   0.000000E+00   0.231010E-07   0.219455E-07   0.331301E-08   0.000000E+00   0.000000E+00   0.000000E+00   0.000000E+00   0.582287E-08   0.000000E+00   0.113216E-05   0.611321E-03   0.488085E-02   0.263427E-01   0.109545E+00   0.247200E+00   0.811153E+00   0.216546E+01   0.474903E+01   0.909556E+01   0.153484E+02   0.230308E+02   0.310026E+02   0.377282E+02   0.417826E+02   0.423596E+02   0.395149E+02   0.340756E+02   0.272738E+02   0.203326E+02   0.141637E+02   0.924536E+01   0.566799E+01   0.327119E+01   0.181494E+01   0.928814E+00   0.399171E+00   0.193908E+00   0.847461E-01   0.351779E-01   0.139949E-01   0.526490E-02   0.189856E-02   0.649263E-03   0.211474E-03   0.917030E-04
 0.000000E+00   0.470361E-12   0.185154E-11   0.698198E-11   0.252203E-10   0.872681E-10   0.289272E-09   0.918494E-09   0.279377E-08   0.814026E-08   0.000000E+00   0.000000E+00   0.000000E+00   0.000000E+00   0.879497E-08   0.170209E-07   0.236348E-07   0.546901E-07   0.714149E-07   0.342537E-07   0.278534E-07   0.302181E-07   0.359216E-07   0.446525E-07   0.570138E-07   0.741148E-07   0.975944E-07   0.129768E-06   0.173864E-06   0.234370E-06   0.317518E-06   0.431954E-06   0.589686E-06   0.807396E-06   0.110870E-05   0.152389E-05   0.209851E-05   0.289446E-05   0.399808E-05   0.553048E-05   0.766295E-05   0.106407E-04   0.148204E-04   0.207573E-04   0.291828E-04   0.412963E-04   0.588691E-04   0.846009E-04   0.122758E-03   0.180498E-03   0.270352E-03   0.413662E-03   0.644757E-03   0.100090E-02   0.152837E-02   0.229401E-02   0.343765E-02   0.523269E-02   0.821884E-02   0.134519E-01   0.224497E-01   0.240735E-02   0.000000E+00   0.000000E+00   0.000000E+00   0.163557E-03   0.161129E+00   0.294463E+00   0.529240E+00   0.909884E+00   0.149159E+01   0.230582E+01   0.331855E+01   0.437689E+01   0.518604E+01   0.538642E+01   0.475384E+01   0.340882E+01   0.201158E+01   0.598326E+00   0.000000E+00   0.000000E+00   0.000000E+00   0.231010E-07   0.219455E-07   0.331301E-08   0.000000E+00   0.000000E+00   0.000000E+00   0.000000E+00   0.582287E-08   0.000000E+00   0.106428E-05   0.609443E-03   0.486257E-02   0.262327E-01   0.109087E+00   0.247495E+00   0.805912E+00   0.215785E+01   0.473411E+01   0.907236E+01   0.153187E+02   0.230008E+02   0.309817E+02   0.377264E+02   0.418062E+02   0.424085E+02   0.395831E+02   0.341527E+02   0.273496E+02   0.203989E+02   0.142162E+02   0.928348E+01   0.569353E+01   0.328706E+01   0.182302E+01   0.936356E+00   0.400103E+00   0.195233E+00   0.852298E-01   0.353939E-01   0.140820E-01   0.529814E-02   0.191060E-02   0.653392E-03   0.212863E-03   0.922584E-04
 0.000000E+00   0.470361E-12   0.185154E-11   0.698198E-11   0.252203E-10   0.872681E-10   0.289272E-09   0.918494E-09   0.279377E-08   0.814026E-08   0.000000E+00   0.000000E+00   0.000000E+00   0.000000E+00   0.879497E-08   0.170210E-07   0.236344E-07   0.574785E-07   0.192477E-06   0.294233E-06   0.112425E-06   0.690791E-07   0.685793E-07   0.780310E-07   0.942274E-07   0.117623E-06   0.149959E-06   0.193991E-06   0.253636E-06   0.334311E-06   0.443444E-06   0.591203E-06   0.791525E-06   0.106361E-05   0.143458E-05   0.193819E-05   0.262583E-05   0.356790E-05   0.486290E-05   0.665028E-05   0.912939E-05   0.125876E-04   0.174436E-04   0.243444E-04   0.341301E-04   0.481712E-04   0.685133E-04   0.983916E-04   0.143147E-03   0.211778E-03   0.318986E-03   0.486713E-03   0.745961E-03   0.112692E-02   0.167787E-02   0.248590E-02   0.371814E-02   0.568772E-02   0.902152E-02   0.147829E-01   0.243936E-01   0.170704E-03   0.000000E+00   0.000000E+00   0.000000E+00   0.171050E-03   0.169878E+00   0.307711E+00   0.548312E+00   0.934586E+00   0.151943E+01   0.233037E+01   0.332874E+01   0.435880E+01   0.512885E+01   0.529145E+01   0.463855E+01   0.330544E+01   0.194468E+01   0.546300E+00   0.000000E+00   0.000000E+00   0.000000E+00   0.231010E-07   0.219455E-07   0.331301E-08   0.000000E+00   0.000000E+00   0.000000E+00   0.000000E+00   0.582287E-08   0.000000E+00   0.100050E-05   0.607606E-03   0.484457E-02   0.261242E-01   0.108634E+00   0.247774E+00   0.800711E+00   0.215029E+01   0.471926E+01   0.904925E+01   0.152891E+02   0.229708E+02   0.309608E+02   0.377245E+02   0.418295E+02   0.424572E+02   0.396510E+02   0.342298E+02   0.274252E+02   0.204652E+02   0.142687E+02   0.932164E+01   0.571911E+01   0.330296E+01   0.183115E+01   0.943891E+00   0.401030E+00   0.196573E+00   0.857133E-01   0.356112E-01   0.141695E-01   0.533152E-02   0.192269E-02   0.657540E-03   0.214258E-03   0.928170E-04
 0.000000E+00   0.470361E-12   0.185154E-11   0.698198E-11   0.252203E-10   0.872681E-10   0.289272E-09   0.918494E-09   0.279377E-08   0.814026E-08   0.000000E+00   0.000000E+00   0.000000E+00   0.000000E+00   0.879497E-08   0.170212E-07   0.236342E-07   0.574784E-07   0.192564E-06   0.485018E-06   0.616770E-06   0.182433E-06   0.115639E-06   0.116046E-06   0.132166E-06   0.159305E-06   0.198236E-06   0.251763E-06   0.324289E-06   0.422041E-06   0.553604E-06   0.730734E-06   0.969523E-06   0.129212E-05   0.172992E-05   0.232231E-05   0.312781E-05   0.422890E-05   0.574035E-05   0.782464E-05   0.107134E-04   0.147387E-04   0.203818E-04   0.283860E-04   0.397243E-04   0.560231E-04   0.797883E-04   0.115061E-03   0.168385E-03   0.250029E-03   0.375026E-03   0.563380E-03   0.842716E-03   0.124266E-02   0.182252E-02   0.268804E-02   0.402904E-02   0.621864E-02   0.988510E-02   0.166120E-01   0.236151E-01   0.000000E+00   0.000000E+00   0.000000E+00   0.000000E+00   0.178488E-03   0.178834E+00   0.321195E+00   0.567479E+00   0.959094E+00   0.154661E+01   0.235364E+01   0.333712E+01   0.433872E+01   0.507021E+01   0.519631E+01   0.452445E+01   0.320464E+01   0.187952E+01   0.496353E+00   0.000000E+00   0.000000E+00   0.000000E+00   0.231010E-07   0.219455E-07   0.331301E-08   0.000000E+00   0.000000E+00   0.000000E+00   0.000000E+00   0.582287E-08   0.000000E+00   0.940681E-06   0.605810E-03   0.482687E-02   0.260171E-01   0.108187E+00   0.248036E+00   0.795552E+00   0.214278E+01   0.470448E+01   0.902623E+01   0.152595E+02   0.229408E+02   0.309399E+02   0.377224E+02   0.418526E+02   0.425057E+02   0.397187E+02   0.343067E+02   0.275008E+02   0.205314E+02   0.143213E+02   0.935984E+01   0.574472E+01   0.331889E+01   0.183932E+01   0.951420E+00   0.401953E+00   0.197926E+00   0.861963E-01   0.358298E-01   0.142573E-01   0.536506E-02   0.193483E-02   0.661707E-03   0.215658E-03   0.933789E-04
 0.000000E+00   0.470361E-12   0.185154E-11   0.698198E-11   0.252203E-10   0.872681E-10   0.289272E-09   0.918494E-09   0.279377E-08   0.814026E-08   0.000000E+00   0.000000E+00   0.000000E+00   0.000000E+00   0.879497E-08   0.170214E-07   0.236340E-07   0.574783E-07   0.192563E-06   0.486859E-06   0.116569E-05   0.717670E-06   0.198907E-06   0.161815E-06   0.172487E-06   0.201313E-06   0.245721E-06   0.308040E-06   0.393052E-06   0.507860E-06   0.662384E-06   0.870275E-06   0.115025E-05   0.152807E-05   0.204037E-05   0.273331E-05   0.367382E-05   0.495808E-05   0.671870E-05   0.914306E-05   0.124980E-04   0.171678E-04   0.237143E-04   0.330198E-04   0.462688E-04   0.654629E-04   0.936780E-04   0.135703E-03   0.198783E-03   0.293310E-03   0.433258E-03   0.636736E-03   0.931582E-03   0.135271E-02   0.197158E-02   0.290817E-02   0.438755E-02   0.681180E-02   0.109176E-01   0.185263E-01   0.222892E-01   0.000000E+00   0.000000E+00   0.000000E+00   0.000000E+00   0.185867E-03   0.188005E+00   0.334898E+00   0.586715E+00   0.983374E+00   0.157307E+01   0.237562E+01   0.334369E+01   0.431671E+01   0.501019E+01   0.510108E+01   0.441160E+01   0.310640E+01   0.181595E+01   0.448526E+00   0.000000E+00   0.000000E+00   0.000000E+00   0.231010E-07   0.219455E-07   0.331301E-08   0.000000E+00   0.000000E+00   0.000000E+00   0.000000E+00   0.582287E-08   0.000000E+00   0.884689E-06   0.604058E-03   0.480947E-02   0.259115E-01   0.107744E+00   0.248284E+00   0.790434E+00   0.213533E+01   0.468978E+01   0.900330E+01   0.152301E+02   0.229109E+02   0.309188E+02   0.377202E+02   0.418755E+02   0.425539E+02   0.397861E+02   0.343834E+02   0.275764E+02   0.205976E+02   0.143739E+02   0.939807E+01   0.577037E+01   0.333485E+01   0.184753E+01   0.958941E+00   0.402875E+00   0.199293E+00   0.866789E-01   0.360496E-01   0.143454E-01   0.539874E-02   0.194702E-02   0.665893E-03   0.217063E-03   0.939440E-04
 0.000000E+00   0.470361E-12   0.185154E-11   0.698198E-11   0.252203E-10   0.872681E-10   0.289272E-09   0.918494E-09   0.279377E-08   0.814026E-08   0.000000E+00   0.000000E+00   0.000000E+00   0.000000E+00   0.879497E-08   0.170216E-07   0.236337E-07   0.574782E-07   0.192563E-06   0.486858E-06   0.129778E-05   0.187115E-05   0.399012E-06   0.221609E-06   0.218879E-06   0.247747E-06   0.297561E-06   0.369339E-06   0.468126E-06   0.601972E-06   0.782323E-06   0.102499E-05   0.135166E-05   0.179219E-05   0.238902E-05   0.319568E-05   0.428943E-05   0.578131E-05   0.782560E-05   0.106412E-04   0.145428E-04   0.199892E-04   0.276596E-04   0.386275E-04   0.543373E-04   0.771728E-04   0.110648E-03   0.159909E-03   0.232219E-03   0.337410E-03   0.488595E-03   0.704102E-03   0.101541E-02   0.146430E-02   0.213161E-02   0.315749E-02   0.480129E-02   0.745452E-02   0.122894E-01   0.198328E-01   0.210851E-01   0.000000E+00   0.000000E+00   0.000000E+00   0.000000E+00   0.193184E-03   0.197392E+00   0.348800E+00   0.605995E+00   0.100739E+01   0.159881E+01   0.239629E+01   0.334847E+01   0.429281E+01   0.494890E+01   0.500584E+01   0.430005E+01   0.301069E+01   0.175382E+01   0.402856E+00   0.000000E+00   0.000000E+00   0.000000E+00   0.231010E-07   0.219455E-07   0.331301E-08   0.000000E+00   0.000000E+00   0.000000E+00   0.000000E+00   0.582287E-08   0.000000E+00   0.832395E-06   0.602350E-03   0.479237E-02   0.258073E-01   0.107307E+00   0.248516E+00   0.785358E+00   0.212794E+01   0.467515E+01   0.898047E+01   0.152007E+02   0.228809E+02   0.308978E+02   0.377178E+02   0.418982E+02   0.426019E+02   0.398534E+02   0.344600E+02   0.276518E+02   0.206638E+02   0.144264E+02   0.943634E+01   0.579606E+01   0.335084E+01   0.185579E+01   0.966455E+00   0.403796E+00   0.200672E+00   0.871611E-01   0.362706E-01   0.144338E-01   0.543256E-02   0.195926E-02   0.670099E-03   0.218474E-03   0.945122E-04
 0.000000E+00   0.470361E-12   0.185154E-11   0.698198E-11   0.252203E-10   0.872681E-10   0.289272E-09   0.918494E-09   0.279377E-08   0.814026E-08   0.000000E+00   0.000000E+00   0.000000E+00   0.000000E+00   0.879497E-08   0.170218E-07   0.236335E-07   0.574781E-07   0.192562E-06   0.486857E-06   0.129871E-05   0.310164E-05   0.990096E-06   0.305557E-06   0.274649E-06   0.301498E-06   0.356750E-06   0.438935E-06   0.553147E-06   0.708436E-06   0.917941E-06   0.119993E-05   0.157956E-05   0.209151E-05   0.278516E-05   0.372316E-05   0.499659E-05   0.673550E-05   0.912392E-05   0.124241E-04   0.170154E-04   0.234517E-04   0.325493E-04   0.455775E-04   0.641941E-04   0.910306E-04   0.129772E-03   0.185555E-03   0.265386E-03   0.378818E-03   0.539382E-03   0.767582E-03   0.109968E-02   0.158281E-02   0.231009E-02   0.344891E-02   0.524265E-02   0.829206E-02   0.136680E-01   0.207112E-01   0.200018E-01   0.000000E+00   0.000000E+00   0.000000E+00   0.000000E+00   0.200437E-03   0.206996E+00   0.362880E+00   0.625293E+00   0.103112E+01   0.162377E+01   0.241564E+01   0.335146E+01   0.426707E+01   0.488640E+01   0.491065E+01   0.418988E+01   0.291748E+01   0.169298E+01   0.359385E+00   0.000000E+00   0.000000E+00   0.000000E+00   0.231010E-07   0.219455E-07   0.331301E-08   0.000000E+00   0.000000E+00   0.000000E+00   0.000000E+00   0.582287E-08   0.000000E+00   0.783671E-06   0.600687E-03   0.477558E-02   0.257047E-01   0.106875E+00   0.248733E+00   0.780323E+00   0.212059E+01   0.466060E+01   0.895773E+01   0.151714E+02   0.228510E+02   0.308766E+02   0.377152E+02   0.419206E+02   0.426496E+02   0.399204E+02   0.345364E+02   0.277272E+02   0.207300E+02   0.144791E+02   0.947464E+01   0.582178E+01   0.336686E+01   0.186408E+01   0.973960E+00   0.404717E+00   0.202063E+00   0.876427E-01   0.364929E-01   0.145225E-01   0.546653E-02   0.197154E-02   0.674323E-03   0.219890E-03   0.950835E-04
 0.000000E+00   0.470361E-12   0.185154E-11   0.698198E-11   0.252203E-10   0.872681E-10   0.289272E-09   0.918494E-09   0.279377E-08   0.814026E-08   0.000000E+00   0.000000E+00   0.000000E+00   0.000000E+00   0.879497E-08   0.170220E-07   0.236332E-07   0.574780E-07   0.192562E-06   0.486856E-06   0.129871E-05   0.394808E-05   0.233182E-05   0.431568E-06   0.342783E-06   0.364547E-06   0.425152E-06   0.519037E-06   0.650984E-06   0.831194E-06   0.107488E-05   0.140340E-05   0.184628E-05   0.244444E-05   0.325633E-05   0.435660E-05   0.585444E-05   0.790437E-05   0.107273E-04   0.146365E-04   0.200813E-04   0.277090E-04   0.384527E-04   0.537260E-04   0.752924E-04   0.105877E-03   0.149169E-03   0.210239E-03   0.296120E-03   0.416860E-03   0.587483E-03   0.831339E-03   0.118861E-02   0.171366E-02   0.251871E-02   0.376579E-02   0.576778E-02   0.932447E-02   0.147364E-01   0.215332E-01   0.189140E-01   0.000000E+00   0.000000E+00   0.000000E+00   0.000000E+00   0.207621E-03   0.216814E+00   0.377121E+00   0.644583E+00   0.105452E+01   0.164795E+01   0.243365E+01   0.335269E+01   0.423956E+01   0.482278E+01   0.481558E+01   0.408112E+01   0.282677E+01   0.163328E+01   0.318156E+00   0.000000E+00   0.000000E+00   0.000000E+00   0.231010E-07   0.219455E-07   0.331301E-08   0.000000E+00   0.000000E+00   0.000000E+00   0.000000E+00   0.582287E-08   0.000000E+00   0.738390E-06   0.599071E-03   0.475911E-02   0.256036E-01   0.106448E+00   0.248936E+00   0.775329E+00   0.211330E+01   0.464612E+01   0.893509E+01   0.151422E+02   0.228212E+02   0.308554E+02   0.377125E+02   0.419428E+02   0.426971E+02   0.399873E+02   0.346127E+02   0.278024E+02   0.207961E+02   0.145317E+02   0.951296E+01   0.584754E+01   0.338291E+01   0.187242E+01   0.981457E+00   0.405641E+00   0.203465E+00   0.881238E-01   0.367164E-01   0.146115E-01   0.550063E-02   0.198388E-02   0.678565E-03   0.221311E-03   0.956579E-04
 0.000000E+00   0.470361E-12   0.185154E-11   0.698198E-11   0.252203E-10   0.872681E-10   0.289272E-09   0.918494E-09   0.279377E-08   0.814026E-08   0.000000E+00   0.000000E+00   0.000000E+00   0.000000E+00   0.879497E-08   0.170222E-07   0.236330E-07   0.574779E-07   0.192562E-06   0.486855E-06   0.129870E-05   0.437358E-05   0.448308E-05   0.636735E-06   0.428261E-06   0.440782E-06   0.507488E-06   0.615564E-06   0.769306E-06   0.980334E-06   0.126649E-05   0.165304E-05   0.217503E-05   0.288111E-05   0.384076E-05   0.514280E-05   0.691705E-05   0.934413E-05   0.126824E-04   0.172923E-04   0.236824E-04   0.325691E-04   0.449603E-04   0.623515E-04   0.865360E-04   0.120283E-03   0.167328E-03   0.232906E-03   0.324525E-03   0.453308E-03   0.636081E-03   0.898520E-03   0.128637E-02   0.186604E-02   0.275030E-02   0.411949E-02   0.645426E-02   0.103343E-01   0.155000E-01   0.225102E-01   0.177135E-01   0.000000E+00   0.000000E+00   0.000000E+00   0.000000E+00   0.214728E-03   0.226840E+00   0.391503E+00   0.663839E+00   0.107757E+01   0.167130E+01   0.245032E+01   0.335217E+01   0.421032E+01   0.475812E+01   0.472068E+01   0.397383E+01   0.273853E+01   0.157457E+01   0.279209E+00   0.000000E+00   0.000000E+00   0.000000E+00   0.231010E-07   0.219455E-07   0.331301E-08   0.000000E+00   0.000000E+00   0.000000E+00   0.000000E+00   0.582287E-08   0.000000E+00   0.696430E-06   0.597504E-03   0.474297E-02   0.255040E-01   0.106027E+00   0.249125E+00   0.770377E+00   0.210607E+01   0.463171E+01   0.891254E+01   0.151131E+02   0.227914E+02   0.308342E+02   0.377097E+02   0.419648E+02   0.427443E+02   0.400539E+02   0.346888E+02   0.278776E+02   0.208622E+02   0.145843E+02   0.955132E+01   0.587333E+01   0.339898E+01   0.188080E+01   0.988946E+00   0.406567E+00   0.204877E+00   0.886044E-01   0.369412E-01   0.147008E-01   0.553487E-02   0.199626E-02   0.682825E-03   0.222737E-03   0.962354E-04
 0.000000E+00   0.470361E-12   0.185154E-11   0.698198E-11   0.252203E-10   0.872681E-10   0.289272E-09   0.918494E-09   0.279377E-08   0.814026E-08   0.000000E+00   0.000000E+00   0.000000E+00   0.000000E+00   0.879497E-08   0.170224E-07   0.236327E-07   0.574778E-07   0.192561E-06   0.486853E-06   0.129870E-05   0.449830E-05   0.731929E-05   0.101614E-05   0.541373E-06   0.537483E-06   0.610778E-06   0.736098E-06   0.916610E-06   0.116547E-05   0.150351E-05   0.196044E-05   0.257743E-05   0.341146E-05   0.454352E-05   0.607641E-05   0.815965E-05   0.109962E-04   0.148758E-04   0.201950E-04   0.275035E-04   0.375623E-04   0.514254E-04   0.706470E-04   0.970567E-04   0.133533E-03   0.184016E-03   0.254160E-03   0.352247E-03   0.490533E-03   0.687423E-03   0.972461E-03   0.139993E-02   0.203735E-02   0.300191E-02   0.457261E-02   0.724152E-02   0.111367E-01   0.161508E-01   0.236826E-01   0.163323E-01   0.000000E+00   0.000000E+00   0.000000E+00   0.000000E+00   0.221744E-03   0.237066E+00   0.406007E+00   0.683036E+00   0.110023E+01   0.169381E+01   0.246563E+01   0.334993E+01   0.417942E+01   0.469250E+01   0.462603E+01   0.386807E+01   0.265272E+01   0.151670E+01   0.242589E+00   0.000000E+00   0.000000E+00   0.000000E+00   0.231010E-07   0.219455E-07   0.331301E-08   0.000000E+00   0.000000E+00   0.000000E+00   0.000000E+00   0.582287E-08   0.000000E+00   0.657673E-06   0.595986E-03   0.472716E-02   0.254061E-01   0.105612E+00   0.249300E+00   0.765467E+00   0.209888E+01   0.461738E+01   0.889009E+01   0.150840E+02   0.227616E+02   0.308129E+02   0.377067E+02   0.419866E+02   0.427913E+02   0.401203E+02   0.347647E+02   0.279527E+02   0.209283E+02   0.146369E+02   0.958971E+01   0.589915E+01   0.341509E+01   0.188922E+01   0.996425E+00   0.407497E+00   0.206299E+00   0.890844E-01   0.371671E-01   0.147903E-01   0.556925E-02   0.200868E-02   0.687103E-03   0.224168E-03   0.968158E-04
 0.000000E+00   0.470361E-12   0.185154E-11   0.698198E-11   0.252203E-10   0.872681E-10   0.289272E-09   0.918494E-09   0.279377E-08   0.814026E-08   0.000000E+00   0.000000E+00   0.000000E+00   0.000000E+00   0.879497E-08   0.170226E-07   0.236324E-07   0.574777E-07   0.192561E-06   0.486852E-06   0.129869E-05   0.450003E-05   0.105018E-04   0.185118E-05   0.699753E-06   0.661497E-06   0.739057E-06   0.882258E-06   0.109240E-05   0.138376E-05   0.177969E-05   0.231392E-05   0.303379E-05   0.400626E-05   0.531510E-05   0.708280E-05   0.947292E-05   0.127046E-04   0.170924E-04   0.230594E-04   0.311870E-04   0.422735E-04   0.574216E-04   0.782658E-04   0.106729E-03   0.145900E-03   0.200060E-03   0.275401E-03   0.380934E-03   0.530127E-03   0.744362E-03   0.105840E-02   0.152819E-02   0.222206E-02   0.331180E-02   0.513780E-02   0.797072E-02   0.117316E-01   0.168480E-01   0.251404E-01   0.146145E-01   0.000000E+00   0.000000E+00   0.000000E+00   0.000000E+00   0.228654E-03   0.247483E+00   0.420614E+00   0.702148E+00   0.112248E+01   0.171545E+01   0.247959E+01   0.334599E+01   0.414690E+01   0.462601E+01   0.453167E+01   0.376388E+01   0.256932E+01   0.145953E+01   0.208341E+00   0.000000E+00   0.000000E+00   0.000000E+00   0.231010E-07   0.219455E-07   0.331301E-08   0.000000E+00   0.000000E+00   0.000000E+00   0.000000E+00   0.582287E-08   0.000000E+00   0.622002E-06   0.594519E-03   0.471168E-02   0.253098E-01   0.105202E+00   0.249462E+00   0.760599E+00   0.209175E+01   0.460312E+01   0.886774E+01   0.150551E+02   0.227318E+02   0.307915E+02   0.377035E+02   0.420081E+02   0.428380E+02   0.401864E+02   0.348405E+02   0.280277E+02   0.209943E+02   0.146896E+02   0.962813E+01   0.592500E+01   0.343122E+01   0.189768E+01   0.100390E+01   0.408432E+00   0.207730E+00   0.895639E-01   0.373943E-01   0.148800E-01   0.560376E-02   0.202115E-02   0.691398E-03   0.225603E-03   0.973992E-04
 0.000000E+00   0.470361E-12   0.185154E-11   0.698198E-11   0.252203E-10   0.872681E-10   0.289272E-09   0.918494E-09   0.279377E-08   0.814026E-08   0.000000E+00   0.000000E+00   0.000000E+00   0.000000E+00   0.879497E-08   0.170229E-07   0.236321E-07   0.574776E-07   0.192560E-06   0.486851E-06   0.129869E-05   0.450001E-05   0.133771E-04   0.378621E-05   0.933547E-06   0.815850E-06   0.888884E-06   0.104789E-05   0.128696E-05   0.161989E-05   0.207252E-05   0.268245E-05   0.350190E-05   0.460460E-05   0.608205E-05   0.806744E-05   0.107377E-04   0.143262E-04   0.191680E-04   0.257128E-04   0.345755E-04   0.466021E-04   0.629656E-04   0.854197E-04   0.116040E-03   0.158181E-03   0.216488E-03   0.297680E-03   0.411817E-03   0.574642E-03   0.810663E-03   0.115524E-02   0.166632E-02   0.244290E-02   0.371109E-02   0.572746E-02   0.854142E-02   0.122355E-01   0.176757E-01   0.269916E-01   0.123708E-01   0.000000E+00   0.000000E+00   0.000000E+00   0.000000E+00   0.235440E-03   0.258078E+00   0.435305E+00   0.721150E+00   0.114429E+01   0.173620E+01   0.249218E+01   0.334038E+01   0.411284E+01   0.455871E+01   0.443766E+01   0.366131E+01   0.248831E+01   0.140293E+01   0.176509E+00   0.000000E+00   0.000000E+00   0.000000E+00   0.231010E-07   0.219455E-07   0.331301E-08   0.000000E+00   0.000000E+00   0.000000E+00   0.000000E+00   0.582287E-08   0.000000E+00   0.589310E-06   0.593105E-03   0.469656E-02   0.252151E-01   0.104798E+00   0.249611E+00   0.755772E+00   0.208467E+01   0.458894E+01   0.884548E+01   0.150262E+02   0.227021E+02   0.307701E+02   0.377002E+02   0.420295E+02   0.428845E+02   0.402523E+02   0.349161E+02   0.281026E+02   0.210604E+02   0.147422E+02   0.966657E+01   0.595089E+01   0.344738E+01   0.190618E+01   0.101136E+01   0.409373E+00   0.209170E+00   0.900428E-01   0.376227E-01   0.149700E-01   0.563840E-02   0.203367E-02   0.695711E-03   0.227044E-03   0.979856E-04
 0.000000E+00   0.470361E-12   0.185154E-11   0.698198E-11   0.252203E-10   0.872681E-10   0.289272E-09   0.918494E-09   0.279377E-08   0.814026E-08   0.000000E+00   0.000000E+00   0.000000E+00   0.000000E+00   0.879497E-08   0.170231E-07   0.236318E-07   0.574774E-07   0.192560E-06   0.486849E-06   0.129869E-05   0.449999E-05   0.152979E-04   0.749995E-05   0.130665E-05   0.100134E-05   0.105313E-05   0.122091E-05   0.148411E-05   0.185433E-05   0.235864E-05   0.303753E-05   0.394750E-05   0.516824E-05   0.679812E-05   0.898031E-05   0.119044E-04   0.158208E-04   0.210845E-04   0.281775E-04   0.377587E-04   0.507375E-04   0.683796E-04   0.925806E-04   0.125582E-03   0.171016E-03   0.233991E-03   0.322150E-03   0.447164E-03   0.626445E-03   0.884732E-03   0.125955E-02   0.182919E-02   0.272948E-02   0.416114E-02   0.623348E-02   0.897579E-02   0.127558E-01   0.187354E-01   0.291362E-01   0.955807E-02   0.000000E+00   0.000000E+00   0.000000E+00   0.000000E+00   0.242080E-03   0.268840E+00   0.450061E+00   0.740018E+00   0.116563E+01   0.175604E+01   0.250340E+01   0.333311E+01   0.407727E+01   0.449069E+01   0.434406E+01   0.356040E+01   0.240963E+01   0.134673E+01   0.147140E+00   0.000000E+00   0.000000E+00   0.000000E+00   0.231010E-07   0.219455E-07   0.331301E-08   0.000000E+00   0.000000E+00   0.000000E+00   0.000000E+00   0.582287E-08   0.000000E+00   0.559490E-06   0.591745E-03   0.468179E-02   0.251222E-01   0.104399E+00   0.249748E+00   0.750988E+00   0.207764E+01   0.457484E+01   0.882333E+01   0.149974E+02   0.226724E+02   0.307487E+02   0.376968E+02   0.420506E+02   0.429307E+02   0.403180E+02   0.349915E+02   0.281773E+02   0.211263E+02   0.147949E+02   0.970504E+01   0.597681E+01   0.346356E+01   0.191472E+01   0.101881E+01   0.410321E+00   0.210616E+00   0.905213E-01   0.378522E-01   0.150602E-01   0.567318E-02   0.204622E-02   0.700041E-03   0.228489E-03   0.985748E-04
 0.000000E+00   0.470361E-12   0.185154E-11   0.698198E-11   0.252203E-10   0.872681E-10   0.289272E-09   0.918494E-09   0.279377E-08   0.814026E-08   0.000000E+00   0.000000E+00   0.000000E+00   0.000000E+00   0.879497E-08   0.170233E-07   0.236315E-07   0.574773E-07   0.192559E-06   0.486848E-06   0.129868E-05   0.449998E-05   0.161214E-04   0.129983E-04   0.198448E-05   0.122052E-05   0.122607E-05   0.139453E-05   0.167583E-05   0.207835E-05   0.262895E-05   0.337058E-05   0.436376E-05   0.569416E-05   0.746733E-05   0.983712E-05   0.130074E-04   0.172486E-04   0.229394E-04   0.306012E-04   0.409441E-04   0.549491E-04   0.739816E-04   0.100095E-03   0.135753E-03   0.185028E-03   0.253761E-03   0.350586E-03   0.487937E-03   0.683483E-03   0.964701E-03   0.138272E-02   0.204055E-02   0.306684E-02   0.457829E-02   0.662022E-02   0.935436E-02   0.133815E-01   0.200820E-01   0.313801E-01   0.623066E-02   0.000000E+00   0.000000E+00   0.000000E+00   0.000000E+00   0.248552E-03   0.279757E+00   0.464865E+00   0.758726E+00   0.118648E+01   0.177496E+01   0.251326E+01   0.332424E+01   0.404028E+01   0.442201E+01   0.425092E+01   0.346118E+01   0.233326E+01   0.129082E+01   0.120282E+00   0.000000E+00   0.000000E+00   0.000000E+00   0.231010E-07   0.219455E-07   0.331301E-08   0.000000E+00   0.000000E+00   0.000000E+00   0.000000E+00   0.582287E-08   0.000000E+00   0.532445E-06   0.590441E-03   0.466738E-02   0.250310E-01   0.104007E+00   0.249872E+00   0.746245E+00   0.207067E+01   0.456082E+01   0.880127E+01   0.149687E+02   0.226428E+02   0.307272E+02   0.376932E+02   0.420714E+02   0.429767E+02   0.403835E+02   0.350667E+02   0.282520E+02   0.211923E+02   0.148476E+02   0.974353E+01   0.600275E+01   0.347978E+01   0.192329E+01   0.102625E+01   0.411277E+00   0.212070E+00   0.909993E-01   0.380830E-01   0.151507E-01   0.570808E-02   0.205882E-02   0.704388E-03   0.229939E-03   0.991669E-04
 0.000000E+00   0.470361E-12   0.185154E-11   0.698198E-11   0.252203E-10   0.872681E-10   0.289272E-09   0.918494E-09   0.279377E-08   0.814026E-08   0.000000E+00   0.000000E+00   0.000000E+00   0.000000E+00   0.879497E-08   0.170236E-07   0.236312E-07   0.574772E-07   0.192559E-06   0.486846E-06   0.129868E-05   0.449996E-05   0.162489E-04   0.194281E-04   0.340682E-05   0.148157E-05   0.140695E-05   0.156761E-05   0.186365E-05   0.229578E-05   0.289049E-05   0.369307E-05   0.476835E-05   0.620844E-05   0.812699E-05   0.106898E-04   0.141168E-04   0.187005E-04   0.248465E-04   0.331186E-04   0.442853E-04   0.594143E-04   0.800085E-04   0.108357E-03   0.147255E-03   0.201269E-03   0.276753E-03   0.382696E-03   0.532096E-03   0.745681E-03   0.106060E-02   0.154268E-02   0.229418E-02   0.339588E-02   0.490939E-02   0.692554E-02   0.975774E-02   0.141925E-01   0.216582E-01   0.336037E-01   0.244303E-02   0.000000E+00   0.000000E+00   0.000000E+00   0.000000E+00   0.254834E-03   0.290814E+00   0.479697E+00   0.777252E+00   0.120681E+01   0.179293E+01   0.252175E+01   0.331377E+01   0.400191E+01   0.435276E+01   0.415829E+01   0.336370E+01   0.225914E+01   0.123505E+01   0.959842E-01   0.000000E+00   0.000000E+00   0.000000E+00   0.231010E-07   0.219455E-07   0.331301E-08   0.000000E+00   0.000000E+00   0.000000E+00   0.000000E+00   0.582287E-08   0.000000E+00   0.508080E-06   0.589195E-03   0.465335E-02   0.249415E-01   0.103621E+00   0.249984E+00   0.741544E+00   0.206374E+01   0.454687E+01   0.877932E+01   0.149401E+02   0.226132E+02   0.307057E+02   0.376894E+02   0.420921E+02   0.430224E+02   0.404487E+02   0.351418E+02   0.283266E+02   0.212581E+02   0.149002E+02   0.978204E+01   0.602872E+01   0.349601E+01   0.193190E+01   0.103368E+01   0.412241E+00   0.213530E+00   0.914769E-01   0.383148E-01   0.152413E-01   0.574310E-02   0.207146E-02   0.708751E-03   0.231393E-03   0.997619E-04
 0.000000E+00   0.470361E-12   0.185154E-11   0.698198E-11   0.252203E-10   0.872681E-10   0.289272E-09   0.918494E-09   0.279377E-08   0.814026E-08   0.000000E+00   0.000000E+00   0.000000E+00   0.000000E+00   0.879497E-08   0.170239E-07   0.236309E-07   0.574771E-07   0.192558E-06   0.486845E-06   0.129867E-05   0.449994E-05   0.162489E-04   0.253786E-04   0.640326E-05   0.179949E-05   0.159958E-05   0.174609E-05   0.205607E-05   0.251704E-05   0.315704E-05   0.402293E-05   0.518412E-05   0.673972E-05   0.881225E-05   0.115806E-04   0.152828E-04   0.202373E-04   0.268825E-04   0.358381E-04   0.479536E-04   0.644180E-04   0.869108E-04   0.117968E-03   0.160630E-03   0.219733E-03   0.301949E-03   0.417199E-03   0.581492E-03   0.822319E-03   0.118528E-02   0.173483E-02   0.254788E-02   0.366628E-02   0.516218E-02   0.721198E-02   0.102604E-01   0.152043E-01   0.235327E-01   0.338327E-01   0.000000E+00   0.000000E+00   0.000000E+00   0.000000E+00   0.000000E+00   0.260901E-03   0.301999E+00   0.494539E+00   0.795571E+00   0.122659E+01   0.180994E+01   0.252889E+01   0.330175E+01   0.396223E+01   0.428300E+01   0.406622E+01   0.326799E+01   0.218724E+01   0.117931E+01   0.742957E-01   0.000000E+00   0.000000E+00   0.000000E+00   0.231010E-07   0.219455E-07   0.331301E-08   0.000000E+00   0.000000E+00   0.000000E+00   0.000000E+00   0.582287E-08   0.000000E+00   0.486310E-06   0.588007E-03   0.463970E-02   0.248538E-01   0.103241E+00   0.250085E+00   0.736885E+00   0.205687E+01   0.453301E+01   0.875747E+01   0.149116E+02   0.225836E+02   0.306841E+02   0.376856E+02   0.421125E+02   0.430678E+02   0.405136E+02   0.352167E+02   0.284010E+02   0.213240E+02   0.149529E+02   0.982057E+01   0.605472E+01   0.351227E+01   0.194055E+01   0.104110E+01   0.413215E+00   0.214995E+00   0.919542E-01   0.385478E-01   0.153321E-01   0.577826E-02   0.208414E-02   0.713131E-03   0.232851E-03   0.100360E-03
 0.000000E+00   0.470361E-12   0.185154E-11   0.698198E-11   0.252203E-10   0.872681E-10   0.289272E-09   0.918494E-09   0.279377E-08   0.814026E-08   0.000000E+00   0.000000E+00   0.000000E+00   0.000000E+00   0.879497E-08   0.170241E-07   0.236306E-07   0.574769E-07   0.192558E-06   0.486843E-06   0.129867E-05   0.449992E-05   0.162488E-04   0.300277E-04   0.116699E-04   0.219915E-05   0.181041E-05   0.193562E-05   0.225821E-05   0.275031E-05   0.343860E-05   0.437252E-05   0.562672E-05   0.730853E-05   0.955128E-05   0.125503E-04   0.165666E-04   0.219525E-04   0.291896E-04   0.389658E-04   0.522189E-04   0.702516E-04   0.948790E-04   0.128809E-03   0.175270E-03   0.239561E-03   0.329503E-03   0.457613E-03   0.644336E-03   0.921516E-03   0.133280E-02   0.192739E-02   0.276046E-02   0.387185E-02   0.537900E-02   0.754210E-02   0.109164E-01   0.163375E-01   0.261628E-01   0.304837E-01   0.000000E+00   0.000000E+00   0.000000E+00   0.000000E+00   0.000000E+00   0.266732E-03   0.313298E+00   0.509373E+00   0.813660E+00   0.124582E+01   0.182599E+01   0.253467E+01   0.328821E+01   0.392130E+01   0.421281E+01   0.397476E+01   0.317407E+01   0.211749E+01   0.112345E+01   0.552680E-01   0.000000E+00   0.000000E+00   0.000000E+00   0.231010E-07   0.219455E-07   0.331301E-08   0.000000E+00   0.000000E+00   0.000000E+00   0.000000E+00   0.582287E-08   0.000000E+00   0.483907E-06   0.586864E-03   0.462643E-02   0.247680E-01   0.102868E+00   0.250175E+00   0.732268E+00   0.205004E+01   0.451922E+01   0.873572E+01   0.148832E+02   0.225541E+02   0.306624E+02   0.376815E+02   0.421327E+02   0.431130E+02   0.405784E+02   0.352913E+02   0.284754E+02   0.213897E+02   0.150055E+02   0.985912E+01   0.608075E+01   0.352856E+01   0.194923E+01   0.104851E+01   0.414198E+00   0.216465E+00   0.924311E-01   0.387819E-01   0.154232E-01   0.581353E-02   0.209686E-02   0.717526E-03   0.234315E-03   0.100960E-03
 0.000000E+00   0.470361E-12   0.185154E-11   0.698198E-11   0.252203E-10   0.872681E-10   0.289272E-09   0.918494E-09   0.279377E-08   0.814026E-08   0.000000E+00   0.000000E+00   0.000000E+00   0.000000E+00   0.879497E-08   0.170244E-07   0.236302E-07   0.574768E-07   0.192557E-06   0.486842E-06   0.129866E-05   0.449990E-05   0.162487E-04   0.332737E-04   0.193261E-04   0.271395E-05   0.204378E-05   0.214197E-05   0.247849E-05   0.300598E-05   0.374955E-05   0.476195E-05   0.612441E-05   0.795436E-05   0.103983E-04   0.136710E-04   0.180595E-04   0.239512E-04   0.318691E-04   0.425605E-04   0.570359E-04   0.766941E-04   0.103498E-03   0.140442E-03   0.191285E-03   0.262456E-03   0.363720E-03   0.510198E-03   0.724137E-03   0.103517E-02   0.147786E-02   0.208899E-02   0.292247E-02   0.403971E-02   0.560911E-02   0.797707E-02   0.116500E-01   0.180432E-01   0.276857E-01   0.273502E-01   0.000000E+00   0.000000E+00   0.000000E+00   0.000000E+00   0.000000E+00   0.271443E-03   0.324634E+00   0.524082E+00   0.831363E+00   0.126429E+01   0.184086E+01   0.253894E+01   0.327312E+01   0.387930E+01   0.414262E+01   0.388459E+01   0.308365E+01   0.208813E+01   0.105773E+01   0.000000E+00   0.000000E+00   0.000000E+00   0.000000E+00   0.231010E-07   0.219455E-07   0.331301E-08   0.000000E+00   0.000000E+00   0.000000E+00   0.000000E+00   0.582287E-08   0.000000E+00   0.483946E-06   0.585783E-03   0.461357E-02   0.246841E-01   0.102500E+00   0.250254E+00   0.727509E+00   0.204309E+01   0.450520E+01   0.871367E+01   0.148545E+02   0.225243E+02   0.306407E+02   0.376776E+02   0.421533E+02   0.431588E+02   0.406439E+02   0.353669E+02   0.285505E+02   0.214562E+02   0.150587E+02   0.989805E+01   0.610703E+01   0.354500E+01   0.195801E+01   0.105597E+01   0.415190E+00   0.217939E+00   0.929078E-01   0.390171E-01   0.155144E-01   0.584893E-02   0.210962E-02   0.721937E-03   0.235782E-03   0.101563E-03
 0.000000E+00   0.470361E-12   0.185154E-11   0.698198E-11   0.252203E-10   0.872681E-10   0.289272E-09   0.918494E-09   0.279377E-08   0.814026E-08   0.000000E+00   0.000000E+00   0.000000E+00   0.000000E+00   0.879497E-08   0.170247E-07   0.236299E-07   0.574766E-07   0.192557E-06   0.486840E-06   0.129866E-05   0.449988E-05   0.162486E-04   0.353335E-04   0.291981E-04   0.339592E-05   0.231061E-05   0.237688E-05   0.273090E-05   0.330064E-05   0.410946E-05   0.521400E-05   0.670575E-05   0.870127E-05   0.113721E-04   0.149475E-04   0.197389E-04   0.261667E-04   0.347939E-04   0.464352E-04   0.622033E-04   0.836717E-04   0.113114E-03   0.154091E-03   0.211213E-03   0.292164E-03   0.407994E-03   0.574214E-03   0.811073E-03   0.114290E-02   0.159786E-02   0.221217E-02   0.305185E-02   0.420741E-02   0.590721E-02   0.847766E-02   0.126816E-01   0.198048E-01   0.281582E-01   0.247088E-01   0.000000E+00   0.000000E+00   0.000000E+00   0.000000E+00   0.000000E+00   0.277323E-03   0.336096E+00   0.538806E+00   0.848878E+00   0.128227E+01   0.185486E+01   0.254199E+01   0.325663E+01   0.383612E+01   0.407190E+01   0.379464E+01   0.299523E+01   0.202194E+01   0.987400E+00   0.000000E+00   0.000000E+00   0.000000E+00   0.000000E+00   0.231010E-07   0.219455E-07   0.331301E-08   0.000000E+00   0.000000E+00   0.000000E+00   0.000000E+00   0.582287E-08   0.000000E+00   0.483980E-06   0.584769E-03   0.460111E-02   0.246020E-01   0.102140E+00   0.250323E+00   0.722904E+00   0.203630E+01   0.449146E+01   0.869197E+01   0.148261E+02   0.224948E+02   0.306189E+02   0.376734E+02   0.421732E+02   0.432038E+02   0.407085E+02   0.354416E+02   0.286249E+02   0.215221E+02   0.151115E+02   0.993677E+01   0.613319E+01   0.356138E+01   0.196679E+01   0.106339E+01   0.416193E+00   0.219417E+00   0.933843E-01   0.392534E-01   0.156057E-01   0.588445E-02   0.212242E-02   0.726364E-03   0.237253E-03   0.102169E-03
 0.000000E+00   0.470361E-12   0.185154E-11   0.698198E-11   0.252203E-10   0.872681E-10   0.289272E-09   0.918494E-09   0.279377E-08   0.814026E-08   0.000000E+00   0.000000E+00   0.000000E+00   0.000000E+00   0.879497E-08   0.170250E-07   0.236295E-07   0.574765E-07   0.192556E-06   0.486838E-06   0.129865E-05   0.449986E-05   0.162485E-04   0.364636E-04   0.410642E-04   0.435953E-05   0.262722E-05   0.264841E-05   0.301916E-05   0.363556E-05   0.451280E-05   0.571553E-05   0.734080E-05   0.951498E-05   0.124246E-04   0.163199E-04   0.215428E-04   0.285609E-04   0.380031E-04   0.508006E-04   0.682469E-04   0.922002E-04   0.125359E-03   0.171887E-03   0.237002E-03   0.328874E-03   0.458332E-03   0.639384E-03   0.889378E-03   0.122975E-02   0.168907E-02   0.231002E-02   0.317732E-02   0.441947E-02   0.626026E-02   0.912642E-02   0.140356E-01   0.208815E-01   0.284614E-01   0.222578E-01   0.000000E+00   0.000000E+00   0.000000E+00   0.000000E+00   0.000000E+00   0.282398E-03   0.347653E+00   0.553502E+00   0.866144E+00   0.129969E+01   0.186794E+01   0.254379E+01   0.323877E+01   0.379183E+01   0.400081E+01   0.370517E+01   0.290851E+01   0.195792E+01   0.918705E+00   0.000000E+00   0.000000E+00   0.000000E+00   0.000000E+00   0.231010E-07   0.219455E-07   0.331301E-08   0.000000E+00   0.000000E+00   0.000000E+00   0.000000E+00   0.582287E-08   0.000000E+00   0.484008E-06   0.583823E-03   0.458907E-02   0.245219E-01   0.101786E+00   0.250381E+00   0.718402E+00   0.202962E+01   0.447790E+01   0.867052E+01   0.147979E+02   0.224654E+02   0.305972E+02   0.376689E+02   0.421928E+02   0.432482E+02   0.407725E+02   0.355157E+02   0.286989E+02   0.215878E+02   0.151642E+02   0.997538E+01   0.615930E+01   0.357774E+01   0.197558E+01   0.107078E+01   0.417208E+00   0.220898E+00   0.938607E-01   0.394906E-01   0.156972E-01   0.592008E-02   0.213525E-02   0.730806E-03   0.238729E-03   0.102778E-03
 0.000000E+00   0.470361E-12   0.185154E-11   0.698198E-11   0.252203E-10   0.872681E-10   0.289272E-09   0.918494E-09   0.279377E-08   0.814026E-08   0.000000E+00   0.000000E+00   0.000000E+00   0.000000E+00   0.879497E-08   0.170253E-07   0.236291E-07   0.574763E-07   0.192555E-06   0.486836E-06   0.129865E-05   0.449984E-05   0.162484E-04   0.368850E-04   0.546286E-04   0.583849E-05   0.299625E-05   0.295034E-05   0.333431E-05   0.399756E-05   0.494990E-05   0.626030E-05   0.803511E-05   0.104145E-04   0.136069E-04   0.178945E-04   0.236672E-04   0.314634E-04   0.420127E-04   0.563985E-04   0.761226E-04   0.103311E-03   0.140966E-03   0.193544E-03   0.266274E-03   0.367000E-03   0.505604E-03   0.694701E-03   0.950644E-03   0.129565E-02   0.176218E-02   0.240510E-02   0.333353E-02   0.467473E-02   0.669487E-02   0.100546E-01   0.152264E-01   0.213230E-01   0.290921E-01   0.197215E-01   0.000000E+00   0.000000E+00   0.000000E+00   0.000000E+00   0.000000E+00   0.287073E-03   0.359274E+00   0.568124E+00   0.883104E+00   0.131648E+01   0.188002E+01   0.254428E+01   0.321954E+01   0.374654E+01   0.392953E+01   0.361642E+01   0.282367E+01   0.189605E+01   0.852003E+00   0.000000E+00   0.000000E+00   0.000000E+00   0.000000E+00   0.231010E-07   0.219455E-07   0.331301E-08   0.000000E+00   0.000000E+00   0.000000E+00   0.000000E+00   0.582287E-08   0.000000E+00   0.484032E-06   0.582948E-03   0.457746E-02   0.244438E-01   0.101439E+00   0.250430E+00   0.713953E+00   0.202300E+01   0.446445E+01   0.864921E+01   0.147699E+02   0.224361E+02   0.305754E+02   0.376643E+02   0.422120E+02   0.432923E+02   0.408362E+02   0.355896E+02   0.287727E+02   0.216533E+02   0.152167E+02   0.100140E+02   0.618542E+01   0.359411E+01   0.198440E+01   0.107815E+01   0.418236E+00   0.222381E+00   0.943370E-01   0.397289E-01   0.157889E-01   0.595583E-02   0.214812E-02   0.735263E-03   0.240209E-03   0.103389E-03
 0.000000E+00   0.470361E-12   0.185154E-11   0.698198E-11   0.252203E-10   0.872681E-10   0.289272E-09   0.918494E-09   0.279377E-08   0.814026E-08   0.000000E+00   0.000000E+00   0.000000E+00   0.000000E+00   0.879497E-08   0.170256E-07   0.236287E-07   0.574762E-07   0.192555E-06   0.486835E-06   0.129864E-05   0.449982E-05   0.162483E-04   0.369089E-04   0.694244E-04   0.814753E-05   0.342144E-05   0.329313E-05   0.369597E-05   0.441960E-05   0.546858E-05   0.691886E-05   0.889040E-05   0.115430E-04   0.151148E-04   0.199295E-04   0.264341E-04   0.352447E-04   0.471899E-04   0.634744E-04   0.857388E-04   0.116234E-03   0.158032E-03   0.215555E-03   0.293708E-03   0.399889E-03   0.543473E-03   0.736949E-03   0.997428E-03   0.134992E-02   0.183559E-02   0.252333E-02   0.352228E-02   0.498178E-02   0.732514E-02   0.110623E-01   0.159134E-01   0.215895E-01   0.302869E-01   0.167770E-01   0.000000E+00   0.000000E+00   0.000000E+00   0.000000E+00   0.000000E+00   0.291399E-03   0.370944E+00   0.582650E+00   0.899732E+00   0.133262E+01   0.189109E+01   0.254349E+01   0.319898E+01   0.370030E+01   0.385812E+01   0.352850E+01   0.274070E+01   0.183620E+01   0.787377E+00   0.000000E+00   0.000000E+00   0.000000E+00   0.000000E+00   0.231010E-07   0.219455E-07   0.331301E-08   0.000000E+00   0.000000E+00   0.000000E+00   0.000000E+00   0.582287E-08   0.000000E+00   0.484050E-06   0.582145E-03   0.456629E-02   0.243677E-01   0.101100E+00   0.250470E+00   0.709550E+00   0.201643E+01   0.445108E+01   0.862801E+01   0.147420E+02   0.224068E+02   0.305535E+02   0.376595E+02   0.422310E+02   0.433361E+02   0.408996E+02   0.356633E+02   0.288464E+02   0.217188E+02   0.152693E+02   0.100526E+02   0.621155E+01   0.361050E+01   0.199325E+01   0.108551E+01   0.419277E+00   0.223865E+00   0.948133E-01   0.399681E-01   0.158807E-01   0.599170E-02   0.216103E-02   0.739734E-03   0.241693E-03   0.104002E-03
 0.000000E+00   0.470361E-12   0.185154E-11   0.698198E-11   0.252203E-10   0.872681E-10   0.289272E-09   0.918494E-09   0.279377E-08   0.814026E-08   0.000000E+00   0.000000E+00   0.000000E+00   0.000000E+00   0.879497E-08   0.170259E-07   0.236283E-07   0.574760E-07   0.192554E-06   0.486833E-06   0.129864E-05   0.449979E-05   0.162483E-04   0.369086E-04   0.849749E-04   0.116642E-04   0.394493E-05   0.372230E-05   0.415557E-05   0.496297E-05   0.614389E-05   0.777742E-05   0.999654E-05   0.129914E-04   0.170254E-04   0.224601E-04   0.297896E-04   0.396854E-04   0.530366E-04   0.711009E-04   0.955624E-04   0.128674E-03   0.173450E-03   0.234214E-03   0.315665E-03   0.425149E-03   0.572195E-03   0.770009E-03   0.103816E-02   0.140788E-02   0.192763E-02   0.266532E-02   0.374802E-02   0.542314E-02   0.809558E-02   0.118063E-01   0.162123E-01   0.220506E-01   0.322272E-01   0.130322E-01   0.000000E+00   0.000000E+00   0.000000E+00   0.000000E+00   0.000000E+00   0.295369E-03   0.382650E+00   0.597064E+00   0.916011E+00   0.134810E+01   0.190115E+01   0.254142E+01   0.317713E+01   0.365318E+01   0.378663E+01   0.344147E+01   0.265961E+01   0.177822E+01   0.724878E+00   0.000000E+00   0.000000E+00   0.000000E+00   0.000000E+00   0.231010E-07   0.219455E-07   0.331301E-08   0.000000E+00   0.000000E+00   0.000000E+00   0.000000E+00   0.582287E-08   0.000000E+00   0.484063E-06   0.581417E-03   0.455556E-02   0.242938E-01   0.100767E+00   0.250500E+00   0.705189E+00   0.200992E+01   0.443781E+01   0.860692E+01   0.147143E+02   0.223776E+02   0.305317E+02   0.376546E+02   0.422498E+02   0.433796E+02   0.409627E+02   0.357367E+02   0.289199E+02   0.217841E+02   0.153218E+02   0.100912E+02   0.623770E+01   0.362691E+01   0.200213E+01   0.109285E+01   0.420330E+00   0.225350E+00   0.952896E-01   0.402083E-01   0.159727E-01   0.602767E-02   0.217397E-02   0.744220E-03   0.243180E-03   0.104619E-03
 0.000000E+00   0.470361E-12   0.185154E-11   0.698198E-11   0.252203E-10   0.872681E-10   0.289272E-09   0.918494E-09   0.279377E-08   0.814026E-08   0.000000E+00   0.000000E+00   0.000000E+00   0.000000E+00   0.879497E-08   0.170262E-07   0.236279E-07   0.574758E-07   0.192554E-06   0.486831E-06   0.129863E-05   0.449977E-05   0.162482E-04   0.369084E-04   0.100825E-03   0.172498E-04   0.466544E-05   0.428462E-05   0.474235E-05   0.563779E-05   0.695910E-05   0.878998E-05   0.112745E-04   0.146192E-04   0.191084E-04   0.251281E-04   0.331990E-04   0.440194E-04   0.585030E-04   0.779127E-04   0.103938E-03   0.138819E-03   0.185552E-03   0.248481E-03   0.332335E-03   0.444735E-03   0.596036E-03   0.801671E-03   0.108519E-02   0.148084E-02   0.203667E-02   0.283621E-02   0.407040E-02   0.599635E-02   0.876088E-02   0.121875E-01   0.164248E-01   0.229918E-01   0.346474E-01   0.841555E-02   0.000000E+00   0.000000E+00   0.000000E+00   0.000000E+00   0.000000E+00   0.298968E-03   0.394380E+00   0.611350E+00   0.931922E+00   0.136289E+01   0.191021E+01   0.253809E+01   0.315403E+01   0.360523E+01   0.371511E+01   0.335539E+01   0.258037E+01   0.172194E+01   0.664552E+00   0.000000E+00   0.000000E+00   0.000000E+00   0.000000E+00   0.231010E-07   0.219455E-07   0.331301E-08   0.000000E+00   0.000000E+00   0.000000E+00   0.000000E+00   0.582287E-08   0.000000E+00   0.484069E-06   0.580765E-03   0.454530E-02   0.242219E-01   0.100441E+00   0.250522E+00   0.700873E+00   0.200347E+01   0.442462E+01   0.858596E+01   0.146866E+02   0.223485E+02   0.305098E+02   0.376495E+02   0.422683E+02   0.434228E+02   0.410256E+02   0.358099E+02   0.289932E+02   0.218494E+02   0.153743E+02   0.101298E+02   0.626386E+01   0.364334E+01   0.201104E+01   0.110019E+01   0.421397E+00   0.226836E+00   0.957662E-01   0.404493E-01   0.160648E-01   0.606375E-02   0.218694E-02   0.748719E-03   0.244672E-03   0.105237E-03
 0.000000E+00   0.470361E-12   0.185154E-11   0.698198E-11   0.252203E-10   0.872681E-10   0.289272E-09   0.918494E-09   0.279377E-08   0.814026E-08   0.000000E+00   0.000000E+00   0.000000E+00   0.000000E+00   0.879497E-08   0.170266E-07   0.236275E-07   0.574757E-07   0.192553E-06   0.486829E-06   0.129862E-05   0.449974E-05   0.162481E-04   0.369081E-04   0.115395E-03   0.268742E-04   0.571213E-05   0.497408E-05   0.540783E-05   0.636675E-05   0.780600E-05   0.980570E-05   0.125149E-04   0.161494E-04   0.210048E-04   0.274801E-04   0.361095E-04   0.476051E-04   0.628967E-04   0.832493E-04   0.110377E-03   0.146546E-03   0.194810E-03   0.259674E-03   0.346213E-03   0.462971E-03   0.621995E-03   0.840729E-03   0.114357E-02   0.156595E-02   0.217064E-02   0.308114E-02   0.449933E-02   0.653872E-02   0.915914E-02   0.123598E-01   0.168475E-01   0.244769E-01   0.371215E-01   0.307310E-02   0.000000E+00   0.000000E+00   0.000000E+00   0.000000E+00   0.000000E+00   0.302182E-03   0.406123E+00   0.625491E+00   0.947449E+00   0.137700E+01   0.191825E+01   0.253352E+01   0.312973E+01   0.355652E+01   0.364360E+01   0.327033E+01   0.250299E+01   0.166720E+01   0.606447E+00   0.000000E+00   0.000000E+00   0.000000E+00   0.000000E+00   0.231010E-07   0.219455E-07   0.331301E-08   0.000000E+00   0.000000E+00   0.000000E+00   0.000000E+00   0.582287E-08   0.000000E+00   0.484070E-06   0.580193E-03   0.453551E-02   0.241522E-01   0.100123E+00   0.250536E+00   0.696601E+00   0.199706E+01   0.441153E+01   0.856511E+01   0.146590E+02   0.223195E+02   0.304879E+02   0.376443E+02   0.422866E+02   0.434657E+02   0.410881E+02   0.358828E+02   0.290664E+02   0.219146E+02   0.154268E+02   0.101684E+02   0.629003E+01   0.365978E+01   0.201998E+01   0.110752E+01   0.422478E+00   0.228321E+00   0.962429E-01   0.406913E-01   0.161570E-01   0.609994E-02   0.219994E-02   0.753232E-03   0.246167E-03   0.105858E-03
 0.000000E+00   0.470361E-12   0.185154E-11   0.698198E-11   0.252203E-10   0.872681E-10   0.289272E-09   0.918494E-09   0.279377E-08   0.814026E-08   0.000000E+00   0.000000E+00   0.000000E+00   0.000000E+00   0.879497E-08   0.170269E-07   0.236271E-07   0.574755E-07   0.192552E-06   0.486827E-06   0.129862E-05   0.449972E-05   0.162480E-04   0.369078E-04   0.126368E-03   0.428722E-04   0.726913E-05   0.575092E-05   0.607763E-05   0.705355E-05   0.856767E-05   0.106866E-04   0.135588E-04   0.174044E-04   0.225264E-04   0.293329E-04   0.383701E-04   0.503651E-04   0.662714E-04   0.873711E-04   0.115438E-03   0.152845E-03   0.202867E-03   0.270454E-03   0.361393E-03   0.485175E-03   0.654581E-03   0.887528E-03   0.121144E-02   0.167477E-02   0.236466E-02   0.340661E-02   0.492253E-02   0.689723E-02   0.933529E-02   0.125661E-01   0.176375E-01   0.266639E-01   0.362403E-01   0.000000E+00   0.000000E+00   0.000000E+00   0.000000E+00   0.000000E+00   0.000000E+00   0.304995E-03   0.417865E+00   0.639472E+00   0.962579E+00   0.139041E+01   0.192528E+01   0.252774E+01   0.310426E+01   0.350711E+01   0.357215E+01   0.318634E+01   0.242746E+01   0.161381E+01   0.550611E+00   0.000000E+00   0.000000E+00   0.000000E+00   0.000000E+00   0.231010E-07   0.219455E-07   0.331301E-08   0.000000E+00   0.000000E+00   0.000000E+00   0.000000E+00   0.582287E-08   0.000000E+00   0.484064E-06   0.579702E-03   0.452621E-02   0.240848E-01   0.998132E-01   0.250542E+00   0.692373E+00   0.199071E+01   0.439853E+01   0.854439E+01   0.146316E+02   0.222905E+02   0.304659E+02   0.376390E+02   0.423046E+02   0.435083E+02   0.411504E+02   0.359555E+02   0.291394E+02   0.219796E+02   0.154792E+02   0.102070E+02   0.631622E+01   0.367623E+01   0.202895E+01   0.111483E+01   0.423572E+00   0.229805E+00   0.967200E-01   0.409340E-01   0.162493E-01   0.613623E-02   0.221298E-02   0.757759E-03   0.247665E-03   0.106482E-03
 0.000000E+00   0.470361E-12   0.185154E-11   0.698198E-11   0.252203E-10   0.872681E-10   0.289272E-09   0.918494E-09   0.279377E-08   0.814026E-08   0.000000E+00   0.000000E+00   0.000000E+00   0.000000E+00   0.879497E-08   0.170273E-07   0.236266E-07   0.574753E-07   0.192551E-06   0.486825E-06   0.129861E-05   0.449969E-05   0.162478E-04   0.369076E-04   0.132595E-03   0.658475E-04   0.970689E-05   0.658155E-05   0.670420E-05   0.765334E-05   0.920552E-05   0.114044E-04   0.143943E-04   0.183982E-04   0.237261E-04   0.307975E-04   0.401755E-04   0.526151E-04   0.691189E-04   0.910366E-04   0.120286E-03   0.159462E-03   0.212168E-03   0.283778E-03   0.380430E-03   0.512010E-03   0.692402E-03   0.943661E-03   0.130340E-02   0.183322E-02   0.261613E-02   0.372805E-02   0.521600E-02   0.706457E-02   0.946135E-02   0.129910E-01   0.188605E-01   0.295552E-01   0.309323E-01   0.000000E+00   0.000000E+00   0.000000E+00   0.000000E+00   0.000000E+00   0.000000E+00   0.307397E-03   0.429597E+00   0.653280E+00   0.977295E+00   0.140311E+01   0.193131E+01   0.252077E+01   0.307768E+01   0.345705E+01   0.350080E+01   0.310347E+01   0.235380E+01   0.156161E+01   0.497094E+00   0.000000E+00   0.000000E+00   0.000000E+00   0.000000E+00   0.231010E-07   0.219455E-07   0.331301E-08   0.000000E+00   0.000000E+00   0.000000E+00   0.000000E+00   0.582287E-08   0.000000E+00   0.484053E-06   0.579294E-03   0.451741E-02   0.240196E-01   0.995106E-01   0.250540E+00   0.688190E+00   0.198442E+01   0.438562E+01   0.852380E+01   0.146043E+02   0.222616E+02   0.304439E+02   0.376335E+02   0.423224E+02   0.435506E+02   0.412123E+02   0.360279E+02   0.292122E+02   0.220446E+02   0.155316E+02   0.102456E+02   0.634241E+01   0.369270E+01   0.203794E+01   0.112213E+01   0.424681E+00   0.231288E+00   0.971974E-01   0.411775E-01   0.163417E-01   0.617262E-02   0.222604E-02   0.762298E-03   0.249167E-03   0.107108E-03
 0.000000E+00   0.470361E-12   0.185154E-11   0.698198E-11   0.252203E-10   0.872681E-10   0.289272E-09   0.918494E-09   0.279377E-08   0.814026E-08   0.000000E+00   0.000000E+00   0.000000E+00   0.000000E+00   0.879497E-08   0.170276E-07   0.236261E-07   0.574751E-07   0.192551E-06   0.486823E-06   0.129860E-05   0.449967E-05   0.162477E-04   0.369073E-04   0.134948E-03   0.938175E-04   0.137896E-04   0.745503E-05   0.728224E-05   0.817787E-05   0.975024E-05   0.120130E-04   0.151062E-04   0.192584E-04   0.247925E-04   0.321496E-04   0.419272E-04   0.549332E-04   0.722519E-04   0.953330E-04   0.126246E-03   0.167761E-03   0.223678E-03   0.299671E-03   0.402478E-03   0.543752E-03   0.741411E-03   0.102417E-02   0.143498E-02   0.202827E-02   0.285601E-02   0.395167E-02   0.535753E-02   0.715735E-02   0.970455E-02   0.136779E-01   0.209774E-01   0.303386E-01   0.264399E-01   0.000000E+00   0.000000E+00   0.000000E+00   0.000000E+00   0.000000E+00   0.000000E+00   0.309374E-03   0.441305E+00   0.666899E+00   0.991584E+00   0.141509E+01   0.193633E+01   0.251262E+01   0.305002E+01   0.340640E+01   0.342960E+01   0.302175E+01   0.228201E+01   0.151041E+01   0.445949E+00   0.000000E+00   0.000000E+00   0.000000E+00   0.000000E+00   0.231010E-07   0.219455E-07   0.331301E-08   0.000000E+00   0.000000E+00   0.000000E+00   0.000000E+00   0.582287E-08   0.000000E+00   0.484034E-06   0.578972E-03   0.450911E-02   0.239568E-01   0.992160E-01   0.250531E+00   0.684052E+00   0.197818E+01   0.437282E+01   0.850333E+01   0.145771E+02   0.222327E+02   0.304219E+02   0.376278E+02   0.423399E+02   0.435926E+02   0.412739E+02   0.361001E+02   0.292848E+02   0.221094E+02   0.155839E+02   0.102841E+02   0.636861E+01   0.370918E+01   0.204696E+01   0.112942E+01   0.425804E+00   0.232769E+00   0.976753E-01   0.414217E-01   0.164341E-01   0.620911E-02   0.223913E-02   0.766851E-03   0.250673E-03   0.107736E-03
 0.000000E+00   0.470361E-12   0.185154E-11   0.698198E-11   0.252203E-10   0.872681E-10   0.289272E-09   0.918494E-09   0.279377E-08   0.814026E-08   0.000000E+00   0.000000E+00   0.000000E+00   0.000000E+00   0.879497E-08   0.170280E-07   0.236257E-07   0.574749E-07   0.192550E-06   0.486820E-06   0.129860E-05   0.449964E-05   0.162476E-04   0.369070E-04   0.135273E-03   0.123397E-03   0.207803E-04   0.836922E-05   0.783763E-05   0.867998E-05   0.102830E-04   0.126281E-04   0.158546E-04   0.202018E-04   0.260123E-04   0.337560E-04   0.440705E-04   0.578168E-04   0.761496E-04   0.100596E-03   0.133355E-03   0.177410E-03   0.236993E-03   0.318728E-03   0.431116E-03   0.588764E-03   0.812891E-03   0.113284E-02   0.158412E-02   0.220226E-02   0.301687E-02   0.405895E-02   0.543004E-02   0.730984E-02   0.101107E-01   0.150317E-01   0.225724E-01   0.299514E-01   0.226996E-01   0.000000E+00   0.000000E+00   0.000000E+00   0.000000E+00   0.000000E+00   0.000000E+00   0.310917E-03   0.452979E+00   0.680316E+00   0.100543E+01   0.142635E+01   0.194036E+01   0.250333E+01   0.302133E+01   0.335522E+01   0.335858E+01   0.294123E+01   0.221208E+01   0.146005E+01   0.397229E+00   0.000000E+00   0.000000E+00   0.000000E+00   0.000000E+00   0.231010E-07   0.219455E-07   0.331301E-08   0.000000E+00   0.000000E+00   0.000000E+00   0.000000E+00   0.582287E-08   0.000000E+00   0.484009E-06   0.578739E-03   0.450134E-02   0.238963E-01   0.989295E-01   0.250515E+00   0.679960E+00   0.197200E+01   0.436011E+01   0.848299E+01   0.145501E+02   0.222040E+02   0.303999E+02   0.376220E+02   0.423572E+02   0.436343E+02   0.413352E+02   0.361719E+02   0.293573E+02   0.221742E+02   0.156361E+02   0.103227E+02   0.639481E+01   0.372568E+01   0.205601E+01   0.113670E+01   0.426941E+00   0.234248E+00   0.981537E-01   0.416666E-01   0.165267E-01   0.624570E-02   0.225225E-02   0.771415E-03   0.252181E-03   0.108366E-03
 0.000000E+00   0.470361E-12   0.185154E-11   0.698198E-11   0.252203E-10   0.872681E-10   0.289272E-09   0.918494E-09   0.279377E-08   0.814026E-08   0.000000E+00   0.000000E+00   0.000000E+00   0.000000E+00   0.879497E-08   0.170284E-07   0.236252E-07   0.574747E-07   0.192549E-06   0.486818E-06   0.129859E-05   0.449961E-05   0.162475E-04   0.369067E-04   0.135271E-03   0.151574E-03   0.319620E-04   0.934719E-05   0.843222E-05   0.924107E-05   0.109008E-04   0.133607E-04   0.167602E-04   0.213500E-04   0.274920E-04   0.356839E-04   0.466030E-04   0.611706E-04   0.806397E-04   0.106692E-03   0.141833E-03   0.189570E-03   0.255018E-03   0.346145E-03   0.472910E-03   0.650838E-03   0.899653E-03   0.124272E-02   0.170484E-02   0.231063E-02   0.309113E-02   0.411488E-02   0.553448E-02   0.756888E-02   0.109668E-01   0.165355E-01   0.229137E-01   0.298075E-01   0.191497E-01   0.000000E+00   0.000000E+00   0.000000E+00   0.000000E+00   0.000000E+00   0.000000E+00   0.312017E-03   0.464607E+00   0.693518E+00   0.101883E+01   0.143688E+01   0.194341E+01   0.249292E+01   0.299165E+01   0.330355E+01   0.328779E+01   0.286194E+01   0.214403E+01   0.141035E+01   0.350991E+00   0.000000E+00   0.000000E+00   0.000000E+00   0.000000E+00   0.231010E-07   0.219455E-07   0.331301E-08   0.000000E+00   0.000000E+00   0.000000E+00   0.000000E+00   0.582287E-08   0.000000E+00   0.483977E-06   0.578595E-03   0.449410E-02   0.238382E-01   0.986512E-01   0.250493E+00   0.675914E+00   0.196588E+01   0.434750E+01   0.846279E+01   0.145231E+02   0.221753E+02   0.303779E+02   0.376161E+02   0.423742E+02   0.436756E+02   0.413961E+02   0.362435E+02   0.294295E+02   0.222388E+02   0.156883E+02   0.103612E+02   0.642101E+01   0.374218E+01   0.206508E+01   0.114397E+01   0.428093E+00   0.235723E+00   0.986327E-01   0.419121E-01   0.166194E-01   0.628238E-02   0.226539E-02   0.775991E-03   0.253693E-03   0.108999E-03
 0.000000E+00   0.470361E-12   0.185154E-11   0.698198E-11   0.252203E-10   0.872681E-10   0.289272E-09   0.918494E-09   0.279377E-08   0.814026E-08   0.000000E+00   0.000000E+00   0.000000E+00   0.000000E+00   0.879497E-08   0.170288E-07   0.236247E-07   0.574745E-07   0.192548E-06   0.486816E-06   0.129858E-05   0.449958E-05   0.162474E-04   0.369064E-04   0.135270E-03   0.177405E-03   0.481473E-04   0.104496E-04   0.910334E-05   0.988231E-05   0.116097E-04   0.142008E-04   0.177966E-04   0.226641E-04   0.291943E-04   0.379325E-04   0.496311E-04   0.653326E-04   0.864839E-04   0.115052E-03   0.153981E-03   0.207353E-03   0.280919E-03   0.383120E-03   0.523489E-03   0.715736E-03   0.975667E-03   0.132108E-02   0.177218E-02   0.235815E-02   0.313395E-02   0.419144E-02   0.571411E-02   0.813575E-02   0.121400E-01   0.173047E-01   0.226657E-01   0.306518E-01   0.151072E-01   0.000000E+00   0.000000E+00   0.000000E+00   0.000000E+00   0.000000E+00   0.000000E+00   0.312693E-03   0.476121E+00   0.707384E+00   0.103079E+01   0.144668E+01   0.194547E+01   0.248142E+01   0.296104E+01   0.325146E+01   0.321728E+01   0.278391E+01   0.207784E+01   0.136116E+01   0.307298E+00   0.000000E+00   0.000000E+00   0.000000E+00   0.000000E+00   0.231010E-07   0.219455E-07   0.331301E-08   0.000000E+00   0.000000E+00   0.000000E+00   0.000000E+00   0.582287E-08   0.000000E+00   0.483939E-06   0.578542E-03   0.448739E-02   0.237826E-01   0.983810E-01   0.250465E+00   0.671912E+00   0.195981E+01   0.433500E+01   0.844272E+01   0.144964E+02   0.221467E+02   0.303558E+02   0.376100E+02   0.423910E+02   0.437166E+02   0.414567E+02   0.363149E+02   0.295015E+02   0.223032E+02   0.157404E+02   0.103997E+02   0.644721E+01   0.375869E+01   0.207417E+01   0.115122E+01   0.429260E+00   0.237195E+00   0.991124E-01   0.421582E-01   0.167121E-01   0.631915E-02   0.227857E-02   0.780580E-03   0.255208E-03   0.109633E-03
 0.000000E+00   0.470361E-12   0.185154E-11   0.698198E-11   0.252203E-10   0.872681E-10   0.289272E-09   0.918494E-09   0.279377E-08   0.814026E-08   0.000000E+00   0.000000E+00   0.000000E+00   0.000000E+00   0.879497E-08   0.170292E-07   0.236242E-07   0.574743E-07   0.192548E-06   0.486813E-06   0.129858E-05   0.449956E-05   0.162473E-04   0.369061E-04   0.135269E-03   0.200664E-03   0.698674E-04   0.117036E-04   0.985673E-05   0.106184E-04   0.124456E-04   0.152209E-04   0.190967E-04   0.243711E-04   0.314863E-04   0.410636E-04   0.539659E-04   0.713883E-04   0.949774E-04   0.126937E-03   0.170446E-03   0.229733E-03   0.310425E-03   0.420379E-03   0.567639E-03   0.763745E-03   0.102192E-02   0.135917E-02   0.180154E-02   0.239168E-02   0.319353E-02   0.432687E-02   0.611716E-02   0.900639E-02   0.129767E-01   0.173158E-01   0.227026E-01   0.326836E-01   0.933096E-02   0.000000E+00   0.000000E+00   0.000000E+00   0.000000E+00   0.000000E+00   0.000000E+00   0.334853E-02   0.487488E+00   0.721234E+00   0.104211E+01   0.145575E+01   0.194657E+01   0.246885E+01   0.292953E+01   0.319897E+01   0.314707E+01   0.270715E+01   0.201349E+01   0.131229E+01   0.266188E+00   0.000000E+00   0.000000E+00   0.000000E+00   0.000000E+00   0.231010E-07   0.219455E-07   0.331301E-08   0.000000E+00   0.000000E+00   0.000000E+00   0.000000E+00   0.582287E-08   0.000000E+00   0.488165E-06   0.578533E-03   0.448128E-02   0.237294E-01   0.981193E-01   0.250430E+00   0.667964E+00   0.195381E+01   0.432261E+01   0.842281E+01   0.144697E+02   0.221182E+02   0.303338E+02   0.376038E+02   0.424074E+02   0.437572E+02   0.415170E+02   0.363858E+02   0.295732E+02   0.223675E+02   0.157925E+02   0.104382E+02   0.647339E+01   0.377520E+01   0.208328E+01   0.115846E+01   0.430441E+00   0.238663E+00   0.995929E-01   0.424049E-01   0.168049E-01   0.635600E-02   0.229176E-02   0.785179E-03   0.256726E-03   0.110270E-03
 0.000000E+00   0.470361E-12   0.185154E-11   0.698198E-11   0.252203E-10   0.872681E-10   0.289272E-09   0.918494E-09   0.279377E-08   0.814026E-08   0.000000E+00   0.000000E+00   0.000000E+00   0.000000E+00   0.879497E-08   0.170296E-07   0.236237E-07   0.574741E-07   0.192547E-06   0.486811E-06   0.129857E-05   0.449953E-05   0.162472E-04   0.369058E-04   0.135268E-03   0.221829E-03   0.972020E-04   0.131559E-04   0.108067E-04   0.116035E-04   0.136064E-04   0.166698E-04   0.209637E-04   0.268233E-04   0.347437E-04   0.454152E-04   0.597830E-04   0.791304E-04   0.105181E-03   0.140171E-03   0.187199E-03   0.250257E-03   0.334463E-03   0.446874E-03   0.594399E-03   0.787962E-03   0.104210E-02   0.137855E-02   0.182913E-02   0.244071E-02   0.330562E-02   0.463567E-02   0.676609E-02   0.973950E-02   0.131964E-01   0.170398E-01   0.248368E-01   0.222508E-01   0.000000E+00   0.000000E+00   0.000000E+00   0.000000E+00   0.000000E+00   0.000000E+00   0.000000E+00   0.596032E-01   0.499028E+00   0.735112E+00   0.105334E+01   0.146448E+01   0.194706E+01   0.245540E+01   0.289696E+01   0.314542E+01   0.307591E+01   0.262999E+01   0.194937E+01   0.126206E+01   0.226443E+00   0.000000E+00   0.000000E+00   0.000000E+00   0.000000E+00   0.231010E-07   0.219455E-07   0.331301E-08   0.000000E+00   0.000000E+00   0.000000E+00   0.000000E+00   0.582287E-08   0.000000E+00   0.502637E-06   0.578507E-03   0.447584E-02   0.236788E-01   0.978662E-01   0.250391E+00   0.664618E+00   0.194842E+01   0.431129E+01   0.840432E+01   0.144446E+02   0.220909E+02   0.303120E+02   0.375966E+02   0.424217E+02   0.437946E+02   0.415734E+02   0.364531E+02   0.296417E+02   0.224292E+02   0.158426E+02   0.104754E+02   0.649881E+01   0.379127E+01   0.209218E+01   0.116549E+01   0.431645E+00   0.240126E+00   0.100074E+00   0.426521E-01   0.168978E-01   0.639294E-02   0.230498E-02   0.789790E-03   0.258247E-03   0.110909E-03
 0.000000E+00   0.470361E-12   0.185154E-11   0.698198E-11   0.252203E-10   0.872681E-10   0.289272E-09   0.918494E-09   0.279377E-08   0.814026E-08   0.000000E+00   0.000000E+00   0.000000E+00   0.000000E+00   0.879497E-08   0.170300E-07   0.236231E-07   0.574739E-07   0.192546E-06   0.486809E-06   0.129856E-05   0.449949E-05   0.162470E-04   0.369055E-04   0.135266E-03   0.241440E-03   0.130439E-03   0.151806E-04   0.121456E-04   0.129645E-04   0.151656E-04   0.185522E-04   0.232981E-04   0.297581E-04   0.384535E-04   0.501010E-04   0.656641E-04   0.864247E-04   0.114066E-03   0.150727E-03   0.199287E-03   0.263450E-03   0.347981E-03   0.459762E-03   0.606128E-03   0.799641E-03   0.105720E-02   0.140245E-02   0.187261E-02   0.254217E-02   0.356010E-02   0.512858E-02   0.735268E-02   0.100298E-01   0.129322E-01   0.181782E-01   0.237268E-01   0.601838E-02   0.000000E+00   0.000000E+00   0.000000E+00   0.000000E+00   0.000000E+00   0.000000E+00   0.000000E+00   0.116095E+00   0.510756E+00   0.748780E+00   0.106442E+01   0.147274E+01   0.194682E+01   0.244101E+01   0.286341E+01   0.309105E+01   0.300426E+01   0.255304E+01   0.188606E+01   0.121073E+01   0.188765E+00   0.000000E+00   0.000000E+00   0.000000E+00   0.000000E+00   0.231010E-07   0.219455E-07   0.331301E-08   0.000000E+00   0.000000E+00   0.000000E+00   0.000000E+00   0.582287E-08   0.000000E+00   0.527645E-06   0.578461E-03   0.447109E-02   0.236307E-01   0.976219E-01   0.250346E+00   0.661723E+00   0.194350E+01   0.430079E+01   0.838693E+01   0.144208E+02   0.220645E+02   0.302906E+02   0.375889E+02   0.424344E+02   0.438297E+02   0.416272E+02   0.365176E+02   0.297077E+02   0.224890E+02   0.158914E+02   0.105117E+02   0.652367E+01   0.380702E+01   0.210094E+01   0.117234E+01   0.432875E+00   0.241584E+00   0.100556E+00   0.428997E-01   0.169907E-01   0.642996E-02   0.231822E-02   0.794411E-03   0.259771E-03   0.111550E-03
 0.000000E+00   0.470361E-12   0.185154E-11   0.698198E-11   0.252203E-10   0.872681E-10   0.289272E-09   0.918494E-09   0.279377E-08   0.814026E-08   0.000000E+00   0.000000E+00   0.000000E+00   0.000000E+00   0.879497E-08   0.170305E-07   0.236226E-07   0.574737E-07   0.192545E-06   0.486806E-06   0.129855E-05   0.449946E-05   0.162469E-04   0.369051E-04   0.135265E-03   0.258010E-03   0.171506E-03   0.185757E-04   0.139073E-04   0.145538E-04   0.168434E-04   0.204451E-04   0.255032E-04   0.323653E-04   0.415482E-04   0.537579E-04   0.699342E-04   0.913136E-04   0.119511E-03   0.156584E-03   0.205316E-03   0.269455E-03   0.354026E-03   0.466518E-03   0.615072E-03   0.813072E-03   0.107924E-02   0.144540E-02   0.197179E-02   0.276227E-02   0.394182E-02   0.557493E-02   0.762019E-02   0.984424E-02   0.134244E-01   0.193909E-01   0.131849E-01   0.000000E+00   0.000000E+00   0.000000E+00   0.000000E+00   0.000000E+00   0.000000E+00   0.000000E+00   0.000000E+00   0.172525E+00   0.522590E+00   0.761979E+00   0.107516E+01   0.148028E+01   0.194562E+01   0.242557E+01   0.282896E+01   0.303623E+01   0.293280E+01   0.247722E+01   0.182445E+01   0.115891E+01   0.154037E+00   0.000000E+00   0.000000E+00   0.000000E+00   0.000000E+00   0.231010E-07   0.219455E-07   0.331301E-08   0.000000E+00   0.000000E+00   0.000000E+00   0.000000E+00   0.582287E-08   0.000000E+00   0.563621E-06   0.578395E-03   0.446704E-02   0.235854E-01   0.973866E-01   0.250296E+00   0.658977E+00   0.193874E+01   0.429058E+01   0.836993E+01   0.143973E+02   0.220385E+02   0.302693E+02   0.375809E+02   0.424464E+02   0.438638E+02   0.416799E+02   0.365811E+02   0.297729E+02   0.225481E+02   0.159397E+02   0.105477E+02   0.654836E+01   0.382268E+01   0.210967E+01   0.117913E+01   0.434128E+00   0.243036E+00   0.101039E+00   0.431477E-01   0.170836E-01   0.646706E-02   0.233148E-02   0.799042E-03   0.261297E-03   0.112193E-03
 0.000000E+00   0.470361E-12   0.185154E-11   0.698198E-11   0.252203E-10   0.872681E-10   0.289272E-09   0.918494E-09   0.279377E-08   0.814026E-08   0.000000E+00   0.000000E+00   0.000000E+00   0.000000E+00   0.879497E-08   0.170309E-07   0.236220E-07   0.574734E-07   0.192544E-06   0.486803E-06   0.129854E-05   0.449943E-05   0.162468E-04   0.369048E-04   0.135264E-03   0.268642E-03   0.222212E-03   0.246468E-04   0.159499E-04   0.160720E-04   0.182615E-04   0.219004E-04   0.270640E-04   0.340720E-04   0.434230E-04   0.558069E-04   0.721488E-04   0.936798E-04   0.122034E-03   0.159346E-03   0.208510E-03   0.273512E-03   0.359648E-03   0.474792E-03   0.628046E-03   0.836137E-03   0.112660E-02   0.154641E-02   0.216495E-02   0.305695E-02   0.426974E-02   0.577596E-02   0.748798E-02   0.100528E-01   0.147792E-01   0.151596E-01   0.233239E-02   0.000000E+00   0.000000E+00   0.000000E+00   0.000000E+00   0.000000E+00   0.000000E+00   0.000000E+00   0.000000E+00   0.228834E+00   0.534507E+00   0.774647E+00   0.108552E+01   0.148706E+01   0.194345E+01   0.240908E+01   0.279368E+01   0.298106E+01   0.286173E+01   0.240275E+01   0.176466E+01   0.110660E+01   0.122506E+00   0.000000E+00   0.000000E+00   0.000000E+00   0.000000E+00   0.231010E-07   0.219455E-07   0.331301E-08   0.000000E+00   0.000000E+00   0.000000E+00   0.000000E+00   0.582287E-08   0.000000E+00   0.611074E-06   0.578308E-03   0.446372E-02   0.235427E-01   0.971603E-01   0.250242E+00   0.656324E+00   0.193409E+01   0.428056E+01   0.835320E+01   0.143741E+02   0.220127E+02   0.302480E+02   0.375727E+02   0.424581E+02   0.438974E+02   0.417319E+02   0.366439E+02   0.298376E+02   0.226069E+02   0.159877E+02   0.105835E+02   0.657296E+01   0.383830E+01   0.211838E+01   0.118588E+01   0.435403E+00   0.244482E+00   0.101524E+00   0.433961E-01   0.171766E-01   0.650423E-02   0.234476E-02   0.803683E-03   0.262826E-03   0.112837E-03
 0.000000E+00   0.470361E-12   0.185154E-11   0.698198E-11   0.252203E-10   0.872681E-10   0.289272E-09   0.918494E-09   0.279377E-08   0.814026E-08   0.000000E+00   0.000000E+00   0.000000E+00   0.000000E+00   0.879497E-08   0.170314E-07   0.236215E-07   0.574732E-07   0.192543E-06   0.486801E-06   0.129854E-05   0.449940E-05   0.162466E-04   0.369044E-04   0.135262E-03   0.272923E-03   0.279332E-03   0.360358E-04   0.181221E-04   0.173193E-04   0.192567E-04   0.228120E-04   0.279620E-04   0.349982E-04   0.444137E-04   0.569071E-04   0.734264E-04   0.952423E-04   0.124049E-03   0.162072E-03   0.212313E-03   0.279037E-03   0.368234E-03   0.489569E-03   0.655991E-03   0.890760E-03   0.122790E-02   0.171118E-02   0.238592E-02   0.328553E-02   0.439279E-02   0.566720E-02   0.760476E-02   0.111211E-01   0.133453E-01   0.608844E-02   0.000000E+00   0.000000E+00   0.000000E+00   0.000000E+00   0.000000E+00   0.000000E+00   0.000000E+00   0.000000E+00   0.352662E-04   0.282352E+00   0.546465E+00   0.786774E+00   0.109550E+01   0.149306E+01   0.194030E+01   0.239157E+01   0.275761E+01   0.292563E+01   0.279114E+01   0.232972E+01   0.170672E+01   0.105366E+01   0.943238E-01   0.000000E+00   0.000000E+00   0.000000E+00   0.000000E+00   0.231010E-07   0.219455E-07   0.331301E-08   0.000000E+00   0.000000E+00   0.000000E+00   0.000000E+00   0.582287E-08   0.000000E+00   0.670571E-06   0.578200E-03   0.446113E-02   0.235028E-01   0.969434E-01   0.250183E+00   0.653739E+00   0.192952E+01   0.427069E+01   0.833667E+01   0.143511E+02   0.219871E+02   0.302268E+02   0.375643E+02   0.424694E+02   0.439305E+02   0.417835E+02   0.367063E+02   0.299018E+02   0.226653E+02   0.160355E+02   0.106192E+02   0.659749E+01   0.385389E+01   0.212710E+01   0.119261E+01   0.436698E+00   0.245921E+00   0.102009E+00   0.436447E-01   0.172696E-01   0.654146E-02   0.235806E-02   0.808334E-03   0.264357E-03   0.113484E-03
 0.000000E+00   0.470361E-12   0.185154E-11   0.698198E-11   0.252203E-10   0.872681E-10   0.289272E-09   0.918494E-09   0.279377E-08   0.814026E-08   0.000000E+00   0.000000E+00   0.000000E+00   0.000000E+00   0.879497E-08   0.170318E-07   0.236209E-07   0.574730E-07   0.192542E-06   0.486798E-06   0.129853E-05   0.449937E-05   0.162465E-04   0.369041E-04   0.135261E-03   0.273667E-03   0.334648E-03   0.568378E-04   0.203214E-04   0.183253E-04   0.199958E-04   0.234817E-04   0.286489E-04   0.357656E-04   0.453272E-04   0.580483E-04   0.749088E-04   0.972387E-04   0.126851E-03   0.166225E-03   0.218873E-03   0.290109E-03   0.387780E-03   0.524366E-03   0.715546E-03   0.984622E-03   0.135889E-02   0.186740E-02   0.253017E-02   0.333485E-02   0.429743E-02   0.577652E-02   0.841755E-02   0.106756E-01   0.800283E-02   0.274289E-02   0.000000E+00   0.000000E+00   0.000000E+00   0.000000E+00   0.000000E+00   0.000000E+00   0.000000E+00   0.000000E+00   0.791166E-04   0.324773E+00   0.558354E+00   0.798320E+00   0.110498E+01   0.149821E+01   0.193613E+01   0.237306E+01   0.272087E+01   0.287015E+01   0.272137E+01   0.225850E+01   0.165089E+01   0.100032E+01   0.697652E-01   0.000000E+00   0.000000E+00   0.000000E+00   0.000000E+00   0.231010E-07   0.219455E-07   0.331301E-08   0.000000E+00   0.000000E+00   0.000000E+00   0.000000E+00   0.582287E-08   0.000000E+00   0.742761E-06   0.578070E-03   0.445930E-02   0.234657E-01   0.967359E-01   0.250121E+00   0.651094E+00   0.192491E+01   0.426076E+01   0.832005E+01   0.143281E+02   0.219613E+02   0.302055E+02   0.375560E+02   0.424808E+02   0.439637E+02   0.418352E+02   0.367689E+02   0.299663E+02   0.227240E+02   0.160836E+02   0.106551E+02   0.662215E+01   0.386955E+01   0.213588E+01   0.119935E+01   0.438013E+00   0.247353E+00   0.102495E+00   0.438936E-01   0.173627E-01   0.657877E-02   0.237137E-02   0.812993E-03   0.265891E-03   0.114132E-03
 0.000000E+00   0.470361E-12   0.185154E-11   0.698198E-11   0.252203E-10   0.872681E-10   0.289272E-09   0.918494E-09   0.279377E-08   0.814026E-08   0.000000E+00   0.000000E+00   0.000000E+00   0.000000E+00   0.879497E-08   0.170323E-07   0.236203E-07   0.574727E-07   0.192541E-06   0.486795E-06   0.129852E-05   0.449933E-05   0.162464E-04   0.369037E-04   0.135259E-03   0.273664E-03   0.382275E-03   0.895068E-04   0.224813E-04   0.192383E-04   0.207053E-04   0.241809E-04   0.294323E-04   0.367200E-04   0.465668E-04   0.597502E-04   0.773676E-04   0.100959E-03   0.132700E-03   0.175657E-03   0.234199E-03   0.314735E-03   0.426051E-03   0.580660E-03   0.791991E-03   0.107848E-02   0.145798E-02   0.193949E-02   0.252173E-02   0.326251E-02   0.443807E-02   0.641091E-02   0.826120E-02   0.695517E-02   0.662201E-02   0.169962E-02   0.000000E+00   0.000000E+00   0.000000E+00   0.000000E+00   0.000000E+00   0.000000E+00   0.000000E+00   0.000000E+00   0.109760E-03   0.357497E+00   0.570083E+00   0.809293E+00   0.111391E+01   0.150247E+01   0.193093E+01   0.235358E+01   0.268355E+01   0.281477E+01   0.265261E+01   0.218927E+01   0.159722E+01   0.946605E+00   0.489271E-01   0.000000E+00   0.000000E+00   0.000000E+00   0.000000E+00   0.231010E-07   0.219455E-07   0.331301E-08   0.000000E+00   0.000000E+00   0.000000E+00   0.000000E+00   0.582287E-08   0.000000E+00   0.828411E-06   0.577917E-03   0.445825E-02   0.234315E-01   0.965380E-01   0.250055E+00   0.648326E+00   0.192018E+01   0.425064E+01   0.830318E+01   0.143047E+02   0.219354E+02   0.301840E+02   0.375478E+02   0.424924E+02   0.439975E+02   0.418876E+02   0.368322E+02   0.300315E+02   0.227832E+02   0.161321E+02   0.106913E+02   0.664700E+01   0.388534E+01   0.214473E+01   0.120613E+01   0.439345E+00   0.248777E+00   0.102983E+00   0.441426E-01   0.174558E-01   0.661613E-02   0.238470E-02   0.817661E-03   0.267427E-03   0.114783E-03
 0.000000E+00   0.470361E-12   0.185154E-11   0.698198E-11   0.252203E-10   0.872681E-10   0.289272E-09   0.918494E-09   0.279377E-08   0.814026E-08   0.000000E+00   0.000000E+00   0.000000E+00   0.000000E+00   0.879497E-08   0.170328E-07   0.236197E-07   0.574725E-07   0.192540E-06   0.486792E-06   0.129851E-05   0.449930E-05   0.162462E-04   0.369033E-04   0.135258E-03   0.273660E-03   0.422654E-03   0.132983E-03   0.244786E-04   0.201679E-04   0.215722E-04   0.251912E-04   0.307402E-04   0.385182E-04   0.491341E-04   0.635037E-04   0.829284E-04   0.109228E-03   0.144920E-03   0.193424E-03   0.259306E-03   0.348850E-03   0.470093E-03   0.633853E-03   0.849518E-03   0.112712E-02   0.147238E-02   0.190140E-02   0.249278E-02   0.344999E-02   0.493414E-02   0.626251E-02   0.547274E-02   0.575878E-02   0.807992E-02   0.000000E+00   0.000000E+00   0.000000E+00   0.000000E+00   0.000000E+00   0.000000E+00   0.000000E+00   0.000000E+00   0.000000E+00   0.129287E-03   0.382779E+00   0.581601E+00   0.819746E+00   0.112230E+01   0.150588E+01   0.192474E+01   0.233319E+01   0.264572E+01   0.275951E+01   0.258486E+01   0.212197E+01   0.154556E+01   0.892362E+00   0.317822E-01   0.000000E+00   0.000000E+00   0.000000E+00   0.000000E+00   0.231010E-07   0.219455E-07   0.331301E-08   0.000000E+00   0.000000E+00   0.000000E+00   0.000000E+00   0.582287E-08   0.000000E+00   0.928394E-06   0.577740E-03   0.445796E-02   0.234002E-01   0.963499E-01   0.249986E+00   0.645451E+00   0.191537E+01   0.424037E+01   0.828611E+01   0.142812E+02   0.219092E+02   0.301625E+02   0.375395E+02   0.425044E+02   0.440316E+02   0.419404E+02   0.368961E+02   0.300971E+02   0.228428E+02   0.161809E+02   0.107278E+02   0.667204E+01   0.390125E+01   0.215366E+01   0.121296E+01   0.440692E+00   0.250193E+00   0.103471E+00   0.443917E-01   0.175489E-01   0.665355E-02   0.239805E-02   0.822337E-03   0.268965E-03   0.115434E-03
 0.000000E+00   0.470361E-12   0.185154E-11   0.698198E-11   0.252203E-10   0.872681E-10   0.289272E-09   0.918494E-09   0.279377E-08   0.814026E-08   0.000000E+00   0.000000E+00   0.000000E+00   0.000000E+00   0.879497E-08   0.170333E-07   0.236190E-07   0.574722E-07   0.192539E-06   0.486789E-06   0.129850E-05   0.449926E-05   0.162461E-04   0.369030E-04   0.135256E-03   0.273657E-03   0.459856E-03   0.184324E-03   0.263529E-04   0.215465E-04   0.231590E-04   0.272067E-04   0.334052E-04   0.421094E-04   0.540104E-04   0.701234E-04   0.918531E-04   0.121103E-03   0.160417E-03   0.213131E-03   0.283428E-03   0.376765E-03   0.499228E-03   0.657847E-03   0.857059E-03   0.110815E-02   0.144141E-02   0.193529E-02   0.271745E-02   0.381089E-02   0.463618E-02   0.410614E-02   0.436312E-02   0.860556E-02   0.565079E-02   0.000000E+00   0.000000E+00   0.000000E+00   0.000000E+00   0.000000E+00   0.000000E+00   0.000000E+00   0.000000E+00   0.000000E+00   0.139939E-03   0.402557E+00   0.592813E+00   0.829670E+00   0.113006E+01   0.150839E+01   0.191756E+01   0.231195E+01   0.260749E+01   0.270457E+01   0.251831E+01   0.205909E+01   0.151383E+01   0.828728E+00   0.000000E+00   0.000000E+00   0.000000E+00   0.000000E+00   0.000000E+00   0.231010E-07   0.219455E-07   0.331301E-08   0.000000E+00   0.000000E+00   0.000000E+00   0.000000E+00   0.582287E-08   0.000000E+00   0.104366E-05   0.577620E-03   0.445783E-02   0.233725E-01   0.961718E-01   0.249914E+00   0.642375E+00   0.191037E+01   0.422978E+01   0.826862E+01   0.142571E+02   0.218826E+02   0.301408E+02   0.375315E+02   0.425168E+02   0.440666E+02   0.419944E+02   0.369611E+02   0.301639E+02   0.229034E+02   0.162304E+02   0.107647E+02   0.669740E+01   0.391735E+01   0.216271E+01   0.121986E+01   0.442051E+00   0.251601E+00   0.103961E+00   0.446409E-01   0.176420E-01   0.669103E-02   0.241140E-02   0.827021E-03   0.270505E-03   0.116088E-03
 0.000000E+00   0.470361E-12   0.185154E-11   0.698198E-11   0.252203E-10   0.872681E-10   0.289272E-09   0.918494E-09   0.279377E-08   0.814026E-08   0.000000E+00   0.000000E+00   0.000000E+00   0.000000E+00   0.879497E-08   0.170338E-07   0.236184E-07   0.574720E-07   0.192538E-06   0.486786E-06   0.129849E-05   0.449922E-05   0.162459E-04   0.369026E-04   0.135254E-03   0.273653E-03   0.497487E-03   0.241660E-03   0.293039E-04   0.239641E-04   0.257671E-04   0.302638E-04   0.371188E-04   0.466921E-04   0.596906E-04   0.771362E-04   0.100408E-03   0.131309E-03   0.172122E-03   0.225620E-03   0.294916E-03   0.383918E-03   0.497469E-03   0.644315E-03   0.839172E-03   0.111749E-02   0.153824E-02   0.216010E-02   0.290753E-02   0.329903E-02   0.295503E-02   0.335998E-02   0.608096E-02   0.131223E-01   0.000000E+00   0.000000E+00   0.000000E+00   0.000000E+00   0.000000E+00   0.000000E+00   0.000000E+00   0.000000E+00   0.000000E+00   0.000000E+00   0.144658E-03   0.418536E+00   0.603785E+00   0.839223E+00   0.113733E+01   0.151016E+01   0.190953E+01   0.228993E+01   0.256879E+01   0.264967E+01   0.245233E+01   0.199865E+01   0.146355E+01   0.762498E+00   0.000000E+00   0.000000E+00   0.000000E+00   0.000000E+00   0.000000E+00   0.231010E-07   0.219455E-07   0.331301E-08   0.000000E+00   0.000000E+00   0.000000E+00   0.000000E+00   0.582287E-08   0.000000E+00   0.117512E-05   0.577600E-03   0.445749E-02   0.233488E-01   0.960040E-01   0.249839E+00   0.639331E+00   0.190543E+01   0.421929E+01   0.825125E+01   0.142332E+02   0.218562E+02   0.301191E+02   0.375233E+02   0.425290E+02   0.441013E+02   0.420480E+02   0.370258E+02   0.302304E+02   0.229638E+02   0.162799E+02   0.108016E+02   0.672273E+01   0.393344E+01   0.217177E+01   0.122675E+01   0.443425E+00   0.253000E+00   0.104452E+00   0.448901E-01   0.177351E-01   0.672855E-02   0.242477E-02   0.831712E-03   0.272046E-03   0.116743E-03
 0.000000E+00   0.470361E-12   0.185154E-11   0.698198E-11   0.252203E-10   0.872681E-10   0.289272E-09   0.918494E-09   0.279377E-08   0.814026E-08   0.000000E+00   0.000000E+00   0.000000E+00   0.000000E+00   0.879497E-08   0.170343E-07   0.236177E-07   0.574717E-07   0.192537E-06   0.486783E-06   0.129848E-05   0.449918E-05   0.162458E-04   0.369022E-04   0.135253E-03   0.273649E-03   0.531779E-03   0.309335E-03   0.353613E-04   0.273357E-04   0.287660E-04   0.333406E-04   0.404582E-04   0.503829E-04   0.637372E-04   0.814180E-04   0.104599E-03   0.134768E-03   0.173812E-03   0.224203E-03   0.289367E-03   0.375098E-03   0.491550E-03   0.657164E-03   0.897522E-03   0.124508E-02   0.169874E-02   0.212139E-02   0.221945E-02   0.208031E-02   0.258770E-02   0.466493E-02   0.100748E-01   0.828784E-02   0.000000E+00   0.000000E+00   0.000000E+00   0.000000E+00   0.000000E+00   0.000000E+00   0.000000E+00   0.000000E+00   0.000000E+00   0.000000E+00   0.144868E-03   0.431944E+00   0.614489E+00   0.848427E+00   0.114411E+01   0.151119E+01   0.190067E+01   0.226715E+01   0.252966E+01   0.259489E+01   0.238707E+01   0.193948E+01   0.141529E+01   0.698421E+00   0.000000E+00   0.000000E+00   0.000000E+00   0.000000E+00   0.000000E+00   0.231010E-07   0.219455E-07   0.331301E-08   0.000000E+00   0.000000E+00   0.000000E+00   0.000000E+00   0.582287E-08   0.000000E+00   0.132376E-05   0.577683E-03   0.445694E-02   0.233293E-01   0.958466E-01   0.249762E+00   0.636317E+00   0.190053E+01   0.420889E+01   0.823402E+01   0.142095E+02   0.218298E+02   0.300975E+02   0.375151E+02   0.425410E+02   0.441357E+02   0.421013E+02   0.370901E+02   0.302966E+02   0.230241E+02   0.163292E+02   0.108384E+02   0.674806E+01   0.394954E+01   0.218085E+01   0.123364E+01   0.444812E+00   0.254389E+00   0.104945E+00   0.451392E-01   0.178282E-01   0.676611E-02   0.243815E-02   0.836410E-03   0.273589E-03   0.117399E-03
 0.000000E+00   0.470361E-12   0.185154E-11   0.698198E-11   0.252203E-10   0.872681E-10   0.289272E-09   0.918494E-09   0.279377E-08   0.814026E-08   0.000000E+00   0.000000E+00   0.000000E+00   0.000000E+00   0.879497E-08   0.170349E-07   0.236170E-07   0.574714E-07   0.192536E-06   0.486780E-06   0.129847E-05   0.449915E-05   0.162456E-04   0.369018E-04   0.135251E-03   0.273645E-03   0.553517E-03   0.393017E-03   0.475672E-04   0.312760E-04   0.312900E-04   0.352881E-04   0.419874E-04   0.514411E-04   0.641520E-04   0.809429E-04   0.103003E-03   0.132054E-03   0.170665E-03   0.222790E-03   0.294465E-03   0.394962E-03   0.537323E-03   0.736563E-03   0.991968E-03   0.125863E-02   0.142094E-02   0.141679E-02   0.148241E-02   0.201510E-02   0.385830E-02   0.767933E-02   0.732870E-02   0.340392E-03   0.000000E+00   0.000000E+00   0.000000E+00   0.000000E+00   0.000000E+00   0.000000E+00   0.000000E+00   0.000000E+00   0.000000E+00   0.000000E+00   0.474423E-01   0.443851E+00   0.625122E+00   0.857544E+00   0.115067E+01   0.151176E+01   0.189116E+01   0.224361E+01   0.248979E+01   0.253951E+01   0.232157E+01   0.188042E+01   0.136766E+01   0.635013E+00   0.000000E+00   0.000000E+00   0.000000E+00   0.000000E+00   0.000000E+00   0.231010E-07   0.219455E-07   0.331301E-08   0.000000E+00   0.000000E+00   0.000000E+00   0.000000E+00   0.582287E-08   0.000000E+00   0.149043E-05   0.577873E-03   0.445617E-02   0.233138E-01   0.956999E-01   0.249683E+00   0.633821E+00   0.189618E+01   0.419944E+01   0.821806E+01   0.141871E+02   0.218046E+02   0.300761E+02   0.375060E+02   0.425510E+02   0.441672E+02   0.421511E+02   0.371511E+02   0.303599E+02   0.230819E+02   0.163768E+02   0.108741E+02   0.677265E+01   0.396522E+01   0.218972E+01   0.124032E+01   0.446221E+00   0.255769E+00   0.105439E+00   0.453882E-01   0.179213E-01   0.680372E-02   0.245154E-02   0.841114E-03   0.275134E-03   0.118057E-03
 0.000000E+00   0.470361E-12   0.185154E-11   0.698198E-11   0.252203E-10   0.872681E-10   0.289272E-09   0.918494E-09   0.279377E-08   0.814026E-08   0.000000E+00   0.000000E+00   0.000000E+00   0.000000E+00   0.879497E-08   0.170354E-07   0.236164E-07   0.574711E-07   0.192535E-06   0.486777E-06   0.129846E-05   0.449911E-05   0.162454E-04   0.369013E-04   0.135249E-03   0.273641E-03   0.561032E-03   0.482723E-03   0.736249E-04   0.354055E-04   0.327164E-04   0.357753E-04   0.419680E-04   0.511697E-04   0.639722E-04   0.814720E-04   0.105347E-03   0.138052E-03   0.183094E-03   0.245229E-03   0.330073E-03   0.442057E-03   0.578691E-03   0.720639E-03   0.824671E-03   0.866921E-03   0.909965E-03   0.109608E-02   0.168966E-02   0.336501E-02   0.594469E-02   0.552622E-02   0.459936E-03   0.000000E+00   0.000000E+00   0.000000E+00   0.000000E+00   0.000000E+00   0.000000E+00   0.000000E+00   0.000000E+00   0.000000E+00   0.000000E+00   0.000000E+00   0.958468E-01   0.454883E+00   0.635664E+00   0.866561E+00   0.115696E+01   0.151182E+01   0.188097E+01   0.221933E+01   0.244923E+01   0.248365E+01   0.225610E+01   0.182161E+01   0.132061E+01   0.572675E+00   0.000000E+00   0.000000E+00   0.000000E+00   0.000000E+00   0.000000E+00   0.231010E-07   0.219455E-07   0.331301E-08   0.000000E+00   0.000000E+00   0.000000E+00   0.000000E+00   0.582287E-08   0.000000E+00   0.167570E-05   0.578170E-03   0.445519E-02   0.233026E-01   0.955637E-01   0.249601E+00   0.631809E+00   0.189235E+01   0.419089E+01   0.820333E+01   0.141661E+02   0.217804E+02   0.300552E+02   0.374964E+02   0.425594E+02   0.441960E+02   0.421979E+02   0.372089E+02   0.304203E+02   0.231375E+02   0.164227E+02   0.109087E+02   0.679656E+01   0.398050E+01   0.219840E+01   0.124681E+01   0.447655E+00   0.257140E+00   0.105934E+00   0.456370E-01   0.180143E-01   0.684135E-02   0.246493E-02   0.845823E-03   0.276680E-03   0.118717E-03
 0.000000E+00   0.470361E-12   0.185154E-11   0.698198E-11   0.252203E-10   0.872681E-10   0.289272E-09   0.918494E-09   0.279377E-08   0.814026E-08   0.000000E+00   0.000000E+00   0.000000E+00   0.000000E+00   0.879497E-08   0.170359E-07   0.236157E-07   0.574709E-07   0.192534E-06   0.486774E-06   0.129845E-05   0.449907E-05   0.162453E-04   0.369009E-04   0.135248E-03   0.273638E-03   0.562173E-03   0.559040E-03   0.122701E-03   0.400226E-04   0.347034E-04   0.377442E-04   0.446584E-04   0.552063E-04   0.700960E-04   0.905656E-04   0.118280E-03   0.155154E-03   0.202811E-03   0.261345E-03   0.327196E-03   0.391259E-03   0.442670E-03   0.481198E-03   0.529102E-03   0.634826E-03   0.895414E-03   0.157743E-02   0.300007E-02   0.452784E-02   0.373401E-02   0.238523E-03   0.000000E+00   0.000000E+00   0.000000E+00   0.000000E+00   0.000000E+00   0.000000E+00   0.000000E+00   0.000000E+00   0.000000E+00   0.000000E+00   0.000000E+00   0.000000E+00   0.144561E+00   0.465390E+00   0.645980E+00   0.875314E+00   0.116277E+01   0.151119E+01   0.186999E+01   0.219432E+01   0.240822E+01   0.242775E+01   0.219145E+01   0.176381E+01   0.127460E+01   0.512658E+00   0.000000E+00   0.000000E+00   0.000000E+00   0.000000E+00   0.000000E+00   0.231010E-07   0.219455E-07   0.331301E-08   0.000000E+00   0.000000E+00   0.000000E+00   0.000000E+00   0.582287E-08   0.000000E+00   0.188035E-05   0.578579E-03   0.445398E-02   0.232955E-01   0.954382E-01   0.249518E+00   0.629964E+00   0.188870E+01   0.418269E+01   0.818906E+01   0.141456E+02   0.217567E+02   0.300345E+02   0.374865E+02   0.425670E+02   0.442239E+02   0.422434E+02   0.372655E+02   0.304796E+02   0.231922E+02   0.164680E+02   0.109429E+02   0.682024E+01   0.399566E+01   0.220702E+01   0.125322E+01   0.449111E+00   0.258500E+00   0.106431E+00   0.458856E-01   0.181074E-01   0.687902E-02   0.247833E-02   0.850539E-03   0.278228E-03   0.119377E-03
 0.000000E+00   0.470361E-12   0.185154E-11   0.698198E-11   0.252203E-10   0.872681E-10   0.289272E-09   0.918494E-09   0.279377E-08   0.814026E-08   0.000000E+00   0.000000E+00   0.000000E+00   0.000000E+00   0.879497E-08   0.170365E-07   0.236150E-07   0.574706E-07   0.192533E-06   0.486770E-06   0.129844E-05   0.449903E-05   0.162451E-04   0.369005E-04   0.135246E-03   0.273634E-03   0.562187E-03   0.618646E-03   0.195744E-03   0.485345E-04   0.402571E-04   0.433221E-04   0.507748E-04   0.618327E-04   0.766061E-04   0.952889E-04   0.117742E-03   0.143137E-03   0.169851E-03   0.196103E-03   0.221824E-03   0.251120E-03   0.294108E-03   0.369987E-03   0.523217E-03   0.867070E-03   0.156672E-02   0.258500E-02   0.323916E-02   0.205558E-02   0.119578E-04   0.000000E+00   0.000000E+00   0.000000E+00   0.000000E+00   0.000000E+00   0.000000E+00   0.000000E+00   0.000000E+00   0.000000E+00   0.000000E+00   0.000000E+00   0.000000E+00   0.000000E+00   0.193247E+00   0.475646E+00   0.656055E+00   0.883774E+00   0.116806E+01   0.150984E+01   0.185821E+01   0.216861E+01   0.236683E+01   0.237193E+01   0.212783E+01   0.170720E+01   0.122951E+01   0.455292E+00   0.000000E+00   0.000000E+00   0.000000E+00   0.000000E+00   0.000000E+00   0.231010E-07   0.219455E-07   0.331301E-08   0.000000E+00   0.000000E+00   0.000000E+00   0.000000E+00   0.582287E-08   0.000000E+00   0.210521E-05   0.579103E-03   0.445254E-02   0.232926E-01   0.953233E-01   0.249434E+00   0.628219E+00   0.188518E+01   0.417471E+01   0.817510E+01   0.141254E+02   0.217332E+02   0.300138E+02   0.374765E+02   0.425742E+02   0.442510E+02   0.422881E+02   0.373213E+02   0.305383E+02   0.232464E+02   0.165130E+02   0.109768E+02   0.684378E+01   0.401074E+01   0.221562E+01   0.125959E+01   0.450587E+00   0.259850E+00   0.106929E+00   0.461340E-01   0.182004E-01   0.691672E-02   0.249174E-02   0.855260E-03   0.279777E-03   0.120039E-03
 0.000000E+00   0.470361E-12   0.185154E-11   0.698198E-11   0.252203E-10   0.872681E-10   0.289272E-09   0.918494E-09   0.279377E-08   0.814026E-08   0.000000E+00   0.000000E+00   0.000000E+00   0.000000E+00   0.879497E-08   0.170370E-07   0.236143E-07   0.574703E-07   0.192532E-06   0.486767E-06   0.129843E-05   0.449899E-05   0.162450E-04   0.369001E-04   0.135244E-03   0.273630E-03   0.562177E-03   0.649163E-03   0.293482E-03   0.723245E-04   0.482427E-04   0.461149E-04   0.492598E-04   0.549509E-04   0.623658E-04   0.712088E-04   0.815710E-04   0.941115E-04   0.110349E-03   0.133074E-03   0.167543E-03   0.225257E-03   0.333272E-03   0.544446E-03   0.923123E-03   0.147443E-02   0.200665E-02   0.199098E-02   0.710518E-03   0.000000E+00   0.000000E+00   0.000000E+00   0.000000E+00   0.000000E+00   0.000000E+00   0.000000E+00   0.000000E+00   0.000000E+00   0.000000E+00   0.000000E+00   0.000000E+00   0.000000E+00   0.000000E+00   0.652150E-05   0.240892E+00   0.485827E+00   0.665899E+00   0.891934E+00   0.117280E+01   0.150776E+01   0.184564E+01   0.214224E+01   0.232510E+01   0.231625E+01   0.206535E+01   0.165184E+01   0.118514E+01   0.400740E+00   0.000000E+00   0.000000E+00   0.000000E+00   0.000000E+00   0.000000E+00   0.231010E-07   0.219455E-07   0.331301E-08   0.000000E+00   0.000000E+00   0.000000E+00   0.000000E+00   0.582287E-08   0.000000E+00   0.235113E-05   0.579748E-03   0.445115E-02   0.232921E-01   0.952210E-01   0.249348E+00   0.626558E+00   0.188177E+01   0.416692E+01   0.816140E+01   0.141056E+02   0.217100E+02   0.299932E+02   0.374662E+02   0.425810E+02   0.442775E+02   0.423321E+02   0.373764E+02   0.305963E+02   0.233001E+02   0.165576E+02   0.110105E+02   0.686720E+01   0.402576E+01   0.222419E+01   0.126592E+01   0.452082E+00   0.261189E+00   0.107429E+00   0.463820E-01   0.182935E-01   0.695445E-02   0.250515E-02   0.859986E-03   0.281327E-03   0.120703E-03
 0.000000E+00   0.470361E-12   0.185154E-11   0.698198E-11   0.252203E-10   0.872681E-10   0.289272E-09   0.918494E-09   0.279377E-08   0.814026E-08   0.000000E+00   0.000000E+00   0.000000E+00   0.000000E+00   0.879497E-08   0.170376E-07   0.236136E-07   0.574700E-07   0.192531E-06   0.486764E-06   0.129842E-05   0.449895E-05   0.162448E-04   0.368997E-04   0.135242E-03   0.273626E-03   0.562168E-03   0.652686E-03   0.360428E-03   0.138072E-03   0.562485E-04   0.389661E-04   0.360821E-04   0.378267E-04   0.425125E-04   0.501885E-04   0.618442E-04   0.797384E-04   0.108499E-03   0.157047E-03   0.240685E-03   0.381024E-03   0.597450E-03   0.885081E-03   0.117610E-02   0.124427E-02   0.843515E-03   0.586471E-03   0.000000E+00   0.000000E+00   0.000000E+00   0.000000E+00   0.000000E+00   0.000000E+00   0.000000E+00   0.000000E+00   0.000000E+00   0.000000E+00   0.000000E+00   0.000000E+00   0.000000E+00   0.000000E+00   0.000000E+00   0.175826E-04   0.280582E+00   0.496001E+00   0.675488E+00   0.899745E+00   0.117694E+01   0.150494E+01   0.183229E+01   0.211525E+01   0.228315E+01   0.226087E+01   0.200423E+01   0.159799E+01   0.114142E+01   0.349357E+00   0.000000E+00   0.000000E+00   0.000000E+00   0.000000E+00   0.000000E+00   0.231010E-07   0.219455E-07   0.331301E-08   0.000000E+00   0.000000E+00   0.000000E+00   0.000000E+00   0.582287E-08   0.000000E+00   0.261886E-05   0.580518E-03   0.445028E-02   0.232905E-01   0.951341E-01   0.249262E+00   0.624885E+00   0.187837E+01   0.415915E+01   0.814774E+01   0.140858E+02   0.216868E+02   0.299726E+02   0.374560E+02   0.425877E+02   0.443039E+02   0.423760E+02   0.374314E+02   0.306543E+02   0.233538E+02   0.166023E+02   0.110443E+02   0.689064E+01   0.404080E+01   0.223279E+01   0.127225E+01   0.453594E+00   0.262518E+00   0.107930E+00   0.466297E-01   0.183865E-01   0.699220E-02   0.251857E-02   0.864717E-03   0.282878E-03   0.121367E-03
 0.000000E+00   0.470361E-12   0.185154E-11   0.698198E-11   0.252203E-10   0.872681E-10   0.289272E-09   0.918494E-09   0.279377E-08   0.814026E-08   0.000000E+00   0.000000E+00   0.000000E+00   0.000000E+00   0.879497E-08   0.170381E-07   0.236129E-07   0.574697E-07   0.192530E-06   0.486761E-06   0.129841E-05   0.449891E-05   0.162446E-04   0.368993E-04   0.135241E-03   0.273622E-03   0.562159E-03   0.652747E-03   0.378791E-03   0.240012E-03   0.524928E-04   0.284404E-04   0.289680E-04   0.345937E-04   0.448146E-04   0.613776E-04   0.875514E-04   0.128236E-03   0.189684E-03   0.277832E-03   0.395063E-03   0.534996E-03   0.654653E-03   0.646718E-03   0.481601E-03   0.705071E-03   0.644802E-03   0.000000E+00   0.000000E+00   0.000000E+00   0.000000E+00   0.000000E+00   0.000000E+00   0.000000E+00   0.000000E+00   0.000000E+00   0.000000E+00   0.000000E+00   0.000000E+00   0.000000E+00   0.000000E+00   0.000000E+00   0.000000E+00   0.220920E-04   0.312262E+00   0.506185E+00   0.684803E+00   0.907161E+00   0.118044E+01   0.150135E+01   0.181817E+01   0.208771E+01   0.224110E+01   0.220599E+01   0.194467E+01   0.154585E+01   0.109827E+01   0.301421E+00   0.000000E+00   0.000000E+00   0.000000E+00   0.000000E+00   0.000000E+00   0.231010E-07   0.219455E-07   0.331301E-08   0.000000E+00   0.000000E+00   0.000000E+00   0.000000E+00   0.582287E-08   0.000000E+00   0.290906E-05   0.581416E-03   0.444997E-02   0.232877E-01   0.950627E-01   0.249174E+00   0.623111E+00   0.187489E+01   0.415126E+01   0.813391E+01   0.140658E+02   0.216635E+02   0.299520E+02   0.374458E+02   0.425946E+02   0.443307E+02   0.424204E+02   0.374868E+02   0.307128E+02   0.234079E+02   0.166472E+02   0.110783E+02   0.691424E+01   0.405594E+01   0.224146E+01   0.127862E+01   0.455122E+00   0.263835E+00   0.108433E+00   0.468771E-01   0.184795E-01   0.702996E-02   0.253199E-02   0.869453E-03   0.284430E-03   0.122033E-03
 0.000000E+00   0.470361E-12   0.185154E-11   0.698198E-11   0.252203E-10   0.872681E-10   0.289272E-09   0.918494E-09   0.279377E-08   0.814026E-08   0.000000E+00   0.000000E+00   0.000000E+00   0.000000E+00   0.879497E-08   0.170387E-07   0.236122E-07   0.574694E-07   0.192528E-06   0.486757E-06   0.129840E-05   0.449887E-05   0.162445E-04   0.368988E-04   0.135239E-03   0.273617E-03   0.562149E-03   0.652748E-03   0.430646E-03   0.319346E-03   0.311540E-04   0.336065E-04   0.426461E-04   0.566913E-04   0.767890E-04   0.104421E-03   0.141203E-03   0.188012E-03   0.241925E-03   0.289867E-03   0.302978E-03   0.264509E-03   0.252177E-03   0.527172E-03   0.115503E-02   0.800449E-04   0.000000E+00   0.000000E+00   0.000000E+00   0.000000E+00   0.000000E+00   0.000000E+00   0.000000E+00   0.000000E+00   0.000000E+00   0.000000E+00   0.000000E+00   0.000000E+00   0.000000E+00   0.000000E+00   0.000000E+00   0.000000E+00   0.000000E+00   0.217730E-04   0.337801E+00   0.516399E+00   0.693864E+00   0.914181E+00   0.118331E+01   0.149701E+01   0.180332E+01   0.205967E+01   0.219898E+01   0.215163E+01   0.188663E+01   0.149539E+01   0.105545E+01   0.256934E+00   0.000000E+00   0.000000E+00   0.000000E+00   0.000000E+00   0.000000E+00   0.231010E-07   0.219455E-07   0.331301E-08   0.000000E+00   0.000000E+00   0.000000E+00   0.000000E+00   0.582287E-08   0.000000E+00   0.322270E-05   0.582447E-03   0.445022E-02   0.232837E-01   0.950072E-01   0.249086E+00   0.621244E+00   0.187133E+01   0.414324E+01   0.811992E+01   0.140456E+02   0.216400E+02   0.299313E+02   0.374356E+02   0.426016E+02   0.443577E+02   0.424651E+02   0.375427E+02   0.307716E+02   0.234624E+02   0.166924E+02   0.111125E+02   0.693798E+01   0.407117E+01   0.225019E+01   0.128502E+01   0.456662E+00   0.265141E+00   0.108937E+00   0.471239E-01   0.185725E-01   0.706775E-02   0.254541E-02   0.874192E-03   0.285984E-03   0.122700E-03
 0.000000E+00   0.470361E-12   0.185154E-11   0.698198E-11   0.252203E-10   0.872681E-10   0.289272E-09   0.918494E-09   0.279377E-08   0.814026E-08   0.000000E+00   0.000000E+00   0.000000E+00   0.000000E+00   0.879497E-08   0.170393E-07   0.236115E-07   0.574691E-07   0.192527E-06   0.486754E-06   0.129839E-05   0.449883E-05   0.162443E-04   0.368984E-04   0.135237E-03   0.273613E-03   0.562139E-03   0.652735E-03   0.644542E-03   0.244279E-03   0.467031E-04   0.521946E-04   0.619742E-04   0.749484E-04   0.898616E-04   0.103944E-03   0.112349E-03   0.110397E-03   0.102298E-03   0.118446E-03   0.226093E-03   0.549208E-03   0.101107E-02   0.160380E-03   0.000000E+00   0.000000E+00   0.000000E+00   0.000000E+00   0.000000E+00   0.000000E+00   0.000000E+00   0.000000E+00   0.000000E+00   0.000000E+00   0.000000E+00   0.000000E+00   0.000000E+00   0.000000E+00   0.000000E+00   0.000000E+00   0.000000E+00   0.000000E+00   0.000000E+00   0.181901E-04   0.358970E+00   0.526655E+00   0.702699E+00   0.920820E+00   0.118559E+01   0.149197E+01   0.178780E+01   0.203117E+01   0.215682E+01   0.209780E+01   0.183004E+01   0.144657E+01   0.101269E+01   0.215849E+00   0.000000E+00   0.000000E+00   0.000000E+00   0.000000E+00   0.000000E+00   0.231010E-07   0.219455E-07   0.331301E-08   0.000000E+00   0.000000E+00   0.000000E+00   0.000000E+00   0.582287E-08   0.000000E+00   0.356143E-05   0.583623E-03   0.445106E-02   0.232783E-01   0.949683E-01   0.248997E+00   0.619316E+00   0.186774E+01   0.413517E+01   0.810585E+01   0.140253E+02   0.216164E+02   0.299105E+02   0.374254E+02   0.426087E+02   0.443849E+02   0.425100E+02   0.375988E+02   0.308307E+02   0.235170E+02   0.167378E+02   0.111468E+02   0.696182E+01   0.408646E+01   0.225896E+01   0.129144E+01   0.458214E+00   0.266436E+00   0.109443E+00   0.473703E-01   0.186654E-01   0.710553E-02   0.255884E-02   0.878935E-03   0.287537E-03   0.123367E-03
 0.000000E+00   0.470361E-12   0.185154E-11   0.698198E-11   0.252203E-10   0.872681E-10   0.289272E-09   0.918494E-09   0.279377E-08   0.814026E-08   0.000000E+00   0.000000E+00   0.000000E+00   0.000000E+00   0.879497E-08   0.170399E-07   0.236106E-07   0.574688E-07   0.192526E-06   0.486750E-06   0.129838E-05   0.449878E-05   0.162441E-04   0.368979E-04   0.135235E-03   0.273608E-03   0.562129E-03   0.652721E-03   0.783591E-03   0.255971E-03   0.741624E-04   0.579621E-04   0.490170E-04   0.423296E-04   0.402220E-04   0.505147E-04   0.857706E-04   0.166054E-03   0.328956E-03   0.635833E-03   0.471138E-03   0.000000E+00   0.000000E+00   0.251011E-07   0.000000E+00   0.000000E+00   0.000000E+00   0.000000E+00   0.000000E+00   0.000000E+00   0.000000E+00   0.000000E+00   0.000000E+00   0.000000E+00   0.000000E+00   0.000000E+00   0.000000E+00   0.000000E+00   0.000000E+00   0.000000E+00   0.000000E+00   0.000000E+00   0.000000E+00   0.128533E-04   0.377471E+00   0.536964E+00   0.711338E+00   0.927092E+00   0.118730E+01   0.148626E+01   0.177164E+01   0.200225E+01   0.211461E+01   0.204449E+01   0.177482E+01   0.139929E+01   0.969705E+00   0.178125E+00   0.000000E+00   0.000000E+00   0.000000E+00   0.000000E+00   0.000000E+00   0.231010E-07   0.219455E-07   0.331301E-08   0.000000E+00   0.000000E+00   0.000000E+00   0.000000E+00   0.582287E-08   0.000000E+00   0.392729E-05   0.584957E-03   0.445255E-02   0.232716E-01   0.949472E-01   0.248907E+00   0.617370E+00   0.186416E+01   0.412711E+01   0.809182E+01   0.140051E+02   0.215929E+02   0.298897E+02   0.374152E+02   0.426158E+02   0.444119E+02   0.425548E+02   0.376548E+02   0.308897E+02   0.235716E+02   0.167832E+02   0.111811E+02   0.698568E+01   0.410178E+01   0.226775E+01   0.129788E+01   0.459776E+00   0.267718E+00   0.109950E+00   0.476160E-01   0.187583E-01   0.714331E-02   0.257225E-02   0.883680E-03   0.289091E-03   0.124036E-03
 0.000000E+00   0.470361E-12   0.185154E-11   0.698198E-11   0.252203E-10   0.872681E-10   0.289272E-09   0.918494E-09   0.279377E-08   0.814026E-08   0.000000E+00   0.000000E+00   0.000000E+00   0.000000E+00   0.879497E-08   0.170406E-07   0.236098E-07   0.574685E-07   0.192525E-06   0.486746E-06   0.129837E-05   0.449873E-05   0.162439E-04   0.368974E-04   0.135233E-03   0.273603E-03   0.562117E-03   0.652707E-03   0.796677E-03   0.350549E-03   0.121900E-03   0.465122E-04   0.616746E-04   0.968785E-04   0.161665E-03   0.299707E-03   0.416639E-03   0.324443E-04   0.000000E+00   0.000000E+00   0.000000E+00   0.000000E+00   0.000000E+00   0.251011E-07   0.000000E+00   0.000000E+00   0.000000E+00   0.000000E+00   0.000000E+00   0.000000E+00   0.000000E+00   0.000000E+00   0.000000E+00   0.000000E+00   0.000000E+00   0.000000E+00   0.000000E+00   0.000000E+00   0.000000E+00   0.000000E+00   0.000000E+00   0.000000E+00   0.000000E+00   0.679962E-05   0.395349E+00   0.547339E+00   0.719810E+00   0.933014E+00   0.118847E+01   0.147992E+01   0.175488E+01   0.197292E+01   0.207236E+01   0.199171E+01   0.172087E+01   0.135346E+01   0.926227E+00   0.143752E+00   0.000000E+00   0.000000E+00   0.000000E+00   0.000000E+00   0.000000E+00   0.231010E-07   0.219455E-07   0.331301E-08   0.000000E+00   0.000000E+00   0.000000E+00   0.000000E+00   0.582287E-08   0.000000E+00   0.432198E-05   0.586460E-03   0.445473E-02   0.232636E-01   0.949428E-01   0.248819E+00   0.615447E+00   0.186063E+01   0.411915E+01   0.807792E+01   0.139850E+02   0.215694E+02   0.298689E+02   0.374049E+02   0.426226E+02   0.444387E+02   0.425991E+02   0.377105E+02   0.309484E+02   0.236261E+02   0.168285E+02   0.112154E+02   0.700950E+01   0.411707E+01   0.227655E+01   0.130430E+01   0.461348E+00   0.268988E+00   0.110459E+00   0.478610E-01   0.188511E-01   0.718108E-02   0.258567E-02   0.888425E-03   0.290646E-03   0.124706E-03
 0.000000E+00   0.470361E-12   0.185154E-11   0.698198E-11   0.252203E-10   0.872681E-10   0.289272E-09   0.918494E-09   0.279377E-08   0.814026E-08   0.000000E+00   0.000000E+00   0.000000E+00   0.000000E+00   0.879497E-08   0.170415E-07   0.236087E-07   0.574680E-07   0.192523E-06   0.486741E-06   0.129835E-05   0.449867E-05   0.162436E-04   0.368967E-04   0.135230E-03   0.273597E-03   0.562103E-03   0.652688E-03   0.921938E-03   0.538831E-03   0.163109E-03   0.211644E-03   0.466376E-04   0.000000E+00   0.000000E+00   0.000000E+00   0.453616E-08   0.000000E+00   0.000000E+00   0.000000E+00   0.000000E+00   0.000000E+00   0.000000E+00   0.251011E-07   0.000000E+00   0.000000E+00   0.000000E+00   0.000000E+00   0.000000E+00   0.000000E+00   0.000000E+00   0.000000E+00   0.000000E+00   0.000000E+00   0.000000E+00   0.000000E+00   0.000000E+00   0.000000E+00   0.000000E+00   0.000000E+00   0.000000E+00   0.000000E+00   0.000000E+00   0.200785E-05   0.418594E+00   0.557818E+00   0.728161E+00   0.938624E+00   0.118916E+01   0.147300E+01   0.173755E+01   0.194321E+01   0.203000E+01   0.193937E+01   0.166802E+01   0.130889E+01   0.881882E+00   0.112674E+00   0.000000E+00   0.000000E+00   0.000000E+00   0.000000E+00   0.000000E+00   0.231010E-07   0.219455E-07   0.331301E-08   0.000000E+00   0.000000E+00   0.000000E+00   0.000000E+00   0.582287E-08   0.000000E+00   0.475002E-05   0.588162E-03   0.445773E-02   0.232582E-01   0.949362E-01   0.248750E+00   0.613639E+00   0.185725E+01   0.411146E+01   0.806438E+01   0.139653E+02   0.215463E+02   0.298483E+02   0.373944E+02   0.426288E+02   0.444645E+02   0.426425E+02   0.377651E+02   0.310063E+02   0.236798E+02   0.168733E+02   0.112494E+02   0.703314E+01   0.413227E+01   0.228530E+01   0.131068E+01   0.462930E+00   0.270245E+00   0.110968E+00   0.481050E-01   0.189437E-01   0.721879E-02   0.259906E-02   0.893168E-03   0.292199E-03   0.125375E-03
 0.000000E+00   0.470361E-12   0.185154E-11   0.698198E-11   0.252203E-10   0.872681E-10   0.289272E-09   0.918494E-09   0.279377E-08   0.814026E-08   0.000000E+00   0.000000E+00   0.000000E+00   0.000000E+00   0.879497E-08   0.170425E-07   0.236074E-07   0.574675E-07   0.192521E-06   0.486735E-06   0.129833E-05   0.449859E-05   0.162433E-04   0.368959E-04   0.135227E-03   0.273590E-03   0.562086E-03   0.652666E-03   0.102143E-02   0.693518E-03   0.135600E-03   0.650373E-05   0.000000E+00   0.000000E+00   0.000000E+00   0.000000E+00   0.453616E-08   0.000000E+00   0.000000E+00   0.000000E+00   0.000000E+00   0.000000E+00   0.000000E+00   0.251011E-07   0.000000E+00   0.000000E+00   0.000000E+00   0.000000E+00   0.000000E+00   0.000000E+00   0.000000E+00   0.000000E+00   0.000000E+00   0.000000E+00   0.000000E+00   0.000000E+00   0.000000E+00   0.000000E+00   0.000000E+00   0.000000E+00   0.000000E+00   0.000000E+00   0.000000E+00   0.938044E-06   0.456342E+00   0.568501E+00   0.736495E+00   0.944025E+00   0.118949E+01   0.146558E+01   0.171969E+01   0.191305E+01   0.198738E+01   0.188719E+01   0.161587E+01   0.126519E+01   0.835990E+00   0.847261E-01   0.000000E+00   0.000000E+00   0.000000E+00   0.000000E+00   0.000000E+00   0.231010E-07   0.219455E-07   0.331301E-08   0.000000E+00   0.000000E+00   0.000000E+00   0.000000E+00   0.582287E-08   0.000000E+00   0.522196E-05   0.590134E-03   0.446185E-02   0.232576E-01   0.949195E-01   0.248713E+00   0.612171E+00   0.185427E+01   0.410446E+01   0.805179E+01   0.139467E+02   0.215241E+02   0.298280E+02   0.373834E+02   0.426337E+02   0.444883E+02   0.426835E+02   0.378172E+02   0.310618E+02   0.237317E+02   0.169167E+02   0.112824E+02   0.705620E+01   0.414713E+01   0.229389E+01   0.131691E+01   0.464520E+00   0.271485E+00   0.111477E+00   0.483475E-01   0.190360E-01   0.725639E-02   0.261242E-02   0.897901E-03   0.293748E-03   0.126044E-03
 0.000000E+00   0.470361E-12   0.185154E-11   0.698198E-11   0.252203E-10   0.872681E-10   0.289272E-09   0.918494E-09   0.279377E-08   0.814026E-08   0.000000E+00   0.000000E+00   0.000000E+00   0.000000E+00   0.879497E-08   0.170432E-07   0.236065E-07   0.574671E-07   0.192519E-06   0.486731E-06   0.129832E-05   0.449854E-05   0.162431E-04   0.368954E-04   0.135224E-03   0.273584E-03   0.562074E-03   0.652650E-03   0.103005E-02   0.755815E-03   0.973754E-04   0.643007E-05   0.000000E+00   0.000000E+00   0.000000E+00   0.000000E+00   0.453616E-08   0.000000E+00   0.000000E+00   0.000000E+00   0.000000E+00   0.000000E+00   0.000000E+00   0.251011E-07   0.000000E+00   0.000000E+00   0.000000E+00   0.000000E+00   0.000000E+00   0.000000E+00   0.000000E+00   0.000000E+00   0.000000E+00   0.000000E+00   0.000000E+00   0.000000E+00   0.000000E+00   0.000000E+00   0.000000E+00   0.000000E+00   0.000000E+00   0.000000E+00   0.000000E+00   0.665661E-06   0.499762E+00   0.579409E+00   0.744801E+00   0.949195E+00   0.118943E+01   0.145765E+01   0.170131E+01   0.188248E+01   0.194453E+01   0.183527E+01   0.156452E+01   0.122241E+01   0.788397E+00   0.602276E-01   0.000000E+00   0.000000E+00   0.000000E+00   0.000000E+00   0.000000E+00   0.231010E-07   0.219455E-07   0.331301E-08   0.000000E+00   0.000000E+00   0.000000E+00   0.000000E+00   0.582287E-08   0.000000E+00   0.573164E-05   0.592337E-03   0.446691E-02   0.232609E-01   0.948945E-01   0.248702E+00   0.611022E+00   0.185165E+01   0.409810E+01   0.804007E+01   0.139291E+02   0.215027E+02   0.298080E+02   0.373720E+02   0.426374E+02   0.445103E+02   0.427221E+02   0.378670E+02   0.311153E+02   0.237819E+02   0.169589E+02   0.113146E+02   0.707875E+01   0.416170E+01   0.230233E+01   0.132301E+01   0.466122E+00   0.272711E+00   0.111987E+00   0.485889E-01   0.191281E-01   0.729392E-02   0.262575E-02   0.902629E-03   0.295296E-03   0.126713E-03
 0.000000E+00   0.470361E-12   0.185154E-11   0.698198E-11   0.252203E-10   0.872681E-10   0.289272E-09   0.918494E-09   0.279377E-08   0.814026E-08   0.000000E+00   0.000000E+00   0.000000E+00   0.000000E+00   0.879497E-08   0.170439E-07   0.236056E-07   0.574668E-07   0.192518E-06   0.486727E-06   0.129831E-05   0.449849E-05   0.162429E-04   0.368948E-04   0.135222E-03   0.273580E-03   0.562062E-03   0.652635E-03   0.104156E-02   0.768048E-03   0.973202E-04   0.641861E-05   0.000000E+00   0.000000E+00   0.000000E+00   0.000000E+00   0.453616E-08   0.000000E+00   0.000000E+00   0.000000E+00   0.000000E+00   0.000000E+00   0.000000E+00   0.251011E-07   0.000000E+00   0.000000E+00   0.000000E+00   0.000000E+00   0.000000E+00   0.000000E+00   0.000000E+00   0.000000E+00   0.000000E+00   0.000000E+00   0.000000E+00   0.000000E+00   0.000000E+00   0.000000E+00   0.000000E+00   0.000000E+00   0.000000E+00   0.000000E+00   0.000000E+00   0.459528E-06   0.546392E+00   0.590466E+00   0.752923E+00   0.953960E+00   0.118881E+01   0.144911E+01   0.168241E+01   0.185165E+01   0.190179E+01   0.178492E+01   0.154784E+01   0.118136E+01   0.728460E+00   0.000000E+00   0.000000E+00   0.000000E+00   0.000000E+00   0.000000E+00   0.000000E+00   0.231010E-07   0.219455E-07   0.331301E-08   0.000000E+00   0.000000E+00   0.000000E+00   0.000000E+00   0.582287E-08   0.000000E+00   0.627490E-05   0.594746E-03   0.447278E-02   0.232673E-01   0.948788E-01   0.248683E+00   0.609835E+00   0.184901E+01   0.409170E+01   0.802831E+01   0.139114E+02   0.214813E+02   0.297881E+02   0.373607E+02   0.426411E+02   0.445322E+02   0.427608E+02   0.379169E+02   0.311689E+02   0.238322E+02   0.170012E+02   0.113469E+02   0.710137E+01   0.417632E+01   0.231081E+01   0.132912E+01   0.467733E+00   0.273923E+00   0.112498E+00   0.488294E-01   0.192201E-01   0.733140E-02   0.263907E-02   0.907356E-03   0.296843E-03   0.127383E-03
 0.000000E+00   0.470361E-12   0.185154E-11   0.698198E-11   0.252203E-10   0.872681E-10   0.289272E-09   0.918494E-09   0.279377E-08   0.814026E-08   0.000000E+00   0.000000E+00   0.000000E+00   0.000000E+00   0.879497E-08   0.170446E-07   0.236048E-07   0.574664E-07   0.192517E-06   0.486723E-06   0.129830E-05   0.449844E-05   0.162427E-04   0.368943E-04   0.135220E-03   0.273574E-03   0.562051E-03   0.652620E-03   0.104966E-02   0.776634E-03   0.972760E-04   0.640700E-05   0.000000E+00   0.000000E+00   0.000000E+00   0.000000E+00   0.453616E-08   0.000000E+00   0.000000E+00   0.000000E+00   0.000000E+00   0.000000E+00   0.000000E+00   0.251011E-07   0.000000E+00   0.000000E+00   0.000000E+00   0.000000E+00   0.000000E+00   0.000000E+00   0.000000E+00   0.000000E+00   0.000000E+00   0.000000E+00   0.000000E+00   0.000000E+00   0.000000E+00   0.000000E+00   0.000000E+00   0.000000E+00   0.000000E+00   0.000000E+00   0.000000E+00   0.313183E-06   0.595370E+00   0.602133E+00   0.761006E+00   0.958473E+00   0.118779E+01   0.144007E+01   0.166300E+01   0.182045E+01   0.185882E+01   0.173605E+01   0.149659E+01   0.114241E+01   0.660313E+00   0.000000E+00   0.000000E+00   0.000000E+00   0.000000E+00   0.000000E+00   0.000000E+00   0.231010E-07   0.219455E-07   0.331301E-08   0.000000E+00   0.000000E+00   0.000000E+00   0.000000E+00   0.582287E-08   0.000000E+00   0.685245E-05   0.597369E-03   0.447948E-02   0.232771E-01   0.948888E-01   0.248627E+00   0.608955E+00   0.184669E+01   0.408586E+01   0.801732E+01   0.138946E+02   0.214605E+02   0.297684E+02   0.373489E+02   0.426438E+02   0.445525E+02   0.427975E+02   0.379647E+02   0.312206E+02   0.238810E+02   0.170424E+02   0.113784E+02   0.712352E+01   0.419067E+01   0.231916E+01   0.133512E+01   0.469357E+00   0.275123E+00   0.113009E+00   0.490689E-01   0.193120E-01   0.736885E-02   0.265238E-02   0.912080E-03   0.298390E-03   0.128053E-03
 0.000000E+00   0.470361E-12   0.185154E-11   0.698198E-11   0.252203E-10   0.872681E-10   0.289272E-09   0.918494E-09   0.279377E-08   0.814026E-08   0.000000E+00   0.000000E+00   0.000000E+00   0.000000E+00   0.879497E-08   0.170453E-07   0.236039E-07   0.574661E-07   0.192515E-06   0.486719E-06   0.129828E-05   0.449839E-05   0.162425E-04   0.368938E-04   0.135218E-03   0.273569E-03   0.562039E-03   0.652605E-03   0.105502E-02   0.782516E-03   0.972317E-04   0.639537E-05   0.000000E+00   0.000000E+00   0.000000E+00   0.000000E+00   0.453616E-08   0.000000E+00   0.000000E+00   0.000000E+00   0.000000E+00   0.000000E+00   0.000000E+00   0.251011E-07   0.000000E+00   0.000000E+00   0.000000E+00   0.000000E+00   0.000000E+00   0.000000E+00   0.000000E+00   0.000000E+00   0.000000E+00   0.000000E+00   0.000000E+00   0.000000E+00   0.000000E+00   0.000000E+00   0.000000E+00   0.000000E+00   0.000000E+00   0.000000E+00   0.000000E+00   0.200507E-06   0.646189E+00   0.614314E+00   0.769046E+00   0.962730E+00   0.118637E+01   0.143053E+01   0.164312E+01   0.178894E+01   0.181568E+01   0.168813E+01   0.144577E+01   0.110493E+01   0.593681E+00   0.000000E+00   0.000000E+00   0.000000E+00   0.000000E+00   0.000000E+00   0.000000E+00   0.231010E-07   0.219455E-07   0.331301E-08   0.000000E+00   0.000000E+00   0.000000E+00   0.000000E+00   0.582287E-08   0.000000E+00   0.746504E-05   0.600212E-03   0.448705E-02   0.232902E-01   0.949247E-01   0.248532E+00   0.608372E+00   0.184467E+01   0.408056E+01   0.800706E+01   0.138786E+02   0.214405E+02   0.297490E+02   0.373369E+02   0.426454E+02   0.445712E+02   0.428322E+02   0.380105E+02   0.312705E+02   0.239284E+02   0.170825E+02   0.114093E+02   0.714523E+01   0.420476E+01   0.232737E+01   0.134099E+01   0.470996E+00   0.276309E+00   0.113522E+00   0.493073E-01   0.194038E-01   0.740624E-02   0.266567E-02   0.916803E-03   0.299935E-03   0.128723E-03
 0.000000E+00   0.470361E-12   0.185154E-11   0.698198E-11   0.252203E-10   0.872681E-10   0.289272E-09   0.918494E-09   0.279377E-08   0.814026E-08   0.000000E+00   0.000000E+00   0.000000E+00   0.000000E+00   0.879497E-08   0.170460E-07   0.236030E-07   0.574657E-07   0.192514E-06   0.486714E-06   0.129827E-05   0.449834E-05   0.162423E-04   0.368932E-04   0.135216E-03   0.273564E-03   0.562027E-03   0.652590E-03   0.105828E-02   0.786226E-03   0.971866E-04   0.638354E-05   0.000000E+00   0.000000E+00   0.000000E+00   0.000000E+00   0.453616E-08   0.000000E+00   0.000000E+00   0.000000E+00   0.000000E+00   0.000000E+00   0.000000E+00   0.251011E-07   0.000000E+00   0.000000E+00   0.000000E+00   0.000000E+00   0.000000E+00   0.000000E+00   0.000000E+00   0.000000E+00   0.000000E+00   0.000000E+00   0.000000E+00   0.000000E+00   0.000000E+00   0.000000E+00   0.000000E+00   0.000000E+00   0.000000E+00   0.000000E+00   0.000000E+00   0.115526E-06   0.698076E+00   0.627326E+00   0.777002E+00   0.966683E+00   0.118451E+01   0.142047E+01   0.162278E+01   0.175717E+01   0.177252E+01   0.164115E+01   0.139576E+01   0.106830E+01   0.529553E+00   0.000000E+00   0.000000E+00   0.000000E+00   0.000000E+00   0.000000E+00   0.000000E+00   0.231010E-07   0.219455E-07   0.331301E-08   0.000000E+00   0.000000E+00   0.000000E+00   0.000000E+00   0.582287E-08   0.000000E+00   0.811358E-05   0.603287E-03   0.449551E-02   0.233065E-01   0.949867E-01   0.248399E+00   0.607983E+00   0.184287E+01   0.407561E+01   0.799730E+01   0.138631E+02   0.214209E+02   0.297298E+02   0.373246E+02   0.426463E+02   0.445888E+02   0.428656E+02   0.380550E+02   0.313192E+02   0.239748E+02   0.171220E+02   0.114396E+02   0.716665E+01   0.421869E+01   0.233552E+01   0.134679E+01   0.472646E+00   0.277482E+00   0.114035E+00   0.495447E-01   0.194954E-01   0.744358E-02   0.267895E-02   0.921523E-03   0.301480E-03   0.129394E-03
 0.000000E+00   0.470361E-12   0.185154E-11   0.698198E-11   0.252203E-10   0.872681E-10   0.289272E-09   0.918494E-09   0.279377E-08   0.814026E-08   0.000000E+00   0.000000E+00   0.000000E+00   0.000000E+00   0.879497E-08   0.170468E-07   0.236021E-07   0.574653E-07   0.192512E-06   0.486710E-06   0.129826E-05   0.449829E-05   0.162421E-04   0.368927E-04   0.135213E-03   0.273559E-03   0.562015E-03   0.652574E-03   0.106002E-02   0.788233E-03   0.971399E-04   0.637132E-05   0.000000E+00   0.000000E+00   0.000000E+00   0.000000E+00   0.453616E-08   0.000000E+00   0.000000E+00   0.000000E+00   0.000000E+00   0.000000E+00   0.000000E+00   0.251011E-07   0.000000E+00   0.000000E+00   0.000000E+00   0.000000E+00   0.000000E+00   0.000000E+00   0.000000E+00   0.000000E+00   0.000000E+00   0.000000E+00   0.000000E+00   0.000000E+00   0.000000E+00   0.000000E+00   0.000000E+00   0.000000E+00   0.000000E+00   0.000000E+00   0.000000E+00   0.547528E-07   0.749841E+00   0.642071E+00   0.784867E+00   0.970326E+00   0.118219E+01   0.140990E+01   0.160200E+01   0.172515E+01   0.172949E+01   0.159499E+01   0.134683E+01   0.103216E+01   0.468266E+00   0.000000E+00   0.000000E+00   0.000000E+00   0.000000E+00   0.000000E+00   0.000000E+00   0.231010E-07   0.219455E-07   0.331301E-08   0.000000E+00   0.000000E+00   0.000000E+00   0.000000E+00   0.582287E-08   0.000000E+00   0.879939E-05   0.606605E-03   0.450492E-02   0.233264E-01   0.950758E-01   0.248227E+00   0.607761E+00   0.184123E+01   0.407097E+01   0.798795E+01   0.138481E+02   0.214018E+02   0.297107E+02   0.373121E+02   0.426466E+02   0.446054E+02   0.428979E+02   0.380983E+02   0.313669E+02   0.240203E+02   0.171608E+02   0.114696E+02   0.718783E+01   0.423248E+01   0.234359E+01   0.135253E+01   0.474309E+00   0.278642E+00   0.114550E+00   0.497810E-01   0.195869E-01   0.748085E-02   0.269221E-02   0.926239E-03   0.303023E-03   0.130064E-03
 0.000000E+00   0.470361E-12   0.185154E-11   0.698198E-11   0.252203E-10   0.872681E-10   0.289272E-09   0.918494E-09   0.279377E-08   0.814026E-08   0.000000E+00   0.000000E+00   0.000000E+00   0.000000E+00   0.879497E-08   0.170476E-07   0.236011E-07   0.574649E-07   0.192511E-06   0.486705E-06   0.129824E-05   0.449823E-05   0.162418E-04   0.368920E-04   0.135211E-03   0.273553E-03   0.562001E-03   0.652557E-03   0.106077E-02   0.789005E-03   0.970899E-04   0.635823E-05   0.000000E+00   0.000000E+00   0.000000E+00   0.000000E+00   0.453616E-08   0.000000E+00   0.000000E+00   0.000000E+00   0.000000E+00   0.000000E+00   0.000000E+00   0.251011E-07   0.000000E+00   0.000000E+00   0.000000E+00   0.000000E+00   0.000000E+00   0.000000E+00   0.000000E+00   0.000000E+00   0.000000E+00   0.000000E+00   0.000000E+00   0.000000E+00   0.000000E+00   0.000000E+00   0.000000E+00   0.000000E+00   0.000000E+00   0.000000E+00   0.000000E+00   0.156776E-07   0.799125E+00   0.660832E+00   0.792645E+00   0.973660E+00   0.117942E+01   0.139884E+01   0.158080E+01   0.169291E+01   0.168668E+01   0.154951E+01   0.129917E+01   0.996213E+00   0.409984E+00   0.000000E+00   0.000000E+00   0.000000E+00   0.000000E+00   0.000000E+00   0.000000E+00   0.231010E-07   0.219455E-07   0.331301E-08   0.000000E+00   0.000000E+00   0.000000E+00   0.000000E+00   0.582287E-08   0.000000E+00   0.952459E-05   0.610184E-03   0.451535E-02   0.233498E-01   0.951934E-01   0.248012E+00   0.607696E+00   0.183976E+01   0.406662E+01   0.797901E+01   0.138336E+02   0.213830E+02   0.296919E+02   0.372994E+02   0.426464E+02   0.446212E+02   0.429291E+02   0.381405E+02   0.314136E+02   0.240651E+02   0.171990E+02   0.114992E+02   0.720876E+01   0.424614E+01   0.235160E+01   0.135820E+01   0.475981E+00   0.279787E+00   0.115065E+00   0.500161E-01   0.196782E-01   0.751805E-02   0.270544E-02   0.930950E-03   0.304565E-03   0.130735E-03
 0.000000E+00   0.470361E-12   0.185154E-11   0.698198E-11   0.252203E-10   0.872681E-10   0.289272E-09   0.918494E-09   0.279377E-08   0.814026E-08   0.000000E+00   0.000000E+00   0.000000E+00   0.000000E+00   0.879497E-08   0.170485E-07   0.235999E-07   0.574644E-07   0.192509E-06   0.486700E-06   0.129823E-05   0.449817E-05   0.162416E-04   0.368914E-04   0.135208E-03   0.273547E-03   0.561986E-03   0.652538E-03   0.106096E-02   0.789035E-03   0.970336E-04   0.634352E-05   0.000000E+00   0.000000E+00   0.000000E+00   0.000000E+00   0.453616E-08   0.000000E+00   0.000000E+00   0.000000E+00   0.000000E+00   0.000000E+00   0.000000E+00   0.251011E-07   0.000000E+00   0.000000E+00   0.000000E+00   0.000000E+00   0.000000E+00   0.000000E+00   0.000000E+00   0.000000E+00   0.000000E+00   0.000000E+00   0.000000E+00   0.000000E+00   0.000000E+00   0.000000E+00   0.000000E+00   0.000000E+00   0.000000E+00   0.000000E+00   0.000000E+00   0.000000E+00   0.841129E+00   0.688742E+00   0.800346E+00   0.976686E+00   0.117656E+01   0.138691E+01   0.155922E+01   0.166045E+01   0.164421E+01   0.150461E+01   0.125293E+01   0.960187E+00   0.354847E+00   0.000000E+00   0.000000E+00   0.000000E+00   0.000000E+00   0.000000E+00   0.000000E+00   0.231010E-07   0.219455E-07   0.331301E-08   0.000000E+00   0.000000E+00   0.000000E+00   0.000000E+00   0.582287E-08   0.000000E+00   0.102930E-04   0.614056E-03   0.452693E-02   0.233772E-01   0.953462E-01   0.247759E+00   0.607675E+00   0.183858E+01   0.406257E+01   0.797049E+01   0.138196E+02   0.213646E+02   0.296732E+02   0.372866E+02   0.426456E+02   0.446360E+02   0.429592E+02   0.381816E+02   0.314592E+02   0.241090E+02   0.172366E+02   0.115283E+02   0.722945E+01   0.425965E+01   0.235955E+01   0.136382E+01   0.477661E+00   0.280918E+00   0.115580E+00   0.502497E-01   0.197693E-01   0.755515E-02   0.271865E-02   0.935654E-03   0.306104E-03   0.131405E-03
 0.000000E+00   0.470361E-12   0.185154E-11   0.698198E-11   0.252203E-10   0.872681E-10   0.289272E-09   0.918494E-09   0.279377E-08   0.814026E-08   0.000000E+00   0.000000E+00   0.000000E+00   0.000000E+00   0.879497E-08   0.170494E-07   0.235988E-07   0.574640E-07   0.192507E-06   0.486695E-06   0.129821E-05   0.449810E-05   0.162413E-04   0.368907E-04   0.135205E-03   0.273540E-03   0.561971E-03   0.652518E-03   0.106103E-02   0.788963E-03   0.969759E-04   0.632841E-05   0.000000E+00   0.000000E+00   0.000000E+00   0.000000E+00   0.453616E-08   0.000000E+00   0.000000E+00   0.000000E+00   0.000000E+00   0.000000E+00   0.000000E+00   0.251011E-07   0.000000E+00   0.000000E+00   0.000000E+00   0.000000E+00   0.000000E+00   0.000000E+00   0.000000E+00   0.000000E+00   0.000000E+00   0.000000E+00   0.000000E+00   0.000000E+00   0.000000E+00   0.000000E+00   0.000000E+00   0.000000E+00   0.000000E+00   0.000000E+00   0.000000E+00   0.000000E+00   0.872287E+00   0.729299E+00   0.807992E+00   0.979320E+00   0.117410E+01   0.137368E+01   0.153727E+01   0.162777E+01   0.160215E+01   0.146020E+01   0.120822E+01   0.923803E+00   0.303000E+00   0.000000E+00   0.000000E+00   0.000000E+00   0.000000E+00   0.000000E+00   0.000000E+00   0.231010E-07   0.219455E-07   0.331301E-08   0.000000E+00   0.000000E+00   0.000000E+00   0.000000E+00   0.582287E-08   0.000000E+00   0.111083E-04   0.618248E-03   0.453978E-02   0.234089E-01   0.955395E-01   0.247468E+00   0.607620E+00   0.183775E+01   0.405883E+01   0.796239E+01   0.138061E+02   0.213467E+02   0.296547E+02   0.372736E+02   0.426441E+02   0.446499E+02   0.429881E+02   0.382214E+02   0.315038E+02   0.241521E+02   0.172736E+02   0.115571E+02   0.724987E+01   0.427302E+01   0.236742E+01   0.136937E+01   0.479347E+00   0.282033E+00   0.116095E+00   0.504818E-01   0.198602E-01   0.759212E-02   0.273181E-02   0.940347E-03   0.307639E-03   0.132075E-03
 0.000000E+00   0.470361E-12   0.185154E-11   0.698198E-11   0.252203E-10   0.872681E-10   0.289272E-09   0.918494E-09   0.279377E-08   0.814026E-08   0.000000E+00   0.000000E+00   0.000000E+00   0.000000E+00   0.879497E-08   0.170501E-07   0.235978E-07   0.574636E-07   0.192505E-06   0.486690E-06   0.129820E-05   0.449805E-05   0.162411E-04   0.368901E-04   0.135203E-03   0.273534E-03   0.561958E-03   0.652501E-03   0.106110E-02   0.788901E-03   0.969266E-04   0.631549E-05   0.000000E+00   0.000000E+00   0.000000E+00   0.000000E+00   0.453616E-08   0.000000E+00   0.000000E+00   0.000000E+00   0.000000E+00   0.000000E+00   0.000000E+00   0.251011E-07   0.000000E+00   0.000000E+00   0.000000E+00   0.000000E+00   0.000000E+00   0.000000E+00   0.000000E+00   0.000000E+00   0.000000E+00   0.000000E+00   0.000000E+00   0.000000E+00   0.000000E+00   0.000000E+00   0.000000E+00   0.000000E+00   0.000000E+00   0.000000E+00   0.000000E+00   0.000000E+00   0.896821E+00   0.777162E+00   0.815593E+00   0.981613E+00   0.117126E+01   0.136000E+01   0.151500E+01   0.159492E+01   0.156062E+01   0.141625E+01   0.116513E+01   0.886832E+00   0.254645E+00   0.000000E+00   0.000000E+00   0.000000E+00   0.000000E+00   0.000000E+00   0.000000E+00   0.231010E-07   0.219455E-07   0.331301E-08   0.000000E+00   0.000000E+00   0.000000E+00   0.000000E+00   0.582287E-08   0.000000E+00   0.119672E-04   0.622748E-03   0.455384E-02   0.234444E-01   0.957696E-01   0.247141E+00   0.607534E+00   0.183725E+01   0.405536E+01   0.795467E+01   0.137929E+02   0.213291E+02   0.296363E+02   0.372604E+02   0.426422E+02   0.446629E+02   0.430160E+02   0.382603E+02   0.315475E+02   0.241944E+02   0.173101E+02   0.115855E+02   0.727007E+01   0.428626E+01   0.237523E+01   0.137486E+01   0.481040E+00   0.283134E+00   0.116610E+00   0.507124E-01   0.199508E-01   0.762898E-02   0.274495E-02   0.945032E-03   0.309173E-03   0.132744E-03
 0.000000E+00   0.470361E-12   0.185154E-11   0.698198E-11   0.252203E-10   0.872681E-10   0.289272E-09   0.918494E-09   0.279377E-08   0.814026E-08   0.000000E+00   0.000000E+00   0.000000E+00   0.000000E+00   0.879497E-08   0.170509E-07   0.235969E-07   0.574632E-07   0.192504E-06   0.486686E-06   0.129818E-05   0.449799E-05   0.162409E-04   0.368895E-04   0.135200E-03   0.273529E-03   0.561946E-03   0.652485E-03   0.106116E-02   0.788842E-03   0.968799E-04   0.630325E-05   0.000000E+00   0.000000E+00   0.000000E+00   0.000000E+00   0.453616E-08   0.000000E+00   0.000000E+00   0.000000E+00   0.000000E+00   0.000000E+00   0.000000E+00   0.251011E-07   0.000000E+00   0.000000E+00   0.000000E+00   0.000000E+00   0.000000E+00   0.000000E+00   0.000000E+00   0.000000E+00   0.000000E+00   0.000000E+00   0.000000E+00   0.000000E+00   0.000000E+00   0.000000E+00   0.000000E+00   0.000000E+00   0.000000E+00   0.000000E+00   0.000000E+00   0.000000E+00   0.916840E+00   0.829814E+00   0.823151E+00   0.983657E+00   0.116788E+01   0.134597E+01   0.149241E+01   0.156192E+01   0.151966E+01   0.137277E+01   0.112373E+01   0.849053E+00   0.209967E+00   0.000000E+00   0.000000E+00   0.000000E+00   0.000000E+00   0.000000E+00   0.000000E+00   0.231010E-07   0.219455E-07   0.331301E-08   0.000000E+00   0.000000E+00   0.000000E+00   0.000000E+00   0.582287E-08   0.000000E+00   0.128666E-04   0.627538E-03   0.456905E-02   0.234833E-01   0.960331E-01   0.246784E+00   0.607421E+00   0.183702E+01   0.405213E+01   0.794728E+01   0.137802E+02   0.213118E+02   0.296181E+02   0.372470E+02   0.426398E+02   0.446752E+02   0.430430E+02   0.382981E+02   0.315902E+02   0.242360E+02   0.173460E+02   0.116135E+02   0.729006E+01   0.429938E+01   0.238299E+01   0.138031E+01   0.482741E+00   0.284221E+00   0.117126E+00   0.509417E-01   0.200412E-01   0.766576E-02   0.275806E-02   0.949710E-03   0.310704E-03   0.133413E-03
 0.000000E+00   0.470361E-12   0.185154E-11   0.698198E-11   0.252203E-10   0.872681E-10   0.289272E-09   0.918494E-09   0.279377E-08   0.814026E-08   0.000000E+00   0.000000E+00   0.000000E+00   0.000000E+00   0.879497E-08   0.170516E-07   0.235960E-07   0.574628E-07   0.192502E-06   0.486682E-06   0.129817E-05   0.449794E-05   0.162406E-04   0.368890E-04   0.135198E-03   0.273524E-03   0.561934E-03   0.652469E-03   0.106122E-02   0.788783E-03   0.968334E-04   0.629110E-05   0.000000E+00   0.000000E+00   0.000000E+00   0.000000E+00   0.453616E-08   0.000000E+00   0.000000E+00   0.000000E+00   0.000000E+00   0.000000E+00   0.000000E+00   0.251011E-07   0.000000E+00   0.000000E+00   0.000000E+00   0.000000E+00   0.000000E+00   0.000000E+00   0.000000E+00   0.000000E+00   0.000000E+00   0.000000E+00   0.000000E+00   0.000000E+00   0.000000E+00   0.000000E+00   0.000000E+00   0.000000E+00   0.000000E+00   0.000000E+00   0.000000E+00   0.000000E+00   0.933052E+00   0.886439E+00   0.830679E+00   0.985527E+00   0.116389E+01   0.133166E+01   0.146954E+01   0.152881E+01   0.147931E+01   0.132976E+01   0.108399E+01   0.810245E+00   0.169124E+00   0.000000E+00   0.000000E+00   0.000000E+00   0.000000E+00   0.000000E+00   0.000000E+00   0.231010E-07   0.219455E-07   0.331301E-08   0.000000E+00   0.000000E+00   0.000000E+00   0.000000E+00   0.582287E-08   0.000000E+00   0.138064E-04   0.632623E-03   0.458543E-02   0.235255E-01   0.963296E-01   0.246395E+00   0.607307E+00   0.183697E+01   0.404921E+01   0.794022E+01   0.137678E+02   0.212949E+02   0.296001E+02   0.372336E+02   0.426369E+02   0.446868E+02   0.430691E+02   0.383351E+02   0.316322E+02   0.242769E+02   0.173814E+02   0.116412E+02   0.730985E+01   0.431239E+01   0.239069E+01   0.138570E+01   0.484448E+00   0.285294E+00   0.117642E+00   0.511697E-01   0.201314E-01   0.770244E-02   0.277115E-02   0.954383E-03   0.312233E-03   0.134082E-03
 0.000000E+00   0.470361E-12   0.185154E-11   0.698198E-11   0.252203E-10   0.872681E-10   0.289272E-09   0.918494E-09   0.279377E-08   0.814026E-08   0.000000E+00   0.000000E+00   0.000000E+00   0.000000E+00   0.879497E-08   0.170523E-07   0.235950E-07   0.574625E-07   0.192501E-06   0.486677E-06   0.129816E-05   0.449789E-05   0.162404E-04   0.368884E-04   0.135196E-03   0.273518E-03   0.561921E-03   0.652453E-03   0.106128E-02   0.788724E-03   0.967869E-04   0.627896E-05   0.000000E+00   0.000000E+00   0.000000E+00   0.000000E+00   0.453616E-08   0.000000E+00   0.000000E+00   0.000000E+00   0.000000E+00   0.000000E+00   0.000000E+00   0.251011E-07   0.000000E+00   0.000000E+00   0.000000E+00   0.000000E+00   0.000000E+00   0.000000E+00   0.000000E+00   0.000000E+00   0.000000E+00   0.000000E+00   0.000000E+00   0.000000E+00   0.000000E+00   0.000000E+00   0.000000E+00   0.000000E+00   0.000000E+00   0.000000E+00   0.000000E+00   0.000000E+00   0.945987E+00   0.946414E+00   0.838203E+00   0.987265E+00   0.115925E+01   0.131710E+01   0.144641E+01   0.149564E+01   0.143958E+01   0.128728E+01   0.104587E+01   0.770200E+00   0.132273E+00   0.000000E+00   0.000000E+00   0.000000E+00   0.000000E+00   0.000000E+00   0.000000E+00   0.231010E-07   0.219455E-07   0.331301E-08   0.000000E+00   0.000000E+00   0.000000E+00   0.000000E+00   0.582287E-08   0.000000E+00   0.147867E-04   0.638011E-03   0.460301E-02   0.235709E-01   0.966594E-01   0.245977E+00   0.607275E+00   0.183680E+01   0.404682E+01   0.793349E+01   0.137558E+02   0.212783E+02   0.295822E+02   0.372200E+02   0.426336E+02   0.446976E+02   0.430943E+02   0.383711E+02   0.316733E+02   0.243172E+02   0.174164E+02   0.116686E+02   0.732945E+01   0.432528E+01   0.239834E+01   0.139105E+01   0.486163E+00   0.286353E+00   0.118158E+00   0.513964E-01   0.202215E-01   0.773904E-02   0.278421E-02   0.959050E-03   0.313761E-03   0.134750E-03
 0.000000E+00   0.470361E-12   0.185154E-11   0.698198E-11   0.252203E-10   0.872681E-10   0.289272E-09   0.918494E-09   0.279377E-08   0.814026E-08   0.000000E+00   0.000000E+00   0.000000E+00   0.000000E+00   0.879497E-08   0.170531E-07   0.235941E-07   0.574621E-07   0.192500E-06   0.486673E-06   0.129814E-05   0.449783E-05   0.162402E-04   0.368878E-04   0.135193E-03   0.273513E-03   0.561909E-03   0.652438E-03   0.106134E-02   0.788665E-03   0.967404E-04   0.626683E-05   0.000000E+00   0.000000E+00   0.000000E+00   0.000000E+00   0.453616E-08   0.000000E+00   0.000000E+00   0.000000E+00   0.000000E+00   0.000000E+00   0.000000E+00   0.251011E-07   0.000000E+00   0.000000E+00   0.000000E+00   0.000000E+00   0.000000E+00   0.000000E+00   0.000000E+00   0.000000E+00   0.000000E+00   0.000000E+00   0.000000E+00   0.000000E+00   0.000000E+00   0.000000E+00   0.000000E+00   0.000000E+00   0.000000E+00   0.000000E+00   0.000000E+00   0.000000E+00   0.956091E+00   0.100916E+01   0.845811E+00   0.988886E+00   0.115398E+01   0.130233E+01   0.142301E+01   0.146246E+01   0.140047E+01   0.124538E+01   0.100928E+01   0.728721E+00   0.995743E-01   0.000000E+00   0.000000E+00   0.000000E+00   0.000000E+00   0.000000E+00   0.000000E+00   0.231010E-07   0.219455E-07   0.331301E-08   0.000000E+00   0.000000E+00   0.000000E+00   0.000000E+00   0.582287E-08   0.000000E+00   0.158077E-04   0.643707E-03   0.462183E-02   0.236194E-01   0.970227E-01   0.245527E+00   0.607328E+00   0.183647E+01   0.404499E+01   0.792709E+01   0.137442E+02   0.212620E+02   0.295644E+02   0.372062E+02   0.426298E+02   0.447077E+02   0.431186E+02   0.384062E+02   0.317136E+02   0.243568E+02   0.174508E+02   0.116956E+02   0.734883E+01   0.433806E+01   0.240594E+01   0.139635E+01   0.487883E+00   0.287400E+00   0.118675E+00   0.516217E-01   0.203114E-01   0.777554E-02   0.279725E-02   0.963710E-03   0.315286E-03   0.135418E-03
 0.000000E+00   0.470361E-12   0.185154E-11   0.698198E-11   0.252203E-10   0.872681E-10   0.289272E-09   0.918494E-09   0.279377E-08   0.814026E-08   0.000000E+00   0.000000E+00   0.000000E+00   0.000000E+00   0.879497E-08   0.170538E-07   0.235932E-07   0.574617E-07   0.192498E-06   0.486669E-06   0.129813E-05   0.449778E-05   0.162400E-04   0.368873E-04   0.135191E-03   0.273508E-03   0.561897E-03   0.652422E-03   0.106143E-02   0.788672E-03   0.966935E-04   0.625459E-05   0.000000E+00   0.000000E+00   0.000000E+00   0.000000E+00   0.453616E-08   0.000000E+00   0.000000E+00   0.000000E+00   0.000000E+00   0.000000E+00   0.000000E+00   0.251011E-07   0.000000E+00   0.000000E+00   0.000000E+00   0.000000E+00   0.000000E+00   0.000000E+00   0.000000E+00   0.000000E+00   0.000000E+00   0.000000E+00   0.000000E+00   0.000000E+00   0.000000E+00   0.000000E+00   0.000000E+00   0.000000E+00   0.000000E+00   0.000000E+00   0.000000E+00   0.632940E-08   0.963713E+00   0.107391E+01   0.853890E+00   0.990383E+00   0.114809E+01   0.128737E+01   0.139938E+01   0.142934E+01   0.136196E+01   0.120414E+01   0.974110E+00   0.685626E+00   0.711936E-01   0.000000E+00   0.000000E+00   0.000000E+00   0.000000E+00   0.000000E+00   0.000000E+00   0.231010E-07   0.219455E-07   0.331301E-08   0.000000E+00   0.000000E+00   0.000000E+00   0.000000E+00   0.582287E-08   0.000000E+00   0.168699E-04   0.649720E-03   0.464195E-02   0.236710E-01   0.974202E-01   0.245048E+00   0.607468E+00   0.183600E+01   0.404370E+01   0.792101E+01   0.137330E+02   0.212460E+02   0.295468E+02   0.371924E+02   0.426256E+02   0.447171E+02   0.431420E+02   0.384404E+02   0.317530E+02   0.243957E+02   0.174848E+02   0.117223E+02   0.736801E+01   0.435072E+01   0.241348E+01   0.140161E+01   0.489609E+00   0.288432E+00   0.119192E+00   0.518456E-01   0.204012E-01   0.781194E-02   0.281026E-02   0.968363E-03   0.316809E-03   0.136087E-03
 0.000000E+00   0.470361E-12   0.185154E-11   0.698198E-11   0.252203E-10   0.872681E-10   0.289272E-09   0.918494E-09   0.279377E-08   0.814026E-08   0.000000E+00   0.000000E+00   0.000000E+00   0.000000E+00   0.879497E-08   0.170546E-07   0.235923E-07   0.574613E-07   0.192497E-06   0.486664E-06   0.129812E-05   0.449773E-05   0.162398E-04   0.368867E-04   0.135189E-03   0.273502E-03   0.561884E-03   0.652406E-03   0.106166E-02   0.788938E-03   0.966473E-04   0.624253E-05   0.000000E+00   0.000000E+00   0.000000E+00   0.000000E+00   0.453616E-08   0.000000E+00   0.000000E+00   0.000000E+00   0.000000E+00   0.000000E+00   0.000000E+00   0.251011E-07   0.000000E+00   0.000000E+00   0.000000E+00   0.000000E+00   0.000000E+00   0.000000E+00   0.000000E+00   0.000000E+00   0.000000E+00   0.000000E+00   0.000000E+00   0.000000E+00   0.000000E+00   0.000000E+00   0.000000E+00   0.000000E+00   0.000000E+00   0.000000E+00   0.000000E+00   0.153884E-07   0.969077E+00   0.114032E+01   0.862084E+00   0.991607E+00   0.114155E+01   0.127218E+01   0.137561E+01   0.139578E+01   0.134625E+01   0.117749E+01   0.940806E+00   0.630729E+00   0.000000E+00   0.000000E+00   0.000000E+00   0.000000E+00   0.000000E+00   0.000000E+00   0.000000E+00   0.231010E-07   0.219455E-07   0.331301E-08   0.000000E+00   0.000000E+00   0.000000E+00   0.000000E+00   0.582287E-08   0.000000E+00   0.179732E-04   0.656054E-03   0.466339E-02   0.237256E-01   0.978393E-01   0.244512E+00   0.607527E+00   0.183557E+01   0.404175E+01   0.791448E+01   0.137213E+02   0.212296E+02   0.295290E+02   0.371787E+02   0.426220E+02   0.447274E+02   0.431666E+02   0.384758E+02   0.317936E+02   0.244355E+02   0.175195E+02   0.117496E+02   0.738752E+01   0.436358E+01   0.242113E+01   0.140696E+01   0.491333E+00   0.289452E+00   0.119709E+00   0.520681E-01   0.204907E-01   0.784823E-02   0.282325E-02   0.973009E-03   0.318330E-03   0.136754E-03
 0.000000E+00   0.470361E-12   0.185154E-11   0.698198E-11   0.252203E-10   0.872681E-10   0.289272E-09   0.918494E-09   0.279377E-08   0.814026E-08   0.000000E+00   0.000000E+00   0.000000E+00   0.000000E+00   0.879497E-08   0.170553E-07   0.235913E-07   0.574610E-07   0.192495E-06   0.486660E-06   0.129810E-05   0.449767E-05   0.162396E-04   0.368861E-04   0.135186E-03   0.273497E-03   0.561872E-03   0.652390E-03   0.106206E-02   0.789506E-03   0.966009E-04   0.623044E-05   0.000000E+00   0.000000E+00   0.000000E+00   0.000000E+00   0.453616E-08   0.000000E+00   0.000000E+00   0.000000E+00   0.000000E+00   0.000000E+00   0.000000E+00   0.251011E-07   0.000000E+00   0.000000E+00   0.000000E+00   0.000000E+00   0.000000E+00   0.000000E+00   0.000000E+00   0.000000E+00   0.000000E+00   0.000000E+00   0.000000E+00   0.000000E+00   0.000000E+00   0.000000E+00   0.000000E+00   0.000000E+00   0.000000E+00   0.000000E+00   0.000000E+00   0.273830E-07   0.972536E+00   0.120792E+01   0.870814E+00   0.992686E+00   0.113454E+01   0.125681E+01   0.135178E+01   0.136205E+01   0.131342E+01   0.113386E+01   0.910077E+00   0.564201E+00   0.000000E+00   0.000000E+00   0.000000E+00   0.000000E+00   0.000000E+00   0.000000E+00   0.000000E+00   0.231010E-07   0.219455E-07   0.331301E-08   0.000000E+00   0.000000E+00   0.000000E+00   0.000000E+00   0.582287E-08   0.000000E+00   0.191177E-04   0.662716E-03   0.468621E-02   0.237832E-01   0.982945E-01   0.243952E+00   0.607664E+00   0.183509E+01   0.404047E+01   0.790841E+01   0.137101E+02   0.212137E+02   0.295114E+02   0.371649E+02   0.426177E+02   0.447367E+02   0.431898E+02   0.385098E+02   0.318329E+02   0.244744E+02   0.175534E+02   0.117763E+02   0.740671E+01   0.437626E+01   0.242869E+01   0.141223E+01   0.493059E+00   0.290458E+00   0.120226E+00   0.522892E-01   0.205801E-01   0.788443E-02   0.283620E-02   0.977647E-03   0.319849E-03   0.137422E-03
 0.000000E+00   0.470361E-12   0.185154E-11   0.698198E-11   0.252203E-10   0.872681E-10   0.289272E-09   0.918494E-09   0.279377E-08   0.814026E-08   0.000000E+00   0.000000E+00   0.000000E+00   0.000000E+00   0.879497E-08   0.170560E-07   0.235904E-07   0.574606E-07   0.192494E-06   0.486655E-06   0.129809E-05   0.449762E-05   0.162393E-04   0.368856E-04   0.135184E-03   0.273492E-03   0.561860E-03   0.652374E-03   0.106268E-02   0.790429E-03   0.965538E-04   0.621818E-05   0.000000E+00   0.000000E+00   0.000000E+00   0.000000E+00   0.453616E-08   0.000000E+00   0.000000E+00   0.000000E+00   0.000000E+00   0.000000E+00   0.000000E+00   0.251011E-07   0.000000E+00   0.000000E+00   0.000000E+00   0.000000E+00   0.000000E+00   0.000000E+00   0.000000E+00   0.000000E+00   0.000000E+00   0.000000E+00   0.000000E+00   0.000000E+00   0.000000E+00   0.000000E+00   0.000000E+00   0.000000E+00   0.000000E+00   0.000000E+00   0.000000E+00   0.401307E-07   0.974410E+00   0.127590E+01   0.880661E+00   0.993640E+00   0.112715E+01   0.124129E+01   0.132776E+01   0.132931E+01   0.127944E+01   0.109148E+01   0.880894E+00   0.499307E+00   0.000000E+00   0.000000E+00   0.000000E+00   0.000000E+00   0.000000E+00   0.000000E+00   0.000000E+00   0.231010E-07   0.219455E-07   0.331301E-08   0.000000E+00   0.000000E+00   0.000000E+00   0.000000E+00   0.582287E-08   0.000000E+00   0.203041E-04   0.669711E-03   0.471045E-02   0.238436E-01   0.987927E-01   0.243377E+00   0.608012E+00   0.183433E+01   0.404030E+01   0.790329E+01   0.136997E+02   0.211985E+02   0.294942E+02   0.371507E+02   0.426123E+02   0.447443E+02   0.432110E+02   0.385417E+02   0.318703E+02   0.245116E+02   0.175861E+02   0.118022E+02   0.742538E+01   0.438864E+01   0.243610E+01   0.141738E+01   0.494792E+00   0.291451E+00   0.120744E+00   0.525089E-01   0.206693E-01   0.792051E-02   0.284913E-02   0.982277E-03   0.321365E-03   0.138089E-03
 0.000000E+00   0.470361E-12   0.185154E-11   0.698198E-11   0.252203E-10   0.872681E-10   0.289272E-09   0.918494E-09   0.279377E-08   0.814026E-08   0.000000E+00   0.000000E+00   0.000000E+00   0.000000E+00   0.879497E-08   0.170568E-07   0.235894E-07   0.574602E-07   0.192492E-06   0.486651E-06   0.129808E-05   0.449756E-05   0.162391E-04   0.368850E-04   0.135181E-03   0.273486E-03   0.561847E-03   0.652357E-03   0.106351E-02   0.791717E-03   0.965052E-04   0.620554E-05   0.000000E+00   0.000000E+00   0.000000E+00   0.000000E+00   0.453616E-08   0.000000E+00   0.000000E+00   0.000000E+00   0.000000E+00   0.000000E+00   0.000000E+00   0.251011E-07   0.000000E+00   0.000000E+00   0.000000E+00   0.000000E+00   0.000000E+00   0.000000E+00   0.000000E+00   0.000000E+00   0.000000E+00   0.000000E+00   0.000000E+00   0.000000E+00   0.000000E+00   0.000000E+00   0.000000E+00   0.000000E+00   0.000000E+00   0.000000E+00   0.000000E+00   0.532108E-07   0.974964E+00   0.134277E+01   0.892806E+00   0.994388E+00   0.111939E+01   0.122563E+01   0.130345E+01   0.129770E+01   0.124451E+01   0.105062E+01   0.852237E+00   0.437371E+00   0.000000E+00   0.000000E+00   0.000000E+00   0.000000E+00   0.000000E+00   0.000000E+00   0.000000E+00   0.231010E-07   0.219455E-07   0.331301E-08   0.000000E+00   0.000000E+00   0.000000E+00   0.000000E+00   0.582287E-08   0.000000E+00   0.215334E-04   0.677052E-03   0.473620E-02   0.239068E-01   0.993289E-01   0.242774E+00   0.608477E+00   0.183366E+01   0.403982E+01   0.789935E+01   0.136899E+02   0.211838E+02   0.294772E+02   0.371363E+02   0.426064E+02   0.447509E+02   0.432310E+02   0.385724E+02   0.319065E+02   0.245479E+02   0.176181E+02   0.118276E+02   0.744378E+01   0.440085E+01   0.244342E+01   0.142246E+01   0.496529E+00   0.292431E+00   0.121261E+00   0.527270E-01   0.207582E-01   0.795647E-02   0.286203E-02   0.986898E-03   0.322879E-03   0.138755E-03
 0.000000E+00   0.470361E-12   0.185154E-11   0.698198E-11   0.252203E-10   0.872681E-10   0.289272E-09   0.918494E-09   0.279377E-08   0.814026E-08   0.000000E+00   0.000000E+00   0.000000E+00   0.000000E+00   0.879497E-08   0.170577E-07   0.235884E-07   0.574597E-07   0.192490E-06   0.486646E-06   0.129806E-05   0.449750E-05   0.162389E-04   0.368843E-04   0.135179E-03   0.273480E-03   0.561833E-03   0.652339E-03   0.106459E-02   0.793370E-03   0.964530E-04   0.619197E-05   0.000000E+00   0.000000E+00   0.000000E+00   0.000000E+00   0.453616E-08   0.000000E+00   0.000000E+00   0.000000E+00   0.000000E+00   0.000000E+00   0.000000E+00   0.251011E-07   0.000000E+00   0.000000E+00   0.000000E+00   0.000000E+00   0.000000E+00   0.000000E+00   0.000000E+00   0.000000E+00   0.000000E+00   0.000000E+00   0.000000E+00   0.000000E+00   0.000000E+00   0.000000E+00   0.000000E+00   0.000000E+00   0.000000E+00   0.000000E+00   0.000000E+00   0.664001E-07   0.974490E+00   0.140566E+01   0.910119E+00   0.994905E+00   0.111131E+01   0.120984E+01   0.127885E+01   0.126717E+01   0.120882E+01   0.101144E+01   0.823499E+00   0.378849E+00   0.000000E+00   0.000000E+00   0.000000E+00   0.000000E+00   0.000000E+00   0.000000E+00   0.000000E+00   0.231010E-07   0.219455E-07   0.331301E-08   0.000000E+00   0.000000E+00   0.000000E+00   0.000000E+00   0.582287E-08   0.000000E+00   0.228078E-04   0.684759E-03   0.476356E-02   0.239729E-01   0.999041E-01   0.242141E+00   0.609040E+00   0.183312E+01   0.403897E+01   0.789649E+01   0.136805E+02   0.211694E+02   0.294603E+02   0.371219E+02   0.426000E+02   0.447567E+02   0.432500E+02   0.386020E+02   0.319418E+02   0.245834E+02   0.176496E+02   0.118526E+02   0.746193E+01   0.441293E+01   0.245068E+01   0.142748E+01   0.498267E+00   0.293397E+00   0.121778E+00   0.529436E-01   0.208469E-01   0.799229E-02   0.287489E-02   0.991508E-03   0.324389E-03   0.139421E-03
 0.000000E+00   0.470361E-12   0.185154E-11   0.698198E-11   0.252203E-10   0.872681E-10   0.289272E-09   0.918494E-09   0.279377E-08   0.814026E-08   0.000000E+00   0.000000E+00   0.000000E+00   0.000000E+00   0.879497E-08   0.170586E-07   0.235871E-07   0.574592E-07   0.192488E-06   0.486640E-06   0.129804E-05   0.449743E-05   0.162386E-04   0.368836E-04   0.135176E-03   0.273473E-03   0.561817E-03   0.652318E-03   0.106591E-02   0.795378E-03   0.963926E-04   0.617629E-05   0.000000E+00   0.000000E+00   0.000000E+00   0.000000E+00   0.453616E-08   0.000000E+00   0.000000E+00   0.000000E+00   0.000000E+00   0.000000E+00   0.000000E+00   0.251011E-07   0.000000E+00   0.000000E+00   0.000000E+00   0.000000E+00   0.000000E+00   0.000000E+00   0.000000E+00   0.000000E+00   0.000000E+00   0.000000E+00   0.000000E+00   0.000000E+00   0.000000E+00   0.000000E+00   0.000000E+00   0.000000E+00   0.000000E+00   0.000000E+00   0.000000E+00   0.794844E-07   0.973294E+00   0.145866E+01   0.938960E+00   0.995191E+00   0.110296E+01   0.119393E+01   0.125399E+01   0.123760E+01   0.117255E+01   0.974039E+00   0.794309E+00   0.323874E+00   0.000000E+00   0.000000E+00   0.000000E+00   0.000000E+00   0.000000E+00   0.000000E+00   0.000000E+00   0.231010E-07   0.219455E-07   0.331301E-08   0.000000E+00   0.000000E+00   0.000000E+00   0.000000E+00   0.582287E-08   0.000000E+00   0.241326E-04   0.692868E-03   0.479273E-02   0.240423E-01   0.100523E+00   0.241471E+00   0.609708E+00   0.183271E+01   0.403773E+01   0.789475E+01   0.136716E+02   0.211554E+02   0.294436E+02   0.371072E+02   0.425930E+02   0.447616E+02   0.432679E+02   0.386305E+02   0.319760E+02   0.246181E+02   0.176805E+02   0.118773E+02   0.747982E+01   0.442485E+01   0.245786E+01   0.143245E+01   0.500003E+00   0.294348E+00   0.122294E+00   0.531583E-01   0.209353E-01   0.802795E-02   0.288771E-02   0.996104E-03   0.325895E-03   0.140085E-03
 0.000000E+00   0.470361E-12   0.185154E-11   0.698198E-11   0.252203E-10   0.872681E-10   0.289272E-09   0.918494E-09   0.279377E-08   0.814026E-08   0.000000E+00   0.000000E+00   0.000000E+00   0.000000E+00   0.879497E-08   0.170596E-07   0.235859E-07   0.574588E-07   0.192486E-06   0.486635E-06   0.129803E-05   0.449737E-05   0.162383E-04   0.368829E-04   0.135173E-03   0.273466E-03   0.561800E-03   0.652297E-03   0.106747E-02   0.797738E-03   0.963313E-04   0.616031E-05   0.000000E+00   0.000000E+00   0.000000E+00   0.000000E+00   0.453616E-08   0.000000E+00   0.000000E+00   0.000000E+00   0.000000E+00   0.000000E+00   0.000000E+00   0.251011E-07   0.000000E+00   0.000000E+00   0.000000E+00   0.000000E+00   0.000000E+00   0.000000E+00   0.000000E+00   0.000000E+00   0.000000E+00   0.000000E+00   0.000000E+00   0.000000E+00   0.000000E+00   0.000000E+00   0.000000E+00   0.000000E+00   0.000000E+00   0.000000E+00   0.000000E+00   0.922243E-07   0.971672E+00   0.149783E+01   0.983295E+00   0.995264E+00   0.109439E+01   0.117789E+01   0.122897E+01   0.120879E+01   0.113588E+01   0.938454E+00   0.764329E+00   0.272574E+00   0.000000E+00   0.000000E+00   0.000000E+00   0.000000E+00   0.000000E+00   0.000000E+00   0.000000E+00   0.231010E-07   0.219455E-07   0.331301E-08   0.000000E+00   0.000000E+00   0.000000E+00   0.000000E+00   0.582287E-08   0.000000E+00   0.255128E-04   0.701421E-03   0.482394E-02   0.241153E-01   0.101190E+00   0.240762E+00   0.610491E+00   0.183244E+01   0.403606E+01   0.789426E+01   0.136631E+02   0.211418E+02   0.294271E+02   0.370925E+02   0.425855E+02   0.447657E+02   0.432847E+02   0.386578E+02   0.320092E+02   0.246519E+02   0.177107E+02   0.119014E+02   0.749742E+01   0.443661E+01   0.246495E+01   0.143735E+01   0.501735E+00   0.295283E+00   0.122808E+00   0.533710E-01   0.210233E-01   0.806341E-02   0.290047E-02   0.100068E-02   0.327396E-03   0.140748E-03
 0.000000E+00   0.470361E-12   0.185154E-11   0.698198E-11   0.252203E-10   0.872681E-10   0.289272E-09   0.918494E-09   0.279377E-08   0.814026E-08   0.000000E+00   0.000000E+00   0.000000E+00   0.000000E+00   0.879497E-08   0.170604E-07   0.235849E-07   0.574584E-07   0.192485E-06   0.486630E-06   0.129801E-05   0.449731E-05   0.162381E-04   0.368823E-04   0.135170E-03   0.273460E-03   0.561787E-03   0.652280E-03   0.106925E-02   0.800452E-03   0.962819E-04   0.614746E-05   0.000000E+00   0.000000E+00   0.000000E+00   0.000000E+00   0.453616E-08   0.000000E+00   0.000000E+00   0.000000E+00   0.000000E+00   0.000000E+00   0.000000E+00   0.251011E-07   0.000000E+00   0.000000E+00   0.000000E+00   0.000000E+00   0.000000E+00   0.000000E+00   0.000000E+00   0.000000E+00   0.000000E+00   0.000000E+00   0.000000E+00   0.000000E+00   0.000000E+00   0.000000E+00   0.000000E+00   0.000000E+00   0.000000E+00   0.000000E+00   0.000000E+00   0.104548E-06   0.969807E+00   0.152859E+01   0.103622E+01   0.995134E+00   0.108563E+01   0.116170E+01   0.120391E+01   0.118058E+01   0.109903E+01   0.904703E+00   0.733294E+00   0.225151E+00   0.000000E+00   0.000000E+00   0.000000E+00   0.000000E+00   0.000000E+00   0.000000E+00   0.000000E+00   0.231010E-07   0.219455E-07   0.331301E-08   0.000000E+00   0.000000E+00   0.000000E+00   0.000000E+00   0.582287E-08   0.000000E+00   0.269426E-04   0.710374E-03   0.485704E-02   0.241910E-01   0.101900E+00   0.240020E+00   0.611372E+00   0.183229E+01   0.403434E+01   0.789385E+01   0.136557E+02   0.211286E+02   0.294108E+02   0.370776E+02   0.425775E+02   0.447689E+02   0.433005E+02   0.386840E+02   0.320414E+02   0.246849E+02   0.177402E+02   0.119252E+02   0.751478E+01   0.444823E+01   0.247198E+01   0.144220E+01   0.503464E+00   0.296205E+00   0.123321E+00   0.535820E-01   0.211109E-01   0.809871E-02   0.291318E-02   0.100525E-02   0.328893E-03   0.141410E-03
 0.000000E+00   0.470361E-12   0.185154E-11   0.698198E-11   0.252203E-10   0.872681E-10   0.289272E-09   0.918494E-09   0.279377E-08   0.814026E-08   0.000000E+00   0.000000E+00   0.000000E+00   0.000000E+00   0.879497E-08   0.170611E-07   0.235840E-07   0.574580E-07   0.192483E-06   0.486626E-06   0.129800E-05   0.449726E-05   0.162378E-04   0.368817E-04   0.135168E-03   0.273455E-03   0.561776E-03   0.652265E-03   0.107126E-02   0.803491E-03   0.962368E-04   0.613573E-05   0.000000E+00   0.000000E+00   0.000000E+00   0.000000E+00   0.453616E-08   0.000000E+00   0.000000E+00   0.000000E+00   0.000000E+00   0.000000E+00   0.000000E+00   0.251011E-07   0.000000E+00   0.000000E+00   0.000000E+00   0.000000E+00   0.000000E+00   0.000000E+00   0.000000E+00   0.000000E+00   0.000000E+00   0.000000E+00   0.000000E+00   0.000000E+00   0.000000E+00   0.000000E+00   0.000000E+00   0.000000E+00   0.000000E+00   0.000000E+00   0.000000E+00   0.116419E-06   0.967782E+00   0.155372E+01   0.109434E+01   0.994826E+00   0.107673E+01   0.114533E+01   0.117894E+01   0.115276E+01   0.106224E+01   0.872746E+00   0.700972E+00   0.181796E+00   0.000000E+00   0.000000E+00   0.000000E+00   0.000000E+00   0.000000E+00   0.000000E+00   0.000000E+00   0.231010E-07   0.219455E-07   0.331301E-08   0.000000E+00   0.000000E+00   0.000000E+00   0.000000E+00   0.582287E-08   0.000000E+00   0.284169E-04   0.719688E-03   0.489191E-02   0.242689E-01   0.102647E+00   0.239250E+00   0.612339E+00   0.183225E+01   0.403281E+01   0.789281E+01   0.136498E+02   0.211157E+02   0.293947E+02   0.370625E+02   0.425691E+02   0.447714E+02   0.433154E+02   0.387093E+02   0.320728E+02   0.247173E+02   0.177693E+02   0.119486E+02   0.753192E+01   0.445973E+01   0.247894E+01   0.144701E+01   0.505193E+00   0.297114E+00   0.123834E+00   0.537914E-01   0.211984E-01   0.813388E-02   0.292587E-02   0.100980E-02   0.330387E-03   0.142070E-03
 0.000000E+00   0.470361E-12   0.185154E-11   0.698198E-11   0.252203E-10   0.872681E-10   0.289272E-09   0.918494E-09   0.279377E-08   0.814026E-08   0.000000E+00   0.000000E+00   0.000000E+00   0.000000E+00   0.879497E-08   0.170618E-07   0.235832E-07   0.574576E-07   0.192482E-06   0.486622E-06   0.129799E-05   0.449721E-05   0.162376E-04   0.368812E-04   0.135166E-03   0.273450E-03   0.561764E-03   0.652250E-03   0.107351E-02   0.806829E-03   0.961926E-04   0.612426E-05   0.000000E+00   0.000000E+00   0.000000E+00   0.000000E+00   0.453616E-08   0.000000E+00   0.000000E+00   0.000000E+00   0.000000E+00   0.000000E+00   0.000000E+00   0.251011E-07   0.000000E+00   0.000000E+00   0.000000E+00   0.000000E+00   0.000000E+00   0.000000E+00   0.000000E+00   0.000000E+00   0.000000E+00   0.000000E+00   0.000000E+00   0.000000E+00   0.000000E+00   0.000000E+00   0.000000E+00   0.000000E+00   0.000000E+00   0.000000E+00   0.000000E+00   0.127801E-06   0.965658E+00   0.157407E+01   0.115661E+01   0.994381E+00   0.106771E+01   0.112877E+01   0.115418E+01   0.112517E+01   0.102573E+01   0.842481E+00   0.667148E+00   0.142668E+00   0.000000E+00   0.000000E+00   0.000000E+00   0.000000E+00   0.000000E+00   0.000000E+00   0.000000E+00   0.231010E-07   0.219455E-07   0.331301E-08   0.000000E+00   0.000000E+00   0.000000E+00   0.000000E+00   0.582287E-08   0.000000E+00   0.299352E-04   0.729354E-03   0.492855E-02   0.243487E-01   0.103430E+00   0.238454E+00   0.613388E+00   0.183231E+01   0.403145E+01   0.789116E+01   0.136451E+02   0.211032E+02   0.293787E+02   0.370474E+02   0.425603E+02   0.447733E+02   0.433295E+02   0.387338E+02   0.321034E+02   0.247490E+02   0.177980E+02   0.119717E+02   0.754886E+01   0.447110E+01   0.248585E+01   0.145177E+01   0.506922E+00   0.298011E+00   0.124346E+00   0.539993E-01   0.212856E-01   0.816892E-02   0.293852E-02   0.101435E-02   0.331878E-03   0.142731E-03
 0.000000E+00   0.470361E-12   0.185154E-11   0.698198E-11   0.252203E-10   0.872681E-10   0.289272E-09   0.918494E-09   0.279377E-08   0.814026E-08   0.000000E+00   0.000000E+00   0.000000E+00   0.000000E+00   0.879497E-08   0.170625E-07   0.235823E-07   0.574573E-07   0.192481E-06   0.486618E-06   0.129797E-05   0.449716E-05   0.162374E-04   0.368807E-04   0.135163E-03   0.273445E-03   0.561752E-03   0.652235E-03   0.107598E-02   0.810447E-03   0.961491E-04   0.611296E-05   0.000000E+00   0.000000E+00   0.000000E+00   0.000000E+00   0.453616E-08   0.000000E+00   0.000000E+00   0.000000E+00   0.000000E+00   0.000000E+00   0.000000E+00   0.251011E-07   0.000000E+00   0.000000E+00   0.000000E+00   0.000000E+00   0.000000E+00   0.000000E+00   0.000000E+00   0.000000E+00   0.000000E+00   0.000000E+00   0.000000E+00   0.000000E+00   0.000000E+00   0.000000E+00   0.000000E+00   0.000000E+00   0.000000E+00   0.000000E+00   0.000000E+00   0.138676E-06   0.963485E+00   0.159028E+01   0.122227E+01   0.993857E+00   0.105859E+01   0.111201E+01   0.112974E+01   0.109766E+01   0.989707E+00   0.813763E+00   0.631633E+00   0.107922E+00   0.000000E+00   0.000000E+00   0.000000E+00   0.000000E+00   0.000000E+00   0.000000E+00   0.000000E+00   0.231010E-07   0.219455E-07   0.331301E-08   0.000000E+00   0.000000E+00   0.000000E+00   0.000000E+00   0.582287E-08   0.000000E+00   0.314979E-04   0.739371E-03   0.496701E-02   0.244302E-01   0.104250E+00   0.237633E+00   0.614517E+00   0.183247E+01   0.403027E+01   0.788891E+01   0.136418E+02   0.210909E+02   0.293628E+02   0.370322E+02   0.425511E+02   0.447745E+02   0.433428E+02   0.387575E+02   0.321332E+02   0.247800E+02   0.178261E+02   0.119945E+02   0.756560E+01   0.448237E+01   0.249270E+01   0.145649E+01   0.508650E+00   0.298896E+00   0.124858E+00   0.542058E-01   0.213726E-01   0.820383E-02   0.295114E-02   0.101888E-02   0.333366E-03   0.143390E-03
 0.000000E+00   0.470361E-12   0.185154E-11   0.698198E-11   0.252203E-10   0.872681E-10   0.289272E-09   0.918494E-09   0.279377E-08   0.814026E-08   0.000000E+00   0.000000E+00   0.000000E+00   0.000000E+00   0.879497E-08   0.170632E-07   0.235814E-07   0.574569E-07   0.192479E-06   0.486614E-06   0.129796E-05   0.449711E-05   0.162372E-04   0.368801E-04   0.135161E-03   0.273440E-03   0.561741E-03   0.652220E-03   0.107868E-02   0.814323E-03   0.961055E-04   0.610165E-05   0.000000E+00   0.000000E+00   0.000000E+00   0.000000E+00   0.453616E-08   0.000000E+00   0.000000E+00   0.000000E+00   0.000000E+00   0.000000E+00   0.000000E+00   0.251011E-07   0.000000E+00   0.000000E+00   0.000000E+00   0.000000E+00   0.000000E+00   0.000000E+00   0.000000E+00   0.000000E+00   0.000000E+00   0.000000E+00   0.000000E+00   0.000000E+00   0.000000E+00   0.000000E+00   0.000000E+00   0.000000E+00   0.000000E+00   0.000000E+00   0.000000E+00   0.149035E-06   0.961305E+00   0.160284E+01   0.129040E+01   0.993629E+00   0.104940E+01   0.109504E+01   0.110569E+01   0.107011E+01   0.954371E+00   0.786412E+00   0.594263E+00   0.777162E-01   0.000000E+00   0.000000E+00   0.000000E+00   0.000000E+00   0.000000E+00   0.000000E+00   0.000000E+00   0.231010E-07   0.219455E-07   0.331301E-08   0.000000E+00   0.000000E+00   0.000000E+00   0.000000E+00   0.582287E-08   0.000000E+00   0.331060E-04   0.749738E-03   0.500734E-02   0.245134E-01   0.105105E+00   0.236787E+00   0.615728E+00   0.183273E+01   0.402927E+01   0.788607E+01   0.136399E+02   0.210789E+02   0.293471E+02   0.370169E+02   0.425415E+02   0.447751E+02   0.433553E+02   0.387802E+02   0.321622E+02   0.248104E+02   0.178538E+02   0.120170E+02   0.758214E+01   0.449351E+01   0.249949E+01   0.146117E+01   0.510378E+00   0.299768E+00   0.125370E+00   0.544107E-01   0.214594E-01   0.823862E-02   0.296373E-02   0.102341E-02   0.334852E-03   0.144050E-03
 0.000000E+00   0.470361E-12   0.185154E-11   0.698198E-11   0.252203E-10   0.872681E-10   0.289272E-09   0.918494E-09   0.279377E-08   0.814026E-08   0.000000E+00   0.000000E+00   0.000000E+00   0.000000E+00   0.879497E-08   0.170639E-07   0.235806E-07   0.574566E-07   0.192478E-06   0.486610E-06   0.129795E-05   0.449706E-05   0.162370E-04   0.368796E-04   0.135159E-03   0.273435E-03   0.561729E-03   0.652205E-03   0.108161E-02   0.818440E-03   0.960631E-04   0.609066E-05   0.000000E+00   0.000000E+00   0.000000E+00   0.000000E+00   0.453616E-08   0.000000E+00   0.000000E+00   0.000000E+00   0.000000E+00   0.000000E+00   0.000000E+00   0.251011E-07   0.000000E+00   0.000000E+00   0.000000E+00   0.000000E+00   0.000000E+00   0.000000E+00   0.000000E+00   0.000000E+00   0.000000E+00   0.000000E+00   0.000000E+00   0.000000E+00   0.000000E+00   0.000000E+00   0.000000E+00   0.000000E+00   0.000000E+00   0.000000E+00   0.000000E+00   0.158874E-06   0.959153E+00   0.161224E+01   0.136053E+01   0.993578E+00   0.104015E+01   0.107790E+01   0.108206E+01   0.104244E+01   0.919900E+00   0.760227E+00   0.554892E+00   0.522103E-01   0.000000E+00   0.000000E+00   0.000000E+00   0.000000E+00   0.000000E+00   0.000000E+00   0.000000E+00   0.231010E-07   0.219455E-07   0.331301E-08   0.000000E+00   0.000000E+00   0.000000E+00   0.000000E+00   0.582287E-08   0.000000E+00   0.347604E-04   0.760451E-03   0.504959E-02   0.245981E-01   0.105997E+00   0.235918E+00   0.617018E+00   0.183310E+01   0.402843E+01   0.788262E+01   0.136392E+02   0.210672E+02   0.293316E+02   0.370014E+02   0.425315E+02   0.447750E+02   0.433670E+02   0.388022E+02   0.321904E+02   0.248402E+02   0.178809E+02   0.120391E+02   0.759847E+01   0.450455E+01   0.250622E+01   0.146580E+01   0.512104E+00   0.300629E+00   0.125881E+00   0.546142E-01   0.215461E-01   0.827328E-02   0.297629E-02   0.102792E-02   0.336335E-03   0.144708E-03
 0.000000E+00   0.470361E-12   0.185154E-11   0.698198E-11   0.252203E-10   0.872681E-10   0.289272E-09   0.918494E-09   0.279377E-08   0.814026E-08   0.000000E+00   0.000000E+00   0.000000E+00   0.000000E+00   0.879497E-08   0.170645E-07   0.235797E-07   0.574562E-07   0.192477E-06   0.486606E-06   0.129794E-05   0.449701E-05   0.162368E-04   0.368791E-04   0.135157E-03   0.273430E-03   0.561718E-03   0.652191E-03   0.108459E-02   0.822507E-03   0.960216E-04   0.607991E-05   0.000000E+00   0.000000E+00   0.000000E+00   0.000000E+00   0.453616E-08   0.000000E+00   0.000000E+00   0.000000E+00   0.000000E+00   0.000000E+00   0.000000E+00   0.251011E-07   0.000000E+00   0.000000E+00   0.000000E+00   0.000000E+00   0.000000E+00   0.000000E+00   0.000000E+00   0.000000E+00   0.000000E+00   0.000000E+00   0.000000E+00   0.000000E+00   0.000000E+00   0.000000E+00   0.000000E+00   0.000000E+00   0.000000E+00   0.000000E+00   0.000000E+00   0.158246E-06   0.957177E+00   0.161888E+01   0.143211E+01   0.993566E+00   0.103079E+01   0.106023E+01   0.106978E+01   0.102695E+01   0.886698E+00   0.735673E+00   0.500944E+00   0.000000E+00   0.000000E+00   0.000000E+00   0.000000E+00   0.000000E+00   0.000000E+00   0.000000E+00   0.000000E+00   0.231010E-07   0.219455E-07   0.331301E-08   0.000000E+00   0.000000E+00   0.000000E+00   0.000000E+00   0.582287E-08   0.000000E+00   0.364618E-04   0.771504E-03   0.509378E-02   0.246842E-01   0.106905E+00   0.234990E+00   0.618139E+00   0.183325E+01   0.402724E+01   0.788046E+01   0.136358E+02   0.210550E+02   0.293158E+02   0.369863E+02   0.425223E+02   0.447763E+02   0.433802E+02   0.388257E+02   0.322202E+02   0.248712E+02   0.179091E+02   0.120619E+02   0.761523E+01   0.451583E+01   0.251309E+01   0.147057E+01   0.513819E+00   0.301479E+00   0.126391E+00   0.548163E-01   0.216325E-01   0.830781E-02   0.298882E-02   0.103243E-02   0.337815E-03   0.145366E-03
 0.000000E+00   0.470361E-12   0.185154E-11   0.698198E-11   0.252203E-10   0.872681E-10   0.289272E-09   0.918494E-09   0.279377E-08   0.814026E-08   0.000000E+00   0.000000E+00   0.000000E+00   0.000000E+00   0.879497E-08   0.170652E-07   0.235789E-07   0.574559E-07   0.192475E-06   0.486602E-06   0.129793E-05   0.449696E-05   0.162366E-04   0.368786E-04   0.135155E-03   0.273425E-03   0.561707E-03   0.652177E-03   0.108782E-02   0.826905E-03   0.959804E-04   0.606924E-05   0.000000E+00   0.000000E+00   0.000000E+00   0.000000E+00   0.453616E-08   0.000000E+00   0.000000E+00   0.000000E+00   0.000000E+00   0.000000E+00   0.000000E+00   0.251011E-07   0.000000E+00   0.000000E+00   0.000000E+00   0.000000E+00   0.000000E+00   0.000000E+00   0.000000E+00   0.000000E+00   0.000000E+00   0.000000E+00   0.000000E+00   0.000000E+00   0.000000E+00   0.000000E+00   0.000000E+00   0.000000E+00   0.000000E+00   0.000000E+00   0.000000E+00   0.173610E-06   0.955217E+00   0.162316E+01   0.150466E+01   0.993993E+00   0.102152E+01   0.104239E+01   0.105171E+01   0.994153E+00   0.854389E+00   0.713159E+00   0.440682E+00   0.000000E+00   0.000000E+00   0.000000E+00   0.000000E+00   0.000000E+00   0.000000E+00   0.000000E+00   0.000000E+00   0.231010E-07   0.219455E-07   0.331301E-08   0.000000E+00   0.000000E+00   0.000000E+00   0.000000E+00   0.582287E-08   0.000000E+00   0.382114E-04   0.782893E-03   0.513994E-02   0.247717E-01   0.107857E+00   0.234055E+00   0.619451E+00   0.183364E+01   0.402645E+01   0.787708E+01   0.136348E+02   0.210438E+02   0.293003E+02   0.369708E+02   0.425122E+02   0.447759E+02   0.433916E+02   0.388473E+02   0.322481E+02   0.249007E+02   0.179361E+02   0.120839E+02   0.763150E+01   0.452683E+01   0.251982E+01   0.147521E+01   0.515535E+00   0.302317E+00   0.126901E+00   0.550169E-01   0.217187E-01   0.834222E-02   0.300132E-02   0.103693E-02   0.339293E-03   0.146023E-03
 0.000000E+00   0.470361E-12   0.185154E-11   0.698198E-11   0.252203E-10   0.872681E-10   0.289272E-09   0.918494E-09   0.279377E-08   0.814026E-08   0.000000E+00   0.000000E+00   0.000000E+00   0.000000E+00   0.879497E-08   0.170658E-07   0.235781E-07   0.574556E-07   0.192474E-06   0.486598E-06   0.129791E-05   0.449692E-05   0.162364E-04   0.368781E-04   0.135153E-03   0.273421E-03   0.561696E-03   0.652163E-03   0.109133E-02   0.831579E-03   0.959391E-04   0.605856E-05   0.000000E+00   0.000000E+00   0.000000E+00   0.000000E+00   0.453616E-08   0.000000E+00   0.000000E+00   0.000000E+00   0.000000E+00   0.000000E+00   0.000000E+00   0.251011E-07   0.000000E+00   0.000000E+00   0.000000E+00   0.000000E+00   0.000000E+00   0.000000E+00   0.000000E+00   0.000000E+00   0.000000E+00   0.000000E+00   0.000000E+00   0.000000E+00   0.000000E+00   0.000000E+00   0.000000E+00   0.000000E+00   0.000000E+00   0.000000E+00   0.000000E+00   0.183763E-06   0.953310E+00   0.162543E+01   0.157738E+01   0.995264E+00   0.101225E+01   0.102495E+01   0.103260E+01   0.962125E+00   0.823083E+00   0.691364E+00   0.382785E+00   0.000000E+00   0.000000E+00   0.000000E+00   0.000000E+00   0.000000E+00   0.000000E+00   0.000000E+00   0.000000E+00   0.231010E-07   0.219455E-07   0.331301E-08   0.000000E+00   0.000000E+00   0.000000E+00   0.000000E+00   0.582287E-08   0.000000E+00   0.400112E-04   0.794616E-03   0.518815E-02   0.248604E-01   0.108852E+00   0.233114E+00   0.620940E+00   0.183426E+01   0.402605E+01   0.787381E+01   0.136328E+02   0.210358E+02   0.292850E+02   0.369552E+02   0.425013E+02   0.447743E+02   0.434012E+02   0.388671E+02   0.322744E+02   0.249288E+02   0.179621E+02   0.121053E+02   0.764734E+01   0.453757E+01   0.252641E+01   0.147975E+01   0.517251E+00   0.303145E+00   0.127410E+00   0.552160E-01   0.218047E-01   0.837649E-02   0.301379E-02   0.104141E-02   0.340768E-03   0.146680E-03
 0.000000E+00   0.470361E-12   0.185154E-11   0.698198E-11   0.252203E-10   0.872681E-10   0.289272E-09   0.918494E-09   0.279377E-08   0.814026E-08   0.000000E+00   0.000000E+00   0.000000E+00   0.000000E+00   0.879497E-08   0.170665E-07   0.235772E-07   0.574552E-07   0.192473E-06   0.486594E-06   0.129790E-05   0.449687E-05   0.162362E-04   0.368776E-04   0.135151E-03   0.273416E-03   0.561685E-03   0.652148E-03   0.109507E-02   0.836446E-03   0.958974E-04   0.604776E-05   0.000000E+00   0.000000E+00   0.000000E+00   0.000000E+00   0.453616E-08   0.000000E+00   0.000000E+00   0.000000E+00   0.000000E+00   0.000000E+00   0.000000E+00   0.251011E-07   0.000000E+00   0.000000E+00   0.000000E+00   0.000000E+00   0.000000E+00   0.000000E+00   0.000000E+00   0.000000E+00   0.000000E+00   0.000000E+00   0.000000E+00   0.000000E+00   0.000000E+00   0.000000E+00   0.000000E+00   0.000000E+00   0.000000E+00   0.000000E+00   0.000000E+00   0.192117E-06   0.951508E+00   0.162601E+01   0.164912E+01   0.998222E+00   0.100289E+01   0.100808E+01   0.101240E+01   0.930873E+00   0.793050E+00   0.669229E+00   0.328315E+00   0.000000E+00   0.000000E+00   0.000000E+00   0.000000E+00   0.000000E+00   0.000000E+00   0.000000E+00   0.000000E+00   0.231010E-07   0.219455E-07   0.331301E-08   0.000000E+00   0.000000E+00   0.000000E+00   0.000000E+00   0.582287E-08   0.000000E+00   0.418637E-04   0.806674E-03   0.523846E-02   0.249504E-01   0.109886E+00   0.232155E+00   0.622533E+00   0.183500E+01   0.402587E+01   0.787084E+01   0.136294E+02   0.210301E+02   0.292700E+02   0.369394E+02   0.424899E+02   0.447718E+02   0.434099E+02   0.388859E+02   0.322997E+02   0.249562E+02   0.179874E+02   0.121262E+02   0.766291E+01   0.454816E+01   0.253292E+01   0.148423E+01   0.518964E+00   0.303961E+00   0.127919E+00   0.554137E-01   0.218905E-01   0.841064E-02   0.302623E-02   0.104589E-02   0.342241E-03   0.147335E-03
 0.000000E+00   0.470361E-12   0.185154E-11   0.698198E-11   0.252203E-10   0.872681E-10   0.289272E-09   0.918494E-09   0.279377E-08   0.814026E-08   0.000000E+00   0.000000E+00   0.000000E+00   0.000000E+00   0.879497E-08   0.170672E-07   0.235763E-07   0.574549E-07   0.192471E-06   0.486590E-06   0.129789E-05   0.449682E-05   0.162360E-04   0.368770E-04   0.135148E-03   0.273411E-03   0.561673E-03   0.652133E-03   0.109901E-02   0.841472E-03   0.958537E-04   0.603647E-05   0.000000E+00   0.000000E+00   0.000000E+00   0.000000E+00   0.453616E-08   0.000000E+00   0.000000E+00   0.000000E+00   0.000000E+00   0.000000E+00   0.000000E+00   0.251011E-07   0.000000E+00   0.000000E+00   0.000000E+00   0.000000E+00   0.000000E+00   0.000000E+00   0.000000E+00   0.000000E+00   0.000000E+00   0.000000E+00   0.000000E+00   0.000000E+00   0.000000E+00   0.000000E+00   0.000000E+00   0.000000E+00   0.000000E+00   0.000000E+00   0.000000E+00   0.199627E-06   0.949830E+00   0.162522E+01   0.171775E+01   0.100487E+01   0.993393E+00   0.991862E+00   0.991189E+00   0.900359E+00   0.764479E+00   0.646292E+00   0.277538E+00   0.000000E+00   0.000000E+00   0.000000E+00   0.000000E+00   0.000000E+00   0.000000E+00   0.000000E+00   0.000000E+00   0.231010E-07   0.219455E-07   0.331301E-08   0.000000E+00   0.000000E+00   0.000000E+00   0.000000E+00   0.582287E-08   0.000000E+00   0.437723E-04   0.819074E-03   0.529097E-02   0.250416E-01   0.110957E+00   0.231176E+00   0.624215E+00   0.183586E+01   0.402588E+01   0.786813E+01   0.136250E+02   0.210264E+02   0.292551E+02   0.369235E+02   0.424780E+02   0.447687E+02   0.434177E+02   0.389037E+02   0.323242E+02   0.249828E+02   0.180123E+02   0.121467E+02   0.767826E+01   0.455863E+01   0.253937E+01   0.148866E+01   0.520674E+00   0.304766E+00   0.128427E+00   0.556099E-01   0.219761E-01   0.844464E-02   0.303864E-02   0.105036E-02   0.343710E-03   0.147990E-03
 0.000000E+00   0.470361E-12   0.185154E-11   0.698198E-11   0.252203E-10   0.872681E-10   0.289272E-09   0.918494E-09   0.279377E-08   0.814026E-08   0.000000E+00   0.000000E+00   0.000000E+00   0.000000E+00   0.879497E-08   0.170680E-07   0.235753E-07   0.574545E-07   0.192470E-06   0.486585E-06   0.129787E-05   0.449676E-05   0.162358E-04   0.368764E-04   0.135146E-03   0.273405E-03   0.561660E-03   0.652116E-03   0.110316E-02   0.846631E-03   0.958049E-04   0.602389E-05   0.000000E+00   0.000000E+00   0.000000E+00   0.000000E+00   0.453616E-08   0.000000E+00   0.000000E+00   0.000000E+00   0.000000E+00   0.000000E+00   0.000000E+00   0.251011E-07   0.000000E+00   0.000000E+00   0.000000E+00   0.000000E+00   0.000000E+00   0.000000E+00   0.000000E+00   0.000000E+00   0.000000E+00   0.000000E+00   0.000000E+00   0.000000E+00   0.000000E+00   0.000000E+00   0.000000E+00   0.000000E+00   0.000000E+00   0.000000E+00   0.000000E+00   0.206585E-06   0.948287E+00   0.162339E+01   0.177907E+01   0.101960E+01   0.983770E+00   0.976239E+00   0.969084E+00   0.870544E+00   0.737461E+00   0.622232E+00   0.230577E+00   0.000000E+00   0.000000E+00   0.000000E+00   0.000000E+00   0.000000E+00   0.000000E+00   0.000000E+00   0.000000E+00   0.231010E-07   0.219455E-07   0.331301E-08   0.000000E+00   0.000000E+00   0.000000E+00   0.000000E+00   0.582287E-08   0.000000E+00   0.457429E-04   0.831836E-03   0.534585E-02   0.251342E-01   0.112068E+00   0.230174E+00   0.625987E+00   0.183683E+01   0.402609E+01   0.786568E+01   0.136194E+02   0.210246E+02   0.292404E+02   0.369075E+02   0.424658E+02   0.447649E+02   0.434247E+02   0.389207E+02   0.323478E+02   0.250088E+02   0.180366E+02   0.121669E+02   0.769338E+01   0.456896E+01   0.254574E+01   0.149304E+01   0.522379E+00   0.305559E+00   0.128933E+00   0.558044E-01   0.220613E-01   0.847849E-02   0.305101E-02   0.105481E-02   0.345175E-03   0.148644E-03
 0.000000E+00   0.470361E-12   0.185154E-11   0.698198E-11   0.252203E-10   0.872681E-10   0.289272E-09   0.918494E-09   0.279377E-08   0.814026E-08   0.000000E+00   0.000000E+00   0.000000E+00   0.000000E+00   0.879497E-08   0.170689E-07   0.235742E-07   0.574540E-07   0.192468E-06   0.486580E-06   0.129786E-05   0.449670E-05   0.162355E-04   0.368758E-04   0.135143E-03   0.273398E-03   0.561645E-03   0.652097E-03   0.110749E-02   0.851907E-03   0.957486E-04   0.600937E-05   0.000000E+00   0.000000E+00   0.000000E+00   0.000000E+00   0.453616E-08   0.000000E+00   0.000000E+00   0.000000E+00   0.000000E+00   0.000000E+00   0.000000E+00   0.251011E-07   0.000000E+00   0.000000E+00   0.000000E+00   0.000000E+00   0.000000E+00   0.000000E+00   0.000000E+00   0.000000E+00   0.000000E+00   0.000000E+00   0.000000E+00   0.000000E+00   0.000000E+00   0.000000E+00   0.000000E+00   0.000000E+00   0.000000E+00   0.000000E+00   0.000000E+00   0.213047E-06   0.946883E+00   0.162087E+01   0.182633E+01   0.104968E+01   0.974070E+00   0.961106E+00   0.946246E+00   0.841406E+00   0.711998E+00   0.596775E+00   0.187539E+00   0.000000E+00   0.000000E+00   0.000000E+00   0.000000E+00   0.000000E+00   0.000000E+00   0.000000E+00   0.000000E+00   0.231010E-07   0.219455E-07   0.331301E-08   0.000000E+00   0.000000E+00   0.000000E+00   0.000000E+00   0.582287E-08   0.000000E+00   0.477850E-04   0.845007E-03   0.540340E-02   0.252287E-01   0.113226E+00   0.229146E+00   0.627863E+00   0.183793E+01   0.402652E+01   0.786353E+01   0.136130E+02   0.210240E+02   0.292266E+02   0.368913E+02   0.424531E+02   0.447602E+02   0.434306E+02   0.389365E+02   0.323705E+02   0.250339E+02   0.180604E+02   0.121867E+02   0.770823E+01   0.457913E+01   0.255204E+01   0.149737E+01   0.524074E+00   0.306339E+00   0.129438E+00   0.559970E-01   0.221462E-01   0.851213E-02   0.306332E-02   0.105924E-02   0.346636E-03   0.149297E-03
 0.000000E+00   0.470361E-12   0.185154E-11   0.698198E-11   0.252203E-10   0.872681E-10   0.289272E-09   0.918494E-09   0.279377E-08   0.814026E-08   0.000000E+00   0.000000E+00   0.000000E+00   0.000000E+00   0.879497E-08   0.170696E-07   0.235733E-07   0.574536E-07   0.192466E-06   0.486576E-06   0.129784E-05   0.449664E-05   0.162353E-04   0.368752E-04   0.135141E-03   0.273393E-03   0.561633E-03   0.652081E-03   0.111198E-02   0.857323E-03   0.957015E-04   0.599715E-05   0.000000E+00   0.000000E+00   0.000000E+00   0.000000E+00   0.453616E-08   0.000000E+00   0.000000E+00   0.000000E+00   0.000000E+00   0.000000E+00   0.000000E+00   0.251011E-07   0.000000E+00   0.000000E+00   0.000000E+00   0.000000E+00   0.000000E+00   0.000000E+00   0.000000E+00   0.000000E+00   0.000000E+00   0.000000E+00   0.000000E+00   0.000000E+00   0.000000E+00   0.000000E+00   0.000000E+00   0.000000E+00   0.000000E+00   0.000000E+00   0.000000E+00   0.219066E-06   0.945619E+00   0.161798E+01   0.186143E+01   0.109223E+01   0.964366E+00   0.946318E+00   0.922848E+00   0.812961E+00   0.688033E+00   0.569709E+00   0.148565E+00   0.000000E+00   0.000000E+00   0.000000E+00   0.000000E+00   0.000000E+00   0.000000E+00   0.000000E+00   0.000000E+00   0.231010E-07   0.219455E-07   0.331301E-08   0.000000E+00   0.000000E+00   0.000000E+00   0.000000E+00   0.582287E-08   0.000000E+00   0.499013E-04   0.858577E-03   0.546366E-02   0.253249E-01   0.114428E+00   0.228094E+00   0.629842E+00   0.183916E+01   0.402718E+01   0.786167E+01   0.136068E+02   0.210215E+02   0.292155E+02   0.368751E+02   0.424399E+02   0.447548E+02   0.434355E+02   0.389514E+02   0.323921E+02   0.250582E+02   0.180835E+02   0.122061E+02   0.772282E+01   0.458915E+01   0.255825E+01   0.150165E+01   0.525761E+00   0.307107E+00   0.129940E+00   0.561878E-01   0.222307E-01   0.854557E-02   0.307558E-02   0.106366E-02   0.348091E-03   0.149947E-03
 0.000000E+00   0.470361E-12   0.185154E-11   0.698198E-11   0.252203E-10   0.872681E-10   0.289272E-09   0.918494E-09   0.279377E-08   0.814026E-08   0.000000E+00   0.000000E+00   0.000000E+00   0.000000E+00   0.879497E-08   0.170702E-07   0.235725E-07   0.574533E-07   0.192465E-06   0.486572E-06   0.129783E-05   0.449660E-05   0.162351E-04   0.368747E-04   0.135139E-03   0.273389E-03   0.561623E-03   0.652068E-03   0.111661E-02   0.862867E-03   0.956642E-04   0.598752E-05   0.000000E+00   0.000000E+00   0.000000E+00   0.000000E+00   0.453616E-08   0.000000E+00   0.000000E+00   0.000000E+00   0.000000E+00   0.000000E+00   0.000000E+00   0.251011E-07   0.000000E+00   0.000000E+00   0.000000E+00   0.000000E+00   0.000000E+00   0.000000E+00   0.000000E+00   0.000000E+00   0.000000E+00   0.000000E+00   0.000000E+00   0.000000E+00   0.000000E+00   0.000000E+00   0.000000E+00   0.000000E+00   0.000000E+00   0.000000E+00   0.000000E+00   0.224778E-06   0.944493E+00   0.161485E+01   0.188994E+01   0.114040E+01   0.954732E+00   0.931719E+00   0.899067E+00   0.785263E+00   0.665458E+00   0.540888E+00   0.113828E+00   0.000000E+00   0.000000E+00   0.000000E+00   0.000000E+00   0.000000E+00   0.000000E+00   0.000000E+00   0.000000E+00   0.231010E-07   0.219455E-07   0.331301E-08   0.000000E+00   0.000000E+00   0.000000E+00   0.000000E+00   0.582287E-08   0.000000E+00   0.520849E-04   0.872469E-03   0.552631E-02   0.254222E-01   0.115667E+00   0.227025E+00   0.631900E+00   0.184050E+01   0.402800E+01   0.786004E+01   0.136009E+02   0.210176E+02   0.292065E+02   0.368588E+02   0.424263E+02   0.447488E+02   0.434397E+02   0.389654E+02   0.324131E+02   0.250819E+02   0.181061E+02   0.122251E+02   0.773721E+01   0.459905E+01   0.256441E+01   0.150588E+01   0.527442E+00   0.307865E+00   0.130441E+00   0.563771E-01   0.223150E-01   0.857887E-02   0.308780E-02   0.106807E-02   0.349543E-03   0.150597E-03
 0.000000E+00   0.470361E-12   0.185154E-11   0.698198E-11   0.252203E-10   0.872681E-10   0.289272E-09   0.918494E-09   0.279377E-08   0.814026E-08   0.000000E+00   0.000000E+00   0.000000E+00   0.000000E+00   0.879497E-08   0.170708E-07   0.235718E-07   0.574530E-07   0.192464E-06   0.486569E-06   0.129782E-05   0.449656E-05   0.162350E-04   0.368743E-04   0.135137E-03   0.273385E-03   0.561614E-03   0.652056E-03   0.112139E-02   0.868516E-03   0.956296E-04   0.597857E-05   0.000000E+00   0.000000E+00   0.000000E+00   0.000000E+00   0.453616E-08   0.000000E+00   0.000000E+00   0.000000E+00   0.000000E+00   0.000000E+00   0.000000E+00   0.251011E-07   0.000000E+00   0.000000E+00   0.000000E+00   0.000000E+00   0.000000E+00   0.000000E+00   0.000000E+00   0.000000E+00   0.000000E+00   0.000000E+00   0.000000E+00   0.000000E+00   0.000000E+00   0.000000E+00   0.000000E+00   0.000000E+00   0.000000E+00   0.000000E+00   0.000000E+00   0.230155E-06   0.943502E+00   0.161154E+01   0.191344E+01   0.119235E+01   0.945251E+00   0.917165E+00   0.875062E+00   0.758375E+00   0.644110E+00   0.510189E+00   0.834670E-01   0.000000E+00   0.000000E+00   0.000000E+00   0.000000E+00   0.000000E+00   0.000000E+00   0.000000E+00   0.000000E+00   0.231010E-07   0.219455E-07   0.331301E-08   0.000000E+00   0.000000E+00   0.000000E+00   0.000000E+00   0.582287E-08   0.000000E+00   0.543347E-04   0.886649E-03   0.559123E-02   0.255202E-01   0.116937E+00   0.225944E+00   0.634029E+00   0.184192E+01   0.402898E+01   0.785862E+01   0.135952E+02   0.210123E+02   0.291994E+02   0.368423E+02   0.424125E+02   0.447423E+02   0.434432E+02   0.389787E+02   0.324333E+02   0.251051E+02   0.181284E+02   0.122439E+02   0.775142E+01   0.460885E+01   0.257051E+01   0.151008E+01   0.529120E+00   0.308613E+00   0.130941E+00   0.565651E-01   0.223990E-01   0.861205E-02   0.310001E-02   0.107246E-02   0.350993E-03   0.151246E-03
 0.000000E+00   0.470361E-12   0.185154E-11   0.698198E-11   0.252203E-10   0.872681E-10   0.289272E-09   0.918494E-09   0.279377E-08   0.814026E-08   0.000000E+00   0.000000E+00   0.000000E+00   0.000000E+00   0.879497E-08   0.170713E-07   0.235711E-07   0.574528E-07   0.192463E-06   0.486566E-06   0.129781E-05   0.449652E-05   0.162348E-04   0.368739E-04   0.135135E-03   0.273381E-03   0.561605E-03   0.652044E-03   0.112631E-02   0.874260E-03   0.955960E-04   0.596990E-05   0.000000E+00   0.000000E+00   0.000000E+00   0.000000E+00   0.453616E-08   0.000000E+00   0.000000E+00   0.000000E+00   0.000000E+00   0.000000E+00   0.000000E+00   0.251011E-07   0.000000E+00   0.000000E+00   0.000000E+00   0.000000E+00   0.000000E+00   0.000000E+00   0.000000E+00   0.000000E+00   0.000000E+00   0.000000E+00   0.000000E+00   0.000000E+00   0.000000E+00   0.000000E+00   0.000000E+00   0.000000E+00   0.000000E+00   0.000000E+00   0.000000E+00   0.235192E-06   0.942643E+00   0.160812E+01   0.193264E+01   0.124724E+01   0.935995E+00   0.902535E+00   0.850976E+00   0.732365E+00   0.623781E+00   0.477513E+00   0.576086E-01   0.000000E+00   0.000000E+00   0.000000E+00   0.000000E+00   0.000000E+00   0.000000E+00   0.000000E+00   0.000000E+00   0.231010E-07   0.219455E-07   0.331301E-08   0.000000E+00   0.000000E+00   0.000000E+00   0.000000E+00   0.582287E-08   0.000000E+00   0.566534E-04   0.901105E-03   0.565843E-02   0.256190E-01   0.118238E+00   0.224851E+00   0.636224E+00   0.184344E+01   0.403010E+01   0.785738E+01   0.135897E+02   0.210058E+02   0.291941E+02   0.368258E+02   0.423983E+02   0.447352E+02   0.434461E+02   0.389913E+02   0.324530E+02   0.251277E+02   0.181502E+02   0.122623E+02   0.776546E+01   0.461855E+01   0.257656E+01   0.151425E+01   0.530794E+00   0.309352E+00   0.131441E+00   0.567519E-01   0.224830E-01   0.864512E-02   0.311218E-02   0.107685E-02   0.352441E-03   0.151895E-03
 0.000000E+00   0.470361E-12   0.185154E-11   0.698198E-11   0.252203E-10   0.872681E-10   0.289272E-09   0.918494E-09   0.279377E-08   0.814026E-08   0.000000E+00   0.000000E+00   0.000000E+00   0.000000E+00   0.879497E-08   0.170719E-07   0.235705E-07   0.574525E-07   0.192462E-06   0.486563E-06   0.129780E-05   0.449648E-05   0.162347E-04   0.368735E-04   0.135134E-03   0.273377E-03   0.561596E-03   0.652033E-03   0.113138E-02   0.880089E-03   0.955626E-04   0.596130E-05   0.000000E+00   0.000000E+00   0.000000E+00   0.000000E+00   0.453616E-08   0.000000E+00   0.000000E+00   0.000000E+00   0.000000E+00   0.000000E+00   0.000000E+00   0.251011E-07   0.000000E+00   0.000000E+00   0.000000E+00   0.000000E+00   0.000000E+00   0.000000E+00   0.000000E+00   0.000000E+00   0.000000E+00   0.000000E+00   0.000000E+00   0.000000E+00   0.000000E+00   0.000000E+00   0.000000E+00   0.000000E+00   0.000000E+00   0.000000E+00   0.000000E+00   0.239904E-06   0.941912E+00   0.160462E+01   0.194804E+01   0.130418E+01   0.927364E+00   0.887736E+00   0.826932E+00   0.707298E+00   0.604246E+00   0.442781E+00   0.363749E-01   0.000000E+00   0.000000E+00   0.000000E+00   0.000000E+00   0.000000E+00   0.000000E+00   0.000000E+00   0.000000E+00   0.231010E-07   0.219455E-07   0.331301E-08   0.000000E+00   0.000000E+00   0.000000E+00   0.000000E+00   0.582287E-08   0.000000E+00   0.590444E-04   0.915832E-03   0.572791E-02   0.257186E-01   0.119568E+00   0.223749E+00   0.638485E+00   0.184504E+01   0.403137E+01   0.785633E+01   0.135844E+02   0.209980E+02   0.291906E+02   0.368092E+02   0.423838E+02   0.447277E+02   0.434483E+02   0.390032E+02   0.324720E+02   0.251498E+02   0.181717E+02   0.122806E+02   0.777933E+01   0.462815E+01   0.258256E+01   0.151838E+01   0.532465E+00   0.310082E+00   0.131940E+00   0.569374E-01   0.225667E-01   0.867807E-02   0.312434E-02   0.108123E-02   0.353887E-03   0.152543E-03
 0.000000E+00   0.470361E-12   0.185154E-11   0.698198E-11   0.252203E-10   0.872681E-10   0.289272E-09   0.918494E-09   0.279377E-08   0.814026E-08   0.000000E+00   0.000000E+00   0.000000E+00   0.000000E+00   0.879497E-08   0.170722E-07   0.235701E-07   0.574523E-07   0.192461E-06   0.486561E-06   0.129780E-05   0.449646E-05   0.162346E-04   0.368733E-04   0.135133E-03   0.273375E-03   0.561591E-03   0.652026E-03   0.113621E-02   0.885589E-03   0.955440E-04   0.595647E-05   0.000000E+00   0.000000E+00   0.000000E+00   0.000000E+00   0.453616E-08   0.000000E+00   0.000000E+00   0.000000E+00   0.000000E+00   0.000000E+00   0.000000E+00   0.251011E-07   0.000000E+00   0.000000E+00   0.000000E+00   0.000000E+00   0.000000E+00   0.000000E+00   0.000000E+00   0.000000E+00   0.000000E+00   0.000000E+00   0.000000E+00   0.000000E+00   0.000000E+00   0.000000E+00   0.000000E+00   0.000000E+00   0.000000E+00   0.000000E+00   0.000000E+00   0.234344E-06   0.941350E+00   0.160131E+01   0.196322E+01   0.136184E+01   0.929694E+00   0.872694E+00   0.803155E+00   0.683376E+00   0.586204E+00   0.391236E+00   0.000000E+00   0.000000E+00   0.000000E+00   0.000000E+00   0.000000E+00   0.000000E+00   0.000000E+00   0.000000E+00   0.000000E+00   0.231010E-07   0.219455E-07   0.331301E-08   0.000000E+00   0.000000E+00   0.000000E+00   0.000000E+00   0.582287E-08   0.000000E+00   0.615034E-04   0.930774E-03   0.579942E-02   0.258188E-01   0.120891E+00   0.222592E+00   0.640498E+00   0.184633E+01   0.403210E+01   0.785459E+01   0.135784E+02   0.209946E+02   0.291808E+02   0.367930E+02   0.423705E+02   0.447219E+02   0.434528E+02   0.390176E+02   0.324931E+02   0.251737E+02   0.181945E+02   0.122997E+02   0.779382E+01   0.463812E+01   0.258877E+01   0.152269E+01   0.534125E+00   0.310804E+00   0.132440E+00   0.571219E-01   0.226505E-01   0.871095E-02   0.313648E-02   0.108561E-02   0.355333E-03   0.153191E-03
 0.000000E+00   0.470361E-12   0.185154E-11   0.698198E-11   0.252203E-10   0.872681E-10   0.289272E-09   0.918494E-09   0.279377E-08   0.814026E-08   0.000000E+00   0.000000E+00   0.000000E+00   0.000000E+00   0.879497E-08   0.170727E-07   0.235695E-07   0.574521E-07   0.192460E-06   0.486558E-06   0.129779E-05   0.449643E-05   0.162344E-04   0.368729E-04   0.135131E-03   0.273371E-03   0.561582E-03   0.652015E-03   0.114139E-02   0.891448E-03   0.955130E-04   0.594852E-05   0.000000E+00   0.000000E+00   0.000000E+00   0.000000E+00   0.453616E-08   0.000000E+00   0.000000E+00   0.000000E+00   0.000000E+00   0.000000E+00   0.000000E+00   0.251011E-07   0.000000E+00   0.000000E+00   0.000000E+00   0.000000E+00   0.000000E+00   0.000000E+00   0.000000E+00   0.000000E+00   0.000000E+00   0.000000E+00   0.000000E+00   0.000000E+00   0.000000E+00   0.000000E+00   0.000000E+00   0.000000E+00   0.000000E+00   0.000000E+00   0.000000E+00   0.245411E-06   0.940868E+00   0.159779E+01   0.197641E+01   0.142032E+01   0.917497E+00   0.857430E+00   0.779544E+00   0.660257E+00   0.569418E+00   0.339576E+00   0.000000E+00   0.000000E+00   0.000000E+00   0.000000E+00   0.000000E+00   0.000000E+00   0.000000E+00   0.000000E+00   0.000000E+00   0.231010E-07   0.219455E-07   0.331301E-08   0.000000E+00   0.000000E+00   0.000000E+00   0.000000E+00   0.582287E-08   0.000000E+00   0.640343E-04   0.945928E-03   0.587295E-02   0.259197E-01   0.122256E+00   0.221464E+00   0.642766E+00   0.184795E+01   0.403338E+01   0.785356E+01   0.135732E+02   0.209866E+02   0.291775E+02   0.367764E+02   0.423560E+02   0.447143E+02   0.434549E+02   0.390294E+02   0.325120E+02   0.251957E+02   0.182159E+02   0.123179E+02   0.780766E+01   0.464771E+01   0.259477E+01   0.152684E+01   0.535789E+00   0.311519E+00   0.132939E+00   0.573055E-01   0.227341E-01   0.874376E-02   0.314862E-02   0.108998E-02   0.356778E-03   0.153840E-03
 0.000000E+00   0.470361E-12   0.185154E-11   0.698198E-11   0.252203E-10   0.872681E-10   0.289272E-09   0.918494E-09   0.279377E-08   0.814026E-08   0.000000E+00   0.000000E+00   0.000000E+00   0.000000E+00   0.879497E-08   0.170732E-07   0.235688E-07   0.574518E-07   0.192459E-06   0.486555E-06   0.129778E-05   0.449639E-05   0.162343E-04   0.368725E-04   0.135130E-03   0.273367E-03   0.561574E-03   0.652004E-03   0.114678E-02   0.897460E-03   0.954811E-04   0.594030E-05   0.000000E+00   0.000000E+00   0.000000E+00   0.000000E+00   0.453616E-08   0.000000E+00   0.000000E+00   0.000000E+00   0.000000E+00   0.000000E+00   0.000000E+00   0.251011E-07   0.000000E+00   0.000000E+00   0.000000E+00   0.000000E+00   0.000000E+00   0.000000E+00   0.000000E+00   0.000000E+00   0.000000E+00   0.000000E+00   0.000000E+00   0.000000E+00   0.000000E+00   0.000000E+00   0.000000E+00   0.000000E+00   0.000000E+00   0.000000E+00   0.000000E+00   0.251160E-06   0.940492E+00   0.159420E+01   0.198664E+01   0.148028E+01   0.905808E+00   0.842400E+00   0.755727E+00   0.638090E+00   0.552552E+00   0.290749E+00   0.000000E+00   0.000000E+00   0.000000E+00   0.000000E+00   0.000000E+00   0.000000E+00   0.000000E+00   0.000000E+00   0.000000E+00   0.231010E-07   0.219455E-07   0.331301E-08   0.000000E+00   0.000000E+00   0.000000E+00   0.000000E+00   0.582287E-08   0.000000E+00   0.666484E-04   0.961342E-03   0.594879E-02   0.260218E-01   0.123656E+00   0.220340E+00   0.645165E+00   0.184974E+01   0.403495E+01   0.785291E+01   0.135683E+02   0.209766E+02   0.291768E+02   0.367601E+02   0.423409E+02   0.447057E+02   0.434558E+02   0.390399E+02   0.325296E+02   0.252167E+02   0.182365E+02   0.123355E+02   0.782117E+01   0.465710E+01   0.260067E+01   0.153090E+01   0.537451E+00   0.312225E+00   0.133438E+00   0.574879E-01   0.228177E-01   0.877645E-02   0.316073E-02   0.109435E-02   0.358221E-03   0.154488E-03
 0.000000E+00   0.470361E-12   0.185154E-11   0.698198E-11   0.252203E-10   0.872681E-10   0.289272E-09   0.918494E-09   0.279377E-08   0.814026E-08   0.000000E+00   0.000000E+00   0.000000E+00   0.000000E+00   0.879497E-08   0.170737E-07   0.235682E-07   0.574516E-07   0.192458E-06   0.486552E-06   0.129777E-05   0.449635E-05   0.162341E-04   0.368721E-04   0.135128E-03   0.273364E-03   0.561565E-03   0.651993E-03   0.115230E-02   0.903560E-03   0.954494E-04   0.593215E-05   0.000000E+00   0.000000E+00   0.000000E+00   0.000000E+00   0.453616E-08   0.000000E+00   0.000000E+00   0.000000E+00   0.000000E+00   0.000000E+00   0.000000E+00   0.251011E-07   0.000000E+00   0.000000E+00   0.000000E+00   0.000000E+00   0.000000E+00   0.000000E+00   0.000000E+00   0.000000E+00   0.000000E+00   0.000000E+00   0.000000E+00   0.000000E+00   0.000000E+00   0.000000E+00   0.000000E+00   0.000000E+00   0.000000E+00   0.000000E+00   0.000000E+00   0.255272E-06   0.940227E+00   0.159061E+01   0.199420E+01   0.154123E+01   0.894680E+00   0.827128E+00   0.732340E+00   0.617043E+00   0.534842E+00   0.245390E+00   0.000000E+00   0.000000E+00   0.000000E+00   0.000000E+00   0.000000E+00   0.000000E+00   0.000000E+00   0.000000E+00   0.000000E+00   0.231010E-07   0.219455E-07   0.331301E-08   0.000000E+00   0.000000E+00   0.000000E+00   0.000000E+00   0.582287E-08   0.000000E+00   0.693500E-04   0.977015E-03   0.602695E-02   0.261252E-01   0.125084E+00   0.219212E+00   0.647647E+00   0.185163E+01   0.403670E+01   0.785249E+01   0.135636E+02   0.209666E+02   0.291745E+02   0.367461E+02   0.423255E+02   0.446965E+02   0.434559E+02   0.390495E+02   0.325465E+02   0.252371E+02   0.182566E+02   0.123528E+02   0.783448E+01   0.466638E+01   0.260651E+01   0.153492E+01   0.539110E+00   0.312922E+00   0.133935E+00   0.576690E-01   0.229010E-01   0.880903E-02   0.317283E-02   0.109870E-02   0.359662E-03   0.155136E-03
 0.000000E+00   0.470361E-12   0.185154E-11   0.698198E-11   0.252203E-10   0.872681E-10   0.289272E-09   0.918494E-09   0.279377E-08   0.814026E-08   0.000000E+00   0.000000E+00   0.000000E+00   0.000000E+00   0.879497E-08   0.170742E-07   0.235676E-07   0.574513E-07   0.192457E-06   0.486549E-06   0.129776E-05   0.449632E-05   0.162340E-04   0.368717E-04   0.135126E-03   0.273360E-03   0.561557E-03   0.651983E-03   0.115793E-02   0.909730E-03   0.954186E-04   0.592421E-05   0.000000E+00   0.000000E+00   0.000000E+00   0.000000E+00   0.453616E-08   0.000000E+00   0.000000E+00   0.000000E+00   0.000000E+00   0.000000E+00   0.000000E+00   0.251011E-07   0.000000E+00   0.000000E+00   0.000000E+00   0.000000E+00   0.000000E+00   0.000000E+00   0.000000E+00   0.000000E+00   0.000000E+00   0.000000E+00   0.000000E+00   0.000000E+00   0.000000E+00   0.000000E+00   0.000000E+00   0.000000E+00   0.000000E+00   0.000000E+00   0.000000E+00   0.258759E-06   0.940071E+00   0.158705E+01   0.199937E+01   0.160262E+01   0.884327E+00   0.811594E+00   0.709461E+00   0.597210E+00   0.515989E+00   0.203625E+00   0.000000E+00   0.000000E+00   0.000000E+00   0.000000E+00   0.000000E+00   0.000000E+00   0.000000E+00   0.000000E+00   0.000000E+00   0.231010E-07   0.219455E-07   0.331301E-08   0.000000E+00   0.000000E+00   0.000000E+00   0.000000E+00   0.582287E-08   0.000000E+00   0.721428E-04   0.992946E-03   0.610741E-02   0.262301E-01   0.126540E+00   0.218081E+00   0.650196E+00   0.185362E+01   0.403859E+01   0.785227E+01   0.135592E+02   0.209567E+02   0.291705E+02   0.367341E+02   0.423097E+02   0.446868E+02   0.434554E+02   0.390586E+02   0.325628E+02   0.252569E+02   0.182763E+02   0.123699E+02   0.784761E+01   0.467555E+01   0.261229E+01   0.153890E+01   0.540764E+00   0.313612E+00   0.134433E+00   0.578490E-01   0.229843E-01   0.884149E-02   0.318490E-02   0.110305E-02   0.361101E-03   0.155783E-03
 0.000000E+00   0.470361E-12   0.185154E-11   0.698198E-11   0.252203E-10   0.872681E-10   0.289272E-09   0.918494E-09   0.279377E-08   0.814026E-08   0.000000E+00   0.000000E+00   0.000000E+00   0.000000E+00   0.879497E-08   0.170747E-07   0.235670E-07   0.574511E-07   0.192456E-06   0.486546E-06   0.129775E-05   0.449628E-05   0.162338E-04   0.368714E-04   0.135125E-03   0.273357E-03   0.561549E-03   0.651972E-03   0.116365E-02   0.915963E-03   0.953885E-04   0.591647E-05   0.000000E+00   0.000000E+00   0.000000E+00   0.000000E+00   0.453616E-08   0.000000E+00   0.000000E+00   0.000000E+00   0.000000E+00   0.000000E+00   0.000000E+00   0.251011E-07   0.000000E+00   0.000000E+00   0.000000E+00   0.000000E+00   0.000000E+00   0.000000E+00   0.000000E+00   0.000000E+00   0.000000E+00   0.000000E+00   0.000000E+00   0.000000E+00   0.000000E+00   0.000000E+00   0.000000E+00   0.000000E+00   0.000000E+00   0.000000E+00   0.000000E+00   0.261906E-06   0.940019E+00   0.158355E+01   0.200244E+01   0.166389E+01   0.874981E+00   0.795812E+00   0.687151E+00   0.578600E+00   0.495783E+00   0.165541E+00   0.000000E+00   0.000000E+00   0.000000E+00   0.000000E+00   0.000000E+00   0.000000E+00   0.000000E+00   0.000000E+00   0.000000E+00   0.231010E-07   0.219455E-07   0.331301E-08   0.000000E+00   0.000000E+00   0.000000E+00   0.000000E+00   0.582287E-08   0.000000E+00   0.750306E-04   0.100913E-02   0.619017E-02   0.263367E-01   0.128020E+00   0.216945E+00   0.652807E+00   0.185569E+01   0.404063E+01   0.785223E+01   0.135550E+02   0.209470E+02   0.291648E+02   0.367240E+02   0.422937E+02   0.446766E+02   0.434543E+02   0.390669E+02   0.325785E+02   0.252762E+02   0.182957E+02   0.123867E+02   0.786058E+01   0.468463E+01   0.261803E+01   0.154285E+01   0.542415E+00   0.314293E+00   0.134929E+00   0.580278E-01   0.230673E-01   0.887385E-02   0.319695E-02   0.110739E-02   0.362538E-03   0.156430E-03
 0.000000E+00   0.470361E-12   0.185154E-11   0.698198E-11   0.252203E-10   0.872681E-10   0.289272E-09   0.918494E-09   0.279377E-08   0.814026E-08   0.000000E+00   0.000000E+00   0.000000E+00   0.000000E+00   0.879497E-08   0.170751E-07   0.235664E-07   0.574508E-07   0.192455E-06   0.486543E-06   0.129775E-05   0.449625E-05   0.162337E-04   0.368710E-04   0.135123E-03   0.273353E-03   0.561541E-03   0.651962E-03   0.116946E-02   0.922254E-03   0.953590E-04   0.590887E-05   0.000000E+00   0.000000E+00   0.000000E+00   0.000000E+00   0.453616E-08   0.000000E+00   0.000000E+00   0.000000E+00   0.000000E+00   0.000000E+00   0.000000E+00   0.251011E-07   0.000000E+00   0.000000E+00   0.000000E+00   0.000000E+00   0.000000E+00   0.000000E+00   0.000000E+00   0.000000E+00   0.000000E+00   0.000000E+00   0.000000E+00   0.000000E+00   0.000000E+00   0.000000E+00   0.000000E+00   0.000000E+00   0.000000E+00   0.000000E+00   0.000000E+00   0.264799E-06   0.940069E+00   0.158012E+01   0.200372E+01   0.172433E+01   0.867020E+00   0.779819E+00   0.665470E+00   0.561151E+00   0.474072E+00   0.131218E+00   0.000000E+00   0.000000E+00   0.000000E+00   0.000000E+00   0.000000E+00   0.000000E+00   0.000000E+00   0.000000E+00   0.000000E+00   0.231010E-07   0.219455E-07   0.331301E-08   0.000000E+00   0.000000E+00   0.000000E+00   0.000000E+00   0.582287E-08   0.000000E+00   0.780174E-04   0.102557E-02   0.627520E-02   0.264451E-01   0.129524E+00   0.215807E+00   0.655478E+00   0.185784E+01   0.404279E+01   0.785236E+01   0.135509E+02   0.209374E+02   0.291577E+02   0.367157E+02   0.422774E+02   0.446660E+02   0.434526E+02   0.390747E+02   0.325936E+02   0.252951E+02   0.183147E+02   0.124032E+02   0.787339E+01   0.469362E+01   0.262371E+01   0.154677E+01   0.544061E+00   0.314967E+00   0.135425E+00   0.582055E-01   0.231503E-01   0.890610E-02   0.320898E-02   0.111173E-02   0.363974E-03   0.157076E-03
 0.000000E+00   0.470361E-12   0.185154E-11   0.698198E-11   0.252203E-10   0.872681E-10   0.289272E-09   0.918494E-09   0.279377E-08   0.814026E-08   0.000000E+00   0.000000E+00   0.000000E+00   0.000000E+00   0.879497E-08   0.170756E-07   0.235657E-07   0.574506E-07   0.192454E-06   0.486541E-06   0.129774E-05   0.449621E-05   0.162335E-04   0.368706E-04   0.135122E-03   0.273350E-03   0.561533E-03   0.651952E-03   0.117534E-02   0.928598E-03   0.953292E-04   0.590123E-05   0.000000E+00   0.000000E+00   0.000000E+00   0.000000E+00   0.453616E-08   0.000000E+00   0.000000E+00   0.000000E+00   0.000000E+00   0.000000E+00   0.000000E+00   0.251011E-07   0.000000E+00   0.000000E+00   0.000000E+00   0.000000E+00   0.000000E+00   0.000000E+00   0.000000E+00   0.000000E+00   0.000000E+00   0.000000E+00   0.000000E+00   0.000000E+00   0.000000E+00   0.000000E+00   0.000000E+00   0.000000E+00   0.000000E+00   0.000000E+00   0.000000E+00   0.267468E-06   0.940215E+00   0.157678E+01   0.200347E+01   0.178288E+01   0.861282E+00   0.763670E+00   0.644479E+00   0.544748E+00   0.450750E+00   0.100727E+00   0.000000E+00   0.000000E+00   0.000000E+00   0.000000E+00   0.000000E+00   0.000000E+00   0.000000E+00   0.000000E+00   0.000000E+00   0.231010E-07   0.219455E-07   0.331301E-08   0.000000E+00   0.000000E+00   0.000000E+00   0.000000E+00   0.582287E-08   0.000000E+00   0.811075E-04   0.104226E-02   0.636250E-02   0.265556E-01   0.131052E+00   0.214667E+00   0.658208E+00   0.186008E+01   0.404509E+01   0.785267E+01   0.135471E+02   0.209279E+02   0.291490E+02   0.367091E+02   0.422608E+02   0.446549E+02   0.434504E+02   0.390819E+02   0.326081E+02   0.253135E+02   0.183334E+02   0.124195E+02   0.788604E+01   0.470251E+01   0.262936E+01   0.155066E+01   0.545703E+00   0.315632E+00   0.135920E+00   0.583820E-01   0.232330E-01   0.893824E-02   0.322099E-02   0.111605E-02   0.365408E-03   0.157722E-03
 0.000000E+00   0.470361E-12   0.185154E-11   0.698198E-11   0.252203E-10   0.872681E-10   0.289272E-09   0.918494E-09   0.279377E-08   0.814026E-08   0.000000E+00   0.000000E+00   0.000000E+00   0.000000E+00   0.879497E-08   0.170761E-07   0.235651E-07   0.574503E-07   0.192453E-06   0.486538E-06   0.129773E-05   0.449618E-05   0.162334E-04   0.368702E-04   0.135120E-03   0.273346E-03   0.561525E-03   0.651941E-03   0.118129E-02   0.934989E-03   0.952977E-04   0.589313E-05   0.000000E+00   0.000000E+00   0.000000E+00   0.000000E+00   0.453616E-08   0.000000E+00   0.000000E+00   0.000000E+00   0.000000E+00   0.000000E+00   0.000000E+00   0.251011E-07   0.000000E+00   0.000000E+00   0.000000E+00   0.000000E+00   0.000000E+00   0.000000E+00   0.000000E+00   0.000000E+00   0.000000E+00   0.000000E+00   0.000000E+00   0.000000E+00   0.000000E+00   0.000000E+00   0.000000E+00   0.000000E+00   0.000000E+00   0.000000E+00   0.000000E+00   0.269933E-06   0.940454E+00   0.157354E+01   0.200198E+01   0.183734E+01   0.859841E+00   0.747431E+00   0.624236E+00   0.529230E+00   0.425745E+00   0.741384E-01   0.000000E+00   0.000000E+00   0.000000E+00   0.000000E+00   0.000000E+00   0.000000E+00   0.000000E+00   0.000000E+00   0.000000E+00   0.231010E-07   0.219455E-07   0.331301E-08   0.000000E+00   0.000000E+00   0.000000E+00   0.000000E+00   0.582287E-08   0.000000E+00   0.843071E-04   0.105923E-02   0.645210E-02   0.266685E-01   0.132602E+00   0.213526E+00   0.661000E+00   0.186240E+01   0.404753E+01   0.785315E+01   0.135434E+02   0.209186E+02   0.291388E+02   0.367045E+02   0.422440E+02   0.446434E+02   0.434476E+02   0.390885E+02   0.326221E+02   0.253314E+02   0.183516E+02   0.124355E+02   0.789854E+01   0.471132E+01   0.263495E+01   0.155451E+01   0.547339E+00   0.316290E+00   0.136414E+00   0.585574E-01   0.233157E-01   0.897026E-02   0.323297E-02   0.112037E-02   0.366840E-03   0.158368E-03
 0.000000E+00   0.470361E-12   0.185154E-11   0.698198E-11   0.252203E-10   0.872681E-10   0.289272E-09   0.918494E-09   0.279377E-08   0.814026E-08   0.000000E+00   0.000000E+00   0.000000E+00   0.000000E+00   0.879497E-08   0.170768E-07   0.235643E-07   0.574500E-07   0.192452E-06   0.486534E-06   0.129772E-05   0.449613E-05   0.162332E-04   0.368698E-04   0.135118E-03   0.273342E-03   0.561514E-03   0.651928E-03   0.118731E-02   0.941415E-03   0.952598E-04   0.588345E-05   0.000000E+00   0.000000E+00   0.000000E+00   0.000000E+00   0.453616E-08   0.000000E+00   0.000000E+00   0.000000E+00   0.000000E+00   0.000000E+00   0.000000E+00   0.251011E-07   0.000000E+00   0.000000E+00   0.000000E+00   0.000000E+00   0.000000E+00   0.000000E+00   0.000000E+00   0.000000E+00   0.000000E+00   0.000000E+00   0.000000E+00   0.000000E+00   0.000000E+00   0.000000E+00   0.000000E+00   0.000000E+00   0.000000E+00   0.000000E+00   0.000000E+00   0.272232E-06   0.940780E+00   0.157041E+01   0.199957E+01   0.188270E+01   0.868029E+00   0.731171E+00   0.604795E+00   0.514413E+00   0.399008E+00   0.515121E-01   0.000000E+00   0.000000E+00   0.000000E+00   0.000000E+00   0.000000E+00   0.000000E+00   0.000000E+00   0.000000E+00   0.000000E+00   0.231010E-07   0.219455E-07   0.331301E-08   0.000000E+00   0.000000E+00   0.000000E+00   0.000000E+00   0.582287E-08   0.000000E+00   0.876257E-04   0.107650E-02   0.654417E-02   0.267845E-01   0.134179E+00   0.212382E+00   0.663860E+00   0.186481E+01   0.405012E+01   0.785383E+01   0.135399E+02   0.209095E+02   0.291268E+02   0.367019E+02   0.422268E+02   0.446314E+02   0.434441E+02   0.390943E+02   0.326354E+02   0.253488E+02   0.183695E+02   0.124513E+02   0.791085E+01   0.472001E+01   0.264048E+01   0.155833E+01   0.548968E+00   0.316939E+00   0.136906E+00   0.587314E-01   0.233981E-01   0.900215E-02   0.324493E-02   0.112468E-02   0.368269E-03   0.159012E-03
 0.000000E+00   0.470361E-12   0.185154E-11   0.698198E-11   0.252203E-10   0.872681E-10   0.289272E-09   0.918494E-09   0.279377E-08   0.814026E-08   0.000000E+00   0.000000E+00   0.000000E+00   0.000000E+00   0.879497E-08   0.170774E-07   0.235635E-07   0.574496E-07   0.192451E-06   0.486530E-06   0.129770E-05   0.449608E-05   0.162330E-04   0.368693E-04   0.135116E-03   0.273337E-03   0.561503E-03   0.651913E-03   0.119340E-02   0.947884E-03   0.952177E-04   0.587262E-05   0.000000E+00   0.000000E+00   0.000000E+00   0.000000E+00   0.453616E-08   0.000000E+00   0.000000E+00   0.000000E+00   0.000000E+00   0.000000E+00   0.000000E+00   0.251011E-07   0.000000E+00   0.000000E+00   0.000000E+00   0.000000E+00   0.000000E+00   0.000000E+00   0.000000E+00   0.000000E+00   0.000000E+00   0.000000E+00   0.000000E+00   0.000000E+00   0.000000E+00   0.000000E+00   0.000000E+00   0.000000E+00   0.000000E+00   0.000000E+00   0.000000E+00   0.274274E-06   0.941191E+00   0.156739E+01   0.199662E+01   0.191328E+01   0.891750E+00   0.714966E+00   0.586203E+00   0.500096E+00   0.370500E+00   0.329070E-01   0.000000E+00   0.000000E+00   0.000000E+00   0.000000E+00   0.000000E+00   0.000000E+00   0.000000E+00   0.000000E+00   0.000000E+00   0.231010E-07   0.219455E-07   0.331301E-08   0.000000E+00   0.000000E+00   0.000000E+00   0.000000E+00   0.582287E-08   0.000000E+00   0.910776E-04   0.109414E-02   0.663898E-02   0.269042E-01   0.135788E+00   0.211232E+00   0.666806E+00   0.186734E+01   0.405290E+01   0.785476E+01   0.135367E+02   0.209005E+02   0.291128E+02   0.367012E+02   0.422096E+02   0.446187E+02   0.434399E+02   0.390993E+02   0.326479E+02   0.253654E+02   0.183869E+02   0.124667E+02   0.792294E+01   0.472857E+01   0.264595E+01   0.156211E+01   0.550587E+00   0.317579E+00   0.137396E+00   0.589039E-01   0.234801E-01   0.903385E-02   0.325684E-02   0.112897E-02   0.369693E-03   0.159656E-03
 0.000000E+00   0.470361E-12   0.185154E-11   0.698198E-11   0.252203E-10   0.872681E-10   0.289272E-09   0.918494E-09   0.279377E-08   0.814026E-08   0.000000E+00   0.000000E+00   0.000000E+00   0.000000E+00   0.879497E-08   0.170785E-07   0.235609E-07   0.574395E-07   0.192405E-06   0.486418E-06   0.129732E-05   0.449405E-05   0.162258E-04   0.368531E-04   0.135037E-03   0.273174E-03   0.561277E-03   0.651954E-03   0.119807E-02   0.956378E-03   0.951817E-04   0.586328E-05   0.000000E+00   0.000000E+00   0.000000E+00   0.000000E+00   0.453616E-08   0.000000E+00   0.000000E+00   0.000000E+00   0.000000E+00   0.000000E+00   0.000000E+00   0.251011E-07   0.000000E+00   0.000000E+00   0.000000E+00   0.000000E+00   0.000000E+00   0.000000E+00   0.000000E+00   0.000000E+00   0.000000E+00   0.000000E+00   0.000000E+00   0.000000E+00   0.000000E+00   0.000000E+00   0.000000E+00   0.000000E+00   0.000000E+00   0.000000E+00   0.000000E+00   0.244036E-06   0.972163E+00   0.153413E+01   0.199362E+01   0.193470E+01   0.923653E+00   0.699068E+00   0.568565E+00   0.486569E+00   0.330891E+00   0.000000E+00   0.000000E+00   0.000000E+00   0.000000E+00   0.000000E+00   0.000000E+00   0.000000E+00   0.000000E+00   0.000000E+00   0.000000E+00   0.231010E-07   0.219455E-07   0.331301E-08   0.000000E+00   0.000000E+00   0.000000E+00   0.000000E+00   0.582287E-08   0.000000E+00   0.945871E-04   0.111172E-02   0.673392E-02   0.270242E-01   0.137342E+00   0.210060E+00   0.669447E+00   0.186949E+01   0.405502E+01   0.785484E+01   0.135326E+02   0.208909E+02   0.291066E+02   0.366915E+02   0.421939E+02   0.446083E+02   0.434384E+02   0.391072E+02   0.326631E+02   0.253844E+02   0.184059E+02   0.124832E+02   0.793579E+01   0.473760E+01   0.265167E+01   0.156609E+01   0.552212E+00   0.318220E+00   0.137891E+00   0.590770E-01   0.235627E-01   0.906571E-02   0.326882E-02   0.113328E-02   0.371126E-03   0.160302E-03
 0.000000E+00   0.470361E-12   0.185154E-11   0.698198E-11   0.252203E-10   0.872681E-10   0.289272E-09   0.918494E-09   0.279377E-08   0.814026E-08   0.000000E+00   0.000000E+00   0.000000E+00   0.000000E+00   0.879497E-08   0.170798E-07   0.235591E-07   0.574388E-07   0.192403E-06   0.486410E-06   0.129729E-05   0.449396E-05   0.162254E-04   0.368521E-04   0.135032E-03   0.273164E-03   0.561253E-03   0.651923E-03   0.120383E-02   0.962112E-03   0.950846E-04   0.583813E-05   0.000000E+00   0.000000E+00   0.000000E+00   0.000000E+00   0.453616E-08   0.000000E+00   0.000000E+00   0.000000E+00   0.000000E+00   0.000000E+00   0.000000E+00   0.251011E-07   0.000000E+00   0.000000E+00   0.000000E+00   0.000000E+00   0.000000E+00   0.000000E+00   0.000000E+00   0.000000E+00   0.000000E+00   0.000000E+00   0.000000E+00   0.000000E+00   0.000000E+00   0.000000E+00   0.000000E+00   0.000000E+00   0.000000E+00   0.000000E+00   0.000000E+00   0.255060E-06   0.973764E+00   0.153059E+01   0.199034E+01   0.195135E+01   0.958756E+00   0.683533E+00   0.551692E+00   0.474094E+00   0.287787E+00   0.000000E+00   0.000000E+00   0.000000E+00   0.000000E+00   0.000000E+00   0.000000E+00   0.000000E+00   0.000000E+00   0.000000E+00   0.000000E+00   0.231010E-07   0.219455E-07   0.331301E-08   0.000000E+00   0.000000E+00   0.000000E+00   0.000000E+00   0.582287E-08   0.000000E+00   0.982639E-04   0.112982E-02   0.683236E-02   0.271503E-01   0.138960E+00   0.208899E+00   0.672348E+00   0.187198E+01   0.405772E+01   0.785565E+01   0.135293E+02   0.208819E+02   0.290939E+02   0.366890E+02   0.421773E+02   0.445958E+02   0.434344E+02   0.391125E+02   0.326759E+02   0.254013E+02   0.184234E+02   0.124987E+02   0.794796E+01   0.474621E+01   0.265717E+01   0.156991E+01   0.553820E+00   0.318847E+00   0.138381E+00   0.592478E-01   0.236447E-01   0.909728E-02   0.328072E-02   0.113757E-02   0.372550E-03   0.160946E-03
 0.000000E+00   0.470361E-12   0.185154E-11   0.698198E-11   0.252203E-10   0.872681E-10   0.289272E-09   0.918494E-09   0.279377E-08   0.814026E-08   0.000000E+00   0.000000E+00   0.000000E+00   0.000000E+00   0.879497E-08   0.170802E-07   0.235586E-07   0.574386E-07   0.192402E-06   0.486407E-06   0.129729E-05   0.449393E-05   0.162253E-04   0.368518E-04   0.135031E-03   0.273161E-03   0.561247E-03   0.651914E-03   0.120955E-02   0.968241E-03   0.950586E-04   0.583143E-05   0.000000E+00   0.000000E+00   0.000000E+00   0.000000E+00   0.453616E-08   0.000000E+00   0.000000E+00   0.000000E+00   0.000000E+00   0.000000E+00   0.000000E+00   0.251011E-07   0.000000E+00   0.000000E+00   0.000000E+00   0.000000E+00   0.000000E+00   0.000000E+00   0.000000E+00   0.000000E+00   0.000000E+00   0.000000E+00   0.000000E+00   0.000000E+00   0.000000E+00   0.000000E+00   0.000000E+00   0.000000E+00   0.000000E+00   0.000000E+00   0.000000E+00   0.259974E-06   0.975361E+00   0.152719E+01   0.198688E+01   0.196423E+01   0.996020E+00   0.668259E+00   0.535619E+00   0.461560E+00   0.247006E+00   0.000000E+00   0.000000E+00   0.000000E+00   0.000000E+00   0.000000E+00   0.000000E+00   0.000000E+00   0.000000E+00   0.000000E+00   0.000000E+00   0.231010E-07   0.219455E-07   0.331301E-08   0.000000E+00   0.000000E+00   0.000000E+00   0.000000E+00   0.582287E-08   0.000000E+00   0.102090E-03   0.114833E-02   0.693353E-02   0.272815E-01   0.140620E+00   0.207752E+00   0.675433E+00   0.187472E+01   0.406082E+01   0.785700E+01   0.135265E+02   0.208732E+02   0.290798E+02   0.366846E+02   0.421641E+02   0.445821E+02   0.434288E+02   0.391161E+02   0.326870E+02   0.254168E+02   0.184399E+02   0.125135E+02   0.795967E+01   0.475456E+01   0.266253E+01   0.157362E+01   0.555420E+00   0.319466E+00   0.138868E+00   0.594171E-01   0.237263E-01   0.912866E-02   0.329258E-02   0.114183E-02   0.373970E-03   0.161588E-03
 0.000000E+00   0.470361E-12   0.185154E-11   0.698198E-11   0.252203E-10   0.872681E-10   0.289272E-09   0.918494E-09   0.279377E-08   0.814026E-08   0.000000E+00   0.000000E+00   0.000000E+00   0.000000E+00   0.879497E-08   0.170806E-07   0.235582E-07   0.574384E-07   0.192401E-06   0.486406E-06   0.129728E-05   0.449390E-05   0.162252E-04   0.368515E-04   0.135030E-03   0.273158E-03   0.561241E-03   0.651907E-03   0.121533E-02   0.974483E-03   0.950387E-04   0.582634E-05   0.000000E+00   0.000000E+00   0.000000E+00   0.000000E+00   0.453616E-08   0.000000E+00   0.000000E+00   0.000000E+00   0.000000E+00   0.000000E+00   0.000000E+00   0.251011E-07   0.000000E+00   0.000000E+00   0.000000E+00   0.000000E+00   0.000000E+00   0.000000E+00   0.000000E+00   0.000000E+00   0.000000E+00   0.000000E+00   0.000000E+00   0.000000E+00   0.000000E+00   0.000000E+00   0.000000E+00   0.000000E+00   0.000000E+00   0.000000E+00   0.000000E+00   0.262811E-06   0.977006E+00   0.152390E+01   0.198333E+01   0.197388E+01   0.103479E+01   0.653320E+00   0.520456E+00   0.448232E+00   0.209261E+00   0.000000E+00   0.000000E+00   0.000000E+00   0.000000E+00   0.000000E+00   0.000000E+00   0.000000E+00   0.000000E+00   0.000000E+00   0.000000E+00   0.231010E-07   0.219455E-07   0.331301E-08   0.000000E+00   0.000000E+00   0.000000E+00   0.000000E+00   0.582287E-08   0.000000E+00   0.106042E-03   0.116711E-02   0.703647E-02   0.274166E-01   0.142296E+00   0.206619E+00   0.678585E+00   0.187755E+01   0.406407E+01   0.785855E+01   0.135239E+02   0.208648E+02   0.290657E+02   0.366781E+02   0.421530E+02   0.445679E+02   0.434226E+02   0.391190E+02   0.326975E+02   0.254318E+02   0.184560E+02   0.125281E+02   0.797120E+01   0.476279E+01   0.266782E+01   0.157728E+01   0.557017E+00   0.320078E+00   0.139355E+00   0.595855E-01   0.238079E-01   0.915997E-02   0.330442E-02   0.114610E-02   0.375389E-03   0.162230E-03
 0.000000E+00   0.470361E-12   0.185154E-11   0.698198E-11   0.252203E-10   0.872681E-10   0.289272E-09   0.918494E-09   0.279377E-08   0.814026E-08   0.000000E+00   0.000000E+00   0.000000E+00   0.000000E+00   0.879497E-08   0.170809E-07   0.235578E-07   0.574382E-07   0.192400E-06   0.486404E-06   0.129728E-05   0.449388E-05   0.162251E-04   0.368513E-04   0.135029E-03   0.273156E-03   0.561236E-03   0.651901E-03   0.122115E-02   0.980799E-03   0.950199E-04   0.582154E-05   0.000000E+00   0.000000E+00   0.000000E+00   0.000000E+00   0.453616E-08   0.000000E+00   0.000000E+00   0.000000E+00   0.000000E+00   0.000000E+00   0.000000E+00   0.251011E-07   0.000000E+00   0.000000E+00   0.000000E+00   0.000000E+00   0.000000E+00   0.000000E+00   0.000000E+00   0.000000E+00   0.000000E+00   0.000000E+00   0.000000E+00   0.000000E+00   0.000000E+00   0.000000E+00   0.000000E+00   0.000000E+00   0.000000E+00   0.000000E+00   0.000000E+00   0.264979E-06   0.978691E+00   0.152073E+01   0.197972E+01   0.198075E+01   0.107451E+01   0.638793E+00   0.506260E+00   0.433881E+00   0.174647E+00   0.000000E+00   0.000000E+00   0.000000E+00   0.000000E+00   0.000000E+00   0.000000E+00   0.000000E+00   0.000000E+00   0.000000E+00   0.000000E+00   0.231010E-07   0.219455E-07   0.331301E-08   0.000000E+00   0.000000E+00   0.000000E+00   0.000000E+00   0.582287E-08   0.000000E+00   0.110119E-03   0.118617E-02   0.714105E-02   0.275561E-01   0.143980E+00   0.205497E+00   0.681783E+00   0.188045E+01   0.406744E+01   0.786023E+01   0.135215E+02   0.208564E+02   0.290516E+02   0.366701E+02   0.421433E+02   0.445533E+02   0.434159E+02   0.391214E+02   0.327076E+02   0.254465E+02   0.184718E+02   0.125424E+02   0.798260E+01   0.477096E+01   0.267308E+01   0.158093E+01   0.558612E+00   0.320685E+00   0.139842E+00   0.597531E-01   0.238894E-01   0.919121E-02   0.331626E-02   0.115036E-02   0.376808E-03   0.162872E-03
 0.000000E+00   0.470361E-12   0.185154E-11   0.698198E-11   0.252203E-10   0.872681E-10   0.289272E-09   0.918494E-09   0.279377E-08   0.814026E-08   0.000000E+00   0.000000E+00   0.000000E+00   0.000000E+00   0.879497E-08   0.170812E-07   0.235575E-07   0.574381E-07   0.192400E-06   0.486402E-06   0.129727E-05   0.449386E-05   0.162250E-04   0.368511E-04   0.135028E-03   0.273154E-03   0.561231E-03   0.651894E-03   0.122700E-02   0.987182E-03   0.950018E-04   0.581694E-05   0.000000E+00   0.000000E+00   0.000000E+00   0.000000E+00   0.453616E-08   0.000000E+00   0.000000E+00   0.000000E+00   0.000000E+00   0.000000E+00   0.000000E+00   0.251011E-07   0.000000E+00   0.000000E+00   0.000000E+00   0.000000E+00   0.000000E+00   0.000000E+00   0.000000E+00   0.000000E+00   0.000000E+00   0.000000E+00   0.000000E+00   0.000000E+00   0.000000E+00   0.000000E+00   0.000000E+00   0.000000E+00   0.000000E+00   0.000000E+00   0.000000E+00   0.266888E-06   0.980410E+00   0.151768E+01   0.197608E+01   0.198527E+01   0.111471E+01   0.624783E+00   0.493024E+00   0.418387E+00   0.143185E+00   0.000000E+00   0.000000E+00   0.000000E+00   0.000000E+00   0.000000E+00   0.000000E+00   0.000000E+00   0.000000E+00   0.000000E+00   0.000000E+00   0.231010E-07   0.219455E-07   0.331301E-08   0.000000E+00   0.000000E+00   0.000000E+00   0.000000E+00   0.582287E-08   0.000000E+00   0.114323E-03   0.120552E-02   0.724715E-02   0.277002E-01   0.145672E+00   0.204388E+00   0.685018E+00   0.188341E+01   0.407089E+01   0.786203E+01   0.135192E+02   0.208481E+02   0.290375E+02   0.366609E+02   0.421349E+02   0.445385E+02   0.434089E+02   0.391234E+02   0.327173E+02   0.254608E+02   0.184874E+02   0.125565E+02   0.799390E+01   0.477906E+01   0.267831E+01   0.158455E+01   0.560206E+00   0.321287E+00   0.140329E+00   0.599200E-01   0.239709E-01   0.922239E-02   0.332810E-02   0.115461E-02   0.378227E-03   0.163515E-03
 0.000000E+00   0.470361E-12   0.185154E-11   0.698198E-11   0.252203E-10   0.872681E-10   0.289272E-09   0.918494E-09   0.279377E-08   0.814026E-08   0.000000E+00   0.000000E+00   0.000000E+00   0.000000E+00   0.879497E-08   0.170814E-07   0.235571E-07   0.574380E-07   0.192399E-06   0.486400E-06   0.129727E-05   0.449384E-05   0.162250E-04   0.368509E-04   0.135027E-03   0.273152E-03   0.561227E-03   0.651888E-03   0.123287E-02   0.993629E-03   0.949845E-04   0.581252E-05   0.000000E+00   0.000000E+00   0.000000E+00   0.000000E+00   0.453616E-08   0.000000E+00   0.000000E+00   0.000000E+00   0.000000E+00   0.000000E+00   0.000000E+00   0.251011E-07   0.000000E+00   0.000000E+00   0.000000E+00   0.000000E+00   0.000000E+00   0.000000E+00   0.000000E+00   0.000000E+00   0.000000E+00   0.000000E+00   0.000000E+00   0.000000E+00   0.000000E+00   0.000000E+00   0.000000E+00   0.000000E+00   0.000000E+00   0.000000E+00   0.000000E+00   0.268656E-06   0.982161E+00   0.151475E+01   0.197243E+01   0.198777E+01   0.115491E+01   0.611452E+00   0.480687E+00   0.401680E+00   0.114884E+00   0.000000E+00   0.000000E+00   0.000000E+00   0.000000E+00   0.000000E+00   0.000000E+00   0.000000E+00   0.000000E+00   0.000000E+00   0.000000E+00   0.231010E-07   0.219455E-07   0.331301E-08   0.000000E+00   0.000000E+00   0.000000E+00   0.000000E+00   0.582287E-08   0.000000E+00   0.118656E-03   0.122516E-02   0.735468E-02   0.278492E-01   0.147370E+00   0.203292E+00   0.688288E+00   0.188642E+01   0.407443E+01   0.786394E+01   0.135171E+02   0.208400E+02   0.290234E+02   0.366506E+02   0.421276E+02   0.445233E+02   0.434015E+02   0.391251E+02   0.327267E+02   0.254749E+02   0.185027E+02   0.125705E+02   0.800511E+01   0.478711E+01   0.268351E+01   0.158815E+01   0.561798E+00   0.321883E+00   0.140816E+00   0.600861E-01   0.240524E-01   0.925351E-02   0.333993E-02   0.115887E-02   0.379646E-03   0.164158E-03
 0.000000E+00   0.470361E-12   0.185154E-11   0.698198E-11   0.252203E-10   0.872681E-10   0.289272E-09   0.918494E-09   0.279377E-08   0.814026E-08   0.000000E+00   0.000000E+00   0.000000E+00   0.000000E+00   0.879497E-08   0.170817E-07   0.235568E-07   0.574378E-07   0.192399E-06   0.486399E-06   0.129726E-05   0.449382E-05   0.162249E-04   0.368507E-04   0.135026E-03   0.273150E-03   0.561222E-03   0.651882E-03   0.123876E-02   0.100014E-02   0.949676E-04   0.580822E-05   0.000000E+00   0.000000E+00   0.000000E+00   0.000000E+00   0.453616E-08   0.000000E+00   0.000000E+00   0.000000E+00   0.000000E+00   0.000000E+00   0.000000E+00   0.251011E-07   0.000000E+00   0.000000E+00   0.000000E+00   0.000000E+00   0.000000E+00   0.000000E+00   0.000000E+00   0.000000E+00   0.000000E+00   0.000000E+00   0.000000E+00   0.000000E+00   0.000000E+00   0.000000E+00   0.000000E+00   0.000000E+00   0.000000E+00   0.000000E+00   0.000000E+00   0.270316E-06   0.983941E+00   0.151194E+01   0.196880E+01   0.198858E+01   0.119458E+01   0.599081E+00   0.469152E+00   0.383732E+00   0.897472E-01   0.000000E+00   0.000000E+00   0.000000E+00   0.000000E+00   0.000000E+00   0.000000E+00   0.000000E+00   0.000000E+00   0.000000E+00   0.000000E+00   0.231010E-07   0.219455E-07   0.331301E-08   0.000000E+00   0.000000E+00   0.000000E+00   0.000000E+00   0.582287E-08   0.000000E+00   0.123121E-03   0.124512E-02   0.746355E-02   0.280037E-01   0.149071E+00   0.202209E+00   0.691590E+00   0.188949E+01   0.407805E+01   0.786596E+01   0.135150E+02   0.208319E+02   0.290094E+02   0.366392E+02   0.421214E+02   0.445079E+02   0.433938E+02   0.391264E+02   0.327357E+02   0.254886E+02   0.185179E+02   0.125844E+02   0.801621E+01   0.479510E+01   0.268868E+01   0.159173E+01   0.563388E+00   0.322475E+00   0.141302E+00   0.602516E-01   0.241338E-01   0.928457E-02   0.335176E-02   0.116312E-02   0.381066E-03   0.164801E-03
 0.000000E+00   0.470361E-12   0.185154E-11   0.698198E-11   0.252203E-10   0.872681E-10   0.289272E-09   0.918494E-09   0.279377E-08   0.814026E-08   0.000000E+00   0.000000E+00   0.000000E+00   0.000000E+00   0.879497E-08   0.170820E-07   0.235564E-07   0.574377E-07   0.192398E-06   0.486397E-06   0.129726E-05   0.449380E-05   0.162248E-04   0.368505E-04   0.135025E-03   0.273148E-03   0.561217E-03   0.651876E-03   0.124466E-02   0.100671E-02   0.949506E-04   0.580388E-05   0.000000E+00   0.000000E+00   0.000000E+00   0.000000E+00   0.453616E-08   0.000000E+00   0.000000E+00   0.000000E+00   0.000000E+00   0.000000E+00   0.000000E+00   0.251011E-07   0.000000E+00   0.000000E+00   0.000000E+00   0.000000E+00   0.000000E+00   0.000000E+00   0.000000E+00   0.000000E+00   0.000000E+00   0.000000E+00   0.000000E+00   0.000000E+00   0.000000E+00   0.000000E+00   0.000000E+00   0.000000E+00   0.000000E+00   0.000000E+00   0.000000E+00   0.271883E-06   0.985747E+00   0.150925E+01   0.196519E+01   0.198797E+01   0.123293E+01   0.588106E+00   0.458479E+00   0.364546E+00   0.677668E-01   0.000000E+00   0.000000E+00   0.000000E+00   0.000000E+00   0.000000E+00   0.000000E+00   0.000000E+00   0.000000E+00   0.000000E+00   0.000000E+00   0.231010E-07   0.219455E-07   0.331301E-08   0.000000E+00   0.000000E+00   0.000000E+00   0.000000E+00   0.582287E-08   0.000000E+00   0.127718E-03   0.126542E-02   0.757368E-02   0.281640E-01   0.150776E+00   0.201142E+00   0.694925E+00   0.189261E+01   0.408175E+01   0.786808E+01   0.135131E+02   0.208238E+02   0.289954E+02   0.366267E+02   0.421162E+02   0.444923E+02   0.433857E+02   0.391273E+02   0.327444E+02   0.255021E+02   0.185328E+02   0.125981E+02   0.802723E+01   0.480303E+01   0.269382E+01   0.159529E+01   0.564976E+00   0.323061E+00   0.141789E+00   0.604163E-01   0.242153E-01   0.931557E-02   0.336359E-02   0.116737E-02   0.382485E-03   0.165444E-03
 0.000000E+00   0.470361E-12   0.185154E-11   0.698198E-11   0.252203E-10   0.872681E-10   0.289272E-09   0.918494E-09   0.279377E-08   0.814026E-08   0.000000E+00   0.000000E+00   0.000000E+00   0.000000E+00   0.879497E-08   0.170823E-07   0.235561E-07   0.574375E-07   0.192398E-06   0.486395E-06   0.129725E-05   0.449378E-05   0.162247E-04   0.368502E-04   0.135024E-03   0.273146E-03   0.561213E-03   0.651870E-03   0.125057E-02   0.101335E-02   0.949327E-04   0.579934E-05   0.000000E+00   0.000000E+00   0.000000E+00   0.000000E+00   0.453616E-08   0.000000E+00   0.000000E+00   0.000000E+00   0.000000E+00   0.000000E+00   0.000000E+00   0.251011E-07   0.000000E+00   0.000000E+00   0.000000E+00   0.000000E+00   0.000000E+00   0.000000E+00   0.000000E+00   0.000000E+00   0.000000E+00   0.000000E+00   0.000000E+00   0.000000E+00   0.000000E+00   0.000000E+00   0.000000E+00   0.000000E+00   0.000000E+00   0.000000E+00   0.000000E+00   0.273361E-06   0.987577E+00   0.150666E+01   0.196161E+01   0.198622E+01   0.126846E+01   0.580113E+00   0.448386E+00   0.344142E+00   0.489285E-01   0.000000E+00   0.000000E+00   0.000000E+00   0.000000E+00   0.000000E+00   0.000000E+00   0.000000E+00   0.000000E+00   0.000000E+00   0.000000E+00   0.231010E-07   0.219455E-07   0.331301E-08   0.000000E+00   0.000000E+00   0.000000E+00   0.000000E+00   0.582287E-08   0.000000E+00   0.132451E-03   0.128608E-02   0.768500E-02   0.283307E-01   0.152483E+00   0.200089E+00   0.698292E+00   0.189578E+01   0.408553E+01   0.787030E+01   0.135112E+02   0.208159E+02   0.289814E+02   0.366131E+02   0.421122E+02   0.444763E+02   0.433774E+02   0.391279E+02   0.327528E+02   0.255153E+02   0.185475E+02   0.126116E+02   0.803814E+01   0.481091E+01   0.269893E+01   0.159884E+01   0.566562E+00   0.323642E+00   0.142275E+00   0.605803E-01   0.242967E-01   0.934651E-02   0.337542E-02   0.117162E-02   0.383904E-03   0.166088E-03
 0.000000E+00   0.470361E-12   0.185154E-11   0.698198E-11   0.252203E-10   0.872681E-10   0.289272E-09   0.918494E-09   0.279377E-08   0.814026E-08   0.000000E+00   0.000000E+00   0.000000E+00   0.000000E+00   0.879497E-08   0.170827E-07   0.235556E-07   0.574373E-07   0.192397E-06   0.486393E-06   0.129724E-05   0.449375E-05   0.162246E-04   0.368499E-04   0.135023E-03   0.273143E-03   0.561207E-03   0.651862E-03   0.125649E-02   0.102003E-02   0.949104E-04   0.579368E-05   0.000000E+00   0.000000E+00   0.000000E+00   0.000000E+00   0.453616E-08   0.000000E+00   0.000000E+00   0.000000E+00   0.000000E+00   0.000000E+00   0.000000E+00   0.251011E-07   0.000000E+00   0.000000E+00   0.000000E+00   0.000000E+00   0.000000E+00   0.000000E+00   0.000000E+00   0.000000E+00   0.000000E+00   0.000000E+00   0.000000E+00   0.000000E+00   0.000000E+00   0.000000E+00   0.000000E+00   0.000000E+00   0.000000E+00   0.000000E+00   0.000000E+00   0.274782E-06   0.989427E+00   0.150419E+01   0.195808E+01   0.198363E+01   0.129733E+01   0.579220E+00   0.438680E+00   0.322558E+00   0.332088E-01   0.000000E+00   0.000000E+00   0.000000E+00   0.000000E+00   0.000000E+00   0.000000E+00   0.000000E+00   0.000000E+00   0.000000E+00   0.000000E+00   0.231010E-07   0.219455E-07   0.331301E-08   0.000000E+00   0.000000E+00   0.000000E+00   0.000000E+00   0.582287E-08   0.000000E+00   0.137326E-03   0.130714E-02   0.779757E-02   0.285043E-01   0.154194E+00   0.199051E+00   0.701697E+00   0.189902E+01   0.408941E+01   0.787265E+01   0.135095E+02   0.208081E+02   0.289674E+02   0.365982E+02   0.421094E+02   0.444601E+02   0.433686E+02   0.391281E+02   0.327607E+02   0.255281E+02   0.185619E+02   0.126250E+02   0.804895E+01   0.481873E+01   0.270402E+01   0.160236E+01   0.568145E+00   0.324218E+00   0.142761E+00   0.607436E-01   0.243781E-01   0.937737E-02   0.338723E-02   0.117587E-02   0.385323E-03   0.166732E-03
 0.000000E+00   0.470361E-12   0.185154E-11   0.698198E-11   0.252203E-10   0.872681E-10   0.289272E-09   0.918494E-09   0.279377E-08   0.814026E-08   0.000000E+00   0.000000E+00   0.000000E+00   0.000000E+00   0.879497E-08   0.170831E-07   0.235551E-07   0.574371E-07   0.192396E-06   0.486391E-06   0.129724E-05   0.449372E-05   0.162245E-04   0.368496E-04   0.135022E-03   0.273140E-03   0.561200E-03   0.651853E-03   0.126234E-02   0.102654E-02   0.948842E-04   0.578702E-05   0.000000E+00   0.000000E+00   0.000000E+00   0.000000E+00   0.453616E-08   0.000000E+00   0.000000E+00   0.000000E+00   0.000000E+00   0.000000E+00   0.000000E+00   0.251011E-07   0.000000E+00   0.000000E+00   0.000000E+00   0.000000E+00   0.000000E+00   0.000000E+00   0.000000E+00   0.000000E+00   0.000000E+00   0.000000E+00   0.000000E+00   0.000000E+00   0.000000E+00   0.000000E+00   0.000000E+00   0.515388E-03   0.282713E-02   0.000000E+00   0.000000E+00   0.247147E-06   0.991254E+00   0.150188E+01   0.195469E+01   0.198063E+01   0.131468E+01   0.590529E+00   0.429263E+00   0.297440E+00   0.000000E+00   0.000000E+00   0.000000E+00   0.000000E+00   0.000000E+00   0.000000E+00   0.000000E+00   0.000000E+00   0.000000E+00   0.000000E+00   0.000000E+00   0.231010E-07   0.219455E-07   0.331301E-08   0.000000E+00   0.000000E+00   0.000000E+00   0.000000E+00   0.582287E-08   0.000000E+00   0.142355E-03   0.132869E-02   0.791154E-02   0.286860E-01   0.155899E+00   0.198002E+00   0.705048E+00   0.190220E+01   0.409318E+01   0.787486E+01   0.135076E+02   0.208001E+02   0.289534E+02   0.365849E+02   0.421051E+02   0.444443E+02   0.433604E+02   0.391288E+02   0.327691E+02   0.255414E+02   0.185766E+02   0.126386E+02   0.805988E+01   0.482662E+01   0.270914E+01   0.160593E+01   0.569717E+00   0.324787E+00   0.143246E+00   0.609058E-01   0.244593E-01   0.940813E-02   0.339903E-02   0.118010E-02   0.386740E-03   0.167375E-03
 0.000000E+00   0.470361E-12   0.185154E-11   0.698198E-11   0.252203E-10   0.872681E-10   0.289272E-09   0.918494E-09   0.279377E-08   0.814026E-08   0.000000E+00   0.000000E+00   0.000000E+00   0.000000E+00   0.879497E-08   0.170833E-07   0.235547E-07   0.574370E-07   0.192396E-06   0.486389E-06   0.129723E-05   0.449371E-05   0.162244E-04   0.368494E-04   0.135021E-03   0.273138E-03   0.561195E-03   0.651848E-03   0.126785E-02   0.103301E-02   0.948682E-04   0.578290E-05   0.000000E+00   0.000000E+00   0.000000E+00   0.000000E+00   0.453616E-08   0.000000E+00   0.000000E+00   0.000000E+00   0.000000E+00   0.000000E+00   0.000000E+00   0.251011E-07   0.000000E+00   0.000000E+00   0.000000E+00   0.000000E+00   0.000000E+00   0.000000E+00   0.000000E+00   0.000000E+00   0.000000E+00   0.000000E+00   0.000000E+00   0.000000E+00   0.000000E+00   0.000000E+00   0.000000E+00   0.237615E-02   0.718334E-03   0.000000E+00   0.000000E+00   0.269137E-06   0.993036E+00   0.149974E+01   0.195145E+01   0.197752E+01   0.132557E+01   0.607818E+00   0.420664E+00   0.263846E+00   0.000000E+00   0.000000E+00   0.000000E+00   0.000000E+00   0.000000E+00   0.000000E+00   0.000000E+00   0.000000E+00   0.000000E+00   0.000000E+00   0.000000E+00   0.231010E-07   0.219455E-07   0.331301E-08   0.000000E+00   0.000000E+00   0.000000E+00   0.000000E+00   0.582287E-08   0.000000E+00   0.147532E-03   0.135071E-02   0.802662E-02   0.288763E-01   0.157586E+00   0.196942E+00   0.708309E+00   0.190526E+01   0.409677E+01   0.787681E+01   0.135055E+02   0.207920E+02   0.289393E+02   0.365740E+02   0.420984E+02   0.444289E+02   0.433528E+02   0.391302E+02   0.327782E+02   0.255551E+02   0.185918E+02   0.126524E+02   0.807100E+01   0.483463E+01   0.271433E+01   0.160957E+01   0.571278E+00   0.325352E+00   0.143729E+00   0.610672E-01   0.245404E-01   0.943881E-02   0.341082E-02   0.118433E-02   0.388157E-03   0.168018E-03
 0.000000E+00   0.470361E-12   0.185154E-11   0.698198E-11   0.252203E-10   0.872681E-10   0.289272E-09   0.918494E-09   0.279377E-08   0.814026E-08   0.000000E+00   0.000000E+00   0.000000E+00   0.000000E+00   0.879497E-08   0.170835E-07   0.235545E-07   0.574369E-07   0.192395E-06   0.486388E-06   0.129723E-05   0.449369E-05   0.162243E-04   0.368493E-04   0.135021E-03   0.273137E-03   0.561192E-03   0.651844E-03   0.127362E-02   0.103982E-02   0.948572E-04   0.578011E-05   0.000000E+00   0.000000E+00   0.000000E+00   0.000000E+00   0.453616E-08   0.000000E+00   0.000000E+00   0.000000E+00   0.000000E+00   0.000000E+00   0.000000E+00   0.251011E-07   0.000000E+00   0.000000E+00   0.000000E+00   0.000000E+00   0.000000E+00   0.000000E+00   0.000000E+00   0.000000E+00   0.000000E+00   0.000000E+00   0.000000E+00   0.000000E+00   0.000000E+00   0.000000E+00   0.709562E-03   0.214392E-02   0.000000E+00   0.000000E+00   0.000000E+00   0.276123E-06   0.994907E+00   0.149760E+01   0.194812E+01   0.197415E+01   0.133348E+01   0.626978E+00   0.412480E+00   0.231801E+00   0.000000E+00   0.000000E+00   0.000000E+00   0.000000E+00   0.000000E+00   0.000000E+00   0.000000E+00   0.000000E+00   0.000000E+00   0.000000E+00   0.000000E+00   0.231010E-07   0.219455E-07   0.331301E-08   0.000000E+00   0.000000E+00   0.000000E+00   0.000000E+00   0.582287E-08   0.000000E+00   0.152843E-03   0.137317E-02   0.814232E-02   0.290746E-01   0.159294E+00   0.195936E+00   0.711763E+00   0.190860E+01   0.410079E+01   0.787934E+01   0.135040E+02   0.207843E+02   0.289254E+02   0.365572E+02   0.420974E+02   0.444123E+02   0.433435E+02   0.391298E+02   0.327856E+02   0.255675E+02   0.186058E+02   0.126655E+02   0.808163E+01   0.484235E+01   0.271936E+01   0.161308E+01   0.572845E+00   0.325912E+00   0.144213E+00   0.612281E-01   0.246215E-01   0.946944E-02   0.342261E-02   0.118856E-02   0.389574E-03   0.168662E-03
 0.000000E+00   0.470361E-12   0.185154E-11   0.698198E-11   0.252203E-10   0.872681E-10   0.289272E-09   0.918494E-09   0.279377E-08   0.814026E-08   0.000000E+00   0.000000E+00   0.000000E+00   0.000000E+00   0.879497E-08   0.170837E-07   0.235543E-07   0.574368E-07   0.192395E-06   0.486387E-06   0.129723E-05   0.449368E-05   0.162243E-04   0.368492E-04   0.135020E-03   0.273136E-03   0.561190E-03   0.651841E-03   0.127945E-02   0.104677E-02   0.948473E-04   0.577759E-05   0.000000E+00   0.000000E+00   0.000000E+00   0.000000E+00   0.453616E-08   0.000000E+00   0.000000E+00   0.000000E+00   0.000000E+00   0.000000E+00   0.000000E+00   0.251011E-07   0.000000E+00   0.000000E+00   0.000000E+00   0.000000E+00   0.000000E+00   0.000000E+00   0.000000E+00   0.000000E+00   0.000000E+00   0.000000E+00   0.000000E+00   0.000000E+00   0.000000E+00   0.100524E-03   0.168925E-02   0.829965E-03   0.000000E+00   0.000000E+00   0.000000E+00   0.278921E-06   0.996812E+00   0.149553E+01   0.194480E+01   0.197063E+01   0.133900E+01   0.647396E+00   0.404079E+00   0.201960E+00   0.000000E+00   0.000000E+00   0.000000E+00   0.000000E+00   0.000000E+00   0.000000E+00   0.000000E+00   0.000000E+00   0.000000E+00   0.000000E+00   0.000000E+00   0.231010E-07   0.219455E-07   0.331301E-08   0.000000E+00   0.000000E+00   0.000000E+00   0.000000E+00   0.582287E-08   0.000000E+00   0.158284E-03   0.139607E-02   0.825844E-02   0.292811E-01   0.161002E+00   0.194961E+00   0.715280E+00   0.191203E+01   0.410496E+01   0.788207E+01   0.135026E+02   0.207767E+02   0.289114E+02   0.365395E+02   0.420962E+02   0.443964E+02   0.433336E+02   0.391287E+02   0.327923E+02   0.255793E+02   0.186195E+02   0.126784E+02   0.809209E+01   0.484996E+01   0.272434E+01   0.161654E+01   0.574413E+00   0.326469E+00   0.144698E+00   0.613885E-01   0.247027E-01   0.950005E-02   0.343441E-02   0.119280E-02   0.390992E-03   0.169306E-03
 0.000000E+00   0.470361E-12   0.185154E-11   0.698198E-11   0.252203E-10   0.872681E-10   0.289272E-09   0.918494E-09   0.279377E-08   0.814026E-08   0.000000E+00   0.000000E+00   0.000000E+00   0.000000E+00   0.879497E-08   0.170838E-07   0.235541E-07   0.574367E-07   0.192395E-06   0.486387E-06   0.129722E-05   0.449367E-05   0.162243E-04   0.368491E-04   0.135020E-03   0.273135E-03   0.561187E-03   0.651837E-03   0.128529E-02   0.105382E-02   0.948379E-04   0.577520E-05   0.000000E+00   0.000000E+00   0.000000E+00   0.000000E+00   0.453616E-08   0.000000E+00   0.000000E+00   0.000000E+00   0.000000E+00   0.000000E+00   0.000000E+00   0.251011E-07   0.000000E+00   0.000000E+00   0.000000E+00   0.000000E+00   0.000000E+00   0.000000E+00   0.000000E+00   0.000000E+00   0.000000E+00   0.000000E+00   0.000000E+00   0.000000E+00   0.000000E+00   0.804866E-03   0.149439E-02   0.941706E-04   0.000000E+00   0.000000E+00   0.000000E+00   0.280518E-06   0.998733E+00   0.149354E+01   0.194152E+01   0.196702E+01   0.134250E+01   0.668710E+00   0.395212E+00   0.174532E+00   0.000000E+00   0.000000E+00   0.000000E+00   0.000000E+00   0.000000E+00   0.000000E+00   0.000000E+00   0.000000E+00   0.000000E+00   0.000000E+00   0.000000E+00   0.231010E-07   0.219455E-07   0.331301E-08   0.000000E+00   0.000000E+00   0.000000E+00   0.000000E+00   0.582287E-08   0.000000E+00   0.163855E-03   0.141943E-02   0.837485E-02   0.294960E-01   0.162704E+00   0.194011E+00   0.718826E+00   0.191551E+01   0.410921E+01   0.788489E+01   0.135014E+02   0.207693E+02   0.288975E+02   0.365217E+02   0.420938E+02   0.443815E+02   0.433234E+02   0.391273E+02   0.327988E+02   0.255909E+02   0.186329E+02   0.126910E+02   0.810246E+01   0.485752E+01   0.272929E+01   0.161998E+01   0.575983E+00   0.327022E+00   0.145183E+00   0.615485E-01   0.247840E-01   0.953064E-02   0.344623E-02   0.119703E-02   0.392413E-03   0.169952E-03
 0.000000E+00   0.470361E-12   0.185154E-11   0.698198E-11   0.252203E-10   0.872681E-10   0.289272E-09   0.918494E-09   0.279377E-08   0.814026E-08   0.000000E+00   0.000000E+00   0.000000E+00   0.000000E+00   0.879497E-08   0.170840E-07   0.235540E-07   0.574367E-07   0.192394E-06   0.486386E-06   0.129722E-05   0.449366E-05   0.162242E-04   0.368490E-04   0.135019E-03   0.273134E-03   0.561185E-03   0.651834E-03   0.129112E-02   0.106093E-02   0.948289E-04   0.577290E-05   0.000000E+00   0.000000E+00   0.000000E+00   0.000000E+00   0.453616E-08   0.000000E+00   0.000000E+00   0.000000E+00   0.000000E+00   0.000000E+00   0.000000E+00   0.251011E-07   0.000000E+00   0.000000E+00   0.000000E+00   0.000000E+00   0.000000E+00   0.000000E+00   0.000000E+00   0.000000E+00   0.000000E+00   0.000000E+00   0.000000E+00   0.000000E+00   0.286899E-03   0.128472E-02   0.603159E-03   0.000000E+00   0.000000E+00   0.000000E+00   0.000000E+00   0.281731E-06   0.100067E+01   0.149164E+01   0.193828E+01   0.196333E+01   0.134431E+01   0.690527E+00   0.385945E+00   0.149482E+00   0.000000E+00   0.000000E+00   0.000000E+00   0.000000E+00   0.000000E+00   0.000000E+00   0.000000E+00   0.000000E+00   0.000000E+00   0.000000E+00   0.000000E+00   0.231010E-07   0.219455E-07   0.331301E-08   0.000000E+00   0.000000E+00   0.000000E+00   0.000000E+00   0.582287E-08   0.000000E+00   0.169555E-03   0.144329E-02   0.849146E-02   0.297199E-01   0.164396E+00   0.193084E+00   0.722389E+00   0.191902E+01   0.411351E+01   0.788778E+01   0.135003E+02   0.207619E+02   0.288836E+02   0.365038E+02   0.420907E+02   0.443673E+02   0.433129E+02   0.391256E+02   0.328050E+02   0.256023E+02   0.186463E+02   0.127036E+02   0.811277E+01   0.486505E+01   0.273423E+01   0.162341E+01   0.577553E+00   0.327572E+00   0.145668E+00   0.617081E-01   0.248654E-01   0.956121E-02   0.345805E-02   0.120127E-02   0.393834E-03   0.170598E-03
 0.000000E+00   0.470361E-12   0.185154E-11   0.698198E-11   0.252203E-10   0.872681E-10   0.289272E-09   0.918494E-09   0.279377E-08   0.814026E-08   0.000000E+00   0.000000E+00   0.000000E+00   0.000000E+00   0.879497E-08   0.170841E-07   0.235538E-07   0.574366E-07   0.192394E-06   0.486385E-06   0.129722E-05   0.449365E-05   0.162242E-04   0.368488E-04   0.135019E-03   0.273133E-03   0.561182E-03   0.651831E-03   0.129694E-02   0.106812E-02   0.948199E-04   0.577061E-05   0.000000E+00   0.000000E+00   0.000000E+00   0.000000E+00   0.453616E-08   0.000000E+00   0.000000E+00   0.000000E+00   0.000000E+00   0.000000E+00   0.000000E+00   0.251011E-07   0.000000E+00   0.000000E+00   0.000000E+00   0.000000E+00   0.000000E+00   0.000000E+00   0.000000E+00   0.000000E+00   0.000000E+00   0.000000E+00   0.000000E+00   0.824327E-04   0.844833E-03   0.979550E-03   0.571890E-04   0.000000E+00   0.000000E+00   0.000000E+00   0.000000E+00   0.282746E-06   0.100261E+01   0.148982E+01   0.193510E+01   0.195959E+01   0.134470E+01   0.712284E+00   0.376588E+00   0.126758E+00   0.000000E+00   0.000000E+00   0.000000E+00   0.000000E+00   0.000000E+00   0.000000E+00   0.000000E+00   0.000000E+00   0.000000E+00   0.000000E+00   0.000000E+00   0.231010E-07   0.219455E-07   0.331301E-08   0.000000E+00   0.000000E+00   0.000000E+00   0.000000E+00   0.582287E-08   0.000000E+00   0.175381E-03   0.146767E-02   0.860814E-02   0.299530E-01   0.166077E+00   0.192181E+00   0.725966E+00   0.192257E+01   0.411786E+01   0.789073E+01   0.134992E+02   0.207545E+02   0.288697E+02   0.364859E+02   0.420869E+02   0.443536E+02   0.433023E+02   0.391238E+02   0.328111E+02   0.256135E+02   0.186594E+02   0.127161E+02   0.812302E+01   0.487254E+01   0.273914E+01   0.162683E+01   0.579123E+00   0.328118E+00   0.146154E+00   0.618673E-01   0.249469E-01   0.959176E-02   0.346989E-02   0.120551E-02   0.395257E-03   0.171245E-03
 0.000000E+00   0.470361E-12   0.185154E-11   0.698198E-11   0.252203E-10   0.872681E-10   0.289272E-09   0.918494E-09   0.279377E-08   0.814026E-08   0.000000E+00   0.000000E+00   0.000000E+00   0.000000E+00   0.879497E-08   0.170843E-07   0.235536E-07   0.574365E-07   0.192394E-06   0.486384E-06   0.129721E-05   0.449364E-05   0.162241E-04   0.368487E-04   0.135018E-03   0.273132E-03   0.561180E-03   0.651828E-03   0.130273E-02   0.107536E-02   0.948099E-04   0.576808E-05   0.000000E+00   0.000000E+00   0.000000E+00   0.000000E+00   0.453616E-08   0.000000E+00   0.000000E+00   0.000000E+00   0.000000E+00   0.000000E+00   0.000000E+00   0.251011E-07   0.000000E+00   0.000000E+00   0.000000E+00   0.000000E+00   0.000000E+00   0.000000E+00   0.000000E+00   0.000000E+00   0.000000E+00   0.000000E+00   0.184619E-04   0.499247E-03   0.931317E-03   0.312325E-03   0.000000E+00   0.000000E+00   0.000000E+00   0.000000E+00   0.000000E+00   0.283535E-06   0.100456E+01   0.148809E+01   0.193197E+01   0.195581E+01   0.134394E+01   0.732719E+00   0.368266E+00   0.106306E+00   0.000000E+00   0.000000E+00   0.000000E+00   0.000000E+00   0.000000E+00   0.000000E+00   0.000000E+00   0.000000E+00   0.000000E+00   0.000000E+00   0.000000E+00   0.231010E-07   0.219455E-07   0.331301E-08   0.000000E+00   0.000000E+00   0.000000E+00   0.000000E+00   0.582287E-08   0.000000E+00   0.181336E-03   0.149261E-02   0.872482E-02   0.301958E-01   0.167746E+00   0.191302E+00   0.729555E+00   0.192615E+01   0.412225E+01   0.789374E+01   0.134982E+02   0.207472E+02   0.288558E+02   0.364679E+02   0.420826E+02   0.443404E+02   0.432916E+02   0.391218E+02   0.328170E+02   0.256246E+02   0.186725E+02   0.127286E+02   0.813322E+01   0.488001E+01   0.274405E+01   0.163023E+01   0.580694E+00   0.328661E+00   0.146640E+00   0.620261E-01   0.250284E-01   0.962229E-02   0.348174E-02   0.120975E-02   0.396682E-03   0.171893E-03
 0.000000E+00   0.470361E-12   0.185154E-11   0.698198E-11   0.252203E-10   0.872681E-10   0.289272E-09   0.918494E-09   0.279377E-08   0.814026E-08   0.000000E+00   0.000000E+00   0.000000E+00   0.000000E+00   0.879497E-08   0.170846E-07   0.235532E-07   0.574364E-07   0.192393E-06   0.486382E-06   0.129721E-05   0.449362E-05   0.162240E-04   0.368485E-04   0.135017E-03   0.273129E-03   0.561175E-03   0.651822E-03   0.130851E-02   0.108265E-02   0.947930E-04   0.576384E-05   0.000000E+00   0.000000E+00   0.000000E+00   0.000000E+00   0.453616E-08   0.000000E+00   0.000000E+00   0.000000E+00   0.000000E+00   0.000000E+00   0.000000E+00   0.251011E-07   0.000000E+00   0.000000E+00   0.000000E+00   0.000000E+00   0.000000E+00   0.000000E+00   0.000000E+00   0.000000E+00   0.000000E+00   0.327469E-05   0.292696E-03   0.734822E-03   0.533475E-03   0.279612E-05   0.000000E+00   0.000000E+00   0.000000E+00   0.000000E+00   0.000000E+00   0.284024E-06   0.100651E+01   0.148645E+01   0.192889E+01   0.195199E+01   0.134237E+01   0.746799E+00   0.366323E+00   0.880756E-01   0.000000E+00   0.000000E+00   0.000000E+00   0.000000E+00   0.000000E+00   0.000000E+00   0.000000E+00   0.000000E+00   0.000000E+00   0.000000E+00   0.000000E+00   0.231010E-07   0.219455E-07   0.331301E-08   0.000000E+00   0.000000E+00   0.000000E+00   0.000000E+00   0.582287E-08   0.000000E+00   0.187426E-03   0.151816E-02   0.884158E-02   0.304492E-01   0.169405E+00   0.190444E+00   0.733162E+00   0.192977E+01   0.412670E+01   0.789681E+01   0.134972E+02   0.207399E+02   0.288419E+02   0.364499E+02   0.420774E+02   0.443278E+02   0.432806E+02   0.391196E+02   0.328226E+02   0.256355E+02   0.186855E+02   0.127409E+02   0.814336E+01   0.488744E+01   0.274893E+01   0.163363E+01   0.582263E+00   0.329200E+00   0.147126E+00   0.621844E-01   0.251100E-01   0.965277E-02   0.349358E-02   0.121398E-02   0.398107E-03   0.172541E-03
 0.000000E+00   0.470361E-12   0.185154E-11   0.698198E-11   0.252203E-10   0.872681E-10   0.289272E-09   0.918494E-09   0.279377E-08   0.814026E-08   0.000000E+00   0.000000E+00   0.000000E+00   0.000000E+00   0.879497E-08   0.170848E-07   0.235528E-07   0.574362E-07   0.192393E-06   0.486381E-06   0.129720E-05   0.449360E-05   0.162240E-04   0.368483E-04   0.135016E-03   0.273127E-03   0.561170E-03   0.651815E-03   0.131425E-02   0.108999E-02   0.947747E-04   0.575913E-05   0.000000E+00   0.000000E+00   0.000000E+00   0.000000E+00   0.453616E-08   0.000000E+00   0.000000E+00   0.000000E+00   0.000000E+00   0.000000E+00   0.000000E+00   0.251011E-07   0.000000E+00   0.000000E+00   0.000000E+00   0.000000E+00   0.000000E+00   0.000000E+00   0.000000E+00   0.000000E+00   0.891257E-06   0.185768E-03   0.543929E-03   0.570600E-03   0.802226E-04   0.000000E+00   0.000000E+00   0.000000E+00   0.000000E+00   0.000000E+00   0.000000E+00   0.283813E-06   0.100846E+01   0.148489E+01   0.192587E+01   0.194817E+01   0.134048E+01   0.749679E+00   0.375544E+00   0.720516E-01   0.000000E+00   0.000000E+00   0.000000E+00   0.000000E+00   0.000000E+00   0.000000E+00   0.000000E+00   0.000000E+00   0.000000E+00   0.000000E+00   0.000000E+00   0.231010E-07   0.219455E-07   0.331301E-08   0.000000E+00   0.000000E+00   0.000000E+00   0.000000E+00   0.582287E-08   0.000000E+00   0.193665E-03   0.154444E-02   0.895865E-02   0.307145E-01   0.171058E+00   0.189604E+00   0.736796E+00   0.193343E+01   0.413122E+01   0.789998E+01   0.134964E+02   0.207327E+02   0.288281E+02   0.364318E+02   0.420711E+02   0.443163E+02   0.432693E+02   0.391170E+02   0.328280E+02   0.256461E+02   0.186982E+02   0.127531E+02   0.815341E+01   0.489482E+01   0.275379E+01   0.163701E+01   0.583827E+00   0.329734E+00   0.147611E+00   0.623418E-01   0.251914E-01   0.968316E-02   0.350542E-02   0.121822E-02   0.399531E-03   0.173189E-03
 0.000000E+00   0.470361E-12   0.185154E-11   0.698198E-11   0.252203E-10   0.872681E-10   0.289272E-09   0.918494E-09   0.279377E-08   0.814026E-08   0.000000E+00   0.000000E+00   0.000000E+00   0.000000E+00   0.879497E-08   0.170849E-07   0.235527E-07   0.574362E-07   0.192392E-06   0.486380E-06   0.129720E-05   0.449359E-05   0.162239E-04   0.368482E-04   0.135016E-03   0.273127E-03   0.561169E-03   0.651813E-03   0.131990E-02   0.109740E-02   0.947689E-04   0.575765E-05   0.000000E+00   0.000000E+00   0.000000E+00   0.000000E+00   0.453616E-08   0.000000E+00   0.000000E+00   0.000000E+00   0.000000E+00   0.000000E+00   0.000000E+00   0.251011E-07   0.000000E+00   0.000000E+00   0.000000E+00   0.000000E+00   0.000000E+00   0.000000E+00   0.000000E+00   0.141358E-05   0.136082E-03   0.401623E-03   0.500384E-03   0.165307E-03   0.000000E+00   0.000000E+00   0.000000E+00   0.000000E+00   0.000000E+00   0.000000E+00   0.000000E+00   0.283080E-06   0.101040E+01   0.148341E+01   0.192291E+01   0.194433E+01   0.133852E+01   0.750166E+00   0.385327E+00   0.583778E-01   0.000000E+00   0.000000E+00   0.000000E+00   0.000000E+00   0.000000E+00   0.000000E+00   0.000000E+00   0.000000E+00   0.000000E+00   0.000000E+00   0.000000E+00   0.231010E-07   0.219455E-07   0.331301E-08   0.000000E+00   0.000000E+00   0.000000E+00   0.000000E+00   0.582287E-08   0.000000E+00   0.200031E-03   0.157139E-02   0.907547E-02   0.309910E-01   0.172696E+00   0.188786E+00   0.740427E+00   0.193711E+01   0.413575E+01   0.790317E+01   0.134955E+02   0.207255E+02   0.288142E+02   0.364137E+02   0.420647E+02   0.443049E+02   0.432579E+02   0.391144E+02   0.328333E+02   0.256567E+02   0.187109E+02   0.127652E+02   0.816344E+01   0.490218E+01   0.275865E+01   0.164039E+01   0.585389E+00   0.330265E+00   0.148097E+00   0.624989E-01   0.252730E-01   0.971353E-02   0.351727E-02   0.122245E-02   0.400957E-03   0.173838E-03
 0.000000E+00   0.470361E-12   0.185154E-11   0.698198E-11   0.252203E-10   0.872681E-10   0.289272E-09   0.918494E-09   0.279377E-08   0.814026E-08   0.000000E+00   0.000000E+00   0.000000E+00   0.000000E+00   0.879497E-08   0.170850E-07   0.235527E-07   0.574361E-07   0.192392E-06   0.486380E-06   0.129720E-05   0.449359E-05   0.162239E-04   0.368482E-04   0.135016E-03   0.273126E-03   0.561168E-03   0.651812E-03   0.132548E-02   0.110484E-02   0.947653E-04   0.575671E-05   0.000000E+00   0.000000E+00   0.000000E+00   0.000000E+00   0.453616E-08   0.000000E+00   0.000000E+00   0.000000E+00   0.000000E+00   0.000000E+00   0.000000E+00   0.251011E-07   0.000000E+00   0.000000E+00   0.000000E+00   0.000000E+00   0.000000E+00   0.000000E+00   0.490806E-05   0.115319E-03   0.304587E-03   0.404590E-03   0.208252E-03   0.000000E+00   0.000000E+00   0.000000E+00   0.000000E+00   0.000000E+00   0.000000E+00   0.000000E+00   0.000000E+00   0.281690E-06   0.101233E+01   0.148201E+01   0.192001E+01   0.194050E+01   0.133652E+01   0.749746E+00   0.392968E+00   0.480684E-01   0.000000E+00   0.000000E+00   0.000000E+00   0.000000E+00   0.000000E+00   0.000000E+00   0.000000E+00   0.000000E+00   0.000000E+00   0.000000E+00   0.000000E+00   0.231010E-07   0.219455E-07   0.331301E-08   0.000000E+00   0.000000E+00   0.000000E+00   0.000000E+00   0.582287E-08   0.000000E+00   0.206512E-03   0.159896E-02   0.919167E-02   0.312784E-01   0.174311E+00   0.187987E+00   0.744035E+00   0.194077E+01   0.414025E+01   0.790631E+01   0.134946E+02   0.207183E+02   0.288004E+02   0.363957E+02   0.420588E+02   0.442930E+02   0.432468E+02   0.391120E+02   0.328387E+02   0.256674E+02   0.187237E+02   0.127774E+02   0.817351E+01   0.490958E+01   0.276352E+01   0.164379E+01   0.586952E+00   0.330794E+00   0.148583E+00   0.626557E-01   0.253546E-01   0.974390E-02   0.352914E-02   0.122669E-02   0.402385E-03   0.174488E-03
 0.000000E+00   0.470361E-12   0.185154E-11   0.698198E-11   0.252203E-10   0.872681E-10   0.289272E-09   0.918494E-09   0.279377E-08   0.814026E-08   0.000000E+00   0.000000E+00   0.000000E+00   0.000000E+00   0.879497E-08   0.170850E-07   0.235526E-07   0.574361E-07   0.192392E-06   0.486379E-06   0.129720E-05   0.449358E-05   0.162239E-04   0.368481E-04   0.135016E-03   0.273126E-03   0.561167E-03   0.651811E-03   0.133097E-02   0.111228E-02   0.947615E-04   0.575574E-05   0.000000E+00   0.000000E+00   0.000000E+00   0.000000E+00   0.453616E-08   0.000000E+00   0.000000E+00   0.000000E+00   0.000000E+00   0.000000E+00   0.000000E+00   0.251011E-07   0.000000E+00   0.000000E+00   0.000000E+00   0.000000E+00   0.000000E+00   0.139645E-04   0.107570E-03   0.237618E-03   0.314833E-03   0.204277E-03   0.205789E-05   0.000000E+00   0.000000E+00   0.000000E+00   0.000000E+00   0.000000E+00   0.000000E+00   0.000000E+00   0.000000E+00   0.279638E-06   0.101425E+01   0.148070E+01   0.191718E+01   0.193669E+01   0.133450E+01   0.748909E+00   0.394142E+00   0.449981E-01   0.000000E+00   0.000000E+00   0.000000E+00   0.000000E+00   0.000000E+00   0.000000E+00   0.000000E+00   0.000000E+00   0.000000E+00   0.000000E+00   0.000000E+00   0.231010E-07   0.219455E-07   0.331301E-08   0.000000E+00   0.000000E+00   0.000000E+00   0.000000E+00   0.582287E-08   0.000000E+00   0.213105E-03   0.162720E-02   0.930715E-02   0.315770E-01   0.175902E+00   0.187206E+00   0.747611E+00   0.194439E+01   0.414468E+01   0.790937E+01   0.134937E+02   0.207111E+02   0.287865E+02   0.363777E+02   0.420538E+02   0.442804E+02   0.432358E+02   0.391098E+02   0.328443E+02   0.256783E+02   0.187366E+02   0.127898E+02   0.818365E+01   0.491701E+01   0.276841E+01   0.164721E+01   0.588516E+00   0.331320E+00   0.149070E+00   0.628123E-01   0.254364E-01   0.977428E-02   0.354102E-02   0.123093E-02   0.403815E-03   0.175139E-03
 0.000000E+00   0.470361E-12   0.185154E-11   0.698198E-11   0.252203E-10   0.872681E-10   0.289272E-09   0.918494E-09   0.279377E-08   0.814026E-08   0.000000E+00   0.000000E+00   0.000000E+00   0.000000E+00   0.879497E-08   0.170851E-07   0.235526E-07   0.574361E-07   0.192392E-06   0.486379E-06   0.129720E-05   0.449358E-05   0.162239E-04   0.368481E-04   0.135016E-03   0.273126E-03   0.561166E-03   0.651811E-03   0.133637E-02   0.111971E-02   0.947605E-04   0.575550E-05   0.000000E+00   0.000000E+00   0.000000E+00   0.000000E+00   0.453616E-08   0.000000E+00   0.000000E+00   0.000000E+00   0.000000E+00   0.000000E+00   0.000000E+00   0.251011E-07   0.000000E+00   0.000000E+00   0.000000E+00   0.310566E-06   0.301783E-04   0.102735E-03   0.189048E-03   0.238306E-03   0.167345E-03   0.537342E-05   0.000000E+00   0.000000E+00   0.000000E+00   0.000000E+00   0.000000E+00   0.000000E+00   0.000000E+00   0.000000E+00   0.000000E+00   0.277065E-06   0.101615E+01   0.147947E+01   0.191443E+01   0.193289E+01   0.133245E+01   0.748020E+00   0.393195E+00   0.441833E-01   0.000000E+00   0.000000E+00   0.000000E+00   0.000000E+00   0.000000E+00   0.000000E+00   0.000000E+00   0.000000E+00   0.000000E+00   0.000000E+00   0.000000E+00   0.231010E-07   0.219455E-07   0.331301E-08   0.000000E+00   0.000000E+00   0.000000E+00   0.000000E+00   0.582287E-08   0.000000E+00   0.219805E-03   0.165610E-02   0.942175E-02   0.318871E-01   0.177465E+00   0.186441E+00   0.751143E+00   0.194798E+01   0.414904E+01   0.791233E+01   0.134926E+02   0.207037E+02   0.287727E+02   0.363598E+02   0.420500E+02   0.442668E+02   0.432251E+02   0.391079E+02   0.328503E+02   0.256894E+02   0.187497E+02   0.128022E+02   0.819387E+01   0.492450E+01   0.277334E+01   0.165065E+01   0.590081E+00   0.331844E+00   0.149558E+00   0.629688E-01   0.255184E-01   0.980467E-02   0.355294E-02   0.123518E-02   0.405249E-03   0.175792E-03
 0.000000E+00   0.470361E-12   0.185154E-11   0.698198E-11   0.252203E-10   0.872681E-10   0.289272E-09   0.918494E-09   0.279377E-08   0.814026E-08   0.000000E+00   0.000000E+00   0.000000E+00   0.000000E+00   0.879497E-08   0.170851E-07   0.235526E-07   0.574361E-07   0.192392E-06   0.486379E-06   0.129720E-05   0.449358E-05   0.162239E-04   0.368481E-04   0.135016E-03   0.273126E-03   0.561166E-03   0.651810E-03   0.134167E-02   0.112711E-02   0.947603E-04   0.575544E-05   0.000000E+00   0.000000E+00   0.000000E+00   0.000000E+00   0.453616E-08   0.000000E+00   0.000000E+00   0.000000E+00   0.000000E+00   0.000000E+00   0.000000E+00   0.251011E-07   0.000000E+00   0.000000E+00   0.952716E-05   0.441820E-04   0.955091E-04   0.149460E-03   0.175647E-03   0.119584E-03   0.336288E-05   0.000000E+00   0.000000E+00   0.000000E+00   0.000000E+00   0.000000E+00   0.000000E+00   0.000000E+00   0.000000E+00   0.000000E+00   0.000000E+00   0.274090E-06   0.101802E+01   0.147832E+01   0.191176E+01   0.192912E+01   0.133039E+01   0.747118E+00   0.392235E+00   0.433994E-01   0.000000E+00   0.000000E+00   0.000000E+00   0.000000E+00   0.000000E+00   0.000000E+00   0.000000E+00   0.000000E+00   0.000000E+00   0.000000E+00   0.000000E+00   0.231010E-07   0.219455E-07   0.331301E-08   0.000000E+00   0.000000E+00   0.000000E+00   0.000000E+00   0.582287E-08   0.000000E+00   0.226606E-03   0.168568E-02   0.953531E-02   0.322087E-01   0.178999E+00   0.185691E+00   0.754622E+00   0.195150E+01   0.415330E+01   0.791515E+01   0.134914E+02   0.206963E+02   0.287588E+02   0.363420E+02   0.420476E+02   0.442519E+02   0.432149E+02   0.391065E+02   0.328567E+02   0.257008E+02   0.187630E+02   0.128148E+02   0.820421E+01   0.493205E+01   0.277831E+01   0.165414E+01   0.591648E+00   0.332367E+00   0.150048E+00   0.631252E-01   0.256006E-01   0.983510E-02   0.356488E-02   0.123944E-02   0.406685E-03   0.176446E-03
 0.000000E+00   0.470361E-12   0.185154E-11   0.698198E-11   0.252203E-10   0.872681E-10   0.289272E-09   0.918494E-09   0.279377E-08   0.814026E-08   0.000000E+00   0.000000E+00   0.000000E+00   0.000000E+00   0.879497E-08   0.170851E-07   0.235526E-07   0.574361E-07   0.192392E-06   0.486379E-06   0.129720E-05   0.449358E-05   0.162239E-04   0.368481E-04   0.135016E-03   0.273126E-03   0.561166E-03   0.651810E-03   0.134685E-02   0.113448E-02   0.947601E-04   0.575539E-05   0.000000E+00   0.000000E+00   0.000000E+00   0.000000E+00   0.453616E-08   0.000000E+00   0.000000E+00   0.000000E+00   0.000000E+00   0.000000E+00   0.000000E+00   0.337159E-07   0.595331E-05   0.232176E-04   0.501256E-04   0.837985E-04   0.114564E-03   0.123696E-03   0.716842E-04   0.131025E-06   0.000000E+00   0.000000E+00   0.000000E+00   0.000000E+00   0.000000E+00   0.000000E+00   0.000000E+00   0.000000E+00   0.000000E+00   0.000000E+00   0.000000E+00   0.270754E-06   0.101987E+01   0.147725E+01   0.190916E+01   0.192539E+01   0.132831E+01   0.746205E+00   0.391276E+00   0.426332E-01   0.000000E+00   0.000000E+00   0.000000E+00   0.000000E+00   0.000000E+00   0.000000E+00   0.000000E+00   0.000000E+00   0.000000E+00   0.000000E+00   0.000000E+00   0.231010E-07   0.219455E-07   0.331301E-08   0.000000E+00   0.000000E+00   0.000000E+00   0.000000E+00   0.582287E-08   0.000000E+00   0.233506E-03   0.171596E-02   0.964776E-02   0.325420E-01   0.180503E+00   0.184953E+00   0.758045E+00   0.195496E+01   0.415744E+01   0.791783E+01   0.134900E+02   0.206887E+02   0.287449E+02   0.363244E+02   0.420469E+02   0.442356E+02   0.432051E+02   0.391055E+02   0.328634E+02   0.257126E+02   0.187766E+02   0.128276E+02   0.821467E+01   0.493969E+01   0.278332E+01   0.165765E+01   0.593215E+00   0.332888E+00   0.150539E+00   0.632816E-01   0.256830E-01   0.986554E-02   0.357685E-02   0.124370E-02   0.408125E-03   0.177101E-03
 0.000000E+00   0.470361E-12   0.185154E-11   0.698198E-11   0.252203E-10   0.872681E-10   0.289272E-09   0.918494E-09   0.279377E-08   0.814026E-08   0.000000E+00   0.000000E+00   0.000000E+00   0.000000E+00   0.879497E-08   0.170851E-07   0.235526E-07   0.574361E-07   0.192392E-06   0.486379E-06   0.129720E-05   0.449358E-05   0.162239E-04   0.368481E-04   0.135016E-03   0.273126E-03   0.561166E-03   0.651810E-03   0.135193E-02   0.114180E-02   0.947599E-04   0.575534E-05   0.000000E+00   0.000000E+00   0.000000E+00   0.000000E+00   0.453616E-08   0.000000E+00   0.000000E+00   0.000000E+00   0.000000E+00   0.997070E-06   0.615240E-05   0.154999E-04   0.296388E-04   0.481486E-04   0.681538E-04   0.831901E-04   0.803440E-04   0.300061E-04   0.237396E-07   0.186031E-07   0.000000E+00   0.000000E+00   0.000000E+00   0.000000E+00   0.000000E+00   0.000000E+00   0.000000E+00   0.000000E+00   0.000000E+00   0.000000E+00   0.000000E+00   0.267066E-06   0.102169E+01   0.147625E+01   0.190663E+01   0.192170E+01   0.132623E+01   0.745283E+00   0.390320E+00   0.418852E-01   0.000000E+00   0.000000E+00   0.000000E+00   0.000000E+00   0.000000E+00   0.000000E+00   0.000000E+00   0.000000E+00   0.000000E+00   0.000000E+00   0.000000E+00   0.231010E-07   0.219455E-07   0.331301E-08   0.000000E+00   0.000000E+00   0.000000E+00   0.000000E+00   0.582287E-08   0.000000E+00   0.240503E-03   0.174695E-02   0.975902E-02   0.328874E-01   0.181975E+00   0.184226E+00   0.761407E+00   0.195834E+01   0.416146E+01   0.792035E+01   0.134885E+02   0.206811E+02   0.287310E+02   0.363078E+02   0.420460E+02   0.442190E+02   0.431958E+02   0.391050E+02   0.328707E+02   0.257248E+02   0.187905E+02   0.128406E+02   0.822526E+01   0.494740E+01   0.278838E+01   0.166121E+01   0.594783E+00   0.333408E+00   0.151031E+00   0.634380E-01   0.257657E-01   0.989602E-02   0.358884E-02   0.124798E-02   0.409569E-03   0.177759E-03
 0.000000E+00   0.470361E-12   0.185154E-11   0.698198E-11   0.252203E-10   0.872681E-10   0.289272E-09   0.918494E-09   0.279377E-08   0.814026E-08   0.000000E+00   0.000000E+00   0.000000E+00   0.000000E+00   0.879497E-08   0.170851E-07   0.235526E-07   0.574361E-07   0.192392E-06   0.486379E-06   0.129720E-05   0.449358E-05   0.162239E-04   0.368481E-04   0.135016E-03   0.273126E-03   0.561166E-03   0.651810E-03   0.135688E-02   0.114906E-02   0.947597E-04   0.575529E-05   0.000000E+00   0.000000E+00   0.000000E+00   0.000000E+00   0.453616E-08   0.170834E-07   0.824523E-06   0.282051E-05   0.626295E-05   0.116407E-04   0.193111E-04   0.292608E-04   0.405160E-04   0.508252E-04   0.556541E-04   0.435336E-04   0.502401E-05   0.694234E-08   0.237396E-07   0.186031E-07   0.000000E+00   0.000000E+00   0.000000E+00   0.000000E+00   0.000000E+00   0.000000E+00   0.000000E+00   0.000000E+00   0.000000E+00   0.000000E+00   0.000000E+00   0.263009E-06   0.102347E+01   0.147532E+01   0.190419E+01   0.191806E+01   0.132415E+01   0.744355E+00   0.389368E+00   0.411557E-01   0.000000E+00   0.000000E+00   0.000000E+00   0.000000E+00   0.000000E+00   0.000000E+00   0.000000E+00   0.000000E+00   0.000000E+00   0.000000E+00   0.000000E+00   0.231010E-07   0.219455E-07   0.331301E-08   0.000000E+00   0.000000E+00   0.000000E+00   0.000000E+00   0.582287E-08   0.000000E+00   0.247596E-03   0.177869E-02   0.986902E-02   0.332452E-01   0.183415E+00   0.183507E+00   0.764706E+00   0.196166E+01   0.416535E+01   0.792270E+01   0.134868E+02   0.206733E+02   0.287171E+02   0.362929E+02   0.420434E+02   0.442027E+02   0.431870E+02   0.391051E+02   0.328784E+02   0.257374E+02   0.188048E+02   0.128539E+02   0.823600E+01   0.495520E+01   0.279350E+01   0.166482E+01   0.596350E+00   0.333926E+00   0.151524E+00   0.635942E-01   0.258485E-01   0.992652E-02   0.360087E-02   0.125225E-02   0.411015E-03   0.178417E-03
 0.000000E+00   0.470361E-12   0.185154E-11   0.698198E-11   0.252203E-10   0.872681E-10   0.289272E-09   0.918494E-09   0.279377E-08   0.814026E-08   0.000000E+00   0.000000E+00   0.000000E+00   0.000000E+00   0.879497E-08   0.170851E-07   0.235525E-07   0.574361E-07   0.192392E-06   0.486379E-06   0.129720E-05   0.449358E-05   0.162239E-04   0.368481E-04   0.135016E-03   0.273126E-03   0.561166E-03   0.651810E-03   0.136172E-02   0.115625E-02   0.947595E-04   0.575523E-05   0.000000E+00   0.184890E-07   0.280206E-06   0.833057E-06   0.180575E-05   0.335631E-05   0.566640E-05   0.891715E-05   0.132265E-04   0.185552E-04   0.246272E-04   0.304795E-04   0.343964E-04   0.321711E-04   0.121082E-04   0.132354E-07   0.185277E-08   0.694234E-08   0.237396E-07   0.186031E-07   0.000000E+00   0.000000E+00   0.000000E+00   0.000000E+00   0.000000E+00   0.000000E+00   0.000000E+00   0.000000E+00   0.000000E+00   0.000000E+00   0.000000E+00   0.258569E-06   0.102523E+01   0.147447E+01   0.190182E+01   0.191446E+01   0.132207E+01   0.743423E+00   0.388423E+00   0.404451E-01   0.000000E+00   0.000000E+00   0.000000E+00   0.000000E+00   0.000000E+00   0.000000E+00   0.000000E+00   0.000000E+00   0.000000E+00   0.000000E+00   0.000000E+00   0.231010E-07   0.219455E-07   0.331301E-08   0.000000E+00   0.000000E+00   0.000000E+00   0.000000E+00   0.582287E-08   0.000000E+00   0.254784E-03   0.181120E-02   0.997770E-02   0.336156E-01   0.184823E+00   0.182796E+00   0.767937E+00   0.196489E+01   0.416911E+01   0.792487E+01   0.134849E+02   0.206654E+02   0.287032E+02   0.362798E+02   0.420390E+02   0.441868E+02   0.431787E+02   0.391057E+02   0.328866E+02   0.257504E+02   0.188193E+02   0.128673E+02   0.824688E+01   0.496310E+01   0.279866E+01   0.166847E+01   0.597917E+00   0.334442E+00   0.152019E+00   0.637505E-01   0.259315E-01   0.995705E-02   0.361293E-02   0.125654E-02   0.412465E-03   0.179078E-03
 0.000000E+00   0.470361E-12   0.185154E-11   0.698198E-11   0.252203E-10   0.872681E-10   0.289272E-09   0.918494E-09   0.279377E-08   0.814026E-08   0.000000E+00   0.000000E+00   0.000000E+00   0.000000E+00   0.879497E-08   0.170851E-07   0.235525E-07   0.574361E-07   0.192392E-06   0.486379E-06   0.129720E-05   0.449358E-05   0.162239E-04   0.368481E-04   0.135016E-03   0.273126E-03   0.561166E-03   0.651810E-03   0.136642E-02   0.116335E-02   0.948388E-04   0.571593E-05   0.322310E-06   0.952185E-06   0.197603E-05   0.335161E-05   0.507382E-05   0.717852E-05   0.969585E-05   0.126052E-04   0.157517E-04   0.187634E-04   0.209377E-04   0.204898E-04   0.118128E-04   0.516439E-07   0.988294E-09   0.132354E-07   0.185277E-08   0.694234E-08   0.237396E-07   0.186031E-07   0.000000E+00   0.000000E+00   0.000000E+00   0.000000E+00   0.000000E+00   0.000000E+00   0.000000E+00   0.000000E+00   0.000000E+00   0.000000E+00   0.000000E+00   0.253738E-06   0.102694E+01   0.147367E+01   0.189954E+01   0.191093E+01   0.132000E+01   0.742490E+00   0.387485E+00   0.397538E-01   0.000000E+00   0.000000E+00   0.000000E+00   0.000000E+00   0.000000E+00   0.000000E+00   0.000000E+00   0.000000E+00   0.000000E+00   0.000000E+00   0.000000E+00   0.231010E-07   0.219455E-07   0.331301E-08   0.000000E+00   0.000000E+00   0.000000E+00   0.000000E+00   0.582287E-08   0.000000E+00   0.262064E-03   0.184448E-02   0.100850E-01   0.339989E-01   0.186198E+00   0.182090E+00   0.771096E+00   0.196803E+01   0.417272E+01   0.792686E+01   0.134828E+02   0.206573E+02   0.286893E+02   0.362687E+02   0.420328E+02   0.441713E+02   0.431711E+02   0.391069E+02   0.328954E+02   0.257639E+02   0.188342E+02   0.128810E+02   0.825793E+01   0.497109E+01   0.280389E+01   0.167217E+01   0.599482E+00   0.334958E+00   0.152515E+00   0.639067E-01   0.260148E-01   0.998761E-02   0.362501E-02   0.126083E-02   0.413919E-03   0.179739E-03
 0.000000E+00   0.470361E-12   0.185154E-11   0.698198E-11   0.252203E-10   0.872681E-10   0.289272E-09   0.918494E-09   0.279377E-08   0.814026E-08   0.000000E+00   0.000000E+00   0.000000E+00   0.000000E+00   0.879497E-08   0.170851E-07   0.235585E-07   0.569198E-07   0.190703E-06   0.483101E-06   0.128745E-05   0.444810E-05   0.160886E-04   0.366046E-04   0.133895E-03   0.271308E-03   0.559185E-03   0.653155E-03   0.135314E-02   0.118324E-02   0.993385E-04   0.571562E-05   0.411379E-06   0.147038E-05   0.365810E-05   0.658110E-05   0.912460E-05   0.109702E-04   0.124240E-04   0.136008E-04   0.142857E-04   0.138577E-04   0.993437E-05   0.968313E-06   0.179793E-07   0.893438E-08   0.988294E-09   0.132354E-07   0.185277E-08   0.694234E-08   0.237396E-07   0.186031E-07   0.000000E+00   0.000000E+00   0.000000E+00   0.000000E+00   0.000000E+00   0.000000E+00   0.000000E+00   0.000000E+00   0.000000E+00   0.000000E+00   0.000000E+00   0.201775E-02   0.102863E+01   0.147294E+01   0.189732E+01   0.190744E+01   0.131794E+01   0.741555E+00   0.386552E+00   0.390796E-01   0.000000E+00   0.000000E+00   0.000000E+00   0.000000E+00   0.000000E+00   0.000000E+00   0.000000E+00   0.000000E+00   0.000000E+00   0.000000E+00   0.000000E+00   0.231010E-07   0.219455E-07   0.331301E-08   0.000000E+00   0.000000E+00   0.000000E+00   0.000000E+00   0.582287E-08   0.000000E+00   0.269293E-03   0.187785E-02   0.101885E-01   0.343855E-01   0.187413E+00   0.181562E+00   0.774195E+00   0.197110E+01   0.417620E+01   0.792867E+01   0.134806E+02   0.206491E+02   0.286753E+02   0.362592E+02   0.420249E+02   0.441561E+02   0.431639E+02   0.391087E+02   0.329047E+02   0.257778E+02   0.188494E+02   0.128949E+02   0.826912E+01   0.497917E+01   0.280916E+01   0.167585E+01   0.601128E+00   0.335480E+00   0.153018E+00   0.640648E-01   0.260992E-01   0.100185E-01   0.363723E-02   0.126517E-02   0.415386E-03   0.180407E-03
 0.000000E+00   0.470361E-12   0.185154E-11   0.698198E-11   0.252203E-10   0.872681E-10   0.289272E-09   0.918494E-09   0.279377E-08   0.814026E-08   0.000000E+00   0.000000E+00   0.000000E+00   0.000000E+00   0.879497E-08   0.170851E-07   0.235585E-07   0.533657E-07   0.180519E-06   0.463549E-06   0.122907E-05   0.417764E-05   0.152743E-04   0.351925E-04   0.127069E-03   0.261174E-03   0.546778E-03   0.660338E-03   0.126452E-02   0.128512E-02   0.125044E-03   0.573274E-05   0.398126E-06   0.144690E-05   0.377539E-05   0.760770E-05   0.119195E-04   0.147021E-04   0.150985E-04   0.138677E-04   0.114973E-04   0.613319E-05   0.572790E-07   0.108201E-07   0.179793E-07   0.893438E-08   0.988294E-09   0.132354E-07   0.185277E-08   0.694234E-08   0.237396E-07   0.186031E-07   0.000000E+00   0.000000E+00   0.000000E+00   0.000000E+00   0.000000E+00   0.000000E+00   0.000000E+00   0.000000E+00   0.000000E+00   0.000000E+00   0.000000E+00   0.524625E-02   0.103029E+01   0.147226E+01   0.189516E+01   0.190398E+01   0.131586E+01   0.740611E+00   0.385620E+00   0.384177E-01   0.000000E+00   0.000000E+00   0.000000E+00   0.000000E+00   0.000000E+00   0.000000E+00   0.000000E+00   0.000000E+00   0.000000E+00   0.000000E+00   0.000000E+00   0.231010E-07   0.219455E-07   0.331301E-08   0.000000E+00   0.000000E+00   0.000000E+00   0.000000E+00   0.582287E-08   0.206988E-07   0.275791E-03   0.190795E-02   0.102776E-01   0.347328E-01   0.187922E+00   0.181943E+00   0.777258E+00   0.197413E+01   0.417962E+01   0.793041E+01   0.134782E+02   0.206409E+02   0.286613E+02   0.362506E+02   0.420163E+02   0.441411E+02   0.431569E+02   0.391107E+02   0.329142E+02   0.257918E+02   0.188647E+02   0.129089E+02   0.828037E+01   0.498730E+01   0.281446E+01   0.167918E+01   0.603214E+00   0.336044E+00   0.153559E+00   0.642332E-01   0.261887E-01   0.100511E-01   0.365008E-02   0.126971E-02   0.416918E-03   0.181101E-03
 0.000000E+00   0.470361E-12   0.185154E-11   0.698198E-11   0.252203E-10   0.872681E-10   0.289272E-09   0.918494E-09   0.279377E-08   0.814026E-08   0.000000E+00   0.000000E+00   0.000000E+00   0.000000E+00   0.879497E-08   0.170851E-07   0.235585E-07   0.497599E-07   0.170853E-06   0.445191E-06   0.117392E-05   0.392483E-05   0.144964E-04   0.339137E-04   0.120440E-03   0.252501E-03   0.534268E-03   0.666622E-03   0.118668E-02   0.137909E-02   0.148047E-03   0.575109E-05   0.384116E-06   0.141613E-05   0.371405E-05   0.753191E-05   0.121444E-04   0.157864E-04   0.166472E-04   0.146027E-04   0.102118E-04   0.239418E-05   0.250823E-07   0.108201E-07   0.179793E-07   0.893438E-08   0.988294E-09   0.132354E-07   0.185277E-08   0.694234E-08   0.237396E-07   0.186031E-07   0.000000E+00   0.000000E+00   0.000000E+00   0.000000E+00   0.000000E+00   0.000000E+00   0.000000E+00   0.000000E+00   0.000000E+00   0.000000E+00   0.000000E+00   0.841052E-02   0.103193E+01   0.147163E+01   0.189307E+01   0.190058E+01   0.131381E+01   0.739670E+00   0.384696E+00   0.377736E-01   0.000000E+00   0.000000E+00   0.000000E+00   0.000000E+00   0.000000E+00   0.000000E+00   0.000000E+00   0.000000E+00   0.000000E+00   0.000000E+00   0.000000E+00   0.231010E-07   0.219455E-07   0.331301E-08   0.000000E+00   0.000000E+00   0.000000E+00   0.000000E+00   0.582287E-08   0.988182E-07   0.282237E-03   0.193831E-02   0.103643E-01   0.350903E-01   0.188393E+00   0.182342E+00   0.780254E+00   0.197708E+01   0.418290E+01   0.793196E+01   0.134757E+02   0.206325E+02   0.286474E+02   0.362439E+02   0.420058E+02   0.441265E+02   0.431505E+02   0.391133E+02   0.329242E+02   0.258063E+02   0.188804E+02   0.129232E+02   0.829178E+01   0.499551E+01   0.281982E+01   0.168252E+01   0.605332E+00   0.336607E+00   0.154104E+00   0.644025E-01   0.262789E-01   0.100838E-01   0.366302E-02   0.127427E-02   0.418459E-03   0.181799E-03
 0.000000E+00   0.470361E-12   0.185154E-11   0.698198E-11   0.252203E-10   0.872681E-10   0.289272E-09   0.918494E-09   0.279377E-08   0.814026E-08   0.000000E+00   0.000000E+00   0.000000E+00   0.000000E+00   0.879497E-08   0.170851E-07   0.235585E-07   0.460625E-07   0.161572E-06   0.427496E-06   0.112079E-05   0.368456E-05   0.137391E-04   0.327122E-04   0.113930E-03   0.244692E-03   0.521454E-03   0.672624E-03   0.111670E-02   0.146758E-02   0.169445E-03   0.577101E-05   0.369224E-06   0.138389E-05   0.364952E-05   0.744186E-05   0.120673E-04   0.157892E-04   0.169115E-04   0.150010E-04   0.102436E-04   0.205613E-05   0.250823E-07   0.108201E-07   0.179793E-07   0.893438E-08   0.988294E-09   0.132354E-07   0.185277E-08   0.694234E-08   0.237396E-07   0.186031E-07   0.000000E+00   0.000000E+00   0.000000E+00   0.000000E+00   0.000000E+00   0.000000E+00   0.000000E+00   0.000000E+00   0.000000E+00   0.000000E+00   0.000000E+00   0.114943E-01   0.103351E+01   0.147107E+01   0.189106E+01   0.189725E+01   0.131177E+01   0.738735E+00   0.383785E+00   0.371497E-01   0.000000E+00   0.000000E+00   0.000000E+00   0.000000E+00   0.000000E+00   0.000000E+00   0.000000E+00   0.000000E+00   0.000000E+00   0.000000E+00   0.000000E+00   0.231010E-07   0.219455E-07   0.331301E-08   0.000000E+00   0.000000E+00   0.000000E+00   0.000000E+00   0.582287E-08   0.227491E-06   0.288610E-03   0.196882E-02   0.104484E-01   0.354560E-01   0.188826E+00   0.182756E+00   0.783166E+00   0.197993E+01   0.418600E+01   0.793329E+01   0.134729E+02   0.206239E+02   0.286334E+02   0.362395E+02   0.419931E+02   0.441124E+02   0.431449E+02   0.391166E+02   0.329349E+02   0.258214E+02   0.188965E+02   0.129377E+02   0.830338E+01   0.500385E+01   0.282524E+01   0.168590E+01   0.607484E+00   0.337172E+00   0.154655E+00   0.645730E-01   0.263699E-01   0.101168E-01   0.367605E-02   0.127886E-02   0.420010E-03   0.182502E-03
 0.000000E+00   0.470361E-12   0.185154E-11   0.698198E-11   0.252203E-10   0.872681E-10   0.289272E-09   0.918494E-09   0.279377E-08   0.814026E-08   0.000000E+00   0.000000E+00   0.000000E+00   0.000000E+00   0.879497E-08   0.170851E-07   0.235585E-07   0.422790E-07   0.152666E-06   0.410239E-06   0.106933E-05   0.345553E-05   0.129982E-04   0.315618E-04   0.107542E-03   0.237433E-03   0.508321E-03   0.678648E-03   0.105323E-02   0.155118E-02   0.190154E-03   0.579263E-05   0.353433E-06   0.135014E-05   0.358190E-05   0.734783E-05   0.119863E-04   0.157753E-04   0.169919E-04   0.151566E-04   0.104379E-04   0.217759E-05   0.250823E-07   0.108201E-07   0.179793E-07   0.893438E-08   0.988294E-09   0.132354E-07   0.185277E-08   0.694234E-08   0.237396E-07   0.186031E-07   0.000000E+00   0.000000E+00   0.000000E+00   0.000000E+00   0.000000E+00   0.000000E+00   0.000000E+00   0.000000E+00   0.000000E+00   0.000000E+00   0.000000E+00   0.144898E-01   0.103505E+01   0.147055E+01   0.188913E+01   0.189401E+01   0.130977E+01   0.737811E+00   0.382890E+00   0.365469E-01   0.000000E+00   0.000000E+00   0.000000E+00   0.000000E+00   0.000000E+00   0.000000E+00   0.000000E+00   0.000000E+00   0.000000E+00   0.000000E+00   0.000000E+00   0.231010E-07   0.219455E-07   0.331301E-08   0.000000E+00   0.000000E+00   0.000000E+00   0.000000E+00   0.582287E-08   0.406359E-06   0.294902E-03   0.199943E-02   0.105296E-01   0.358283E-01   0.189223E+00   0.183182E+00   0.785989E+00   0.198265E+01   0.418891E+01   0.793436E+01   0.134699E+02   0.206152E+02   0.286194E+02   0.362377E+02   0.419779E+02   0.440988E+02   0.431399E+02   0.391207E+02   0.329463E+02   0.258370E+02   0.189130E+02   0.129526E+02   0.831520E+01   0.501232E+01   0.283074E+01   0.168930E+01   0.609675E+00   0.337737E+00   0.155211E+00   0.647447E-01   0.264618E-01   0.101500E-01   0.368919E-02   0.128349E-02   0.421573E-03   0.183209E-03
 0.000000E+00   0.470361E-12   0.185154E-11   0.698198E-11   0.252203E-10   0.872681E-10   0.289272E-09   0.918494E-09   0.279377E-08   0.814026E-08   0.000000E+00   0.000000E+00   0.000000E+00   0.000000E+00   0.879497E-08   0.170851E-07   0.235585E-07   0.384302E-07   0.144141E-06   0.393298E-06   0.101944E-05   0.323738E-05   0.122730E-04   0.304462E-04   0.101302E-03   0.230515E-03   0.494915E-03   0.684836E-03   0.995408E-03   0.162984E-02   0.211189E-03   0.581603E-05   0.336787E-06   0.131497E-05   0.351129E-05   0.725000E-05   0.119025E-04   0.157617E-04   0.170745E-04   0.153093E-04   0.106368E-04   0.233751E-05   0.250823E-07   0.108201E-07   0.179793E-07   0.893438E-08   0.988294E-09   0.132354E-07   0.185277E-08   0.694234E-08   0.237396E-07   0.186031E-07   0.000000E+00   0.000000E+00   0.000000E+00   0.000000E+00   0.000000E+00   0.000000E+00   0.000000E+00   0.000000E+00   0.000000E+00   0.000000E+00   0.000000E+00   0.173919E-01   0.103655E+01   0.147009E+01   0.188729E+01   0.189085E+01   0.130781E+01   0.736900E+00   0.382012E+00   0.359654E-01   0.000000E+00   0.000000E+00   0.000000E+00   0.000000E+00   0.000000E+00   0.000000E+00   0.000000E+00   0.000000E+00   0.000000E+00   0.000000E+00   0.000000E+00   0.231010E-07   0.219455E-07   0.331301E-08   0.000000E+00   0.000000E+00   0.000000E+00   0.000000E+00   0.582287E-08   0.633168E-06   0.301105E-03   0.203007E-02   0.106080E-01   0.362059E-01   0.189585E+00   0.183617E+00   0.788718E+00   0.198526E+01   0.419162E+01   0.793518E+01   0.134666E+02   0.206063E+02   0.286061E+02   0.362369E+02   0.419611E+02   0.440858E+02   0.431358E+02   0.391256E+02   0.329585E+02   0.258533E+02   0.189300E+02   0.129678E+02   0.832724E+01   0.502092E+01   0.283632E+01   0.169274E+01   0.611904E+00   0.338305E+00   0.155774E+00   0.649178E-01   0.265545E-01   0.101834E-01   0.370244E-02   0.128815E-02   0.423148E-03   0.183921E-03
 0.000000E+00   0.470361E-12   0.185154E-11   0.698198E-11   0.252203E-10   0.872681E-10   0.289272E-09   0.918494E-09   0.279377E-08   0.814026E-08   0.000000E+00   0.000000E+00   0.000000E+00   0.000000E+00   0.879497E-08   0.170851E-07   0.235585E-07   0.345471E-07   0.136004E-06   0.376615E-06   0.971089E-06   0.303012E-05   0.115641E-04   0.293553E-04   0.952442E-04   0.223792E-03   0.481345E-03   0.691169E-03   0.942661E-03   0.170306E-02   0.233694E-03   0.584129E-05   0.319370E-06   0.127851E-05   0.343793E-05   0.714862E-05   0.118161E-04   0.157488E-04   0.171616E-04   0.154687E-04   0.108445E-04   0.251048E-05   0.250823E-07   0.108201E-07   0.179793E-07   0.893438E-08   0.988294E-09   0.132354E-07   0.185277E-08   0.694234E-08   0.237396E-07   0.186031E-07   0.000000E+00   0.000000E+00   0.000000E+00   0.000000E+00   0.000000E+00   0.000000E+00   0.000000E+00   0.000000E+00   0.000000E+00   0.000000E+00   0.000000E+00   0.201972E-01   0.103799E+01   0.146968E+01   0.188553E+01   0.188779E+01   0.130588E+01   0.736004E+00   0.381153E+00   0.354054E-01   0.000000E+00   0.000000E+00   0.000000E+00   0.000000E+00   0.000000E+00   0.000000E+00   0.000000E+00   0.000000E+00   0.000000E+00   0.000000E+00   0.000000E+00   0.231010E-07   0.219455E-07   0.331301E-08   0.000000E+00   0.000000E+00   0.000000E+00   0.000000E+00   0.582287E-08   0.905565E-06   0.307215E-03   0.206071E-02   0.106835E-01   0.365874E-01   0.189913E+00   0.184058E+00   0.791350E+00   0.198774E+01   0.419411E+01   0.793572E+01   0.134630E+02   0.205971E+02   0.285950E+02   0.362336E+02   0.419444E+02   0.440733E+02   0.431324E+02   0.391314E+02   0.329715E+02   0.258702E+02   0.189476E+02   0.129834E+02   0.833951E+01   0.502967E+01   0.284198E+01   0.169621E+01   0.614173E+00   0.338873E+00   0.156344E+00   0.650923E-01   0.266482E-01   0.102171E-01   0.371582E-02   0.129284E-02   0.424734E-03   0.184638E-03
 0.000000E+00   0.470361E-12   0.185154E-11   0.698198E-11   0.252203E-10   0.872681E-10   0.289272E-09   0.918494E-09   0.279377E-08   0.814026E-08   0.000000E+00   0.000000E+00   0.000000E+00   0.000000E+00   0.879497E-08   0.170851E-07   0.235585E-07   0.306619E-07   0.128239E-06   0.360215E-06   0.924201E-06   0.283362E-05   0.108722E-04   0.282819E-04   0.893934E-04   0.217165E-03   0.467768E-03   0.697459E-03   0.894550E-03   0.177017E-02   0.258944E-03   0.586847E-05   0.301263E-06   0.124086E-05   0.336199E-05   0.704384E-05   0.117271E-04   0.157362E-04   0.172529E-04   0.156353E-04   0.110614E-04   0.269602E-05   0.250823E-07   0.108201E-07   0.179793E-07   0.893438E-08   0.988294E-09   0.132354E-07   0.185277E-08   0.694234E-08   0.237396E-07   0.186031E-07   0.000000E+00   0.000000E+00   0.000000E+00   0.000000E+00   0.000000E+00   0.000000E+00   0.000000E+00   0.000000E+00   0.000000E+00   0.000000E+00   0.000000E+00   0.229017E-01   0.103939E+01   0.146931E+01   0.188386E+01   0.188483E+01   0.130401E+01   0.735125E+00   0.380315E+00   0.348671E-01   0.000000E+00   0.000000E+00   0.000000E+00   0.000000E+00   0.000000E+00   0.000000E+00   0.000000E+00   0.000000E+00   0.000000E+00   0.000000E+00   0.000000E+00   0.231010E-07   0.219455E-07   0.331301E-08   0.000000E+00   0.000000E+00   0.000000E+00   0.000000E+00   0.582287E-08   0.122114E-05   0.313227E-03   0.209129E-02   0.107561E-01   0.369717E-01   0.190210E+00   0.184503E+00   0.793881E+00   0.199009E+01   0.419639E+01   0.793598E+01   0.134591E+02   0.205878E+02   0.285864E+02   0.362279E+02   0.419280E+02   0.440615E+02   0.431299E+02   0.391380E+02   0.329853E+02   0.258878E+02   0.189656E+02   0.129993E+02   0.835202E+01   0.503856E+01   0.284772E+01   0.169972E+01   0.616484E+00   0.339444E+00   0.156919E+00   0.652683E-01   0.267428E-01   0.102511E-01   0.372931E-02   0.129757E-02   0.426334E-03   0.185361E-03
 0.000000E+00   0.470361E-12   0.185154E-11   0.698198E-11   0.252203E-10   0.872681E-10   0.289272E-09   0.918494E-09   0.279377E-08   0.814026E-08   0.000000E+00   0.000000E+00   0.000000E+00   0.000000E+00   0.879497E-08   0.170851E-07   0.235585E-07   0.268109E-07   0.120822E-06   0.344132E-06   0.878761E-06   0.264762E-05   0.101983E-04   0.272269E-04   0.837648E-04   0.210616E-03   0.454254E-03   0.703469E-03   0.850793E-03   0.183032E-02   0.288297E-03   0.589762E-05   0.282553E-06   0.120217E-05   0.328364E-05   0.693578E-05   0.116352E-04   0.157235E-04   0.173481E-04   0.158088E-04   0.112875E-04   0.289548E-05   0.250823E-07   0.108201E-07   0.179793E-07   0.893438E-08   0.988294E-09   0.132354E-07   0.185277E-08   0.694234E-08   0.237396E-07   0.186031E-07   0.000000E+00   0.000000E+00   0.000000E+00   0.000000E+00   0.000000E+00   0.000000E+00   0.000000E+00   0.000000E+00   0.000000E+00   0.000000E+00   0.000000E+00   0.255015E-01   0.104073E+01   0.146900E+01   0.188227E+01   0.188197E+01   0.130218E+01   0.734266E+00   0.379499E+00   0.343506E-01   0.000000E+00   0.000000E+00   0.000000E+00   0.000000E+00   0.000000E+00   0.000000E+00   0.000000E+00   0.000000E+00   0.000000E+00   0.000000E+00   0.000000E+00   0.231010E-07   0.219455E-07   0.331301E-08   0.000000E+00   0.000000E+00   0.000000E+00   0.000000E+00   0.582287E-08   0.157734E-05   0.319138E-03   0.212178E-02   0.108257E-01   0.373573E-01   0.190476E+00   0.184950E+00   0.796311E+00   0.199230E+01   0.419845E+01   0.793595E+01   0.134549E+02   0.205782E+02   0.285803E+02   0.362195E+02   0.419117E+02   0.440503E+02   0.431283E+02   0.391456E+02   0.329999E+02   0.259062E+02   0.189842E+02   0.130156E+02   0.836478E+01   0.504761E+01   0.285356E+01   0.170326E+01   0.618837E+00   0.340016E+00   0.157502E+00   0.654457E-01   0.268384E-01   0.102853E-01   0.374292E-02   0.130234E-02   0.427946E-03   0.186089E-03
 0.000000E+00   0.470361E-12   0.185154E-11   0.698198E-11   0.252203E-10   0.872681E-10   0.289272E-09   0.918494E-09   0.279377E-08   0.814026E-08   0.000000E+00   0.000000E+00   0.000000E+00   0.000000E+00   0.879497E-08   0.170851E-07   0.235585E-07   0.226403E-07   0.112932E-06   0.328395E-06   0.834908E-06   0.247179E-05   0.954366E-05   0.261920E-04   0.783708E-04   0.204142E-03   0.440839E-03   0.708930E-03   0.811241E-03   0.188256E-02   0.323128E-03   0.592882E-05   0.263340E-06   0.116256E-05   0.320307E-05   0.682451E-05   0.115404E-04   0.157103E-04   0.174466E-04   0.159889E-04   0.115228E-04   0.311051E-05   0.250823E-07   0.108201E-07   0.179793E-07   0.893438E-08   0.988294E-09   0.132354E-07   0.185277E-08   0.694234E-08   0.237396E-07   0.186031E-07   0.000000E+00   0.000000E+00   0.000000E+00   0.000000E+00   0.000000E+00   0.000000E+00   0.000000E+00   0.000000E+00   0.000000E+00   0.000000E+00   0.000000E+00   0.279931E-01   0.104202E+01   0.146872E+01   0.188076E+01   0.187922E+01   0.130040E+01   0.733429E+00   0.378706E+00   0.338559E-01   0.000000E+00   0.000000E+00   0.000000E+00   0.000000E+00   0.000000E+00   0.000000E+00   0.000000E+00   0.000000E+00   0.000000E+00   0.000000E+00   0.000000E+00   0.231010E-07   0.219455E-07   0.331301E-08   0.000000E+00   0.000000E+00   0.000000E+00   0.000000E+00   0.582287E-08   0.197159E-05   0.324943E-03   0.215211E-02   0.108924E-01   0.377431E-01   0.190714E+00   0.185396E+00   0.798635E+00   0.199437E+01   0.420028E+01   0.793562E+01   0.134504E+02   0.205684E+02   0.285767E+02   0.362084E+02   0.418957E+02   0.440397E+02   0.431276E+02   0.391541E+02   0.330153E+02   0.259252E+02   0.190033E+02   0.130323E+02   0.837780E+01   0.505681E+01   0.285948E+01   0.170685E+01   0.621234E+00   0.340591E+00   0.158092E+00   0.656247E-01   0.269350E-01   0.103199E-01   0.375666E-02   0.130714E-02   0.429572E-03   0.186822E-03
 0.000000E+00   0.470361E-12   0.185154E-11   0.698198E-11   0.252203E-10   0.872681E-10   0.289272E-09   0.918494E-09   0.279377E-08   0.814026E-08   0.000000E+00   0.000000E+00   0.000000E+00   0.000000E+00   0.879497E-08   0.170851E-07   0.235585E-07   0.226403E-07   0.101996E-06   0.313275E-06   0.792747E-06   0.230581E-05   0.890978E-05   0.251769E-04   0.732237E-04   0.197724E-03   0.427551E-03   0.713559E-03   0.775836E-03   0.192590E-02   0.364780E-03   0.596211E-05   0.243742E-06   0.112217E-05   0.312048E-05   0.671010E-05   0.114422E-04   0.156958E-04   0.175479E-04   0.161755E-04   0.117673E-04   0.334291E-05   0.250823E-07   0.108201E-07   0.179793E-07   0.893438E-08   0.988294E-09   0.132354E-07   0.185277E-08   0.694234E-08   0.237396E-07   0.186031E-07   0.000000E+00   0.000000E+00   0.000000E+00   0.000000E+00   0.000000E+00   0.000000E+00   0.000000E+00   0.000000E+00   0.000000E+00   0.000000E+00   0.000000E+00   0.303738E-01   0.104325E+01   0.146849E+01   0.187934E+01   0.187658E+01   0.129868E+01   0.732615E+00   0.377937E+00   0.333830E-01   0.000000E+00   0.000000E+00   0.000000E+00   0.000000E+00   0.000000E+00   0.000000E+00   0.000000E+00   0.000000E+00   0.000000E+00   0.000000E+00   0.000000E+00   0.231010E-07   0.219455E-07   0.331301E-08   0.000000E+00   0.000000E+00   0.000000E+00   0.000000E+00   0.582287E-08   0.240125E-05   0.330638E-03   0.218225E-02   0.109562E-01   0.381278E-01   0.190926E+00   0.185840E+00   0.800853E+00   0.199629E+01   0.420187E+01   0.793498E+01   0.134456E+02   0.205584E+02   0.285757E+02   0.361945E+02   0.418800E+02   0.440298E+02   0.431278E+02   0.391635E+02   0.330317E+02   0.259449E+02   0.190230E+02   0.130494E+02   0.839108E+01   0.506617E+01   0.286550E+01   0.171047E+01   0.623675E+00   0.341167E+00   0.158689E+00   0.658054E-01   0.270326E-01   0.103547E-01   0.377052E-02   0.131198E-02   0.431211E-03   0.187562E-03
 0.000000E+00   0.470361E-12   0.185154E-11   0.698198E-11   0.252203E-10   0.872681E-10   0.289272E-09   0.918494E-09   0.279377E-08   0.814026E-08   0.000000E+00   0.000000E+00   0.000000E+00   0.000000E+00   0.879497E-08   0.170851E-07   0.235585E-07   0.226403E-07   0.911371E-07   0.298852E-06   0.752315E-06   0.214936E-05   0.829814E-05   0.241793E-04   0.683342E-04   0.191333E-03   0.414415E-03   0.717068E-03   0.744571E-03   0.195941E-02   0.414495E-03   0.598546E-05   0.236197E-06   0.108087E-05   0.303604E-05   0.659254E-05   0.113404E-04   0.156795E-04   0.176512E-04   0.163683E-04   0.120210E-04   0.359461E-05   0.250823E-07   0.108201E-07   0.179793E-07   0.893438E-08   0.988294E-09   0.132354E-07   0.185277E-08   0.694234E-08   0.237396E-07   0.186031E-07   0.000000E+00   0.000000E+00   0.000000E+00   0.000000E+00   0.000000E+00   0.000000E+00   0.000000E+00   0.000000E+00   0.000000E+00   0.000000E+00   0.000000E+00   0.326409E-01   0.104443E+01   0.146829E+01   0.187800E+01   0.187405E+01   0.129702E+01   0.731826E+00   0.377194E+00   0.329319E-01   0.000000E+00   0.000000E+00   0.000000E+00   0.000000E+00   0.000000E+00   0.000000E+00   0.000000E+00   0.000000E+00   0.000000E+00   0.000000E+00   0.000000E+00   0.231010E-07   0.219455E-07   0.331301E-08   0.000000E+00   0.000000E+00   0.000000E+00   0.000000E+00   0.582287E-08   0.286366E-05   0.336222E-03   0.221214E-02   0.110171E-01   0.385103E-01   0.191111E+00   0.186278E+00   0.802962E+00   0.199807E+01   0.420322E+01   0.793403E+01   0.134405E+02   0.205495E+02   0.285742E+02   0.361796E+02   0.418645E+02   0.440206E+02   0.431290E+02   0.391740E+02   0.330489E+02   0.259655E+02   0.190433E+02   0.130669E+02   0.840462E+01   0.507570E+01   0.287161E+01   0.171413E+01   0.626161E+00   0.341745E+00   0.159293E+00   0.659876E-01   0.271313E-01   0.103898E-01   0.378452E-02   0.131687E-02   0.432864E-03   0.188306E-03
 0.000000E+00   0.470361E-12   0.185154E-11   0.698198E-11   0.252203E-10   0.872681E-10   0.289272E-09   0.918494E-09   0.279377E-08   0.814026E-08   0.000000E+00   0.000000E+00   0.000000E+00   0.000000E+00   0.879497E-08   0.170851E-07   0.235585E-07   0.226403E-07   0.804473E-07   0.285033E-06   0.713617E-06   0.200219E-05   0.771019E-05   0.231958E-04   0.637112E-04   0.184933E-03   0.401448E-03   0.719180E-03   0.717627E-03   0.198217E-02   0.473365E-03   0.595933E-05   0.283227E-06   0.103585E-05   0.295006E-05   0.647180E-05   0.112345E-04   0.156605E-04   0.177560E-04   0.165672E-04   0.122841E-04   0.386764E-05   0.250823E-07   0.108201E-07   0.179793E-07   0.893438E-08   0.988294E-09   0.132354E-07   0.185277E-08   0.694234E-08   0.237396E-07   0.186031E-07   0.000000E+00   0.000000E+00   0.000000E+00   0.000000E+00   0.000000E+00   0.000000E+00   0.000000E+00   0.000000E+00   0.000000E+00   0.000000E+00   0.000000E+00   0.347920E-01   0.104556E+01   0.146813E+01   0.187675E+01   0.187163E+01   0.129543E+01   0.731064E+00   0.376479E+00   0.325025E-01   0.000000E+00   0.000000E+00   0.000000E+00   0.000000E+00   0.000000E+00   0.000000E+00   0.000000E+00   0.000000E+00   0.000000E+00   0.000000E+00   0.000000E+00   0.231010E-07   0.219455E-07   0.331301E-08   0.000000E+00   0.000000E+00   0.000000E+00   0.000000E+00   0.582287E-08   0.335616E-05   0.341691E-03   0.224174E-02   0.110753E-01   0.388895E-01   0.191274E+00   0.186708E+00   0.804961E+00   0.199970E+01   0.420433E+01   0.793277E+01   0.134350E+02   0.205426E+02   0.285702E+02   0.361646E+02   0.418493E+02   0.440120E+02   0.431310E+02   0.391854E+02   0.330671E+02   0.259867E+02   0.190641E+02   0.130848E+02   0.841844E+01   0.508539E+01   0.287782E+01   0.171783E+01   0.628694E+00   0.342325E+00   0.159905E+00   0.661716E-01   0.272310E-01   0.104252E-01   0.379865E-02   0.132179E-02   0.434531E-03   0.189057E-03
 0.000000E+00   0.470361E-12   0.185154E-11   0.698198E-11   0.252203E-10   0.872681E-10   0.289272E-09   0.918494E-09   0.279377E-08   0.814026E-08   0.000000E+00   0.000000E+00   0.000000E+00   0.000000E+00   0.879497E-08   0.170851E-07   0.235585E-07   0.226403E-07   0.700228E-07   0.271696E-06   0.676640E-06   0.186425E-05   0.714738E-05   0.222217E-04   0.593618E-04   0.178483E-03   0.388664E-03   0.719640E-03   0.695393E-03   0.199316E-02   0.542296E-03   0.588118E-05   0.391784E-06   0.982569E-06   0.286312E-05   0.634779E-05   0.111239E-04   0.156381E-04   0.178614E-04   0.167720E-04   0.125566E-04   0.416408E-05   0.250823E-07   0.108201E-07   0.179793E-07   0.893438E-08   0.988294E-09   0.132354E-07   0.185277E-08   0.694234E-08   0.237396E-07   0.186031E-07   0.000000E+00   0.000000E+00   0.000000E+00   0.000000E+00   0.000000E+00   0.000000E+00   0.000000E+00   0.000000E+00   0.000000E+00   0.000000E+00   0.000000E+00   0.368253E-01   0.104663E+01   0.146800E+01   0.187558E+01   0.186933E+01   0.129389E+01   0.730330E+00   0.375791E+00   0.320946E-01   0.000000E+00   0.000000E+00   0.000000E+00   0.000000E+00   0.000000E+00   0.000000E+00   0.000000E+00   0.000000E+00   0.000000E+00   0.000000E+00   0.000000E+00   0.231010E-07   0.219455E-07   0.331301E-08   0.000000E+00   0.000000E+00   0.000000E+00   0.000000E+00   0.582287E-08   0.387608E-05   0.347043E-03   0.227101E-02   0.111307E-01   0.392642E-01   0.191414E+00   0.187130E+00   0.806848E+00   0.200118E+01   0.420518E+01   0.793118E+01   0.134292E+02   0.205379E+02   0.285638E+02   0.361496E+02   0.418343E+02   0.440042E+02   0.431341E+02   0.391978E+02   0.330862E+02   0.260088E+02   0.190856E+02   0.131031E+02   0.843253E+01   0.509525E+01   0.288412E+01   0.172157E+01   0.631274E+00   0.342907E+00   0.160524E+00   0.663573E-01   0.273318E-01   0.104610E-01   0.381292E-02   0.132675E-02   0.436212E-03   0.189814E-03
 0.000000E+00   0.470361E-12   0.185154E-11   0.698198E-11   0.252203E-10   0.872681E-10   0.289272E-09   0.918494E-09   0.279377E-08   0.814026E-08   0.000000E+00   0.000000E+00   0.000000E+00   0.000000E+00   0.879497E-08   0.170851E-07   0.235585E-07   0.226403E-07   0.599615E-07   0.258698E-06   0.641362E-06   0.173557E-05   0.661086E-05   0.212524E-04   0.552945E-04   0.171940E-03   0.376073E-03   0.718229E-03   0.678158E-03   0.199170E-02   0.621965E-03   0.575282E-05   0.562093E-06   0.918667E-06   0.277605E-05   0.622034E-05   0.110083E-04   0.156114E-04   0.179670E-04   0.169826E-04   0.128387E-04   0.448601E-05   0.250823E-07   0.108201E-07   0.179793E-07   0.893438E-08   0.988294E-09   0.132354E-07   0.185277E-08   0.694234E-08   0.237396E-07   0.186031E-07   0.000000E+00   0.000000E+00   0.000000E+00   0.000000E+00   0.000000E+00   0.000000E+00   0.000000E+00   0.000000E+00   0.000000E+00   0.000000E+00   0.000000E+00   0.387391E-01   0.104765E+01   0.146791E+01   0.187448E+01   0.186715E+01   0.129243E+01   0.729626E+00   0.375131E+00   0.317082E-01   0.000000E+00   0.000000E+00   0.000000E+00   0.000000E+00   0.000000E+00   0.000000E+00   0.000000E+00   0.000000E+00   0.000000E+00   0.000000E+00   0.000000E+00   0.231010E-07   0.219455E-07   0.331301E-08   0.000000E+00   0.000000E+00   0.000000E+00   0.000000E+00   0.582287E-08   0.442080E-05   0.352277E-03   0.229991E-02   0.111834E-01   0.396336E-01   0.191534E+00   0.187540E+00   0.808624E+00   0.200251E+01   0.420579E+01   0.792927E+01   0.134231E+02   0.205352E+02   0.285548E+02   0.361346E+02   0.418196E+02   0.439971E+02   0.431381E+02   0.392112E+02   0.331062E+02   0.260316E+02   0.191076E+02   0.131219E+02   0.844689E+01   0.510529E+01   0.289053E+01   0.172535E+01   0.633902E+00   0.343491E+00   0.161151E+00   0.665447E-01   0.274337E-01   0.104970E-01   0.382733E-02   0.133176E-02   0.437908E-03   0.190577E-03
 0.000000E+00   0.470361E-12   0.185154E-11   0.698198E-11   0.252203E-10   0.872681E-10   0.289272E-09   0.918494E-09   0.279377E-08   0.814026E-08   0.000000E+00   0.000000E+00   0.000000E+00   0.000000E+00   0.879497E-08   0.170851E-07   0.235585E-07   0.226403E-07   0.503628E-07   0.245880E-06   0.607753E-06   0.161602E-05   0.610140E-05   0.202834E-04   0.515179E-04   0.165262E-03   0.363680E-03   0.714772E-03   0.666066E-03   0.197748E-02   0.712766E-03   0.557730E-05   0.783289E-06   0.852004E-06   0.268932E-05   0.608925E-05   0.108870E-04   0.155795E-04   0.180718E-04   0.171988E-04   0.131305E-04   0.483554E-05   0.250823E-07   0.108201E-07   0.179793E-07   0.893438E-08   0.988294E-09   0.132354E-07   0.185277E-08   0.694234E-08   0.237396E-07   0.186031E-07   0.000000E+00   0.000000E+00   0.000000E+00   0.000000E+00   0.000000E+00   0.000000E+00   0.000000E+00   0.000000E+00   0.000000E+00   0.000000E+00   0.000000E+00   0.405321E-01   0.104861E+01   0.146784E+01   0.187347E+01   0.186510E+01   0.129104E+01   0.728952E+00   0.374502E+00   0.313429E-01   0.000000E+00   0.000000E+00   0.000000E+00   0.000000E+00   0.000000E+00   0.000000E+00   0.000000E+00   0.000000E+00   0.000000E+00   0.000000E+00   0.000000E+00   0.231010E-07   0.219455E-07   0.331301E-08   0.000000E+00   0.000000E+00   0.000000E+00   0.000000E+00   0.582287E-08   0.498771E-05   0.357391E-03   0.232838E-02   0.112334E-01   0.399967E-01   0.191635E+00   0.187938E+00   0.810287E+00   0.200368E+01   0.420615E+01   0.792703E+01   0.134166E+02   0.205345E+02   0.285434E+02   0.361196E+02   0.418051E+02   0.439906E+02   0.431431E+02   0.392256E+02   0.331271E+02   0.260552E+02   0.191302E+02   0.131411E+02   0.846155E+01   0.511549E+01   0.289703E+01   0.172917E+01   0.636578E+00   0.344078E+00   0.161786E+00   0.667340E-01   0.275367E-01   0.105334E-01   0.384188E-02   0.133680E-02   0.439618E-03   0.191345E-03
 0.000000E+00   0.470361E-12   0.185154E-11   0.698198E-11   0.252203E-10   0.872681E-10   0.289272E-09   0.918494E-09   0.279377E-08   0.814026E-08   0.000000E+00   0.000000E+00   0.000000E+00   0.000000E+00   0.879497E-08   0.170851E-07   0.235585E-07   0.226403E-07   0.413258E-07   0.233080E-06   0.575779E-06   0.150532E-05   0.561952E-05   0.193115E-04   0.480341E-04   0.158419E-03   0.351489E-03   0.709150E-03   0.659100E-03   0.195059E-02   0.814779E-03   0.535876E-05   0.104984E-05   0.784595E-06   0.260275E-05   0.595435E-05   0.107596E-04   0.155415E-04   0.181752E-04   0.174204E-04   0.134320E-04   0.521471E-05   0.250823E-07   0.108201E-07   0.179793E-07   0.893438E-08   0.988294E-09   0.132354E-07   0.185277E-08   0.694234E-08   0.237396E-07   0.186031E-07   0.000000E+00   0.000000E+00   0.000000E+00   0.000000E+00   0.000000E+00   0.000000E+00   0.000000E+00   0.000000E+00   0.000000E+00   0.000000E+00   0.000000E+00   0.422034E-01   0.104952E+01   0.146781E+01   0.187254E+01   0.186316E+01   0.128971E+01   0.728311E+00   0.373902E+00   0.309986E-01   0.000000E+00   0.000000E+00   0.000000E+00   0.000000E+00   0.000000E+00   0.000000E+00   0.000000E+00   0.000000E+00   0.000000E+00   0.000000E+00   0.000000E+00   0.231010E-07   0.219455E-07   0.331301E-08   0.000000E+00   0.000000E+00   0.000000E+00   0.000000E+00   0.582287E-08   0.557429E-05   0.362383E-03   0.235640E-02   0.112809E-01   0.403525E-01   0.191718E+00   0.188322E+00   0.811837E+00   0.200469E+01   0.420625E+01   0.792446E+01   0.134111E+02   0.205331E+02   0.285311E+02   0.361046E+02   0.417910E+02   0.439849E+02   0.431490E+02   0.392410E+02   0.331490E+02   0.260796E+02   0.191535E+02   0.131607E+02   0.847648E+01   0.512588E+01   0.290364E+01   0.173304E+01   0.639304E+00   0.344666E+00   0.162429E+00   0.669250E-01   0.276409E-01   0.105700E-01   0.385657E-02   0.134189E-02   0.441344E-03   0.192120E-03
 0.000000E+00   0.470361E-12   0.185154E-11   0.698198E-11   0.252203E-10   0.872681E-10   0.289272E-09   0.918494E-09   0.279377E-08   0.814026E-08   0.000000E+00   0.000000E+00   0.000000E+00   0.000000E+00   0.879497E-08   0.170851E-07   0.235585E-07   0.226403E-07   0.329484E-07   0.220141E-06   0.545401E-06   0.140308E-05   0.516546E-05   0.183350E-04   0.448389E-04   0.151398E-03   0.339497E-03   0.701302E-03   0.657075E-03   0.191156E-02   0.927749E-03   0.510233E-05   0.135664E-05   0.717139E-06   0.251599E-05   0.581558E-05   0.106257E-04   0.154967E-04   0.182764E-04   0.176472E-04   0.137435E-04   0.562550E-05   0.250823E-07   0.108201E-07   0.179793E-07   0.893438E-08   0.988294E-09   0.132354E-07   0.185277E-08   0.694234E-08   0.237396E-07   0.186031E-07   0.000000E+00   0.000000E+00   0.000000E+00   0.000000E+00   0.000000E+00   0.000000E+00   0.000000E+00   0.000000E+00   0.000000E+00   0.000000E+00   0.000000E+00   0.437522E-01   0.105037E+01   0.146780E+01   0.187169E+01   0.186134E+01   0.128847E+01   0.727702E+00   0.373333E+00   0.306749E-01   0.000000E+00   0.000000E+00   0.000000E+00   0.000000E+00   0.000000E+00   0.000000E+00   0.000000E+00   0.000000E+00   0.000000E+00   0.000000E+00   0.000000E+00   0.231010E-07   0.219455E-07   0.331301E-08   0.000000E+00   0.000000E+00   0.000000E+00   0.000000E+00   0.582287E-08   0.617805E-05   0.367254E-03   0.238392E-02   0.113260E-01   0.407004E-01   0.191785E+00   0.188689E+00   0.813275E+00   0.200555E+01   0.420609E+01   0.792156E+01   0.134070E+02   0.205296E+02   0.285185E+02   0.360895E+02   0.417771E+02   0.439800E+02   0.431560E+02   0.392575E+02   0.331718E+02   0.261047E+02   0.191773E+02   0.131807E+02   0.849170E+01   0.513643E+01   0.291035E+01   0.173695E+01   0.642079E+00   0.345255E+00   0.163080E+00   0.671178E-01   0.277461E-01   0.106070E-01   0.387141E-02   0.134702E-02   0.443084E-03   0.192902E-03
 0.000000E+00   0.470361E-12   0.185154E-11   0.698198E-11   0.252203E-10   0.872681E-10   0.289272E-09   0.918494E-09   0.279377E-08   0.814026E-08   0.000000E+00   0.000000E+00   0.000000E+00   0.000000E+00   0.879497E-08   0.170851E-07   0.235585E-07   0.226403E-07   0.253258E-07   0.206920E-06   0.516570E-06   0.130881E-05   0.473926E-05   0.173532E-04   0.419220E-04   0.144199E-03   0.327695E-03   0.691230E-03   0.659632E-03   0.186137E-02   0.105109E-02   0.481391E-05   0.169779E-05   0.650339E-06   0.242864E-05   0.567297E-05   0.104848E-04   0.154443E-04   0.183747E-04   0.178790E-04   0.140649E-04   0.606987E-05   0.250823E-07   0.108201E-07   0.179793E-07   0.893438E-08   0.988294E-09   0.132354E-07   0.185277E-08   0.694234E-08   0.237396E-07   0.186031E-07   0.000000E+00   0.000000E+00   0.000000E+00   0.000000E+00   0.000000E+00   0.000000E+00   0.000000E+00   0.000000E+00   0.000000E+00   0.000000E+00   0.000000E+00   0.451782E-01   0.105117E+01   0.146782E+01   0.187091E+01   0.185965E+01   0.128729E+01   0.727126E+00   0.372795E+00   0.303717E-01   0.000000E+00   0.000000E+00   0.000000E+00   0.000000E+00   0.000000E+00   0.000000E+00   0.000000E+00   0.000000E+00   0.000000E+00   0.000000E+00   0.000000E+00   0.231010E-07   0.219455E-07   0.331301E-08   0.000000E+00   0.000000E+00   0.000000E+00   0.000000E+00   0.582287E-08   0.679660E-05   0.372002E-03   0.241092E-02   0.113687E-01   0.410395E-01   0.191837E+00   0.189039E+00   0.814599E+00   0.200624E+01   0.420568E+01   0.791832E+01   0.134043E+02   0.205241E+02   0.285058E+02   0.360745E+02   0.417635E+02   0.439757E+02   0.431639E+02   0.392749E+02   0.331955E+02   0.261307E+02   0.192018E+02   0.132012E+02   0.850720E+01   0.514717E+01   0.291716E+01   0.174090E+01   0.644904E+00   0.345847E+00   0.163739E+00   0.673125E-01   0.278525E-01   0.106444E-01   0.388639E-02   0.135220E-02   0.444840E-03   0.193689E-03
 0.000000E+00   0.470361E-12   0.185154E-11   0.698198E-11   0.252203E-10   0.872681E-10   0.289272E-09   0.918494E-09   0.279377E-08   0.814026E-08   0.000000E+00   0.000000E+00   0.000000E+00   0.000000E+00   0.879497E-08   0.170851E-07   0.235585E-07   0.226403E-07   0.228680E-07   0.187054E-06   0.489616E-06   0.122195E-05   0.434079E-05   0.163673E-04   0.392679E-04   0.136843E-03   0.316065E-03   0.679000E-03   0.666254E-03   0.180139E-02   0.118389E-02   0.449994E-05   0.206685E-05   0.584806E-06   0.234032E-05   0.552669E-05   0.103366E-04   0.153834E-04   0.184693E-04   0.181153E-04   0.143961E-04   0.655571E-05   0.178929E-07   0.108201E-07   0.179793E-07   0.893438E-08   0.988294E-09   0.132354E-07   0.185277E-08   0.694234E-08   0.237396E-07   0.186031E-07   0.000000E+00   0.000000E+00   0.000000E+00   0.000000E+00   0.000000E+00   0.000000E+00   0.000000E+00   0.000000E+00   0.000000E+00   0.000000E+00   0.000000E+00   0.464813E-01   0.105191E+01   0.146786E+01   0.187021E+01   0.185808E+01   0.128619E+01   0.726584E+00   0.372289E+00   0.300886E-01   0.000000E+00   0.000000E+00   0.000000E+00   0.000000E+00   0.000000E+00   0.000000E+00   0.000000E+00   0.000000E+00   0.000000E+00   0.000000E+00   0.000000E+00   0.231010E-07   0.219455E-07   0.331301E-08   0.000000E+00   0.000000E+00   0.000000E+00   0.000000E+00   0.582287E-08   0.742764E-05   0.376627E-03   0.243736E-02   0.114090E-01   0.413693E-01   0.191875E+00   0.189371E+00   0.815811E+00   0.200679E+01   0.420502E+01   0.791474E+01   0.134031E+02   0.205167E+02   0.284928E+02   0.360594E+02   0.417502E+02   0.439722E+02   0.431728E+02   0.392934E+02   0.332202E+02   0.261574E+02   0.192268E+02   0.132221E+02   0.852299E+01   0.515808E+01   0.292407E+01   0.174490E+01   0.647779E+00   0.346440E+00   0.164406E+00   0.675090E-01   0.279600E-01   0.106820E-01   0.390151E-02   0.135742E-02   0.446611E-03   0.194483E-03
 0.000000E+00   0.470361E-12   0.185154E-11   0.698198E-11   0.252203E-10   0.872681E-10   0.289272E-09   0.918494E-09   0.279377E-08   0.814026E-08   0.000000E+00   0.000000E+00   0.000000E+00   0.000000E+00   0.879497E-08   0.170851E-07   0.235585E-07   0.226403E-07   0.228680E-07   0.165702E-06   0.464895E-06   0.114184E-05   0.396975E-05   0.153799E-04   0.368563E-04   0.129366E-03   0.304581E-03   0.664732E-03   0.676281E-03   0.173334E-02   0.132486E-02   0.429118E-05   0.245659E-05   0.520969E-06   0.225081E-05   0.537698E-05   0.101807E-04   0.153135E-04   0.185595E-04   0.183558E-04   0.147371E-04   0.706616E-05   0.237787E-07   0.108201E-07   0.179793E-07   0.893438E-08   0.988294E-09   0.132354E-07   0.185277E-08   0.694234E-08   0.237396E-07   0.186031E-07   0.000000E+00   0.000000E+00   0.000000E+00   0.000000E+00   0.000000E+00   0.000000E+00   0.000000E+00   0.000000E+00   0.000000E+00   0.000000E+00   0.000000E+00   0.476619E-01   0.105260E+01   0.146793E+01   0.186958E+01   0.185664E+01   0.128516E+01   0.726077E+00   0.371814E+00   0.298252E-01   0.000000E+00   0.000000E+00   0.000000E+00   0.000000E+00   0.000000E+00   0.000000E+00   0.000000E+00   0.000000E+00   0.000000E+00   0.000000E+00   0.000000E+00   0.231010E-07   0.219455E-07   0.331301E-08   0.000000E+00   0.000000E+00   0.000000E+00   0.000000E+00   0.582287E-08   0.806895E-05   0.381130E-03   0.246321E-02   0.114471E-01   0.416891E-01   0.191901E+00   0.189684E+00   0.816911E+00   0.200717E+01   0.420409E+01   0.791110E+01   0.134027E+02   0.205075E+02   0.284795E+02   0.360444E+02   0.417371E+02   0.439695E+02   0.431827E+02   0.393129E+02   0.332458E+02   0.261850E+02   0.192525E+02   0.132434E+02   0.853906E+01   0.516916E+01   0.293109E+01   0.174893E+01   0.650705E+00   0.347035E+00   0.165081E+00   0.677074E-01   0.280687E-01   0.107200E-01   0.391678E-02   0.136268E-02   0.448398E-03   0.195283E-03
 0.000000E+00   0.470361E-12   0.185154E-11   0.698198E-11   0.252203E-10   0.872681E-10   0.289272E-09   0.918494E-09   0.279377E-08   0.814026E-08   0.000000E+00   0.000000E+00   0.000000E+00   0.000000E+00   0.879497E-08   0.170851E-07   0.235585E-07   0.226403E-07   0.228680E-07   0.144620E-06   0.441764E-06   0.106789E-05   0.362569E-05   0.143949E-04   0.346636E-04   0.121818E-03   0.293213E-03   0.648600E-03   0.688938E-03   0.165920E-02   0.146570E-02   0.113387E-04   0.261917E-05   0.459231E-06   0.215994E-05   0.522417E-05   0.100171E-04   0.152338E-04   0.186444E-04   0.185999E-04   0.150876E-04   0.756343E-05   0.805250E-07   0.108201E-07   0.179793E-07   0.893438E-08   0.988294E-09   0.132354E-07   0.185277E-08   0.694234E-08   0.237396E-07   0.186031E-07   0.000000E+00   0.000000E+00   0.000000E+00   0.000000E+00   0.000000E+00   0.000000E+00   0.000000E+00   0.000000E+00   0.000000E+00   0.000000E+00   0.000000E+00   0.487203E-01   0.105324E+01   0.146801E+01   0.186903E+01   0.185531E+01   0.128422E+01   0.725604E+00   0.371371E+00   0.295812E-01   0.000000E+00   0.000000E+00   0.000000E+00   0.000000E+00   0.000000E+00   0.000000E+00   0.000000E+00   0.000000E+00   0.000000E+00   0.000000E+00   0.000000E+00   0.231010E-07   0.219455E-07   0.331301E-08   0.000000E+00   0.000000E+00   0.000000E+00   0.000000E+00   0.582287E-08   0.871844E-05   0.385510E-03   0.248845E-02   0.114831E-01   0.419985E-01   0.191915E+00   0.189976E+00   0.817900E+00   0.200740E+01   0.420292E+01   0.790825E+01   0.134010E+02   0.204980E+02   0.284661E+02   0.360293E+02   0.417244E+02   0.439674E+02   0.431935E+02   0.393333E+02   0.332723E+02   0.262133E+02   0.192787E+02   0.132652E+02   0.855542E+01   0.518042E+01   0.293820E+01   0.175301E+01   0.653682E+00   0.347631E+00   0.165764E+00   0.679077E-01   0.281785E-01   0.107583E-01   0.393220E-02   0.136798E-02   0.450200E-03   0.196089E-03
 0.000000E+00   0.470361E-12   0.185154E-11   0.698198E-11   0.252203E-10   0.872681E-10   0.289272E-09   0.918494E-09   0.279377E-08   0.814026E-08   0.000000E+00   0.000000E+00   0.000000E+00   0.000000E+00   0.879497E-08   0.170851E-07   0.235585E-07   0.226403E-07   0.228680E-07   0.124308E-06   0.419550E-06   0.999616E-06   0.330801E-05   0.134174E-04   0.326637E-04   0.114262E-03   0.281921E-03   0.630820E-03   0.703369E-03   0.158114E-02   0.159978E-02   0.306587E-04   0.264323E-05   0.399985E-06   0.206752E-05   0.506866E-05   0.984540E-05   0.151439E-04   0.187232E-04   0.188469E-04   0.154474E-04   0.807114E-05   0.169526E-06   0.108201E-07   0.179793E-07   0.893438E-08   0.988294E-09   0.132354E-07   0.185277E-08   0.694234E-08   0.237396E-07   0.186031E-07   0.000000E+00   0.000000E+00   0.000000E+00   0.000000E+00   0.000000E+00   0.000000E+00   0.000000E+00   0.000000E+00   0.000000E+00   0.000000E+00   0.000000E+00   0.496573E-01   0.105382E+01   0.146812E+01   0.186855E+01   0.185411E+01   0.128334E+01   0.725167E+00   0.370960E+00   0.293563E-01   0.000000E+00   0.000000E+00   0.000000E+00   0.000000E+00   0.000000E+00   0.000000E+00   0.000000E+00   0.000000E+00   0.000000E+00   0.000000E+00   0.000000E+00   0.231010E-07   0.219455E-07   0.331301E-08   0.000000E+00   0.000000E+00   0.000000E+00   0.000000E+00   0.582287E-08   0.937411E-05   0.389768E-03   0.251306E-02   0.115170E-01   0.422969E-01   0.191919E+00   0.190247E+00   0.818779E+00   0.200747E+01   0.420149E+01   0.790626E+01   0.133980E+02   0.204881E+02   0.284525E+02   0.360142E+02   0.417119E+02   0.439661E+02   0.432053E+02   0.393548E+02   0.332997E+02   0.262423E+02   0.193056E+02   0.132873E+02   0.857206E+01   0.519186E+01   0.294542E+01   0.175713E+01   0.656711E+00   0.348229E+00   0.166456E+00   0.681098E-01   0.282894E-01   0.107970E-01   0.394776E-02   0.137333E-02   0.452017E-03   0.196902E-03
 0.000000E+00   0.470361E-12   0.185154E-11   0.698198E-11   0.252203E-10   0.872681E-10   0.289272E-09   0.918494E-09   0.279377E-08   0.814026E-08   0.000000E+00   0.000000E+00   0.000000E+00   0.000000E+00   0.879497E-08   0.170851E-07   0.235585E-07   0.226403E-07   0.228680E-07   0.105161E-06   0.397650E-06   0.936656E-06   0.301591E-05   0.124530E-04   0.308292E-04   0.106765E-03   0.270665E-03   0.611638E-03   0.718676E-03   0.150141E-02   0.172398E-02   0.636307E-04   0.264764E-05   0.365583E-06   0.197196E-05   0.491092E-05   0.966569E-05   0.150432E-04   0.187950E-04   0.190963E-04   0.158161E-04   0.858869E-05   0.290928E-06   0.108201E-07   0.179793E-07   0.893438E-08   0.988294E-09   0.132354E-07   0.185277E-08   0.694234E-08   0.237396E-07   0.186031E-07   0.000000E+00   0.000000E+00   0.000000E+00   0.000000E+00   0.000000E+00   0.000000E+00   0.000000E+00   0.000000E+00   0.000000E+00   0.000000E+00   0.000000E+00   0.504740E-01   0.105436E+01   0.146824E+01   0.186814E+01   0.185302E+01   0.128255E+01   0.724765E+00   0.370580E+00   0.291500E-01   0.000000E+00   0.000000E+00   0.000000E+00   0.000000E+00   0.000000E+00   0.000000E+00   0.000000E+00   0.000000E+00   0.000000E+00   0.000000E+00   0.000000E+00   0.231010E-07   0.219455E-07   0.331301E-08   0.000000E+00   0.000000E+00   0.000000E+00   0.000000E+00   0.582287E-08   0.100341E-04   0.393905E-03   0.253701E-02   0.115490E-01   0.425840E-01   0.191914E+00   0.190496E+00   0.819549E+00   0.200739E+01   0.419981E+01   0.790513E+01   0.133935E+02   0.204779E+02   0.284386E+02   0.359991E+02   0.416998E+02   0.439655E+02   0.432180E+02   0.393772E+02   0.333280E+02   0.262721E+02   0.193330E+02   0.133099E+02   0.858898E+01   0.520346E+01   0.295274E+01   0.176129E+01   0.659790E+00   0.348828E+00   0.167155E+00   0.683138E-01   0.284015E-01   0.108359E-01   0.396347E-02   0.137872E-02   0.453850E-03   0.197721E-03
 0.000000E+00   0.470361E-12   0.185154E-11   0.698198E-11   0.252203E-10   0.872681E-10   0.289272E-09   0.918494E-09   0.279377E-08   0.814026E-08   0.000000E+00   0.000000E+00   0.000000E+00   0.000000E+00   0.879497E-08   0.170851E-07   0.235585E-07   0.226403E-07   0.228680E-07   0.873761E-07   0.375673E-06   0.878673E-06   0.274841E-05   0.115081E-04   0.291332E-04   0.994007E-04   0.259409E-03   0.591319E-03   0.733959E-03   0.142219E-02   0.183532E-02   0.111626E-03   0.260069E-05   0.394436E-06   0.186626E-05   0.475202E-05   0.947791E-05   0.149313E-04   0.188589E-04   0.193471E-04   0.161934E-04   0.911558E-05   0.446747E-06   0.108201E-07   0.179793E-07   0.893438E-08   0.988294E-09   0.132354E-07   0.185277E-08   0.694234E-08   0.237396E-07   0.186031E-07   0.000000E+00   0.000000E+00   0.000000E+00   0.000000E+00   0.000000E+00   0.000000E+00   0.000000E+00   0.000000E+00   0.000000E+00   0.000000E+00   0.000000E+00   0.511716E-01   0.105484E+01   0.146839E+01   0.186780E+01   0.185206E+01   0.128183E+01   0.724398E+00   0.370233E+00   0.289620E-01   0.000000E+00   0.000000E+00   0.000000E+00   0.000000E+00   0.000000E+00   0.000000E+00   0.000000E+00   0.000000E+00   0.000000E+00   0.000000E+00   0.000000E+00   0.231010E-07   0.219455E-07   0.331301E-08   0.000000E+00   0.000000E+00   0.000000E+00   0.000000E+00   0.582287E-08   0.106966E-04   0.397922E-03   0.256029E-02   0.115790E-01   0.428596E-01   0.191900E+00   0.190722E+00   0.820212E+00   0.200716E+01   0.419790E+01   0.790482E+01   0.133876E+02   0.204674E+02   0.284245E+02   0.359840E+02   0.416879E+02   0.439657E+02   0.432317E+02   0.394005E+02   0.333573E+02   0.263027E+02   0.193610E+02   0.133330E+02   0.860617E+01   0.521524E+01   0.296016E+01   0.176550E+01   0.662920E+00   0.349429E+00   0.167863E+00   0.685196E-01   0.285148E-01   0.108752E-01   0.397933E-02   0.138416E-02   0.455698E-03   0.198546E-03
 0.000000E+00   0.470361E-12   0.185154E-11   0.698198E-11   0.252203E-10   0.872681E-10   0.289272E-09   0.918494E-09   0.279377E-08   0.814026E-08   0.000000E+00   0.000000E+00   0.000000E+00   0.000000E+00   0.879497E-08   0.170851E-07   0.235585E-07   0.226403E-07   0.228680E-07   0.710498E-07   0.353389E-06   0.825317E-06   0.250441E-05   0.105890E-04   0.275495E-04   0.922379E-04   0.248117E-03   0.570132E-03   0.748357E-03   0.134555E-02   0.193119E-02   0.175768E-03   0.251071E-05   0.480307E-06   0.174780E-05   0.459333E-05   0.928207E-05   0.148080E-04   0.189141E-04   0.195985E-04   0.165788E-04   0.965130E-05   0.638975E-06   0.108201E-07   0.179793E-07   0.893438E-08   0.988294E-09   0.132354E-07   0.185277E-08   0.694234E-08   0.237396E-07   0.186031E-07   0.000000E+00   0.000000E+00   0.000000E+00   0.000000E+00   0.000000E+00   0.000000E+00   0.000000E+00   0.000000E+00   0.000000E+00   0.000000E+00   0.000000E+00   0.517517E-01   0.105527E+01   0.146855E+01   0.186753E+01   0.185121E+01   0.128118E+01   0.724066E+00   0.369917E+00   0.287919E-01   0.000000E+00   0.000000E+00   0.000000E+00   0.000000E+00   0.000000E+00   0.000000E+00   0.000000E+00   0.000000E+00   0.000000E+00   0.000000E+00   0.000000E+00   0.231010E-07   0.219455E-07   0.331301E-08   0.000000E+00   0.000000E+00   0.000000E+00   0.000000E+00   0.582287E-08   0.113600E-04   0.401820E-03   0.258289E-02   0.116071E-01   0.431232E-01   0.191878E+00   0.190926E+00   0.820770E+00   0.200677E+01   0.419618E+01   0.790424E+01   0.133810E+02   0.204566E+02   0.284102E+02   0.359689E+02   0.416763E+02   0.439665E+02   0.432462E+02   0.394248E+02   0.333873E+02   0.263340E+02   0.193896E+02   0.133564E+02   0.862364E+01   0.522719E+01   0.296769E+01   0.176974E+01   0.666101E+00   0.350030E+00   0.168579E+00   0.687274E-01   0.286291E-01   0.109149E-01   0.399533E-02   0.138963E-02   0.457562E-03   0.199378E-03
 0.000000E+00   0.470361E-12   0.185154E-11   0.698198E-11   0.252203E-10   0.872681E-10   0.289272E-09   0.918494E-09   0.279377E-08   0.814026E-08   0.000000E+00   0.000000E+00   0.000000E+00   0.000000E+00   0.879497E-08   0.170851E-07   0.235585E-07   0.226403E-07   0.228680E-07   0.562663E-07   0.330651E-06   0.776205E-06   0.228267E-05   0.970176E-05   0.260547E-04   0.853417E-04   0.236768E-03   0.548342E-03   0.761084E-03   0.127330E-02   0.200946E-02   0.256850E-03   0.238651E-05   0.615237E-06   0.161553E-05   0.443599E-05   0.907820E-05   0.146728E-04   0.189595E-04   0.198493E-04   0.169716E-04   0.101953E-04   0.869560E-06   0.108201E-07   0.179793E-07   0.893438E-08   0.988294E-09   0.132354E-07   0.185277E-08   0.694234E-08   0.237396E-07   0.186031E-07   0.000000E+00   0.000000E+00   0.000000E+00   0.000000E+00   0.000000E+00   0.000000E+00   0.000000E+00   0.000000E+00   0.000000E+00   0.000000E+00   0.000000E+00   0.522158E-01   0.105566E+01   0.146872E+01   0.186733E+01   0.185048E+01   0.128061E+01   0.723768E+00   0.369632E+00   0.286393E-01   0.000000E+00   0.000000E+00   0.000000E+00   0.000000E+00   0.000000E+00   0.000000E+00   0.000000E+00   0.000000E+00   0.000000E+00   0.000000E+00   0.000000E+00   0.231010E-07   0.219455E-07   0.331301E-08   0.000000E+00   0.000000E+00   0.000000E+00   0.000000E+00   0.582287E-08   0.120229E-04   0.405600E-03   0.260479E-02   0.116336E-01   0.433748E-01   0.191849E+00   0.191106E+00   0.821223E+00   0.200624E+01   0.419491E+01   0.790276E+01   0.133741E+02   0.204454E+02   0.283957E+02   0.359537E+02   0.416651E+02   0.439680E+02   0.432617E+02   0.394500E+02   0.334183E+02   0.263660E+02   0.194187E+02   0.133802E+02   0.864138E+01   0.523931E+01   0.297530E+01   0.177402E+01   0.669333E+00   0.350632E+00   0.169303E+00   0.689370E-01   0.287446E-01   0.109548E-01   0.401149E-02   0.139515E-02   0.459441E-03   0.200216E-03
 0.000000E+00   0.470361E-12   0.185154E-11   0.698198E-11   0.252203E-10   0.872681E-10   0.289272E-09   0.918494E-09   0.279377E-08   0.814026E-08   0.000000E+00   0.000000E+00   0.000000E+00   0.000000E+00   0.879497E-08   0.170851E-07   0.235585E-07   0.226403E-07   0.228680E-07   0.430986E-07   0.307380E-06   0.730918E-06   0.208188E-05   0.885209E-05   0.246281E-04   0.787680E-04   0.225350E-03   0.526194E-03   0.771459E-03   0.120694E-02   0.206862E-02   0.355260E-03   0.223642E-05   0.788950E-06   0.147172E-05   0.428056E-05   0.886650E-05   0.145257E-04   0.189943E-04   0.200987E-04   0.173714E-04   0.107471E-04   0.114040E-05   0.108201E-07   0.179793E-07   0.893438E-08   0.988294E-09   0.132354E-07   0.185277E-08   0.694234E-08   0.237396E-07   0.186031E-07   0.000000E+00   0.000000E+00   0.000000E+00   0.000000E+00   0.000000E+00   0.000000E+00   0.000000E+00   0.000000E+00   0.000000E+00   0.000000E+00   0.000000E+00   0.525659E-01   0.105599E+01   0.146892E+01   0.186719E+01   0.184987E+01   0.128011E+01   0.723506E+00   0.369379E+00   0.285037E-01   0.000000E+00   0.000000E+00   0.000000E+00   0.000000E+00   0.000000E+00   0.000000E+00   0.000000E+00   0.000000E+00   0.000000E+00   0.000000E+00   0.000000E+00   0.231010E-07   0.219455E-07   0.331301E-08   0.000000E+00   0.000000E+00   0.000000E+00   0.000000E+00   0.582287E-08   0.126837E-04   0.409263E-03   0.262600E-02   0.116583E-01   0.436143E-01   0.191814E+00   0.191263E+00   0.821575E+00   0.200556E+01   0.419407E+01   0.790042E+01   0.133669E+02   0.204340E+02   0.283810E+02   0.359386E+02   0.416541E+02   0.439703E+02   0.432780E+02   0.394761E+02   0.334500E+02   0.263988E+02   0.194484E+02   0.134044E+02   0.865938E+01   0.525159E+01   0.298302E+01   0.177834E+01   0.672616E+00   0.351235E+00   0.170034E+00   0.691484E-01   0.288612E-01   0.109951E-01   0.402778E-02   0.140072E-02   0.461336E-03   0.201061E-03
